Scenario,Feature Combo,Model,Channel,Precision,Recall,F1 Score,Accuracy
Healthy vs Patient,Temporal,Random Forest,0,0.4833333333333333,0.4444444444444444,0.4588744588744588,0.4444444444444444
Healthy vs Patient,Temporal,XGBoost,0,0.5555555555555556,0.5555555555555556,0.5555555555555556,0.5555555555555556
Healthy vs Patient,Temporal,Random Forest,1,0.476923076923077,0.5,0.4872727272727272,0.5
Healthy vs Patient,Temporal,XGBoost,1,0.5555555555555556,0.5555555555555556,0.5555555555555556,0.5555555555555556
Healthy vs Patient,Temporal,Random Forest,2,0.625,0.6666666666666666,0.6071428571428572,0.6666666666666666
Healthy vs Patient,Temporal,XGBoost,2,0.625,0.6666666666666666,0.6071428571428572,0.6666666666666666
Healthy vs Patient,Temporal,Random Forest,3,0.5948717948717949,0.6111111111111112,0.6012121212121212,0.6111111111111112
Healthy vs Patient,Temporal,XGBoost,3,0.4833333333333333,0.4444444444444444,0.4588744588744588,0.4444444444444444
Healthy vs Patient,Temporal,Random Forest,4,0.6428571428571428,0.6666666666666666,0.6461538461538462,0.6666666666666666
Healthy vs Patient,Temporal,XGBoost,4,0.5555555555555556,0.5555555555555556,0.5555555555555556,0.5555555555555556
Healthy vs Patient,Temporal,Random Forest,5,0.711111111111111,0.7222222222222222,0.691358024691358,0.7222222222222222
Healthy vs Patient,Temporal,XGBoost,5,0.6428571428571428,0.6666666666666666,0.6461538461538462,0.6666666666666666
Healthy vs Patient,Temporal,Random Forest,6,0.4444444444444444,0.4444444444444444,0.4444444444444444,0.4444444444444444
Healthy vs Patient,Temporal,XGBoost,6,0.5194805194805194,0.5,0.508361204013378,0.5
Healthy vs Patient,Temporal,Random Forest,7,0.4166666666666667,0.5555555555555556,0.47619047619047616,0.5555555555555556
Healthy vs Patient,Temporal,XGBoost,7,0.625,0.6666666666666666,0.6071428571428572,0.6666666666666666
Healthy vs Patient,Temporal,Random Forest,8,0.511904761904762,0.5555555555555556,0.5282051282051281,0.5555555555555556
Healthy vs Patient,Temporal,XGBoost,8,0.5194805194805194,0.5,0.508361204013378,0.5
Healthy vs Patient,Temporal,Random Forest,9,0.4166666666666667,0.5555555555555556,0.47619047619047616,0.5555555555555556
Healthy vs Patient,Temporal,XGBoost,9,0.476923076923077,0.5,0.4872727272727272,0.5
Healthy vs Patient,Temporal,Random Forest,10,0.5948717948717949,0.6111111111111112,0.6012121212121212,0.6111111111111112
Healthy vs Patient,Temporal,XGBoost,10,0.5916666666666666,0.5555555555555556,0.5670995670995671,0.5555555555555556
Healthy vs Patient,Temporal,Random Forest,11,0.7128205128205128,0.7222222222222222,0.7151515151515153,0.7222222222222222
Healthy vs Patient,Temporal,XGBoost,11,0.735930735930736,0.7222222222222222,0.7268673355629878,0.7222222222222222
Healthy vs Patient,Temporal,Random Forest,12,0.5555555555555556,0.6111111111111112,0.5679012345679013,0.6111111111111112
Healthy vs Patient,Temporal,XGBoost,12,0.4444444444444444,0.4444444444444444,0.4444444444444444,0.4444444444444444
Healthy vs Patient,Temporal,Random Forest,13,0.6428571428571428,0.6666666666666666,0.6461538461538462,0.6666666666666666
Healthy vs Patient,Temporal,XGBoost,13,0.5555555555555556,0.5555555555555556,0.5555555555555556,0.5555555555555556
Healthy vs Patient,Temporal,Random Forest,14,0.43137254901960786,0.6111111111111112,0.5057471264367815,0.6111111111111112
Healthy vs Patient,Temporal,XGBoost,14,0.4444444444444444,0.4444444444444444,0.4444444444444444,0.4444444444444444
Healthy vs Patient,Temporal,Random Forest,15,0.5948717948717949,0.6111111111111112,0.6012121212121212,0.6111111111111112
Healthy vs Patient,Temporal,XGBoost,15,0.735930735930736,0.7222222222222222,0.7268673355629878,0.7222222222222222
Healthy vs Patient,Temporal,Random Forest,16,0.8666666666666667,0.8333333333333334,0.8148148148148148,0.8333333333333334
Healthy vs Patient,Temporal,XGBoost,16,0.6428571428571428,0.6666666666666666,0.6461538461538462,0.6666666666666666
Healthy vs Patient,Temporal,Random Forest,17,0.511904761904762,0.5555555555555556,0.5282051282051281,0.5555555555555556
Healthy vs Patient,Temporal,XGBoost,17,0.511904761904762,0.5555555555555556,0.5282051282051281,0.5555555555555556
Healthy vs Patient,Temporal,Random Forest,18,0.476923076923077,0.5,0.4872727272727272,0.5
Healthy vs Patient,Temporal,XGBoost,18,0.4833333333333333,0.4444444444444444,0.4588744588744588,0.4444444444444444
Healthy vs AD,Temporal,Random Forest,0,0.4538461538461539,0.46153846153846156,0.455011655011655,0.46153846153846156
Healthy vs AD,Temporal,XGBoost,0,0.4538461538461539,0.46153846153846156,0.455011655011655,0.46153846153846156
Healthy vs AD,Temporal,Random Forest,1,0.35470085470085466,0.38461538461538464,0.36153846153846153,0.38461538461538464
Healthy vs AD,Temporal,XGBoost,1,0.38461538461538464,0.38461538461538464,0.38461538461538464,0.38461538461538464
Healthy vs AD,Temporal,Random Forest,2,0.6307692307692307,0.6153846153846154,0.5852187028657616,0.6153846153846154
Healthy vs AD,Temporal,XGBoost,2,0.5384615384615384,0.5384615384615384,0.5384615384615384,0.5384615384615384
Healthy vs AD,Temporal,Random Forest,3,0.4230769230769231,0.46153846153846156,0.4193061840120664,0.46153846153846156
Healthy vs AD,Temporal,XGBoost,3,0.4230769230769231,0.46153846153846156,0.4193061840120664,0.46153846153846156
Healthy vs AD,Temporal,Random Forest,4,0.7051282051282051,0.6923076923076923,0.6807692307692308,0.6923076923076923
Healthy vs AD,Temporal,XGBoost,4,0.4538461538461539,0.46153846153846156,0.455011655011655,0.46153846153846156
Healthy vs AD,Temporal,Random Forest,5,0.804195804195804,0.6923076923076923,0.6495726495726496,0.6923076923076923
Healthy vs AD,Temporal,XGBoost,5,0.6307692307692307,0.6153846153846154,0.5852187028657616,0.6153846153846154
Healthy vs AD,Temporal,Random Forest,6,0.4538461538461539,0.46153846153846156,0.455011655011655,0.46153846153846156
Healthy vs AD,Temporal,XGBoost,6,0.5384615384615384,0.5384615384615384,0.5384615384615384,0.5384615384615384
Healthy vs AD,Temporal,Random Forest,7,0.38461538461538464,0.38461538461538464,0.38461538461538464,0.38461538461538464
Healthy vs AD,Temporal,XGBoost,7,0.3884615384615385,0.38461538461538464,0.3772893772893772,0.38461538461538464
Healthy vs AD,Temporal,Random Forest,8,0.6307692307692307,0.6153846153846154,0.5852187028657616,0.6153846153846154
Healthy vs AD,Temporal,XGBoost,8,0.7051282051282051,0.6923076923076923,0.6807692307692308,0.6923076923076923
Healthy vs AD,Temporal,Random Forest,9,0.4230769230769231,0.46153846153846156,0.4193061840120664,0.46153846153846156
Healthy vs AD,Temporal,XGBoost,9,0.6227106227106227,0.6153846153846154,0.6153846153846154,0.6153846153846154
Healthy vs AD,Temporal,Random Forest,10,0.38461538461538464,0.38461538461538464,0.38461538461538464,0.38461538461538464
Healthy vs AD,Temporal,XGBoost,10,0.46703296703296704,0.46153846153846156,0.46153846153846156,0.46153846153846156
Healthy vs AD,Temporal,Random Forest,11,0.6307692307692307,0.6153846153846154,0.5852187028657616,0.6153846153846154
Healthy vs AD,Temporal,XGBoost,11,0.6307692307692307,0.6153846153846154,0.5852187028657616,0.6153846153846154
Healthy vs AD,Temporal,Random Forest,12,0.29423076923076924,0.3076923076923077,0.2993006993006993,0.3076923076923077
Healthy vs AD,Temporal,XGBoost,12,0.2153846153846154,0.3076923076923077,0.25339366515837103,0.3076923076923077
Healthy vs AD,Temporal,Random Forest,13,0.7051282051282051,0.6923076923076923,0.6807692307692308,0.6923076923076923
Healthy vs AD,Temporal,XGBoost,13,0.6134615384615384,0.6153846153846154,0.6107226107226107,0.6153846153846154
Healthy vs AD,Temporal,Random Forest,14,0.6227106227106227,0.6153846153846154,0.6153846153846154,0.6153846153846154
Healthy vs AD,Temporal,XGBoost,14,0.22307692307692312,0.23076923076923078,0.22161172161172157,0.23076923076923078
Healthy vs AD,Temporal,Random Forest,15,0.6134615384615384,0.6153846153846154,0.6107226107226107,0.6153846153846154
Healthy vs AD,Temporal,XGBoost,15,0.5538461538461539,0.5384615384615384,0.532967032967033,0.5384615384615384
Healthy vs AD,Temporal,Random Forest,16,0.2153846153846154,0.3076923076923077,0.25339366515837103,0.3076923076923077
Healthy vs AD,Temporal,XGBoost,16,0.5244755244755245,0.5384615384615384,0.47435897435897434,0.5384615384615384
Healthy vs AD,Temporal,Random Forest,17,0.46703296703296704,0.46153846153846156,0.46153846153846156,0.46153846153846156
Healthy vs AD,Temporal,XGBoost,17,0.6227106227106227,0.6153846153846154,0.6153846153846154,0.6153846153846154
Healthy vs AD,Temporal,Random Forest,18,0.5384615384615384,0.5384615384615384,0.5384615384615384,0.5384615384615384
Healthy vs AD,Temporal,XGBoost,18,0.46703296703296704,0.46153846153846156,0.46153846153846156,0.46153846153846156
Healthy vs FTD,Temporal,Random Forest,0,0.3474025974025974,0.36363636363636365,0.35275835275835277,0.36363636363636365
Healthy vs FTD,Temporal,XGBoost,0,0.3696969696969697,0.36363636363636365,0.36363636363636365,0.36363636363636365
Healthy vs FTD,Temporal,Random Forest,1,0.3474025974025974,0.36363636363636365,0.35275835275835277,0.36363636363636365
Healthy vs FTD,Temporal,XGBoost,1,0.4242424242424242,0.45454545454545453,0.4253246753246753,0.45454545454545453
Healthy vs FTD,Temporal,Random Forest,2,0.4242424242424242,0.45454545454545453,0.4253246753246753,0.45454545454545453
Healthy vs FTD,Temporal,XGBoost,2,0.4242424242424242,0.45454545454545453,0.4253246753246753,0.45454545454545453
Healthy vs FTD,Temporal,Random Forest,3,0.4242424242424242,0.45454545454545453,0.4253246753246753,0.45454545454545453
Healthy vs FTD,Temporal,XGBoost,3,0.6439393939393939,0.6363636363636364,0.6168831168831169,0.6363636363636364
Healthy vs FTD,Temporal,Random Forest,4,0.7393939393939394,0.7272727272727273,0.7272727272727273,0.7272727272727273
Healthy vs FTD,Temporal,XGBoost,4,0.7305194805194805,0.7272727272727273,0.7226107226107227,0.7272727272727273
Healthy vs FTD,Temporal,Random Forest,5,0.29752066115702475,0.5454545454545454,0.3850267379679144,0.5454545454545454
Healthy vs FTD,Temporal,XGBoost,5,0.2727272727272727,0.45454545454545453,0.3409090909090909,0.45454545454545453
Healthy vs FTD,Temporal,Random Forest,6,0.6439393939393939,0.6363636363636364,0.6168831168831169,0.6363636363636364
Healthy vs FTD,Temporal,XGBoost,6,0.5303030303030304,0.5454545454545454,0.4935064935064935,0.5454545454545454
Healthy vs FTD,Temporal,Random Forest,7,0.538961038961039,0.5454545454545454,0.5376845376845377,0.5454545454545454
Healthy vs FTD,Temporal,XGBoost,7,0.6439393939393939,0.6363636363636364,0.6168831168831169,0.6363636363636364
Healthy vs FTD,Temporal,Random Forest,8,0.2727272727272727,0.2727272727272727,0.2727272727272727,0.2727272727272727
Healthy vs FTD,Temporal,XGBoost,8,0.538961038961039,0.5454545454545454,0.5376845376845377,0.5454545454545454
Healthy vs FTD,Temporal,Random Forest,9,0.4242424242424242,0.45454545454545453,0.4253246753246753,0.45454545454545453
Healthy vs FTD,Temporal,XGBoost,9,0.18484848484848485,0.18181818181818182,0.18181818181818182,0.18181818181818182
Healthy vs FTD,Temporal,Random Forest,10,0.45454545454545453,0.45454545454545453,0.45454545454545453,0.45454545454545453
Healthy vs FTD,Temporal,XGBoost,10,0.3474025974025974,0.36363636363636365,0.35275835275835277,0.36363636363636365
Healthy vs FTD,Temporal,Random Forest,11,0.5909090909090909,0.5454545454545454,0.5221445221445221,0.5454545454545454
Healthy vs FTD,Temporal,XGBoost,11,0.8181818181818182,0.8181818181818182,0.8181818181818182,0.8181818181818182
Healthy vs FTD,Temporal,Random Forest,12,0.4242424242424242,0.45454545454545453,0.4253246753246753,0.45454545454545453
Healthy vs FTD,Temporal,XGBoost,12,0.15584415584415584,0.18181818181818182,0.16783216783216784,0.18181818181818182
Healthy vs FTD,Temporal,Random Forest,13,0.6363636363636364,0.6363636363636364,0.6363636363636364,0.6363636363636364
Healthy vs FTD,Temporal,XGBoost,13,0.6363636363636364,0.6363636363636364,0.6363636363636364,0.6363636363636364
Healthy vs FTD,Temporal,Random Forest,14,0.20454545454545456,0.2727272727272727,0.23376623376623373,0.2727272727272727
Healthy vs FTD,Temporal,XGBoost,14,0.18484848484848485,0.18181818181818182,0.18181818181818182,0.18181818181818182
Healthy vs FTD,Temporal,Random Forest,15,0.8181818181818182,0.7272727272727273,0.6961038961038961,0.7272727272727273
Healthy vs FTD,Temporal,XGBoost,15,0.5303030303030304,0.5454545454545454,0.4935064935064935,0.5454545454545454
Healthy vs FTD,Temporal,Random Forest,16,0.6363636363636364,0.6363636363636364,0.6363636363636364,0.6363636363636364
Healthy vs FTD,Temporal,XGBoost,16,0.7305194805194805,0.7272727272727273,0.7226107226107227,0.7272727272727273
Healthy vs FTD,Temporal,Random Forest,17,0.3474025974025974,0.36363636363636365,0.35275835275835277,0.36363636363636365
Healthy vs FTD,Temporal,XGBoost,17,0.2727272727272727,0.45454545454545453,0.3409090909090909,0.45454545454545453
Healthy vs FTD,Temporal,Random Forest,18,0.3474025974025974,0.36363636363636365,0.35275835275835277,0.36363636363636365
Healthy vs FTD,Temporal,XGBoost,18,0.3474025974025974,0.36363636363636365,0.35275835275835277,0.36363636363636365
AD vs FTD,Temporal,Random Forest,0,0.46296296296296297,0.5,0.46875,0.5
AD vs FTD,Temporal,XGBoost,0,0.6666666666666666,0.6666666666666666,0.6666666666666666,0.6666666666666666
AD vs FTD,Temporal,Random Forest,1,0.5729166666666666,0.5833333333333334,0.5740740740740741,0.5833333333333334
AD vs FTD,Temporal,XGBoost,1,0.3523809523809524,0.3333333333333333,0.3333333333333333,0.3333333333333333
AD vs FTD,Temporal,Random Forest,2,0.5583333333333333,0.5833333333333334,0.530812324929972,0.5833333333333334
AD vs FTD,Temporal,XGBoost,2,0.46296296296296297,0.5,0.46875,0.5
AD vs FTD,Temporal,Random Forest,3,0.46296296296296297,0.5,0.46875,0.5
AD vs FTD,Temporal,XGBoost,3,0.46296296296296297,0.5,0.46875,0.5
AD vs FTD,Temporal,Random Forest,4,0.9270833333333334,0.9166666666666666,0.9148148148148149,0.9166666666666666
AD vs FTD,Temporal,XGBoost,4,0.7047619047619048,0.6666666666666666,0.6666666666666666,0.6666666666666666
AD vs FTD,Temporal,Random Forest,5,0.5583333333333333,0.5833333333333334,0.530812324929972,0.5833333333333334
AD vs FTD,Temporal,XGBoost,5,0.6666666666666666,0.6666666666666666,0.6458333333333334,0.6666666666666666
AD vs FTD,Temporal,Random Forest,6,0.6666666666666666,0.6666666666666666,0.6458333333333334,0.6666666666666666
AD vs FTD,Temporal,XGBoost,6,0.25925925925925924,0.3333333333333333,0.2916666666666667,0.3333333333333333
AD vs FTD,Temporal,Random Forest,7,0.4305555555555555,0.4166666666666667,0.42074592074592077,0.4166666666666667
AD vs FTD,Temporal,XGBoost,7,0.5,0.5,0.5,0.5
AD vs FTD,Temporal,Random Forest,8,0.2916666666666667,0.4166666666666667,0.34313725490196084,0.4166666666666667
AD vs FTD,Temporal,XGBoost,8,0.25925925925925924,0.3333333333333333,0.2916666666666667,0.3333333333333333
AD vs FTD,Temporal,Random Forest,9,0.4305555555555555,0.4166666666666667,0.42074592074592077,0.4166666666666667
AD vs FTD,Temporal,XGBoost,9,0.763888888888889,0.75,0.7517482517482518,0.75
AD vs FTD,Temporal,Random Forest,10,0.5729166666666666,0.5833333333333334,0.5740740740740741,0.5833333333333334
AD vs FTD,Temporal,XGBoost,10,0.5,0.5,0.5,0.5
AD vs FTD,Temporal,Random Forest,11,0.5729166666666666,0.5833333333333334,0.5740740740740741,0.5833333333333334
AD vs FTD,Temporal,XGBoost,11,0.2916666666666667,0.4166666666666667,0.34313725490196084,0.4166666666666667
AD vs FTD,Temporal,Random Forest,12,0.5,0.5,0.5,0.5
AD vs FTD,Temporal,XGBoost,12,0.5583333333333333,0.5833333333333334,0.530812324929972,0.5833333333333334
AD vs FTD,Temporal,Random Forest,13,0.8249999999999998,0.75,0.7184873949579832,0.75
AD vs FTD,Temporal,XGBoost,13,0.5729166666666666,0.5833333333333334,0.5740740740740741,0.5833333333333334
AD vs FTD,Temporal,Random Forest,14,0.6666666666666666,0.6666666666666666,0.6666666666666666,0.6666666666666666
AD vs FTD,Temporal,XGBoost,14,0.75,0.75,0.7444444444444445,0.75
AD vs FTD,Temporal,Random Forest,15,0.5,0.5,0.5,0.5
AD vs FTD,Temporal,XGBoost,15,0.5,0.5,0.5,0.5
AD vs FTD,Temporal,Random Forest,16,0.21875,0.25,0.23333333333333336,0.25
AD vs FTD,Temporal,XGBoost,16,0.3958333333333333,0.4166666666666667,0.40370370370370373,0.4166666666666667
AD vs FTD,Temporal,Random Forest,17,0.6666666666666666,0.6666666666666666,0.6458333333333334,0.6666666666666666
AD vs FTD,Temporal,XGBoost,17,0.46296296296296297,0.5,0.46875,0.5
AD vs FTD,Temporal,Random Forest,18,0.5583333333333333,0.5833333333333334,0.530812324929972,0.5833333333333334
AD vs FTD,Temporal,XGBoost,18,0.5,0.5,0.5,0.5
AD Male vs Female,Temporal,Random Forest,0,0.40625,0.375,0.38492063492063494,0.375
AD Male vs Female,Temporal,XGBoost,0,0.5,0.5,0.5,0.5
AD Male vs Female,Temporal,Random Forest,1,0.5,0.5,0.5,0.5
AD Male vs Female,Temporal,XGBoost,1,0.40625,0.375,0.38492063492063494,0.375
AD Male vs Female,Temporal,Random Forest,2,0.5,0.5,0.5,0.5
AD Male vs Female,Temporal,XGBoost,2,0.15625,0.125,0.1388888888888889,0.125
AD Male vs Female,Temporal,Random Forest,3,0.8214285714285714,0.75,0.7083333333333334,0.75
AD Male vs Female,Temporal,XGBoost,3,0.5,0.5,0.5,0.5
AD Male vs Female,Temporal,Random Forest,4,0.8214285714285714,0.75,0.7083333333333334,0.75
AD Male vs Female,Temporal,XGBoost,4,0.3125,0.375,0.3409090909090909,0.375
AD Male vs Female,Temporal,Random Forest,5,0.0625,0.125,0.08333333333333333,0.125
AD Male vs Female,Temporal,XGBoost,5,0.3125,0.375,0.3409090909090909,0.375
AD Male vs Female,Temporal,Random Forest,6,0.5,0.5,0.5,0.5
AD Male vs Female,Temporal,XGBoost,6,0.8214285714285714,0.75,0.7083333333333334,0.75
AD Male vs Female,Temporal,Random Forest,7,0.3125,0.375,0.3409090909090909,0.375
AD Male vs Female,Temporal,XGBoost,7,0.3125,0.375,0.3409090909090909,0.375
AD Male vs Female,Temporal,Random Forest,8,0.3125,0.375,0.3409090909090909,0.375
AD Male vs Female,Temporal,XGBoost,8,0.5,0.5,0.5,0.5
AD Male vs Female,Temporal,Random Forest,9,0.40625,0.375,0.38492063492063494,0.375
AD Male vs Female,Temporal,XGBoost,9,0.5,0.5,0.5,0.5
AD Male vs Female,Temporal,Random Forest,10,0.5,0.5,0.5,0.5
AD Male vs Female,Temporal,XGBoost,10,0.8214285714285714,0.75,0.7083333333333334,0.75
AD Male vs Female,Temporal,Random Forest,11,0.6041666666666666,0.625,0.6045454545454546,0.625
AD Male vs Female,Temporal,XGBoost,11,0.4375,0.375,0.34523809523809523,0.375
AD Male vs Female,Temporal,Random Forest,12,0.75,0.75,0.75,0.75
AD Male vs Female,Temporal,XGBoost,12,0.8958333333333334,0.875,0.8681818181818182,0.875
AD Male vs Female,Temporal,Random Forest,13,0.75,0.75,0.75,0.75
AD Male vs Female,Temporal,XGBoost,13,0.5666666666666667,0.5,0.5,0.5
AD Male vs Female,Temporal,Random Forest,14,0.5,0.5,0.5,0.5
AD Male vs Female,Temporal,XGBoost,14,0.40625,0.375,0.38492063492063494,0.375
AD Male vs Female,Temporal,Random Forest,15,0.3571428571428571,0.5,0.41666666666666663,0.5
AD Male vs Female,Temporal,XGBoost,15,0.8214285714285714,0.75,0.7083333333333334,0.75
AD Male vs Female,Temporal,Random Forest,16,0.6041666666666666,0.625,0.6045454545454546,0.625
AD Male vs Female,Temporal,XGBoost,16,0.3571428571428571,0.5,0.41666666666666663,0.5
AD Male vs Female,Temporal,Random Forest,17,0.6041666666666666,0.625,0.6045454545454546,0.625
AD Male vs Female,Temporal,XGBoost,17,0.5,0.5,0.5,0.5
AD Male vs Female,Temporal,Random Forest,18,0.5,0.5,0.5,0.5
AD Male vs Female,Temporal,XGBoost,18,0.5,0.5,0.5,0.5
FTD Male vs Female,Temporal,Random Forest,0,0.85,0.8,0.7809523809523808,0.8
FTD Male vs Female,Temporal,XGBoost,0,0.85,0.8,0.7809523809523808,0.8
FTD Male vs Female,Temporal,Random Forest,1,0.85,0.8,0.7809523809523808,0.8
FTD Male vs Female,Temporal,XGBoost,1,1.0,1.0,1.0,1.0
FTD Male vs Female,Temporal,Random Forest,2,0.8,0.6,0.5666666666666667,0.6
FTD Male vs Female,Temporal,XGBoost,2,0.8,0.6,0.5666666666666667,0.6
FTD Male vs Female,Temporal,Random Forest,3,0.85,0.8,0.7809523809523808,0.8
FTD Male vs Female,Temporal,XGBoost,3,0.85,0.8,0.7809523809523808,0.8
FTD Male vs Female,Temporal,Random Forest,4,0.6,0.6,0.6,0.6
FTD Male vs Female,Temporal,XGBoost,4,0.6,0.6,0.6,0.6
FTD Male vs Female,Temporal,Random Forest,5,0.6,0.6,0.6,0.6
FTD Male vs Female,Temporal,XGBoost,5,0.4333333333333333,0.4,0.4,0.4
FTD Male vs Female,Temporal,Random Forest,6,0.85,0.8,0.7809523809523808,0.8
FTD Male vs Female,Temporal,XGBoost,6,0.6,0.6,0.6,0.6
FTD Male vs Female,Temporal,Random Forest,7,0.8666666666666666,0.8,0.8,0.8
FTD Male vs Female,Temporal,XGBoost,7,0.8666666666666666,0.8,0.8,0.8
FTD Male vs Female,Temporal,Random Forest,8,0.85,0.8,0.7809523809523808,0.8
FTD Male vs Female,Temporal,XGBoost,8,0.6,0.6,0.6,0.6
FTD Male vs Female,Temporal,Random Forest,9,0.85,0.8,0.7809523809523808,0.8
FTD Male vs Female,Temporal,XGBoost,9,0.6,0.6,0.6,0.6
FTD Male vs Female,Temporal,Random Forest,10,0.1,0.2,0.13333333333333333,0.2
FTD Male vs Female,Temporal,XGBoost,10,0.85,0.8,0.7809523809523808,0.8
FTD Male vs Female,Temporal,Random Forest,11,0.6,0.6,0.6,0.6
FTD Male vs Female,Temporal,XGBoost,11,0.4333333333333333,0.4,0.4,0.4
FTD Male vs Female,Temporal,Random Forest,12,0.85,0.8,0.7809523809523808,0.8
FTD Male vs Female,Temporal,XGBoost,12,0.85,0.8,0.7809523809523808,0.8
FTD Male vs Female,Temporal,Random Forest,13,0.4333333333333333,0.4,0.4,0.4
FTD Male vs Female,Temporal,XGBoost,13,0.8,0.6,0.5666666666666667,0.6
FTD Male vs Female,Temporal,Random Forest,14,0.6,0.6,0.6,0.6
FTD Male vs Female,Temporal,XGBoost,14,0.8,0.6,0.5666666666666667,0.6
FTD Male vs Female,Temporal,Random Forest,15,0.4333333333333333,0.4,0.4,0.4
FTD Male vs Female,Temporal,XGBoost,15,0.6,0.6,0.6,0.6
FTD Male vs Female,Temporal,Random Forest,16,0.4333333333333333,0.4,0.4,0.4
FTD Male vs Female,Temporal,XGBoost,16,0.85,0.8,0.7809523809523808,0.8
FTD Male vs Female,Temporal,Random Forest,17,1.0,1.0,1.0,1.0
FTD Male vs Female,Temporal,XGBoost,17,1.0,1.0,1.0,1.0
FTD Male vs Female,Temporal,Random Forest,18,0.4333333333333333,0.4,0.4,0.4
FTD Male vs Female,Temporal,XGBoost,18,0.2,0.2,0.2,0.2
Healthy vs Patient,Frequency,Random Forest,0,0.7128205128205128,0.7222222222222222,0.7151515151515153,0.7222222222222222
Healthy vs Patient,Frequency,XGBoost,0,0.4166666666666667,0.5555555555555556,0.47619047619047616,0.5555555555555556
Healthy vs Patient,Frequency,Random Forest,1,0.8307692307692308,0.8333333333333334,0.8290909090909091,0.8333333333333334
Healthy vs Patient,Frequency,XGBoost,1,0.625,0.6666666666666666,0.6071428571428572,0.6666666666666666
Healthy vs Patient,Frequency,Random Forest,2,0.8307692307692308,0.8333333333333334,0.8290909090909091,0.8333333333333334
Healthy vs Patient,Frequency,XGBoost,2,0.7777777777777778,0.7777777777777778,0.7777777777777778,0.7777777777777778
Healthy vs Patient,Frequency,Random Forest,3,0.735930735930736,0.7222222222222222,0.7268673355629878,0.7222222222222222
Healthy vs Patient,Frequency,XGBoost,3,0.7777777777777778,0.7777777777777778,0.7777777777777778,0.7777777777777778
Healthy vs Patient,Frequency,Random Forest,4,0.8083333333333333,0.7777777777777778,0.7835497835497836,0.7777777777777778
Healthy vs Patient,Frequency,XGBoost,4,0.8441558441558441,0.8333333333333334,0.8361204013377928,0.8333333333333334
Healthy vs Patient,Frequency,Random Forest,5,0.711111111111111,0.7222222222222222,0.691358024691358,0.7222222222222222
Healthy vs Patient,Frequency,XGBoost,5,0.7738095238095238,0.7777777777777778,0.764102564102564,0.7777777777777778
Healthy vs Patient,Frequency,Random Forest,6,0.7738095238095238,0.7777777777777778,0.764102564102564,0.7777777777777778
Healthy vs Patient,Frequency,XGBoost,6,0.7738095238095238,0.7777777777777778,0.764102564102564,0.7777777777777778
Healthy vs Patient,Frequency,Random Forest,7,0.5916666666666666,0.5555555555555556,0.5670995670995671,0.5555555555555556
Healthy vs Patient,Frequency,XGBoost,7,0.6277056277056277,0.6111111111111112,0.6176142697881828,0.6111111111111112
Healthy vs Patient,Frequency,Random Forest,8,0.5555555555555556,0.5555555555555556,0.5555555555555556,0.5555555555555556
Healthy vs Patient,Frequency,XGBoost,8,0.5948717948717949,0.6111111111111112,0.6012121212121212,0.6111111111111112
Healthy vs Patient,Frequency,Random Forest,9,0.8307692307692308,0.8333333333333334,0.8290909090909091,0.8333333333333334
Healthy vs Patient,Frequency,XGBoost,9,0.7128205128205128,0.7222222222222222,0.7151515151515153,0.7222222222222222
Healthy vs Patient,Frequency,Random Forest,10,0.6428571428571428,0.6666666666666666,0.6461538461538462,0.6666666666666666
Healthy vs Patient,Frequency,XGBoost,10,0.6428571428571428,0.6666666666666666,0.6461538461538462,0.6666666666666666
Healthy vs Patient,Frequency,Random Forest,11,0.7128205128205128,0.7222222222222222,0.7151515151515153,0.7222222222222222
Healthy vs Patient,Frequency,XGBoost,11,0.7738095238095238,0.7777777777777778,0.764102564102564,0.7777777777777778
Healthy vs Patient,Frequency,Random Forest,12,0.9047619047619047,0.8888888888888888,0.882051282051282,0.8888888888888888
Healthy vs Patient,Frequency,XGBoost,12,0.8307692307692308,0.8333333333333334,0.8290909090909091,0.8333333333333334
Healthy vs Patient,Frequency,Random Forest,13,0.9047619047619047,0.8888888888888888,0.882051282051282,0.8888888888888888
Healthy vs Patient,Frequency,XGBoost,13,0.8888888888888888,0.8888888888888888,0.8888888888888888,0.8888888888888888
Healthy vs Patient,Frequency,Random Forest,14,0.6277056277056277,0.6111111111111112,0.6176142697881828,0.6111111111111112
Healthy vs Patient,Frequency,XGBoost,14,0.6277056277056277,0.6111111111111112,0.6176142697881828,0.6111111111111112
Healthy vs Patient,Frequency,Random Forest,15,0.7128205128205128,0.7222222222222222,0.7151515151515153,0.7222222222222222
Healthy vs Patient,Frequency,XGBoost,15,0.7128205128205128,0.7222222222222222,0.7151515151515153,0.7222222222222222
Healthy vs Patient,Frequency,Random Forest,16,0.8666666666666667,0.8333333333333334,0.8148148148148148,0.8333333333333334
Healthy vs Patient,Frequency,XGBoost,16,0.8666666666666667,0.8333333333333334,0.8148148148148148,0.8333333333333334
Healthy vs Patient,Frequency,Random Forest,17,0.711111111111111,0.7222222222222222,0.691358024691358,0.7222222222222222
Healthy vs Patient,Frequency,XGBoost,17,0.6428571428571428,0.6666666666666666,0.6461538461538462,0.6666666666666666
Healthy vs Patient,Frequency,Random Forest,18,0.7128205128205128,0.7222222222222222,0.7151515151515153,0.7222222222222222
Healthy vs Patient,Frequency,XGBoost,18,0.7777777777777778,0.7777777777777778,0.7777777777777778,0.7777777777777778
Healthy vs AD,Frequency,Random Forest,0,0.8384615384615384,0.7692307692307693,0.7511312217194571,0.7692307692307693
Healthy vs AD,Frequency,XGBoost,0,0.6307692307692307,0.6153846153846154,0.5852187028657616,0.6153846153846154
Healthy vs AD,Frequency,Random Forest,1,0.7051282051282051,0.6923076923076923,0.6807692307692308,0.6923076923076923
Healthy vs AD,Frequency,XGBoost,1,0.4230769230769231,0.46153846153846156,0.4193061840120664,0.46153846153846156
Healthy vs AD,Frequency,Random Forest,2,0.6134615384615384,0.6153846153846154,0.6107226107226107,0.6153846153846154
Healthy vs AD,Frequency,XGBoost,2,0.6134615384615384,0.6153846153846154,0.6107226107226107,0.6153846153846154
Healthy vs AD,Frequency,Random Forest,3,0.6227106227106227,0.6153846153846154,0.6153846153846154,0.6153846153846154
Healthy vs AD,Frequency,XGBoost,3,0.6923076923076923,0.6923076923076923,0.6923076923076923,0.6923076923076923
Healthy vs AD,Frequency,Random Forest,4,0.7192307692307693,0.6923076923076923,0.6886446886446886,0.6923076923076923
Healthy vs AD,Frequency,XGBoost,4,0.6923076923076923,0.6923076923076923,0.6923076923076923,0.6923076923076923
Healthy vs AD,Frequency,Random Forest,5,0.5384615384615384,0.5384615384615384,0.5384615384615384,0.5384615384615384
Healthy vs AD,Frequency,XGBoost,5,0.4538461538461539,0.46153846153846156,0.455011655011655,0.46153846153846156
Healthy vs AD,Frequency,Random Forest,6,0.6307692307692307,0.6153846153846154,0.5852187028657616,0.6153846153846154
Healthy vs AD,Frequency,XGBoost,6,0.6227106227106227,0.6153846153846154,0.6153846153846154,0.6153846153846154
Healthy vs AD,Frequency,Random Forest,7,0.6134615384615384,0.6153846153846154,0.6107226107226107,0.6153846153846154
Healthy vs AD,Frequency,XGBoost,7,0.7051282051282051,0.6923076923076923,0.6807692307692308,0.6923076923076923
Healthy vs AD,Frequency,Random Forest,8,0.4538461538461539,0.46153846153846156,0.455011655011655,0.46153846153846156
Healthy vs AD,Frequency,XGBoost,8,0.4230769230769231,0.46153846153846156,0.4193061840120664,0.46153846153846156
Healthy vs AD,Frequency,Random Forest,9,0.8384615384615384,0.7692307692307693,0.7511312217194571,0.7692307692307693
Healthy vs AD,Frequency,XGBoost,9,0.8384615384615384,0.7692307692307693,0.7511312217194571,0.7692307692307693
Healthy vs AD,Frequency,Random Forest,10,0.804195804195804,0.6923076923076923,0.6495726495726496,0.6923076923076923
Healthy vs AD,Frequency,XGBoost,10,0.7051282051282051,0.6923076923076923,0.6807692307692308,0.6923076923076923
Healthy vs AD,Frequency,Random Forest,11,0.8384615384615384,0.7692307692307693,0.7511312217194571,0.7692307692307693
Healthy vs AD,Frequency,XGBoost,11,0.7756410256410257,0.6153846153846154,0.5286292654713708,0.6153846153846154
Healthy vs AD,Frequency,Random Forest,12,0.8384615384615384,0.7692307692307693,0.7511312217194571,0.7692307692307693
Healthy vs AD,Frequency,XGBoost,12,0.8384615384615384,0.7692307692307693,0.7511312217194571,0.7692307692307693
Healthy vs AD,Frequency,Random Forest,13,0.6134615384615384,0.6153846153846154,0.6107226107226107,0.6153846153846154
Healthy vs AD,Frequency,XGBoost,13,0.7730769230769231,0.7692307692307693,0.7664335664335665,0.7692307692307693
Healthy vs AD,Frequency,Random Forest,14,0.6134615384615384,0.6153846153846154,0.6107226107226107,0.6153846153846154
Healthy vs AD,Frequency,XGBoost,14,0.6134615384615384,0.6153846153846154,0.6107226107226107,0.6153846153846154
Healthy vs AD,Frequency,Random Forest,15,0.7730769230769231,0.7692307692307693,0.7664335664335665,0.7692307692307693
Healthy vs AD,Frequency,XGBoost,15,0.6134615384615384,0.6153846153846154,0.6107226107226107,0.6153846153846154
Healthy vs AD,Frequency,Random Forest,16,0.6923076923076923,0.6923076923076923,0.6923076923076923,0.6923076923076923
Healthy vs AD,Frequency,XGBoost,16,0.6227106227106227,0.6153846153846154,0.6153846153846154,0.6153846153846154
Healthy vs AD,Frequency,Random Forest,17,0.5244755244755245,0.5384615384615384,0.47435897435897434,0.5384615384615384
Healthy vs AD,Frequency,XGBoost,17,0.5244755244755245,0.5384615384615384,0.47435897435897434,0.5384615384615384
Healthy vs AD,Frequency,Random Forest,18,0.5299145299145299,0.5384615384615384,0.5211538461538462,0.5384615384615384
Healthy vs AD,Frequency,XGBoost,18,0.4230769230769231,0.46153846153846156,0.4193061840120664,0.46153846153846156
Healthy vs FTD,Frequency,Random Forest,0,0.6439393939393939,0.6363636363636364,0.6168831168831169,0.6363636363636364
Healthy vs FTD,Frequency,XGBoost,0,0.5545454545454546,0.5454545454545454,0.5454545454545454,0.5454545454545454
Healthy vs FTD,Frequency,Random Forest,1,0.7305194805194805,0.7272727272727273,0.7226107226107227,0.7272727272727273
Healthy vs FTD,Frequency,XGBoost,1,0.6363636363636364,0.6363636363636364,0.6363636363636364,0.6363636363636364
Healthy vs FTD,Frequency,Random Forest,2,0.4242424242424242,0.45454545454545453,0.4253246753246753,0.45454545454545453
Healthy vs FTD,Frequency,XGBoost,2,0.6363636363636364,0.6363636363636364,0.6363636363636364,0.6363636363636364
Healthy vs FTD,Frequency,Random Forest,3,0.3474025974025974,0.36363636363636365,0.35275835275835277,0.36363636363636365
Healthy vs FTD,Frequency,XGBoost,3,0.2727272727272727,0.2727272727272727,0.2727272727272727,0.2727272727272727
Healthy vs FTD,Frequency,Random Forest,4,0.5545454545454546,0.5454545454545454,0.5454545454545454,0.5454545454545454
Healthy vs FTD,Frequency,XGBoost,4,0.6363636363636364,0.6363636363636364,0.6363636363636364,0.6363636363636364
Healthy vs FTD,Frequency,Random Forest,5,0.45454545454545453,0.45454545454545453,0.45454545454545453,0.45454545454545453
Healthy vs FTD,Frequency,XGBoost,5,0.46753246753246747,0.45454545454545453,0.4454545454545455,0.45454545454545453
Healthy vs FTD,Frequency,Random Forest,6,0.6363636363636364,0.6363636363636364,0.6363636363636364,0.6363636363636364
Healthy vs FTD,Frequency,XGBoost,6,0.6363636363636364,0.6363636363636364,0.6363636363636364,0.6363636363636364
Healthy vs FTD,Frequency,Random Forest,7,0.538961038961039,0.5454545454545454,0.5376845376845377,0.5454545454545454
Healthy vs FTD,Frequency,XGBoost,7,0.45454545454545453,0.45454545454545453,0.45454545454545453,0.45454545454545453
Healthy vs FTD,Frequency,Random Forest,8,0.6439393939393939,0.6363636363636364,0.6168831168831169,0.6363636363636364
Healthy vs FTD,Frequency,XGBoost,8,0.6439393939393939,0.6363636363636364,0.6168831168831169,0.6363636363636364
Healthy vs FTD,Frequency,Random Forest,9,0.3474025974025974,0.36363636363636365,0.35275835275835277,0.36363636363636365
Healthy vs FTD,Frequency,XGBoost,9,0.3474025974025974,0.36363636363636365,0.35275835275835277,0.36363636363636365
Healthy vs FTD,Frequency,Random Forest,10,0.7305194805194805,0.7272727272727273,0.7226107226107227,0.7272727272727273
Healthy vs FTD,Frequency,XGBoost,10,0.7305194805194805,0.7272727272727273,0.7226107226107227,0.7272727272727273
Healthy vs FTD,Frequency,Random Forest,11,0.45454545454545453,0.45454545454545453,0.45454545454545453,0.45454545454545453
Healthy vs FTD,Frequency,XGBoost,11,0.6688311688311688,0.6363636363636364,0.6303030303030303,0.6363636363636364
Healthy vs FTD,Frequency,Random Forest,12,0.6363636363636364,0.6363636363636364,0.6363636363636364,0.6363636363636364
Healthy vs FTD,Frequency,XGBoost,12,0.8701298701298701,0.8181818181818182,0.8151515151515153,0.8181818181818182
Healthy vs FTD,Frequency,Random Forest,13,0.538961038961039,0.5454545454545454,0.5376845376845377,0.5454545454545454
Healthy vs FTD,Frequency,XGBoost,13,0.6363636363636364,0.6363636363636364,0.6363636363636364,0.6363636363636364
Healthy vs FTD,Frequency,Random Forest,14,0.3474025974025974,0.36363636363636365,0.35275835275835277,0.36363636363636365
Healthy vs FTD,Frequency,XGBoost,14,0.538961038961039,0.5454545454545454,0.5376845376845377,0.5454545454545454
Healthy vs FTD,Frequency,Random Forest,15,0.5545454545454546,0.5454545454545454,0.5454545454545454,0.5454545454545454
Healthy vs FTD,Frequency,XGBoost,15,0.45454545454545453,0.45454545454545453,0.45454545454545453,0.45454545454545453
Healthy vs FTD,Frequency,Random Forest,16,0.6439393939393939,0.6363636363636364,0.6168831168831169,0.6363636363636364
Healthy vs FTD,Frequency,XGBoost,16,0.6439393939393939,0.6363636363636364,0.6168831168831169,0.6363636363636364
Healthy vs FTD,Frequency,Random Forest,17,0.538961038961039,0.5454545454545454,0.5376845376845377,0.5454545454545454
Healthy vs FTD,Frequency,XGBoost,17,0.6363636363636364,0.6363636363636364,0.6363636363636364,0.6363636363636364
Healthy vs FTD,Frequency,Random Forest,18,0.538961038961039,0.5454545454545454,0.5376845376845377,0.5454545454545454
Healthy vs FTD,Frequency,XGBoost,18,0.6439393939393939,0.6363636363636364,0.6168831168831169,0.6363636363636364
AD vs FTD,Frequency,Random Forest,0,0.3958333333333333,0.4166666666666667,0.40370370370370373,0.4166666666666667
AD vs FTD,Frequency,XGBoost,0,0.6666666666666666,0.6666666666666666,0.6458333333333334,0.6666666666666666
AD vs FTD,Frequency,Random Forest,1,0.5,0.5,0.5,0.5
AD vs FTD,Frequency,XGBoost,1,0.4479166666666667,0.4166666666666667,0.40442890442890445,0.4166666666666667
AD vs FTD,Frequency,Random Forest,2,0.25925925925925924,0.3333333333333333,0.2916666666666667,0.3333333333333333
AD vs FTD,Frequency,XGBoost,2,0.46296296296296297,0.5,0.46875,0.5
AD vs FTD,Frequency,Random Forest,3,0.6666666666666666,0.6666666666666666,0.6666666666666666,0.6666666666666666
AD vs FTD,Frequency,XGBoost,3,0.5285714285714286,0.5,0.5,0.5
AD vs FTD,Frequency,Random Forest,4,0.8333333333333334,0.8333333333333334,0.8333333333333334,0.8333333333333334
AD vs FTD,Frequency,XGBoost,4,0.763888888888889,0.75,0.7517482517482518,0.75
AD vs FTD,Frequency,Random Forest,5,0.75,0.75,0.7444444444444445,0.75
AD vs FTD,Frequency,XGBoost,5,0.46296296296296297,0.5,0.46875,0.5
AD vs FTD,Frequency,Random Forest,6,0.5972222222222222,0.5833333333333334,0.5862470862470862,0.5833333333333334
AD vs FTD,Frequency,XGBoost,6,0.5729166666666666,0.5833333333333334,0.5740740740740741,0.5833333333333334
AD vs FTD,Frequency,Random Forest,7,0.21875,0.25,0.23333333333333336,0.25
AD vs FTD,Frequency,XGBoost,7,0.16666666666666666,0.16666666666666666,0.16666666666666666,0.16666666666666666
AD vs FTD,Frequency,Random Forest,8,0.34027777777777785,0.5833333333333334,0.4298245614035088,0.5833333333333334
AD vs FTD,Frequency,XGBoost,8,0.46296296296296297,0.5,0.46875,0.5
AD vs FTD,Frequency,Random Forest,9,0.8703703703703703,0.8333333333333334,0.8229166666666666,0.8333333333333334
AD vs FTD,Frequency,XGBoost,9,0.5729166666666666,0.5833333333333334,0.5740740740740741,0.5833333333333334
AD vs FTD,Frequency,Random Forest,10,0.5729166666666666,0.5833333333333334,0.5740740740740741,0.5833333333333334
AD vs FTD,Frequency,XGBoost,10,0.6666666666666666,0.6666666666666666,0.6458333333333334,0.6666666666666666
AD vs FTD,Frequency,Random Forest,11,0.5583333333333333,0.5833333333333334,0.530812324929972,0.5833333333333334
AD vs FTD,Frequency,XGBoost,11,0.46296296296296297,0.5,0.46875,0.5
AD vs FTD,Frequency,Random Forest,12,0.46296296296296297,0.5,0.46875,0.5
AD vs FTD,Frequency,XGBoost,12,0.2916666666666667,0.4166666666666667,0.34313725490196084,0.4166666666666667
AD vs FTD,Frequency,Random Forest,13,0.5583333333333333,0.5833333333333334,0.530812324929972,0.5833333333333334
AD vs FTD,Frequency,XGBoost,13,0.5583333333333333,0.5833333333333334,0.530812324929972,0.5833333333333334
AD vs FTD,Frequency,Random Forest,14,0.46296296296296297,0.5,0.46875,0.5
AD vs FTD,Frequency,XGBoost,14,0.46296296296296297,0.5,0.46875,0.5
AD vs FTD,Frequency,Random Forest,15,0.75,0.75,0.7444444444444445,0.75
AD vs FTD,Frequency,XGBoost,15,0.7878787878787877,0.6666666666666666,0.5925925925925926,0.6666666666666666
AD vs FTD,Frequency,Random Forest,16,0.6666666666666666,0.6666666666666666,0.6458333333333334,0.6666666666666666
AD vs FTD,Frequency,XGBoost,16,0.75,0.75,0.7444444444444445,0.75
AD vs FTD,Frequency,Random Forest,17,0.46296296296296297,0.5,0.46875,0.5
AD vs FTD,Frequency,XGBoost,17,0.5729166666666666,0.5833333333333334,0.5740740740740741,0.5833333333333334
AD vs FTD,Frequency,Random Forest,18,0.5,0.5,0.5,0.5
AD vs FTD,Frequency,XGBoost,18,0.75,0.75,0.7444444444444445,0.75
AD Male vs Female,Frequency,Random Forest,0,0.5,0.5,0.5,0.5
AD Male vs Female,Frequency,XGBoost,0,0.6041666666666666,0.625,0.6045454545454546,0.625
AD Male vs Female,Frequency,Random Forest,1,0.6041666666666666,0.625,0.6045454545454546,0.625
AD Male vs Female,Frequency,XGBoost,1,0.6041666666666666,0.625,0.6045454545454546,0.625
AD Male vs Female,Frequency,Random Forest,2,0.6041666666666666,0.625,0.6045454545454546,0.625
AD Male vs Female,Frequency,XGBoost,2,0.6041666666666666,0.625,0.6045454545454546,0.625
AD Male vs Female,Frequency,Random Forest,3,0.6041666666666666,0.625,0.6045454545454546,0.625
AD Male vs Female,Frequency,XGBoost,3,0.6041666666666666,0.625,0.6045454545454546,0.625
AD Male vs Female,Frequency,Random Forest,4,0.6041666666666666,0.625,0.6045454545454546,0.625
AD Male vs Female,Frequency,XGBoost,4,0.6041666666666666,0.625,0.6045454545454546,0.625
AD Male vs Female,Frequency,Random Forest,5,0.5,0.5,0.5,0.5
AD Male vs Female,Frequency,XGBoost,5,0.5,0.5,0.5,0.5
AD Male vs Female,Frequency,Random Forest,6,0.6041666666666666,0.625,0.6045454545454546,0.625
AD Male vs Female,Frequency,XGBoost,6,0.5666666666666667,0.5,0.5,0.5
AD Male vs Female,Frequency,Random Forest,7,0.75,0.75,0.75,0.75
AD Male vs Female,Frequency,XGBoost,7,0.6041666666666666,0.625,0.6045454545454546,0.625
AD Male vs Female,Frequency,Random Forest,8,0.6041666666666666,0.625,0.6045454545454546,0.625
AD Male vs Female,Frequency,XGBoost,8,0.65625,0.625,0.6309523809523809,0.625
AD Male vs Female,Frequency,Random Forest,9,0.6041666666666666,0.625,0.6045454545454546,0.625
AD Male vs Female,Frequency,XGBoost,9,0.65625,0.625,0.6309523809523809,0.625
AD Male vs Female,Frequency,Random Forest,10,0.6041666666666666,0.625,0.6045454545454546,0.625
AD Male vs Female,Frequency,XGBoost,10,0.5,0.5,0.5,0.5
AD Male vs Female,Frequency,Random Forest,11,0.6041666666666666,0.625,0.6045454545454546,0.625
AD Male vs Female,Frequency,XGBoost,11,0.6041666666666666,0.625,0.6045454545454546,0.625
AD Male vs Female,Frequency,Random Forest,12,0.6041666666666666,0.625,0.6045454545454546,0.625
AD Male vs Female,Frequency,XGBoost,12,0.6041666666666666,0.625,0.6045454545454546,0.625
AD Male vs Female,Frequency,Random Forest,13,0.6041666666666666,0.625,0.6045454545454546,0.625
AD Male vs Female,Frequency,XGBoost,13,0.6041666666666666,0.625,0.6045454545454546,0.625
AD Male vs Female,Frequency,Random Forest,14,0.6041666666666666,0.625,0.6045454545454546,0.625
AD Male vs Female,Frequency,XGBoost,14,0.6041666666666666,0.625,0.6045454545454546,0.625
AD Male vs Female,Frequency,Random Forest,15,0.5,0.5,0.5,0.5
AD Male vs Female,Frequency,XGBoost,15,0.6041666666666666,0.625,0.6045454545454546,0.625
AD Male vs Female,Frequency,Random Forest,16,0.40625,0.375,0.38492063492063494,0.375
AD Male vs Female,Frequency,XGBoost,16,0.40625,0.375,0.38492063492063494,0.375
AD Male vs Female,Frequency,Random Forest,17,0.5,0.5,0.5,0.5
AD Male vs Female,Frequency,XGBoost,17,0.40625,0.375,0.38492063492063494,0.375
AD Male vs Female,Frequency,Random Forest,18,0.6041666666666666,0.625,0.6045454545454546,0.625
AD Male vs Female,Frequency,XGBoost,18,0.6041666666666666,0.625,0.6045454545454546,0.625
FTD Male vs Female,Frequency,Random Forest,0,1.0,1.0,1.0,1.0
FTD Male vs Female,Frequency,XGBoost,0,0.16,0.4,0.22857142857142856,0.4
FTD Male vs Female,Frequency,Random Forest,1,1.0,1.0,1.0,1.0
FTD Male vs Female,Frequency,XGBoost,1,0.16,0.4,0.22857142857142856,0.4
FTD Male vs Female,Frequency,Random Forest,2,0.8666666666666666,0.8,0.8,0.8
FTD Male vs Female,Frequency,XGBoost,2,0.1,0.2,0.13333333333333333,0.2
FTD Male vs Female,Frequency,Random Forest,3,0.4333333333333333,0.4,0.4,0.4
FTD Male vs Female,Frequency,XGBoost,3,0.4333333333333333,0.4,0.4,0.4
FTD Male vs Female,Frequency,Random Forest,4,0.8666666666666666,0.8,0.8,0.8
FTD Male vs Female,Frequency,XGBoost,4,0.4333333333333333,0.4,0.4,0.4
FTD Male vs Female,Frequency,Random Forest,5,0.8,0.6,0.5666666666666667,0.6
FTD Male vs Female,Frequency,XGBoost,5,0.8666666666666666,0.8,0.8,0.8
FTD Male vs Female,Frequency,Random Forest,6,0.4333333333333333,0.4,0.4,0.4
FTD Male vs Female,Frequency,XGBoost,6,0.16,0.4,0.22857142857142856,0.4
FTD Male vs Female,Frequency,Random Forest,7,0.6,0.6,0.6,0.6
FTD Male vs Female,Frequency,XGBoost,7,0.8,0.6,0.5666666666666667,0.6
FTD Male vs Female,Frequency,Random Forest,8,0.6,0.6,0.6,0.6
FTD Male vs Female,Frequency,XGBoost,8,0.1,0.2,0.13333333333333333,0.2
FTD Male vs Female,Frequency,Random Forest,9,0.16,0.4,0.22857142857142856,0.4
FTD Male vs Female,Frequency,XGBoost,9,0.1,0.2,0.13333333333333333,0.2
FTD Male vs Female,Frequency,Random Forest,10,0.8666666666666666,0.8,0.8,0.8
FTD Male vs Female,Frequency,XGBoost,10,0.8,0.6,0.5666666666666667,0.6
FTD Male vs Female,Frequency,Random Forest,11,0.8666666666666666,0.8,0.8,0.8
FTD Male vs Female,Frequency,XGBoost,11,0.6,0.6,0.6,0.6
FTD Male vs Female,Frequency,Random Forest,12,0.85,0.8,0.7809523809523808,0.8
FTD Male vs Female,Frequency,XGBoost,12,0.4333333333333333,0.4,0.4,0.4
FTD Male vs Female,Frequency,Random Forest,13,1.0,1.0,1.0,1.0
FTD Male vs Female,Frequency,XGBoost,13,0.85,0.8,0.7809523809523808,0.8
FTD Male vs Female,Frequency,Random Forest,14,0.4333333333333333,0.4,0.4,0.4
FTD Male vs Female,Frequency,XGBoost,14,0.6,0.6,0.6,0.6
FTD Male vs Female,Frequency,Random Forest,15,0.8666666666666666,0.8,0.8,0.8
FTD Male vs Female,Frequency,XGBoost,15,0.6,0.6,0.6,0.6
FTD Male vs Female,Frequency,Random Forest,16,0.6,0.6,0.6,0.6
FTD Male vs Female,Frequency,XGBoost,16,0.16,0.4,0.22857142857142856,0.4
FTD Male vs Female,Frequency,Random Forest,17,1.0,1.0,1.0,1.0
FTD Male vs Female,Frequency,XGBoost,17,1.0,1.0,1.0,1.0
FTD Male vs Female,Frequency,Random Forest,18,0.8666666666666666,0.8,0.8,0.8
FTD Male vs Female,Frequency,XGBoost,18,0.8,0.6,0.5666666666666667,0.6
Healthy vs Patient,Graph_MI,Random Forest,0,0.6666666666666666,0.6666666666666666,0.6666666666666666,0.6666666666666666
Healthy vs Patient,Graph_MI,XGBoost,0,0.6666666666666666,0.6666666666666666,0.6666666666666666,0.6666666666666666
Healthy vs Patient,Graph_MI,Random Forest,1,0.43137254901960786,0.6111111111111112,0.5057471264367815,0.6111111111111112
Healthy vs Patient,Graph_MI,XGBoost,1,0.5555555555555556,0.6111111111111112,0.5679012345679013,0.6111111111111112
Healthy vs Patient,Graph_MI,Random Forest,2,0.625,0.6666666666666666,0.6071428571428572,0.6666666666666666
Healthy vs Patient,Graph_MI,XGBoost,2,0.5948717948717949,0.6111111111111112,0.6012121212121212,0.6111111111111112
Healthy vs Patient,Graph_MI,Random Forest,3,0.4444444444444444,0.6666666666666666,0.5333333333333334,0.6666666666666666
Healthy vs Patient,Graph_MI,XGBoost,3,0.43137254901960786,0.6111111111111112,0.5057471264367815,0.6111111111111112
Healthy vs Patient,Graph_MI,Random Forest,4,0.625,0.6666666666666666,0.6071428571428572,0.6666666666666666
Healthy vs Patient,Graph_MI,XGBoost,4,0.6428571428571428,0.6666666666666666,0.6461538461538462,0.6666666666666666
Healthy vs Patient,Graph_MI,Random Forest,5,0.5555555555555556,0.5555555555555556,0.5555555555555556,0.5555555555555556
Healthy vs Patient,Graph_MI,XGBoost,5,0.5555555555555556,0.6111111111111112,0.5679012345679013,0.6111111111111112
Healthy vs Patient,Graph_MI,Random Forest,6,0.6428571428571428,0.6666666666666666,0.6461538461538462,0.6666666666666666
Healthy vs Patient,Graph_MI,XGBoost,6,0.6428571428571428,0.6666666666666666,0.6461538461538462,0.6666666666666666
Healthy vs Patient,Graph_MI,Random Forest,7,0.5555555555555556,0.6111111111111112,0.5679012345679013,0.6111111111111112
Healthy vs Patient,Graph_MI,XGBoost,7,0.6428571428571428,0.6666666666666666,0.6461538461538462,0.6666666666666666
Healthy vs Patient,Graph_MI,Random Forest,8,0.711111111111111,0.7222222222222222,0.691358024691358,0.7222222222222222
Healthy vs Patient,Graph_MI,XGBoost,8,0.6428571428571428,0.6666666666666666,0.6461538461538462,0.6666666666666666
Healthy vs Patient,Graph_MI,Random Forest,9,0.625,0.6666666666666666,0.6071428571428572,0.6666666666666666
Healthy vs Patient,Graph_MI,XGBoost,9,0.625,0.6666666666666666,0.6071428571428572,0.6666666666666666
Healthy vs Patient,Graph_MI,Random Forest,10,0.38095238095238093,0.4444444444444444,0.4102564102564103,0.4444444444444444
Healthy vs Patient,Graph_MI,XGBoost,10,0.476923076923077,0.5,0.4872727272727272,0.5
Healthy vs Patient,Graph_MI,Random Forest,11,0.6428571428571428,0.6666666666666666,0.6461538461538462,0.6666666666666666
Healthy vs Patient,Graph_MI,XGBoost,11,0.6666666666666666,0.6666666666666666,0.6666666666666666,0.6666666666666666
Healthy vs Patient,Graph_MI,Random Forest,12,0.5555555555555556,0.6111111111111112,0.5679012345679013,0.6111111111111112
Healthy vs Patient,Graph_MI,XGBoost,12,0.625,0.6666666666666666,0.6071428571428572,0.6666666666666666
Healthy vs Patient,Graph_MI,Random Forest,13,0.39999999999999997,0.5,0.4444444444444444,0.5
Healthy vs Patient,Graph_MI,XGBoost,13,0.4166666666666667,0.5555555555555556,0.47619047619047616,0.5555555555555556
Healthy vs Patient,Graph_MI,Random Forest,14,0.39999999999999997,0.5,0.4444444444444444,0.5
Healthy vs Patient,Graph_MI,XGBoost,14,0.5555555555555556,0.6111111111111112,0.5679012345679013,0.6111111111111112
Healthy vs Patient,Graph_MI,Random Forest,15,0.625,0.6666666666666666,0.6071428571428572,0.6666666666666666
Healthy vs Patient,Graph_MI,XGBoost,15,0.5555555555555556,0.6111111111111112,0.5679012345679013,0.6111111111111112
Healthy vs Patient,Graph_MI,Random Forest,16,0.711111111111111,0.7222222222222222,0.691358024691358,0.7222222222222222
Healthy vs Patient,Graph_MI,XGBoost,16,0.803921568627451,0.7222222222222222,0.6469622331691297,0.7222222222222222
Healthy vs Patient,Graph_MI,Random Forest,17,0.4444444444444444,0.6666666666666666,0.5333333333333334,0.6666666666666666
Healthy vs Patient,Graph_MI,XGBoost,17,0.803921568627451,0.7222222222222222,0.6469622331691297,0.7222222222222222
Healthy vs Patient,Graph_MI,Random Forest,18,0.7000000000000001,0.6666666666666666,0.6753246753246753,0.6666666666666666
Healthy vs Patient,Graph_MI,XGBoost,18,0.711111111111111,0.7222222222222222,0.691358024691358,0.7222222222222222
Healthy vs AD,Graph_MI,Random Forest,0,0.6602564102564104,0.6153846153846154,0.6013986013986015,0.6153846153846154
Healthy vs AD,Graph_MI,XGBoost,0,0.31135531135531136,0.3076923076923077,0.3076923076923077,0.3076923076923077
Healthy vs AD,Graph_MI,Random Forest,1,0.5384615384615384,0.5384615384615384,0.5384615384615384,0.5384615384615384
Healthy vs AD,Graph_MI,XGBoost,1,0.5384615384615384,0.5384615384615384,0.5384615384615384,0.5384615384615384
Healthy vs AD,Graph_MI,Random Forest,2,0.2153846153846154,0.3076923076923077,0.25339366515837103,0.3076923076923077
Healthy vs AD,Graph_MI,XGBoost,2,0.2153846153846154,0.3076923076923077,0.25339366515837103,0.3076923076923077
Healthy vs AD,Graph_MI,Random Forest,3,0.31135531135531136,0.3076923076923077,0.3076923076923077,0.3076923076923077
Healthy vs AD,Graph_MI,XGBoost,3,0.38461538461538464,0.38461538461538464,0.38461538461538464,0.38461538461538464
Healthy vs AD,Graph_MI,Random Forest,4,0.5244755244755245,0.5384615384615384,0.47435897435897434,0.5384615384615384
Healthy vs AD,Graph_MI,XGBoost,4,0.5244755244755245,0.5384615384615384,0.47435897435897434,0.5384615384615384
Healthy vs AD,Graph_MI,Random Forest,5,0.7051282051282051,0.6923076923076923,0.6807692307692308,0.6923076923076923
Healthy vs AD,Graph_MI,XGBoost,5,0.7730769230769231,0.7692307692307693,0.7664335664335665,0.7692307692307693
Healthy vs AD,Graph_MI,Random Forest,6,0.35470085470085466,0.38461538461538464,0.36153846153846153,0.38461538461538464
Healthy vs AD,Graph_MI,XGBoost,6,0.5299145299145299,0.5384615384615384,0.5211538461538462,0.5384615384615384
Healthy vs AD,Graph_MI,Random Forest,7,0.28994082840236685,0.5384615384615384,0.37692307692307686,0.5384615384615384
Healthy vs AD,Graph_MI,XGBoost,7,0.28994082840236685,0.5384615384615384,0.37692307692307686,0.5384615384615384
Healthy vs AD,Graph_MI,Random Forest,8,0.4538461538461539,0.46153846153846156,0.455011655011655,0.46153846153846156
Healthy vs AD,Graph_MI,XGBoost,8,0.4230769230769231,0.46153846153846156,0.4193061840120664,0.46153846153846156
Healthy vs AD,Graph_MI,Random Forest,9,0.6134615384615384,0.6153846153846154,0.6107226107226107,0.6153846153846154
Healthy vs AD,Graph_MI,XGBoost,9,0.7051282051282051,0.6923076923076923,0.6807692307692308,0.6923076923076923
Healthy vs AD,Graph_MI,Random Forest,10,0.5299145299145299,0.5384615384615384,0.5211538461538462,0.5384615384615384
Healthy vs AD,Graph_MI,XGBoost,10,0.5299145299145299,0.5384615384615384,0.5211538461538462,0.5384615384615384
Healthy vs AD,Graph_MI,Random Forest,11,0.6227106227106227,0.6153846153846154,0.6153846153846154,0.6153846153846154
Healthy vs AD,Graph_MI,XGBoost,11,0.7051282051282051,0.6923076923076923,0.6807692307692308,0.6923076923076923
Healthy vs AD,Graph_MI,Random Forest,12,0.4230769230769231,0.46153846153846156,0.4193061840120664,0.46153846153846156
Healthy vs AD,Graph_MI,XGBoost,12,0.7756410256410257,0.6153846153846154,0.5286292654713708,0.6153846153846154
Healthy vs AD,Graph_MI,Random Forest,13,0.6134615384615384,0.6153846153846154,0.6107226107226107,0.6153846153846154
Healthy vs AD,Graph_MI,XGBoost,13,0.6227106227106227,0.6153846153846154,0.6153846153846154,0.6153846153846154
Healthy vs AD,Graph_MI,Random Forest,14,0.5299145299145299,0.5384615384615384,0.5211538461538462,0.5384615384615384
Healthy vs AD,Graph_MI,XGBoost,14,0.38461538461538464,0.38461538461538464,0.38461538461538464,0.38461538461538464
Healthy vs AD,Graph_MI,Random Forest,15,0.24475524475524474,0.38461538461538464,0.2991452991452992,0.38461538461538464
Healthy vs AD,Graph_MI,XGBoost,15,0.24475524475524474,0.38461538461538464,0.2991452991452992,0.38461538461538464
Healthy vs AD,Graph_MI,Random Forest,16,0.4230769230769231,0.46153846153846156,0.4193061840120664,0.46153846153846156
Healthy vs AD,Graph_MI,XGBoost,16,0.46703296703296704,0.46153846153846156,0.46153846153846156,0.46153846153846156
Healthy vs AD,Graph_MI,Random Forest,17,0.5384615384615384,0.5384615384615384,0.5384615384615384,0.5384615384615384
Healthy vs AD,Graph_MI,XGBoost,17,0.5384615384615384,0.5384615384615384,0.5384615384615384,0.5384615384615384
Healthy vs AD,Graph_MI,Random Forest,18,0.46703296703296704,0.46153846153846156,0.46153846153846156,0.46153846153846156
Healthy vs AD,Graph_MI,XGBoost,18,0.46703296703296704,0.46153846153846156,0.46153846153846156,0.46153846153846156
Healthy vs FTD,Graph_MI,Random Forest,0,0.47474747474747475,0.45454545454545453,0.39610389610389607,0.45454545454545453
Healthy vs FTD,Graph_MI,XGBoost,0,0.5909090909090909,0.5454545454545454,0.5221445221445221,0.5454545454545454
Healthy vs FTD,Graph_MI,Random Forest,1,0.4242424242424242,0.45454545454545453,0.4253246753246753,0.45454545454545453
Healthy vs FTD,Graph_MI,XGBoost,1,0.7393939393939394,0.7272727272727273,0.7272727272727273,0.7272727272727273
Healthy vs FTD,Graph_MI,Random Forest,2,0.3474025974025974,0.36363636363636365,0.35275835275835277,0.36363636363636365
Healthy vs FTD,Graph_MI,XGBoost,2,0.18484848484848485,0.18181818181818182,0.18181818181818182,0.18181818181818182
Healthy vs FTD,Graph_MI,Random Forest,3,0.29752066115702475,0.5454545454545454,0.3850267379679144,0.5454545454545454
Healthy vs FTD,Graph_MI,XGBoost,3,0.29752066115702475,0.5454545454545454,0.3850267379679144,0.5454545454545454
Healthy vs FTD,Graph_MI,Random Forest,4,0.538961038961039,0.5454545454545454,0.5376845376845377,0.5454545454545454
Healthy vs FTD,Graph_MI,XGBoost,4,0.6363636363636364,0.6363636363636364,0.6363636363636364,0.6363636363636364
Healthy vs FTD,Graph_MI,Random Forest,5,0.29752066115702475,0.5454545454545454,0.3850267379679144,0.5454545454545454
Healthy vs FTD,Graph_MI,XGBoost,5,0.29752066115702475,0.5454545454545454,0.3850267379679144,0.5454545454545454
Healthy vs FTD,Graph_MI,Random Forest,6,0.5303030303030304,0.5454545454545454,0.4935064935064935,0.5454545454545454
Healthy vs FTD,Graph_MI,XGBoost,6,0.5303030303030304,0.5454545454545454,0.4935064935064935,0.5454545454545454
Healthy vs FTD,Graph_MI,Random Forest,7,0.5545454545454546,0.5454545454545454,0.5454545454545454,0.5454545454545454
Healthy vs FTD,Graph_MI,XGBoost,7,0.46753246753246747,0.45454545454545453,0.4454545454545455,0.45454545454545453
Healthy vs FTD,Graph_MI,Random Forest,8,0.18484848484848485,0.18181818181818182,0.18181818181818182,0.18181818181818182
Healthy vs FTD,Graph_MI,XGBoost,8,0.2662337662337662,0.2727272727272727,0.2606060606060606,0.2727272727272727
Healthy vs FTD,Graph_MI,Random Forest,9,0.47474747474747475,0.45454545454545453,0.39610389610389607,0.45454545454545453
Healthy vs FTD,Graph_MI,XGBoost,9,0.46753246753246747,0.45454545454545453,0.4454545454545455,0.45454545454545453
Healthy vs FTD,Graph_MI,Random Forest,10,0.5545454545454546,0.5454545454545454,0.5454545454545454,0.5454545454545454
Healthy vs FTD,Graph_MI,XGBoost,10,0.3522727272727273,0.36363636363636365,0.33100233100233106,0.36363636363636365
Healthy vs FTD,Graph_MI,Random Forest,11,0.5545454545454546,0.5454545454545454,0.5454545454545454,0.5454545454545454
Healthy vs FTD,Graph_MI,XGBoost,11,0.45454545454545453,0.45454545454545453,0.45454545454545453,0.45454545454545453
Healthy vs FTD,Graph_MI,Random Forest,12,0.6439393939393939,0.6363636363636364,0.6168831168831169,0.6363636363636364
Healthy vs FTD,Graph_MI,XGBoost,12,0.8181818181818182,0.7272727272727273,0.6961038961038961,0.7272727272727273
Healthy vs FTD,Graph_MI,Random Forest,13,0.45454545454545453,0.45454545454545453,0.45454545454545453,0.45454545454545453
Healthy vs FTD,Graph_MI,XGBoost,13,0.4242424242424242,0.45454545454545453,0.4253246753246753,0.45454545454545453
Healthy vs FTD,Graph_MI,Random Forest,14,0.3474025974025974,0.36363636363636365,0.35275835275835277,0.36363636363636365
Healthy vs FTD,Graph_MI,XGBoost,14,0.45454545454545453,0.45454545454545453,0.45454545454545453,0.45454545454545453
Healthy vs FTD,Graph_MI,Random Forest,15,0.8181818181818182,0.8181818181818182,0.8181818181818182,0.8181818181818182
Healthy vs FTD,Graph_MI,XGBoost,15,0.7393939393939394,0.7272727272727273,0.7272727272727273,0.7272727272727273
Healthy vs FTD,Graph_MI,Random Forest,16,0.2662337662337662,0.2727272727272727,0.2606060606060606,0.2727272727272727
Healthy vs FTD,Graph_MI,XGBoost,16,0.3696969696969697,0.36363636363636365,0.36363636363636365,0.36363636363636365
Healthy vs FTD,Graph_MI,Random Forest,17,0.4242424242424242,0.45454545454545453,0.4253246753246753,0.45454545454545453
Healthy vs FTD,Graph_MI,XGBoost,17,0.7818181818181817,0.6363636363636364,0.5606060606060606,0.6363636363636364
Healthy vs FTD,Graph_MI,Random Forest,18,0.6363636363636364,0.6363636363636364,0.6363636363636364,0.6363636363636364
Healthy vs FTD,Graph_MI,XGBoost,18,0.538961038961039,0.5454545454545454,0.5376845376845377,0.5454545454545454
AD vs FTD,Graph_MI,Random Forest,0,0.21875,0.25,0.23333333333333336,0.25
AD vs FTD,Graph_MI,XGBoost,0,0.21875,0.25,0.23333333333333336,0.25
AD vs FTD,Graph_MI,Random Forest,1,0.5583333333333333,0.5833333333333334,0.530812324929972,0.5833333333333334
AD vs FTD,Graph_MI,XGBoost,1,0.46296296296296297,0.5,0.46875,0.5
AD vs FTD,Graph_MI,Random Forest,2,0.6666666666666666,0.6666666666666666,0.6666666666666666,0.6666666666666666
AD vs FTD,Graph_MI,XGBoost,2,0.5972222222222222,0.5833333333333334,0.5862470862470862,0.5833333333333334
AD vs FTD,Graph_MI,Random Forest,3,0.3958333333333333,0.4166666666666667,0.40370370370370373,0.4166666666666667
AD vs FTD,Graph_MI,XGBoost,3,0.3958333333333333,0.4166666666666667,0.40370370370370373,0.4166666666666667
AD vs FTD,Graph_MI,Random Forest,4,0.5583333333333333,0.5833333333333334,0.530812324929972,0.5833333333333334
AD vs FTD,Graph_MI,XGBoost,4,0.5583333333333333,0.5833333333333334,0.530812324929972,0.5833333333333334
AD vs FTD,Graph_MI,Random Forest,5,0.7878787878787877,0.6666666666666666,0.5925925925925926,0.6666666666666666
AD vs FTD,Graph_MI,XGBoost,5,0.8249999999999998,0.75,0.7184873949579832,0.75
AD vs FTD,Graph_MI,Random Forest,6,0.46296296296296297,0.5,0.46875,0.5
AD vs FTD,Graph_MI,XGBoost,6,0.5729166666666666,0.5833333333333334,0.5740740740740741,0.5833333333333334
AD vs FTD,Graph_MI,Random Forest,7,0.5583333333333333,0.5833333333333334,0.530812324929972,0.5833333333333334
AD vs FTD,Graph_MI,XGBoost,7,0.3181818181818182,0.5,0.38888888888888884,0.5
AD vs FTD,Graph_MI,Random Forest,8,0.5,0.5,0.5,0.5
AD vs FTD,Graph_MI,XGBoost,8,0.6666666666666666,0.6666666666666666,0.6666666666666666,0.6666666666666666
AD vs FTD,Graph_MI,Random Forest,9,0.46296296296296297,0.5,0.46875,0.5
AD vs FTD,Graph_MI,XGBoost,9,0.6666666666666666,0.6666666666666666,0.6666666666666666,0.6666666666666666
AD vs FTD,Graph_MI,Random Forest,10,0.6666666666666666,0.6666666666666666,0.6458333333333334,0.6666666666666666
AD vs FTD,Graph_MI,XGBoost,10,0.6666666666666666,0.6666666666666666,0.6458333333333334,0.6666666666666666
AD vs FTD,Graph_MI,Random Forest,11,0.3333333333333333,0.3333333333333333,0.3333333333333333,0.3333333333333333
AD vs FTD,Graph_MI,XGBoost,11,0.5,0.5,0.5,0.5
AD vs FTD,Graph_MI,Random Forest,12,0.5285714285714286,0.5,0.5,0.5
AD vs FTD,Graph_MI,XGBoost,12,0.5,0.5,0.5,0.5
AD vs FTD,Graph_MI,Random Forest,13,0.3181818181818182,0.5,0.38888888888888884,0.5
AD vs FTD,Graph_MI,XGBoost,13,0.3181818181818182,0.5,0.38888888888888884,0.5
AD vs FTD,Graph_MI,Random Forest,14,0.5972222222222222,0.5833333333333334,0.5862470862470862,0.5833333333333334
AD vs FTD,Graph_MI,XGBoost,14,0.5285714285714286,0.5,0.5,0.5
AD vs FTD,Graph_MI,Random Forest,15,0.5583333333333333,0.5833333333333334,0.530812324929972,0.5833333333333334
AD vs FTD,Graph_MI,XGBoost,15,0.3181818181818182,0.5,0.38888888888888884,0.5
AD vs FTD,Graph_MI,Random Forest,16,0.6666666666666666,0.6666666666666666,0.6666666666666666,0.6666666666666666
AD vs FTD,Graph_MI,XGBoost,16,0.6666666666666666,0.6666666666666666,0.6666666666666666,0.6666666666666666
AD vs FTD,Graph_MI,Random Forest,17,0.5729166666666666,0.5833333333333334,0.5740740740740741,0.5833333333333334
AD vs FTD,Graph_MI,XGBoost,17,0.6666666666666666,0.6666666666666666,0.6666666666666666,0.6666666666666666
AD vs FTD,Graph_MI,Random Forest,18,0.5285714285714286,0.5,0.5,0.5
AD vs FTD,Graph_MI,XGBoost,18,0.3958333333333333,0.4166666666666667,0.40370370370370373,0.4166666666666667
AD Male vs Female,Graph_MI,Random Forest,0,0.6041666666666666,0.625,0.6045454545454546,0.625
AD Male vs Female,Graph_MI,XGBoost,0,0.6041666666666666,0.625,0.6045454545454546,0.625
AD Male vs Female,Graph_MI,Random Forest,1,0.5,0.5,0.5,0.5
AD Male vs Female,Graph_MI,XGBoost,1,0.3571428571428571,0.5,0.41666666666666663,0.5
AD Male vs Female,Graph_MI,Random Forest,2,0.6041666666666666,0.625,0.6045454545454546,0.625
AD Male vs Female,Graph_MI,XGBoost,2,0.5,0.5,0.5,0.5
AD Male vs Female,Graph_MI,Random Forest,3,0.8214285714285714,0.75,0.7083333333333334,0.75
AD Male vs Female,Graph_MI,XGBoost,3,0.75,0.75,0.75,0.75
AD Male vs Female,Graph_MI,Random Forest,4,0.5,0.5,0.5,0.5
AD Male vs Female,Graph_MI,XGBoost,4,0.5,0.5,0.5,0.5
AD Male vs Female,Graph_MI,Random Forest,5,0.3571428571428571,0.5,0.41666666666666663,0.5
AD Male vs Female,Graph_MI,XGBoost,5,0.8214285714285714,0.75,0.7083333333333334,0.75
AD Male vs Female,Graph_MI,Random Forest,6,0.3571428571428571,0.5,0.41666666666666663,0.5
AD Male vs Female,Graph_MI,XGBoost,6,0.3125,0.375,0.3409090909090909,0.375
AD Male vs Female,Graph_MI,Random Forest,7,0.3571428571428571,0.5,0.41666666666666663,0.5
AD Male vs Female,Graph_MI,XGBoost,7,0.390625,0.625,0.4807692307692308,0.625
AD Male vs Female,Graph_MI,Random Forest,8,0.3125,0.375,0.3409090909090909,0.375
AD Male vs Female,Graph_MI,XGBoost,8,0.6041666666666666,0.625,0.6045454545454546,0.625
AD Male vs Female,Graph_MI,Random Forest,9,0.3571428571428571,0.5,0.41666666666666663,0.5
AD Male vs Female,Graph_MI,XGBoost,9,0.390625,0.625,0.4807692307692308,0.625
AD Male vs Female,Graph_MI,Random Forest,10,0.3571428571428571,0.5,0.41666666666666663,0.5
AD Male vs Female,Graph_MI,XGBoost,10,0.3571428571428571,0.5,0.41666666666666663,0.5
AD Male vs Female,Graph_MI,Random Forest,11,0.5,0.5,0.5,0.5
AD Male vs Female,Graph_MI,XGBoost,11,0.6041666666666666,0.625,0.6045454545454546,0.625
AD Male vs Female,Graph_MI,Random Forest,12,0.6041666666666666,0.625,0.6045454545454546,0.625
AD Male vs Female,Graph_MI,XGBoost,12,0.6041666666666666,0.625,0.6045454545454546,0.625
AD Male vs Female,Graph_MI,Random Forest,13,0.390625,0.625,0.4807692307692308,0.625
AD Male vs Female,Graph_MI,XGBoost,13,0.390625,0.625,0.4807692307692308,0.625
AD Male vs Female,Graph_MI,Random Forest,14,0.3125,0.375,0.3409090909090909,0.375
AD Male vs Female,Graph_MI,XGBoost,14,0.5,0.5,0.5,0.5
AD Male vs Female,Graph_MI,Random Forest,15,0.5,0.5,0.5,0.5
AD Male vs Female,Graph_MI,XGBoost,15,0.3571428571428571,0.5,0.41666666666666663,0.5
AD Male vs Female,Graph_MI,Random Forest,16,0.6041666666666666,0.625,0.6045454545454546,0.625
AD Male vs Female,Graph_MI,XGBoost,16,0.5,0.5,0.5,0.5
AD Male vs Female,Graph_MI,Random Forest,17,0.390625,0.625,0.4807692307692308,0.625
AD Male vs Female,Graph_MI,XGBoost,17,0.390625,0.625,0.4807692307692308,0.625
AD Male vs Female,Graph_MI,Random Forest,18,0.8214285714285714,0.75,0.7083333333333334,0.75
AD Male vs Female,Graph_MI,XGBoost,18,0.390625,0.625,0.4807692307692308,0.625
FTD Male vs Female,Graph_MI,Random Forest,0,0.36,0.6,0.45,0.6
FTD Male vs Female,Graph_MI,XGBoost,0,0.36,0.6,0.45,0.6
FTD Male vs Female,Graph_MI,Random Forest,1,0.2,0.2,0.2,0.2
FTD Male vs Female,Graph_MI,XGBoost,1,0.2,0.2,0.2,0.2
FTD Male vs Female,Graph_MI,Random Forest,2,0.3,0.4,0.34285714285714286,0.4
FTD Male vs Female,Graph_MI,XGBoost,2,0.3,0.4,0.34285714285714286,0.4
FTD Male vs Female,Graph_MI,Random Forest,3,0.6,0.6,0.6,0.6
FTD Male vs Female,Graph_MI,XGBoost,3,0.8,0.6,0.5666666666666667,0.6
FTD Male vs Female,Graph_MI,Random Forest,4,0.6,0.6,0.6,0.6
FTD Male vs Female,Graph_MI,XGBoost,4,1.0,1.0,1.0,1.0
FTD Male vs Female,Graph_MI,Random Forest,5,0.36,0.6,0.45,0.6
FTD Male vs Female,Graph_MI,XGBoost,5,0.2,0.2,0.2,0.2
FTD Male vs Female,Graph_MI,Random Forest,6,0.6,0.6,0.6,0.6
FTD Male vs Female,Graph_MI,XGBoost,6,0.3,0.4,0.34285714285714286,0.4
FTD Male vs Female,Graph_MI,Random Forest,7,1.0,1.0,1.0,1.0
FTD Male vs Female,Graph_MI,XGBoost,7,0.36,0.6,0.45,0.6
FTD Male vs Female,Graph_MI,Random Forest,8,0.36,0.6,0.45,0.6
FTD Male vs Female,Graph_MI,XGBoost,8,0.36,0.6,0.45,0.6
FTD Male vs Female,Graph_MI,Random Forest,9,0.85,0.8,0.7809523809523808,0.8
FTD Male vs Female,Graph_MI,XGBoost,9,0.36,0.6,0.45,0.6
FTD Male vs Female,Graph_MI,Random Forest,10,0.4333333333333333,0.4,0.4,0.4
FTD Male vs Female,Graph_MI,XGBoost,10,0.4333333333333333,0.4,0.4,0.4
FTD Male vs Female,Graph_MI,Random Forest,11,0.85,0.8,0.7809523809523808,0.8
FTD Male vs Female,Graph_MI,XGBoost,11,0.3,0.4,0.34285714285714286,0.4
FTD Male vs Female,Graph_MI,Random Forest,12,0.4333333333333333,0.4,0.4,0.4
FTD Male vs Female,Graph_MI,XGBoost,12,0.2,0.2,0.2,0.2
FTD Male vs Female,Graph_MI,Random Forest,13,0.85,0.8,0.7809523809523808,0.8
FTD Male vs Female,Graph_MI,XGBoost,13,0.85,0.8,0.7809523809523808,0.8
FTD Male vs Female,Graph_MI,Random Forest,14,0.3,0.4,0.34285714285714286,0.4
FTD Male vs Female,Graph_MI,XGBoost,14,0.3,0.4,0.34285714285714286,0.4
FTD Male vs Female,Graph_MI,Random Forest,15,0.3,0.4,0.34285714285714286,0.4
FTD Male vs Female,Graph_MI,XGBoost,15,0.3,0.4,0.34285714285714286,0.4
FTD Male vs Female,Graph_MI,Random Forest,16,0.36,0.6,0.45,0.6
FTD Male vs Female,Graph_MI,XGBoost,16,0.36,0.6,0.45,0.6
FTD Male vs Female,Graph_MI,Random Forest,17,1.0,1.0,1.0,1.0
FTD Male vs Female,Graph_MI,XGBoost,17,1.0,1.0,1.0,1.0
FTD Male vs Female,Graph_MI,Random Forest,18,0.6,0.6,0.6,0.6
FTD Male vs Female,Graph_MI,XGBoost,18,0.36,0.6,0.45,0.6
Healthy vs Patient,Graph_PLV,Random Forest,0,0.5194805194805194,0.5,0.508361204013378,0.5
Healthy vs Patient,Graph_PLV,XGBoost,0,0.5194805194805194,0.5,0.508361204013378,0.5
Healthy vs Patient,Graph_PLV,Random Forest,1,0.711111111111111,0.7222222222222222,0.691358024691358,0.7222222222222222
Healthy vs Patient,Graph_PLV,XGBoost,1,0.7777777777777778,0.7777777777777778,0.7777777777777778,0.7777777777777778
Healthy vs Patient,Graph_PLV,Random Forest,2,0.5555555555555556,0.5555555555555556,0.5555555555555556,0.5555555555555556
Healthy vs Patient,Graph_PLV,XGBoost,2,0.511904761904762,0.5555555555555556,0.5282051282051281,0.5555555555555556
Healthy vs Patient,Graph_PLV,Random Forest,3,0.625,0.6666666666666666,0.6071428571428572,0.6666666666666666
Healthy vs Patient,Graph_PLV,XGBoost,3,0.6428571428571428,0.6666666666666666,0.6461538461538462,0.6666666666666666
Healthy vs Patient,Graph_PLV,Random Forest,4,0.5948717948717949,0.6111111111111112,0.6012121212121212,0.6111111111111112
Healthy vs Patient,Graph_PLV,XGBoost,4,0.6277056277056277,0.6111111111111112,0.6176142697881828,0.6111111111111112
Healthy vs Patient,Graph_PLV,Random Forest,5,0.8307692307692308,0.8333333333333334,0.8290909090909091,0.8333333333333334
Healthy vs Patient,Graph_PLV,XGBoost,5,0.7738095238095238,0.7777777777777778,0.764102564102564,0.7777777777777778
Healthy vs Patient,Graph_PLV,Random Forest,6,0.625,0.6666666666666666,0.6071428571428572,0.6666666666666666
Healthy vs Patient,Graph_PLV,XGBoost,6,0.4444444444444444,0.4444444444444444,0.4444444444444444,0.4444444444444444
Healthy vs Patient,Graph_PLV,Random Forest,7,0.5974025974025974,0.5,0.5077399380804953,0.5
Healthy vs Patient,Graph_PLV,XGBoost,7,0.5555555555555556,0.5,0.5142857142857142,0.5
Healthy vs Patient,Graph_PLV,Random Forest,8,0.43137254901960786,0.6111111111111112,0.5057471264367815,0.6111111111111112
Healthy vs Patient,Graph_PLV,XGBoost,8,0.38095238095238093,0.4444444444444444,0.4102564102564103,0.4444444444444444
Healthy vs Patient,Graph_PLV,Random Forest,9,0.511904761904762,0.5555555555555556,0.5282051282051281,0.5555555555555556
Healthy vs Patient,Graph_PLV,XGBoost,9,0.511904761904762,0.5555555555555556,0.5282051282051281,0.5555555555555556
Healthy vs Patient,Graph_PLV,Random Forest,10,0.511904761904762,0.5555555555555556,0.5282051282051281,0.5555555555555556
Healthy vs Patient,Graph_PLV,XGBoost,10,0.6428571428571428,0.6666666666666666,0.6461538461538462,0.6666666666666666
Healthy vs Patient,Graph_PLV,Random Forest,11,0.476923076923077,0.5,0.4872727272727272,0.5
Healthy vs Patient,Graph_PLV,XGBoost,11,0.6428571428571428,0.6666666666666666,0.6461538461538462,0.6666666666666666
Healthy vs Patient,Graph_PLV,Random Forest,12,0.625,0.6666666666666666,0.6071428571428572,0.6666666666666666
Healthy vs Patient,Graph_PLV,XGBoost,12,0.625,0.6666666666666666,0.6071428571428572,0.6666666666666666
Healthy vs Patient,Graph_PLV,Random Forest,13,0.39999999999999997,0.5,0.4444444444444444,0.5
Healthy vs Patient,Graph_PLV,XGBoost,13,0.39999999999999997,0.5,0.4444444444444444,0.5
Healthy vs Patient,Graph_PLV,Random Forest,14,0.4444444444444444,0.4444444444444444,0.4444444444444444,0.4444444444444444
Healthy vs Patient,Graph_PLV,XGBoost,14,0.38095238095238093,0.4444444444444444,0.4102564102564103,0.4444444444444444
Healthy vs Patient,Graph_PLV,Random Forest,15,0.358974358974359,0.3888888888888889,0.37333333333333335,0.3888888888888889
Healthy vs Patient,Graph_PLV,XGBoost,15,0.358974358974359,0.3888888888888889,0.37333333333333335,0.3888888888888889
Healthy vs Patient,Graph_PLV,Random Forest,16,0.358974358974359,0.3888888888888889,0.37333333333333335,0.3888888888888889
Healthy vs Patient,Graph_PLV,XGBoost,16,0.38095238095238093,0.4444444444444444,0.4102564102564103,0.4444444444444444
Healthy vs Patient,Graph_PLV,Random Forest,17,0.5916666666666666,0.5555555555555556,0.5670995670995671,0.5555555555555556
Healthy vs Patient,Graph_PLV,XGBoost,17,0.5916666666666666,0.5555555555555556,0.5670995670995671,0.5555555555555556
Healthy vs Patient,Graph_PLV,Random Forest,18,0.6666666666666666,0.6111111111111112,0.6222222222222222,0.6111111111111112
Healthy vs Patient,Graph_PLV,XGBoost,18,0.7000000000000001,0.6666666666666666,0.6753246753246753,0.6666666666666666
Healthy vs AD,Graph_PLV,Random Forest,0,0.4538461538461539,0.46153846153846156,0.455011655011655,0.46153846153846156
Healthy vs AD,Graph_PLV,XGBoost,0,0.6134615384615384,0.6153846153846154,0.6107226107226107,0.6153846153846154
Healthy vs AD,Graph_PLV,Random Forest,1,0.47435897435897434,0.46153846153846156,0.441958041958042,0.46153846153846156
Healthy vs AD,Graph_PLV,XGBoost,1,0.47902097902097895,0.46153846153846156,0.3911513323278029,0.46153846153846156
Healthy vs AD,Graph_PLV,Random Forest,2,0.4538461538461539,0.46153846153846156,0.455011655011655,0.46153846153846156
Healthy vs AD,Graph_PLV,XGBoost,2,0.35470085470085466,0.38461538461538464,0.36153846153846153,0.38461538461538464
Healthy vs AD,Graph_PLV,Random Forest,3,0.5244755244755245,0.5384615384615384,0.47435897435897434,0.5384615384615384
Healthy vs AD,Graph_PLV,XGBoost,3,0.5244755244755245,0.5384615384615384,0.47435897435897434,0.5384615384615384
Healthy vs AD,Graph_PLV,Random Forest,4,0.4230769230769231,0.46153846153846156,0.4193061840120664,0.46153846153846156
Healthy vs AD,Graph_PLV,XGBoost,4,0.6134615384615384,0.6153846153846154,0.6107226107226107,0.6153846153846154
Healthy vs AD,Graph_PLV,Random Forest,5,0.6602564102564104,0.6153846153846154,0.6013986013986015,0.6153846153846154
Healthy vs AD,Graph_PLV,XGBoost,5,0.3884615384615385,0.38461538461538464,0.3772893772893772,0.38461538461538464
Healthy vs AD,Graph_PLV,Random Forest,6,0.4538461538461539,0.46153846153846156,0.455011655011655,0.46153846153846156
Healthy vs AD,Graph_PLV,XGBoost,6,0.6307692307692307,0.6153846153846154,0.5852187028657616,0.6153846153846154
Healthy vs AD,Graph_PLV,Random Forest,7,0.35470085470085466,0.38461538461538464,0.36153846153846153,0.38461538461538464
Healthy vs AD,Graph_PLV,XGBoost,7,0.35470085470085466,0.38461538461538464,0.36153846153846153,0.38461538461538464
Healthy vs AD,Graph_PLV,Random Forest,8,0.5538461538461539,0.5384615384615384,0.532967032967033,0.5384615384615384
Healthy vs AD,Graph_PLV,XGBoost,8,0.47435897435897434,0.46153846153846156,0.441958041958042,0.46153846153846156
Healthy vs AD,Graph_PLV,Random Forest,9,0.7051282051282051,0.6923076923076923,0.6807692307692308,0.6923076923076923
Healthy vs AD,Graph_PLV,XGBoost,9,0.4230769230769231,0.46153846153846156,0.4193061840120664,0.46153846153846156
Healthy vs AD,Graph_PLV,Random Forest,10,0.35470085470085466,0.38461538461538464,0.36153846153846153,0.38461538461538464
Healthy vs AD,Graph_PLV,XGBoost,10,0.2153846153846154,0.3076923076923077,0.25339366515837103,0.3076923076923077
Healthy vs AD,Graph_PLV,Random Forest,11,0.4538461538461539,0.46153846153846156,0.455011655011655,0.46153846153846156
Healthy vs AD,Graph_PLV,XGBoost,11,0.5538461538461539,0.5384615384615384,0.532967032967033,0.5384615384615384
Healthy vs AD,Graph_PLV,Random Forest,12,0.2153846153846154,0.3076923076923077,0.25339366515837103,0.3076923076923077
Healthy vs AD,Graph_PLV,XGBoost,12,0.23076923076923078,0.23076923076923078,0.23076923076923078,0.23076923076923078
Healthy vs AD,Graph_PLV,Random Forest,13,0.46703296703296704,0.46153846153846156,0.46153846153846156,0.46153846153846156
Healthy vs AD,Graph_PLV,XGBoost,13,0.46703296703296704,0.46153846153846156,0.46153846153846156,0.46153846153846156
Healthy vs AD,Graph_PLV,Random Forest,14,0.35470085470085466,0.38461538461538464,0.36153846153846153,0.38461538461538464
Healthy vs AD,Graph_PLV,XGBoost,14,0.35470085470085466,0.38461538461538464,0.36153846153846153,0.38461538461538464
Healthy vs AD,Graph_PLV,Random Forest,15,0.7051282051282051,0.6923076923076923,0.6807692307692308,0.6923076923076923
Healthy vs AD,Graph_PLV,XGBoost,15,0.31135531135531136,0.3076923076923077,0.3076923076923077,0.3076923076923077
Healthy vs AD,Graph_PLV,Random Forest,16,0.31135531135531136,0.3076923076923077,0.3076923076923077,0.3076923076923077
Healthy vs AD,Graph_PLV,XGBoost,16,0.29423076923076924,0.3076923076923077,0.2993006993006993,0.3076923076923077
Healthy vs AD,Graph_PLV,Random Forest,17,0.4230769230769231,0.46153846153846156,0.4193061840120664,0.46153846153846156
Healthy vs AD,Graph_PLV,XGBoost,17,0.5299145299145299,0.5384615384615384,0.5211538461538462,0.5384615384615384
Healthy vs AD,Graph_PLV,Random Forest,18,0.5538461538461539,0.5384615384615384,0.532967032967033,0.5384615384615384
Healthy vs AD,Graph_PLV,XGBoost,18,0.5538461538461539,0.5384615384615384,0.532967032967033,0.5384615384615384
Healthy vs FTD,Graph_PLV,Random Forest,0,0.6688311688311688,0.6363636363636364,0.6303030303030303,0.6363636363636364
Healthy vs FTD,Graph_PLV,XGBoost,0,0.8295454545454546,0.7272727272727273,0.7132867132867133,0.7272727272727273
Healthy vs FTD,Graph_PLV,Random Forest,1,0.45454545454545453,0.45454545454545453,0.45454545454545453,0.45454545454545453
Healthy vs FTD,Graph_PLV,XGBoost,1,0.538961038961039,0.5454545454545454,0.5376845376845377,0.5454545454545454
Healthy vs FTD,Graph_PLV,Random Forest,2,0.538961038961039,0.5454545454545454,0.5376845376845377,0.5454545454545454
Healthy vs FTD,Graph_PLV,XGBoost,2,0.45454545454545453,0.45454545454545453,0.45454545454545453,0.45454545454545453
Healthy vs FTD,Graph_PLV,Random Forest,3,0.8636363636363636,0.8181818181818182,0.8084415584415584,0.8181818181818182
Healthy vs FTD,Graph_PLV,XGBoost,3,0.7305194805194805,0.7272727272727273,0.7226107226107227,0.7272727272727273
Healthy vs FTD,Graph_PLV,Random Forest,4,0.2424242424242424,0.36363636363636365,0.29090909090909095,0.36363636363636365
Healthy vs FTD,Graph_PLV,XGBoost,4,0.6439393939393939,0.6363636363636364,0.6168831168831169,0.6363636363636364
Healthy vs FTD,Graph_PLV,Random Forest,5,0.2662337662337662,0.2727272727272727,0.2606060606060606,0.2727272727272727
Healthy vs FTD,Graph_PLV,XGBoost,5,0.3696969696969697,0.36363636363636365,0.36363636363636365,0.36363636363636365
Healthy vs FTD,Graph_PLV,Random Forest,6,0.6439393939393939,0.6363636363636364,0.6168831168831169,0.6363636363636364
Healthy vs FTD,Graph_PLV,XGBoost,6,0.5303030303030304,0.5454545454545454,0.4935064935064935,0.5454545454545454
Healthy vs FTD,Graph_PLV,Random Forest,7,0.2727272727272727,0.45454545454545453,0.3409090909090909,0.45454545454545453
Healthy vs FTD,Graph_PLV,XGBoost,7,0.2727272727272727,0.45454545454545453,0.3409090909090909,0.45454545454545453
Healthy vs FTD,Graph_PLV,Random Forest,8,0.7305194805194805,0.7272727272727273,0.7226107226107227,0.7272727272727273
Healthy vs FTD,Graph_PLV,XGBoost,8,0.6439393939393939,0.6363636363636364,0.6168831168831169,0.6363636363636364
Healthy vs FTD,Graph_PLV,Random Forest,9,0.3474025974025974,0.36363636363636365,0.35275835275835277,0.36363636363636365
Healthy vs FTD,Graph_PLV,XGBoost,9,0.2727272727272727,0.2727272727272727,0.2727272727272727,0.2727272727272727
Healthy vs FTD,Graph_PLV,Random Forest,10,0.6688311688311688,0.6363636363636364,0.6303030303030303,0.6363636363636364
Healthy vs FTD,Graph_PLV,XGBoost,10,0.5909090909090909,0.5454545454545454,0.5221445221445221,0.5454545454545454
Healthy vs FTD,Graph_PLV,Random Forest,11,0.2727272727272727,0.2727272727272727,0.2727272727272727,0.2727272727272727
Healthy vs FTD,Graph_PLV,XGBoost,11,0.3474025974025974,0.36363636363636365,0.35275835275835277,0.36363636363636365
Healthy vs FTD,Graph_PLV,Random Forest,12,0.8181818181818182,0.7272727272727273,0.6961038961038961,0.7272727272727273
Healthy vs FTD,Graph_PLV,XGBoost,12,0.7305194805194805,0.7272727272727273,0.7226107226107227,0.7272727272727273
Healthy vs FTD,Graph_PLV,Random Forest,13,0.2727272727272727,0.2727272727272727,0.2727272727272727,0.2727272727272727
Healthy vs FTD,Graph_PLV,XGBoost,13,0.4242424242424242,0.45454545454545453,0.4253246753246753,0.45454545454545453
Healthy vs FTD,Graph_PLV,Random Forest,14,0.7393939393939394,0.7272727272727273,0.7272727272727273,0.7272727272727273
Healthy vs FTD,Graph_PLV,XGBoost,14,0.4242424242424242,0.45454545454545453,0.4253246753246753,0.45454545454545453
Healthy vs FTD,Graph_PLV,Random Forest,15,0.20454545454545456,0.2727272727272727,0.23376623376623373,0.2727272727272727
Healthy vs FTD,Graph_PLV,XGBoost,15,0.15584415584415584,0.18181818181818182,0.16783216783216784,0.18181818181818182
Healthy vs FTD,Graph_PLV,Random Forest,16,0.15584415584415584,0.18181818181818182,0.16783216783216784,0.18181818181818182
Healthy vs FTD,Graph_PLV,XGBoost,16,0.45454545454545453,0.45454545454545453,0.45454545454545453,0.45454545454545453
Healthy vs FTD,Graph_PLV,Random Forest,17,0.8636363636363636,0.8181818181818182,0.8084415584415584,0.8181818181818182
Healthy vs FTD,Graph_PLV,XGBoost,17,0.8181818181818182,0.7272727272727273,0.6961038961038961,0.7272727272727273
Healthy vs FTD,Graph_PLV,Random Forest,18,0.3474025974025974,0.36363636363636365,0.35275835275835277,0.36363636363636365
Healthy vs FTD,Graph_PLV,XGBoost,18,0.45454545454545453,0.45454545454545453,0.45454545454545453,0.45454545454545453
AD vs FTD,Graph_PLV,Random Forest,0,0.6666666666666666,0.6666666666666666,0.6458333333333334,0.6666666666666666
AD vs FTD,Graph_PLV,XGBoost,0,0.5729166666666666,0.5833333333333334,0.5740740740740741,0.5833333333333334
AD vs FTD,Graph_PLV,Random Forest,1,0.21875,0.25,0.23333333333333336,0.25
AD vs FTD,Graph_PLV,XGBoost,1,0.3333333333333333,0.3333333333333333,0.3333333333333333,0.3333333333333333
AD vs FTD,Graph_PLV,Random Forest,2,0.6666666666666666,0.6666666666666666,0.6666666666666666,0.6666666666666666
AD vs FTD,Graph_PLV,XGBoost,2,0.5972222222222222,0.5833333333333334,0.5862470862470862,0.5833333333333334
AD vs FTD,Graph_PLV,Random Forest,3,0.26388888888888884,0.25,0.25524475524475526,0.25
AD vs FTD,Graph_PLV,XGBoost,3,0.3333333333333333,0.3333333333333333,0.3333333333333333,0.3333333333333333
AD vs FTD,Graph_PLV,Random Forest,4,0.46296296296296297,0.5,0.46875,0.5
AD vs FTD,Graph_PLV,XGBoost,4,0.46296296296296297,0.5,0.46875,0.5
AD vs FTD,Graph_PLV,Random Forest,5,0.5,0.5,0.5,0.5
AD vs FTD,Graph_PLV,XGBoost,5,0.5,0.5,0.5,0.5
AD vs FTD,Graph_PLV,Random Forest,6,0.3958333333333333,0.4166666666666667,0.40370370370370373,0.4166666666666667
AD vs FTD,Graph_PLV,XGBoost,6,0.4305555555555555,0.4166666666666667,0.42074592074592077,0.4166666666666667
AD vs FTD,Graph_PLV,Random Forest,7,0.5729166666666666,0.5833333333333334,0.5740740740740741,0.5833333333333334
AD vs FTD,Graph_PLV,XGBoost,7,0.25,0.25,0.23426573426573427,0.25
AD vs FTD,Graph_PLV,Random Forest,8,0.3958333333333333,0.4166666666666667,0.40370370370370373,0.4166666666666667
AD vs FTD,Graph_PLV,XGBoost,8,0.5,0.5,0.5,0.5
AD vs FTD,Graph_PLV,Random Forest,9,0.3181818181818182,0.5,0.38888888888888884,0.5
AD vs FTD,Graph_PLV,XGBoost,9,0.3181818181818182,0.5,0.38888888888888884,0.5
AD vs FTD,Graph_PLV,Random Forest,10,0.5729166666666666,0.5833333333333334,0.5740740740740741,0.5833333333333334
AD vs FTD,Graph_PLV,XGBoost,10,0.5729166666666666,0.5833333333333334,0.5740740740740741,0.5833333333333334
AD vs FTD,Graph_PLV,Random Forest,11,0.2916666666666667,0.4166666666666667,0.34313725490196084,0.4166666666666667
AD vs FTD,Graph_PLV,XGBoost,11,0.2916666666666667,0.4166666666666667,0.34313725490196084,0.4166666666666667
AD vs FTD,Graph_PLV,Random Forest,12,0.8809523809523809,0.8333333333333334,0.8333333333333334,0.8333333333333334
AD vs FTD,Graph_PLV,XGBoost,12,0.8148148148148149,0.6666666666666666,0.6476190476190476,0.6666666666666666
AD vs FTD,Graph_PLV,Random Forest,13,0.2916666666666667,0.4166666666666667,0.34313725490196084,0.4166666666666667
AD vs FTD,Graph_PLV,XGBoost,13,0.5583333333333333,0.5833333333333334,0.530812324929972,0.5833333333333334
AD vs FTD,Graph_PLV,Random Forest,14,0.2916666666666667,0.4166666666666667,0.34313725490196084,0.4166666666666667
AD vs FTD,Graph_PLV,XGBoost,14,0.3333333333333333,0.3333333333333333,0.3333333333333333,0.3333333333333333
AD vs FTD,Graph_PLV,Random Forest,15,0.3181818181818182,0.5,0.38888888888888884,0.5
AD vs FTD,Graph_PLV,XGBoost,15,0.3181818181818182,0.5,0.38888888888888884,0.5
AD vs FTD,Graph_PLV,Random Forest,16,0.21875,0.25,0.23333333333333336,0.25
AD vs FTD,Graph_PLV,XGBoost,16,0.5729166666666666,0.5833333333333334,0.5740740740740741,0.5833333333333334
AD vs FTD,Graph_PLV,Random Forest,17,0.5729166666666666,0.5833333333333334,0.5740740740740741,0.5833333333333334
AD vs FTD,Graph_PLV,XGBoost,17,0.75,0.75,0.7444444444444445,0.75
AD vs FTD,Graph_PLV,Random Forest,18,0.5729166666666666,0.5833333333333334,0.5740740740740741,0.5833333333333334
AD vs FTD,Graph_PLV,XGBoost,18,0.3958333333333333,0.4166666666666667,0.40370370370370373,0.4166666666666667
AD Male vs Female,Graph_PLV,Random Forest,0,0.8958333333333334,0.875,0.8681818181818182,0.875
AD Male vs Female,Graph_PLV,XGBoost,0,0.8214285714285714,0.75,0.7083333333333334,0.75
AD Male vs Female,Graph_PLV,Random Forest,1,0.390625,0.625,0.4807692307692308,0.625
AD Male vs Female,Graph_PLV,XGBoost,1,0.390625,0.625,0.4807692307692308,0.625
AD Male vs Female,Graph_PLV,Random Forest,2,0.3125,0.375,0.3409090909090909,0.375
AD Male vs Female,Graph_PLV,XGBoost,2,0.390625,0.625,0.4807692307692308,0.625
AD Male vs Female,Graph_PLV,Random Forest,3,0.6041666666666666,0.625,0.6045454545454546,0.625
AD Male vs Female,Graph_PLV,XGBoost,3,0.6041666666666666,0.625,0.6045454545454546,0.625
AD Male vs Female,Graph_PLV,Random Forest,4,0.5,0.5,0.5,0.5
AD Male vs Female,Graph_PLV,XGBoost,4,0.5,0.5,0.5,0.5
AD Male vs Female,Graph_PLV,Random Forest,5,0.3571428571428571,0.5,0.41666666666666663,0.5
AD Male vs Female,Graph_PLV,XGBoost,5,0.390625,0.625,0.4807692307692308,0.625
AD Male vs Female,Graph_PLV,Random Forest,6,0.8214285714285714,0.75,0.7083333333333334,0.75
AD Male vs Female,Graph_PLV,XGBoost,6,0.3571428571428571,0.5,0.41666666666666663,0.5
AD Male vs Female,Graph_PLV,Random Forest,7,0.8214285714285714,0.75,0.7083333333333334,0.75
AD Male vs Female,Graph_PLV,XGBoost,7,0.8214285714285714,0.75,0.7083333333333334,0.75
AD Male vs Female,Graph_PLV,Random Forest,8,0.6041666666666666,0.625,0.6045454545454546,0.625
AD Male vs Female,Graph_PLV,XGBoost,8,0.6041666666666666,0.625,0.6045454545454546,0.625
AD Male vs Female,Graph_PLV,Random Forest,9,0.5,0.5,0.5,0.5
AD Male vs Female,Graph_PLV,XGBoost,9,0.6041666666666666,0.625,0.6045454545454546,0.625
AD Male vs Female,Graph_PLV,Random Forest,10,0.5,0.5,0.5,0.5
AD Male vs Female,Graph_PLV,XGBoost,10,0.8214285714285714,0.75,0.7083333333333334,0.75
AD Male vs Female,Graph_PLV,Random Forest,11,0.75,0.75,0.75,0.75
AD Male vs Female,Graph_PLV,XGBoost,11,0.65625,0.625,0.6309523809523809,0.625
AD Male vs Female,Graph_PLV,Random Forest,12,0.65625,0.625,0.6309523809523809,0.625
AD Male vs Female,Graph_PLV,XGBoost,12,0.5,0.5,0.5,0.5
AD Male vs Female,Graph_PLV,Random Forest,13,0.3571428571428571,0.5,0.41666666666666663,0.5
AD Male vs Female,Graph_PLV,XGBoost,13,0.390625,0.625,0.4807692307692308,0.625
AD Male vs Female,Graph_PLV,Random Forest,14,0.6041666666666666,0.625,0.6045454545454546,0.625
AD Male vs Female,Graph_PLV,XGBoost,14,0.6041666666666666,0.625,0.6045454545454546,0.625
AD Male vs Female,Graph_PLV,Random Forest,15,0.90625,0.875,0.876984126984127,0.875
AD Male vs Female,Graph_PLV,XGBoost,15,0.75,0.75,0.75,0.75
AD Male vs Female,Graph_PLV,Random Forest,16,0.6041666666666666,0.625,0.6045454545454546,0.625
AD Male vs Female,Graph_PLV,XGBoost,16,0.390625,0.625,0.4807692307692308,0.625
AD Male vs Female,Graph_PLV,Random Forest,17,0.75,0.75,0.75,0.75
AD Male vs Female,Graph_PLV,XGBoost,17,0.6041666666666666,0.625,0.6045454545454546,0.625
AD Male vs Female,Graph_PLV,Random Forest,18,0.6041666666666666,0.625,0.6045454545454546,0.625
AD Male vs Female,Graph_PLV,XGBoost,18,0.6041666666666666,0.625,0.6045454545454546,0.625
FTD Male vs Female,Graph_PLV,Random Forest,0,0.6,0.6,0.6,0.6
FTD Male vs Female,Graph_PLV,XGBoost,0,0.6,0.6,0.6,0.6
FTD Male vs Female,Graph_PLV,Random Forest,1,0.2,0.2,0.2,0.2
FTD Male vs Female,Graph_PLV,XGBoost,1,0.0,0.0,0.0,0.0
FTD Male vs Female,Graph_PLV,Random Forest,2,0.4333333333333333,0.4,0.4,0.4
FTD Male vs Female,Graph_PLV,XGBoost,2,0.4333333333333333,0.4,0.4,0.4
FTD Male vs Female,Graph_PLV,Random Forest,3,0.6,0.6,0.6,0.6
FTD Male vs Female,Graph_PLV,XGBoost,3,0.6,0.6,0.6,0.6
FTD Male vs Female,Graph_PLV,Random Forest,4,0.8,0.6,0.5666666666666667,0.6
FTD Male vs Female,Graph_PLV,XGBoost,4,1.0,1.0,1.0,1.0
FTD Male vs Female,Graph_PLV,Random Forest,5,0.2,0.2,0.2,0.2
FTD Male vs Female,Graph_PLV,XGBoost,5,0.3,0.4,0.34285714285714286,0.4
FTD Male vs Female,Graph_PLV,Random Forest,6,0.85,0.8,0.7809523809523808,0.8
FTD Male vs Female,Graph_PLV,XGBoost,6,0.36,0.6,0.45,0.6
FTD Male vs Female,Graph_PLV,Random Forest,7,0.8666666666666666,0.8,0.8,0.8
FTD Male vs Female,Graph_PLV,XGBoost,7,0.6,0.6,0.6,0.6
FTD Male vs Female,Graph_PLV,Random Forest,8,0.3,0.4,0.34285714285714286,0.4
FTD Male vs Female,Graph_PLV,XGBoost,8,0.36,0.6,0.45,0.6
FTD Male vs Female,Graph_PLV,Random Forest,9,0.8,0.6,0.5666666666666667,0.6
FTD Male vs Female,Graph_PLV,XGBoost,9,0.8,0.6,0.5666666666666667,0.6
FTD Male vs Female,Graph_PLV,Random Forest,10,0.3,0.4,0.34285714285714286,0.4
FTD Male vs Female,Graph_PLV,XGBoost,10,0.3,0.4,0.34285714285714286,0.4
FTD Male vs Female,Graph_PLV,Random Forest,11,0.4333333333333333,0.4,0.4,0.4
FTD Male vs Female,Graph_PLV,XGBoost,11,0.4333333333333333,0.4,0.4,0.4
FTD Male vs Female,Graph_PLV,Random Forest,12,0.36,0.6,0.45,0.6
FTD Male vs Female,Graph_PLV,XGBoost,12,0.85,0.8,0.7809523809523808,0.8
FTD Male vs Female,Graph_PLV,Random Forest,13,0.4333333333333333,0.4,0.4,0.4
FTD Male vs Female,Graph_PLV,XGBoost,13,0.2,0.2,0.2,0.2
FTD Male vs Female,Graph_PLV,Random Forest,14,0.8666666666666666,0.8,0.8,0.8
FTD Male vs Female,Graph_PLV,XGBoost,14,0.8666666666666666,0.8,0.8,0.8
FTD Male vs Female,Graph_PLV,Random Forest,15,0.2,0.2,0.2,0.2
FTD Male vs Female,Graph_PLV,XGBoost,15,0.2,0.2,0.2,0.2
FTD Male vs Female,Graph_PLV,Random Forest,16,0.3,0.4,0.34285714285714286,0.4
FTD Male vs Female,Graph_PLV,XGBoost,16,0.3,0.4,0.34285714285714286,0.4
FTD Male vs Female,Graph_PLV,Random Forest,17,0.85,0.8,0.7809523809523808,0.8
FTD Male vs Female,Graph_PLV,XGBoost,17,0.85,0.8,0.7809523809523808,0.8
FTD Male vs Female,Graph_PLV,Random Forest,18,0.6,0.6,0.6,0.6
FTD Male vs Female,Graph_PLV,XGBoost,18,0.85,0.8,0.7809523809523808,0.8
Healthy vs Patient,Graph_Corr,Random Forest,0,0.735930735930736,0.7222222222222222,0.7268673355629878,0.7222222222222222
Healthy vs Patient,Graph_Corr,XGBoost,0,0.6666666666666666,0.6666666666666666,0.6666666666666666,0.6666666666666666
Healthy vs Patient,Graph_Corr,Random Forest,1,0.625,0.6666666666666666,0.6071428571428572,0.6666666666666666
Healthy vs Patient,Graph_Corr,XGBoost,1,0.5555555555555556,0.6111111111111112,0.5679012345679013,0.6111111111111112
Healthy vs Patient,Graph_Corr,Random Forest,2,0.4166666666666667,0.5555555555555556,0.47619047619047616,0.5555555555555556
Healthy vs Patient,Graph_Corr,XGBoost,2,0.511904761904762,0.5555555555555556,0.5282051282051281,0.5555555555555556
Healthy vs Patient,Graph_Corr,Random Forest,3,0.43137254901960786,0.6111111111111112,0.5057471264367815,0.6111111111111112
Healthy vs Patient,Graph_Corr,XGBoost,3,0.4444444444444444,0.6666666666666666,0.5333333333333334,0.6666666666666666
Healthy vs Patient,Graph_Corr,Random Forest,4,0.625,0.6666666666666666,0.6071428571428572,0.6666666666666666
Healthy vs Patient,Graph_Corr,XGBoost,4,0.5555555555555556,0.6111111111111112,0.5679012345679013,0.6111111111111112
Healthy vs Patient,Graph_Corr,Random Forest,5,0.6428571428571428,0.6666666666666666,0.6461538461538462,0.6666666666666666
Healthy vs Patient,Graph_Corr,XGBoost,5,0.4166666666666667,0.5555555555555556,0.47619047619047616,0.5555555555555556
Healthy vs Patient,Graph_Corr,Random Forest,6,0.5555555555555556,0.4444444444444444,0.4444444444444444,0.4444444444444444
Healthy vs Patient,Graph_Corr,XGBoost,6,0.6428571428571428,0.6666666666666666,0.6461538461538462,0.6666666666666666
Healthy vs Patient,Graph_Corr,Random Forest,7,0.5555555555555556,0.6111111111111112,0.5679012345679013,0.6111111111111112
Healthy vs Patient,Graph_Corr,XGBoost,7,0.6428571428571428,0.6666666666666666,0.6461538461538462,0.6666666666666666
Healthy vs Patient,Graph_Corr,Random Forest,8,0.6428571428571428,0.6666666666666666,0.6461538461538462,0.6666666666666666
Healthy vs Patient,Graph_Corr,XGBoost,8,0.6428571428571428,0.6666666666666666,0.6461538461538462,0.6666666666666666
Healthy vs Patient,Graph_Corr,Random Forest,9,0.625,0.6666666666666666,0.6071428571428572,0.6666666666666666
Healthy vs Patient,Graph_Corr,XGBoost,9,0.625,0.6666666666666666,0.6071428571428572,0.6666666666666666
Healthy vs Patient,Graph_Corr,Random Forest,10,0.38095238095238093,0.4444444444444444,0.4102564102564103,0.4444444444444444
Healthy vs Patient,Graph_Corr,XGBoost,10,0.358974358974359,0.3888888888888889,0.37333333333333335,0.3888888888888889
Healthy vs Patient,Graph_Corr,Random Forest,11,0.6428571428571428,0.6666666666666666,0.6461538461538462,0.6666666666666666
Healthy vs Patient,Graph_Corr,XGBoost,11,0.7000000000000001,0.6666666666666666,0.6753246753246753,0.6666666666666666
Healthy vs Patient,Graph_Corr,Random Forest,12,0.4166666666666667,0.5555555555555556,0.47619047619047616,0.5555555555555556
Healthy vs Patient,Graph_Corr,XGBoost,12,0.625,0.6666666666666666,0.6071428571428572,0.6666666666666666
Healthy vs Patient,Graph_Corr,Random Forest,13,0.5948717948717949,0.6111111111111112,0.6012121212121212,0.6111111111111112
Healthy vs Patient,Graph_Corr,XGBoost,13,0.625,0.6666666666666666,0.6071428571428572,0.6666666666666666
Healthy vs Patient,Graph_Corr,Random Forest,14,0.511904761904762,0.5555555555555556,0.5282051282051281,0.5555555555555556
Healthy vs Patient,Graph_Corr,XGBoost,14,0.39999999999999997,0.5,0.4444444444444444,0.5
Healthy vs Patient,Graph_Corr,Random Forest,15,0.625,0.6666666666666666,0.6071428571428572,0.6666666666666666
Healthy vs Patient,Graph_Corr,XGBoost,15,0.511904761904762,0.5555555555555556,0.5282051282051281,0.5555555555555556
Healthy vs Patient,Graph_Corr,Random Forest,16,0.711111111111111,0.7222222222222222,0.691358024691358,0.7222222222222222
Healthy vs Patient,Graph_Corr,XGBoost,16,0.803921568627451,0.7222222222222222,0.6469622331691297,0.7222222222222222
Healthy vs Patient,Graph_Corr,Random Forest,17,0.625,0.6666666666666666,0.6071428571428572,0.6666666666666666
Healthy vs Patient,Graph_Corr,XGBoost,17,0.8666666666666667,0.8333333333333334,0.8148148148148148,0.8333333333333334
Healthy vs Patient,Graph_Corr,Random Forest,18,0.7000000000000001,0.6666666666666666,0.6753246753246753,0.6666666666666666
Healthy vs Patient,Graph_Corr,XGBoost,18,0.6666666666666666,0.6666666666666666,0.6666666666666666,0.6666666666666666
Healthy vs AD,Graph_Corr,Random Forest,0,0.7192307692307693,0.6923076923076923,0.6886446886446886,0.6923076923076923
Healthy vs AD,Graph_Corr,XGBoost,0,0.35470085470085466,0.38461538461538464,0.36153846153846153,0.38461538461538464
Healthy vs AD,Graph_Corr,Random Forest,1,0.6134615384615384,0.6153846153846154,0.6107226107226107,0.6153846153846154
Healthy vs AD,Graph_Corr,XGBoost,1,0.5384615384615384,0.5384615384615384,0.5384615384615384,0.5384615384615384
Healthy vs AD,Graph_Corr,Random Forest,2,0.2153846153846154,0.3076923076923077,0.25339366515837103,0.3076923076923077
Healthy vs AD,Graph_Corr,XGBoost,2,0.17948717948717946,0.23076923076923078,0.20192307692307693,0.23076923076923078
Healthy vs AD,Graph_Corr,Random Forest,3,0.31135531135531136,0.3076923076923077,0.3076923076923077,0.3076923076923077
Healthy vs AD,Graph_Corr,XGBoost,3,0.35470085470085466,0.38461538461538464,0.36153846153846153,0.38461538461538464
Healthy vs AD,Graph_Corr,Random Forest,4,0.5244755244755245,0.5384615384615384,0.47435897435897434,0.5384615384615384
Healthy vs AD,Graph_Corr,XGBoost,4,0.5244755244755245,0.5384615384615384,0.47435897435897434,0.5384615384615384
Healthy vs AD,Graph_Corr,Random Forest,5,0.5244755244755245,0.5384615384615384,0.47435897435897434,0.5384615384615384
Healthy vs AD,Graph_Corr,XGBoost,5,0.7051282051282051,0.6923076923076923,0.6807692307692308,0.6923076923076923
Healthy vs AD,Graph_Corr,Random Forest,6,0.35470085470085466,0.38461538461538464,0.36153846153846153,0.38461538461538464
Healthy vs AD,Graph_Corr,XGBoost,6,0.5244755244755245,0.5384615384615384,0.47435897435897434,0.5384615384615384
Healthy vs AD,Graph_Corr,Random Forest,7,0.28994082840236685,0.5384615384615384,0.37692307692307686,0.5384615384615384
Healthy vs AD,Graph_Corr,XGBoost,7,0.28994082840236685,0.5384615384615384,0.37692307692307686,0.5384615384615384
Healthy vs AD,Graph_Corr,Random Forest,8,0.4538461538461539,0.46153846153846156,0.455011655011655,0.46153846153846156
Healthy vs AD,Graph_Corr,XGBoost,8,0.5299145299145299,0.5384615384615384,0.5211538461538462,0.5384615384615384
Healthy vs AD,Graph_Corr,Random Forest,9,0.7051282051282051,0.6923076923076923,0.6807692307692308,0.6923076923076923
Healthy vs AD,Graph_Corr,XGBoost,9,0.6134615384615384,0.6153846153846154,0.6107226107226107,0.6153846153846154
Healthy vs AD,Graph_Corr,Random Forest,10,0.5299145299145299,0.5384615384615384,0.5211538461538462,0.5384615384615384
Healthy vs AD,Graph_Corr,XGBoost,10,0.5299145299145299,0.5384615384615384,0.5211538461538462,0.5384615384615384
Healthy vs AD,Graph_Corr,Random Forest,11,0.6923076923076923,0.6923076923076923,0.6923076923076923,0.6923076923076923
Healthy vs AD,Graph_Corr,XGBoost,11,0.6923076923076923,0.6923076923076923,0.6923076923076923,0.6923076923076923
Healthy vs AD,Graph_Corr,Random Forest,12,0.35470085470085466,0.38461538461538464,0.36153846153846153,0.38461538461538464
Healthy vs AD,Graph_Corr,XGBoost,12,0.7756410256410257,0.6153846153846154,0.5286292654713708,0.6153846153846154
Healthy vs AD,Graph_Corr,Random Forest,13,0.6134615384615384,0.6153846153846154,0.6107226107226107,0.6153846153846154
Healthy vs AD,Graph_Corr,XGBoost,13,0.7730769230769231,0.7692307692307693,0.7664335664335665,0.7692307692307693
Healthy vs AD,Graph_Corr,Random Forest,14,0.3884615384615385,0.38461538461538464,0.3772893772893772,0.38461538461538464
Healthy vs AD,Graph_Corr,XGBoost,14,0.38461538461538464,0.38461538461538464,0.38461538461538464,0.38461538461538464
Healthy vs AD,Graph_Corr,Random Forest,15,0.24475524475524474,0.38461538461538464,0.2991452991452992,0.38461538461538464
Healthy vs AD,Graph_Corr,XGBoost,15,0.4230769230769231,0.46153846153846156,0.4193061840120664,0.46153846153846156
Healthy vs AD,Graph_Corr,Random Forest,16,0.46703296703296704,0.46153846153846156,0.46153846153846156,0.46153846153846156
Healthy vs AD,Graph_Corr,XGBoost,16,0.38461538461538464,0.38461538461538464,0.38461538461538464,0.38461538461538464
Healthy vs AD,Graph_Corr,Random Forest,17,0.6227106227106227,0.6153846153846154,0.6153846153846154,0.6153846153846154
Healthy vs AD,Graph_Corr,XGBoost,17,0.5384615384615384,0.5384615384615384,0.5384615384615384,0.5384615384615384
Healthy vs AD,Graph_Corr,Random Forest,18,0.46703296703296704,0.46153846153846156,0.46153846153846156,0.46153846153846156
Healthy vs AD,Graph_Corr,XGBoost,18,0.46703296703296704,0.46153846153846156,0.46153846153846156,0.46153846153846156
Healthy vs FTD,Graph_Corr,Random Forest,0,0.47474747474747475,0.45454545454545453,0.39610389610389607,0.45454545454545453
Healthy vs FTD,Graph_Corr,XGBoost,0,0.5909090909090909,0.5454545454545454,0.5221445221445221,0.5454545454545454
Healthy vs FTD,Graph_Corr,Random Forest,1,0.4242424242424242,0.45454545454545453,0.4253246753246753,0.45454545454545453
Healthy vs FTD,Graph_Corr,XGBoost,1,0.7393939393939394,0.7272727272727273,0.7272727272727273,0.7272727272727273
Healthy vs FTD,Graph_Corr,Random Forest,2,0.4242424242424242,0.45454545454545453,0.4253246753246753,0.45454545454545453
Healthy vs FTD,Graph_Corr,XGBoost,2,0.15584415584415584,0.18181818181818182,0.16783216783216784,0.18181818181818182
Healthy vs FTD,Graph_Corr,Random Forest,3,0.29752066115702475,0.5454545454545454,0.3850267379679144,0.5454545454545454
Healthy vs FTD,Graph_Corr,XGBoost,3,0.5303030303030304,0.5454545454545454,0.4935064935064935,0.5454545454545454
Healthy vs FTD,Graph_Corr,Random Forest,4,0.3474025974025974,0.36363636363636365,0.35275835275835277,0.36363636363636365
Healthy vs FTD,Graph_Corr,XGBoost,4,0.3474025974025974,0.36363636363636365,0.35275835275835277,0.36363636363636365
Healthy vs FTD,Graph_Corr,Random Forest,5,0.29752066115702475,0.5454545454545454,0.3850267379679144,0.5454545454545454
Healthy vs FTD,Graph_Corr,XGBoost,5,0.29752066115702475,0.5454545454545454,0.3850267379679144,0.5454545454545454
Healthy vs FTD,Graph_Corr,Random Forest,6,0.5303030303030304,0.5454545454545454,0.4935064935064935,0.5454545454545454
Healthy vs FTD,Graph_Corr,XGBoost,6,0.5303030303030304,0.5454545454545454,0.4935064935064935,0.5454545454545454
Healthy vs FTD,Graph_Corr,Random Forest,7,0.6688311688311688,0.6363636363636364,0.6303030303030303,0.6363636363636364
Healthy vs FTD,Graph_Corr,XGBoost,7,0.6688311688311688,0.6363636363636364,0.6303030303030303,0.6363636363636364
Healthy vs FTD,Graph_Corr,Random Forest,8,0.2727272727272727,0.2727272727272727,0.2727272727272727,0.2727272727272727
Healthy vs FTD,Graph_Corr,XGBoost,8,0.18484848484848485,0.18181818181818182,0.18181818181818182,0.18181818181818182
Healthy vs FTD,Graph_Corr,Random Forest,9,0.47474747474747475,0.45454545454545453,0.39610389610389607,0.45454545454545453
Healthy vs FTD,Graph_Corr,XGBoost,9,0.46753246753246747,0.45454545454545453,0.4454545454545455,0.45454545454545453
Healthy vs FTD,Graph_Corr,Random Forest,10,0.5545454545454546,0.5454545454545454,0.5454545454545454,0.5454545454545454
Healthy vs FTD,Graph_Corr,XGBoost,10,0.3522727272727273,0.36363636363636365,0.33100233100233106,0.36363636363636365
Healthy vs FTD,Graph_Corr,Random Forest,11,0.5545454545454546,0.5454545454545454,0.5454545454545454,0.5454545454545454
Healthy vs FTD,Graph_Corr,XGBoost,11,0.45454545454545453,0.45454545454545453,0.45454545454545453,0.45454545454545453
Healthy vs FTD,Graph_Corr,Random Forest,12,0.8181818181818182,0.7272727272727273,0.6961038961038961,0.7272727272727273
Healthy vs FTD,Graph_Corr,XGBoost,12,0.8181818181818182,0.7272727272727273,0.6961038961038961,0.7272727272727273
Healthy vs FTD,Graph_Corr,Random Forest,13,0.538961038961039,0.5454545454545454,0.5376845376845377,0.5454545454545454
Healthy vs FTD,Graph_Corr,XGBoost,13,0.538961038961039,0.5454545454545454,0.5376845376845377,0.5454545454545454
Healthy vs FTD,Graph_Corr,Random Forest,14,0.3474025974025974,0.36363636363636365,0.35275835275835277,0.36363636363636365
Healthy vs FTD,Graph_Corr,XGBoost,14,0.3474025974025974,0.36363636363636365,0.35275835275835277,0.36363636363636365
Healthy vs FTD,Graph_Corr,Random Forest,15,0.8181818181818182,0.8181818181818182,0.8181818181818182,0.8181818181818182
Healthy vs FTD,Graph_Corr,XGBoost,15,0.8181818181818182,0.8181818181818182,0.8181818181818182,0.8181818181818182
Healthy vs FTD,Graph_Corr,Random Forest,16,0.2662337662337662,0.2727272727272727,0.2606060606060606,0.2727272727272727
Healthy vs FTD,Graph_Corr,XGBoost,16,0.2662337662337662,0.2727272727272727,0.2606060606060606,0.2727272727272727
Healthy vs FTD,Graph_Corr,Random Forest,17,0.3474025974025974,0.36363636363636365,0.35275835275835277,0.36363636363636365
Healthy vs FTD,Graph_Corr,XGBoost,17,0.4242424242424242,0.45454545454545453,0.4253246753246753,0.45454545454545453
Healthy vs FTD,Graph_Corr,Random Forest,18,0.538961038961039,0.5454545454545454,0.5376845376845377,0.5454545454545454
Healthy vs FTD,Graph_Corr,XGBoost,18,0.4242424242424242,0.45454545454545453,0.4253246753246753,0.45454545454545453
AD vs FTD,Graph_Corr,Random Forest,0,0.25925925925925924,0.3333333333333333,0.2916666666666667,0.3333333333333333
AD vs FTD,Graph_Corr,XGBoost,0,0.21875,0.25,0.23333333333333336,0.25
AD vs FTD,Graph_Corr,Random Forest,1,0.5583333333333333,0.5833333333333334,0.530812324929972,0.5833333333333334
AD vs FTD,Graph_Corr,XGBoost,1,0.46296296296296297,0.5,0.46875,0.5
AD vs FTD,Graph_Corr,Random Forest,2,0.4305555555555555,0.4166666666666667,0.42074592074592077,0.4166666666666667
AD vs FTD,Graph_Corr,XGBoost,2,0.5,0.5,0.5,0.5
AD vs FTD,Graph_Corr,Random Forest,3,0.46296296296296297,0.5,0.46875,0.5
AD vs FTD,Graph_Corr,XGBoost,3,0.46296296296296297,0.5,0.46875,0.5
AD vs FTD,Graph_Corr,Random Forest,4,0.5583333333333333,0.5833333333333334,0.530812324929972,0.5833333333333334
AD vs FTD,Graph_Corr,XGBoost,4,0.5583333333333333,0.5833333333333334,0.530812324929972,0.5833333333333334
AD vs FTD,Graph_Corr,Random Forest,5,0.7878787878787877,0.6666666666666666,0.5925925925925926,0.6666666666666666
AD vs FTD,Graph_Corr,XGBoost,5,0.5729166666666666,0.5833333333333334,0.5740740740740741,0.5833333333333334
AD vs FTD,Graph_Corr,Random Forest,6,0.46296296296296297,0.5,0.46875,0.5
AD vs FTD,Graph_Corr,XGBoost,6,0.5972222222222222,0.5833333333333334,0.5862470862470862,0.5833333333333334
AD vs FTD,Graph_Corr,Random Forest,7,0.5583333333333333,0.5833333333333334,0.530812324929972,0.5833333333333334
AD vs FTD,Graph_Corr,XGBoost,7,0.3181818181818182,0.5,0.38888888888888884,0.5
AD vs FTD,Graph_Corr,Random Forest,8,0.5972222222222222,0.5833333333333334,0.5862470862470862,0.5833333333333334
AD vs FTD,Graph_Corr,XGBoost,8,0.7047619047619048,0.6666666666666666,0.6666666666666666,0.6666666666666666
AD vs FTD,Graph_Corr,Random Forest,9,0.46296296296296297,0.5,0.46875,0.5
AD vs FTD,Graph_Corr,XGBoost,9,0.5729166666666666,0.5833333333333334,0.5740740740740741,0.5833333333333334
AD vs FTD,Graph_Corr,Random Forest,10,0.5,0.5,0.5,0.5
AD vs FTD,Graph_Corr,XGBoost,10,0.5729166666666666,0.5833333333333334,0.5740740740740741,0.5833333333333334
AD vs FTD,Graph_Corr,Random Forest,11,0.3333333333333333,0.3333333333333333,0.3333333333333333,0.3333333333333333
AD vs FTD,Graph_Corr,XGBoost,11,0.5,0.5,0.5,0.5
AD vs FTD,Graph_Corr,Random Forest,12,0.5285714285714286,0.5,0.5,0.5
AD vs FTD,Graph_Corr,XGBoost,12,0.5,0.5,0.5,0.5
AD vs FTD,Graph_Corr,Random Forest,13,0.34027777777777785,0.5833333333333334,0.4298245614035088,0.5833333333333334
AD vs FTD,Graph_Corr,XGBoost,13,0.34027777777777785,0.5833333333333334,0.4298245614035088,0.5833333333333334
AD vs FTD,Graph_Corr,Random Forest,14,0.6666666666666666,0.6666666666666666,0.6666666666666666,0.6666666666666666
AD vs FTD,Graph_Corr,XGBoost,14,0.4305555555555555,0.4166666666666667,0.42074592074592077,0.4166666666666667
AD vs FTD,Graph_Corr,Random Forest,15,0.3181818181818182,0.5,0.38888888888888884,0.5
AD vs FTD,Graph_Corr,XGBoost,15,0.3181818181818182,0.5,0.38888888888888884,0.5
AD vs FTD,Graph_Corr,Random Forest,16,0.6666666666666666,0.6666666666666666,0.6666666666666666,0.6666666666666666
AD vs FTD,Graph_Corr,XGBoost,16,0.6666666666666666,0.6666666666666666,0.6666666666666666,0.6666666666666666
AD vs FTD,Graph_Corr,Random Forest,17,0.5729166666666666,0.5833333333333334,0.5740740740740741,0.5833333333333334
AD vs FTD,Graph_Corr,XGBoost,17,0.763888888888889,0.75,0.7517482517482518,0.75
AD vs FTD,Graph_Corr,Random Forest,18,0.5285714285714286,0.5,0.5,0.5
AD vs FTD,Graph_Corr,XGBoost,18,0.4305555555555555,0.4166666666666667,0.42074592074592077,0.4166666666666667
AD Male vs Female,Graph_Corr,Random Forest,0,0.6041666666666666,0.625,0.6045454545454546,0.625
AD Male vs Female,Graph_Corr,XGBoost,0,0.6041666666666666,0.625,0.6045454545454546,0.625
AD Male vs Female,Graph_Corr,Random Forest,1,0.5,0.5,0.5,0.5
AD Male vs Female,Graph_Corr,XGBoost,1,0.3571428571428571,0.5,0.41666666666666663,0.5
AD Male vs Female,Graph_Corr,Random Forest,2,0.6041666666666666,0.625,0.6045454545454546,0.625
AD Male vs Female,Graph_Corr,XGBoost,2,0.75,0.75,0.75,0.75
AD Male vs Female,Graph_Corr,Random Forest,3,0.8214285714285714,0.75,0.7083333333333334,0.75
AD Male vs Female,Graph_Corr,XGBoost,3,0.75,0.75,0.75,0.75
AD Male vs Female,Graph_Corr,Random Forest,4,0.5,0.5,0.5,0.5
AD Male vs Female,Graph_Corr,XGBoost,4,0.5,0.5,0.5,0.5
AD Male vs Female,Graph_Corr,Random Forest,5,0.3571428571428571,0.5,0.41666666666666663,0.5
AD Male vs Female,Graph_Corr,XGBoost,5,0.8214285714285714,0.75,0.7083333333333334,0.75
AD Male vs Female,Graph_Corr,Random Forest,6,0.3571428571428571,0.5,0.41666666666666663,0.5
AD Male vs Female,Graph_Corr,XGBoost,6,0.3125,0.375,0.3409090909090909,0.375
AD Male vs Female,Graph_Corr,Random Forest,7,0.390625,0.625,0.4807692307692308,0.625
AD Male vs Female,Graph_Corr,XGBoost,7,0.390625,0.625,0.4807692307692308,0.625
AD Male vs Female,Graph_Corr,Random Forest,8,0.3571428571428571,0.5,0.41666666666666663,0.5
AD Male vs Female,Graph_Corr,XGBoost,8,0.3571428571428571,0.5,0.41666666666666663,0.5
AD Male vs Female,Graph_Corr,Random Forest,9,0.3571428571428571,0.5,0.41666666666666663,0.5
AD Male vs Female,Graph_Corr,XGBoost,9,0.390625,0.625,0.4807692307692308,0.625
AD Male vs Female,Graph_Corr,Random Forest,10,0.3571428571428571,0.5,0.41666666666666663,0.5
AD Male vs Female,Graph_Corr,XGBoost,10,0.3571428571428571,0.5,0.41666666666666663,0.5
AD Male vs Female,Graph_Corr,Random Forest,11,0.5,0.5,0.5,0.5
AD Male vs Female,Graph_Corr,XGBoost,11,0.6041666666666666,0.625,0.6045454545454546,0.625
AD Male vs Female,Graph_Corr,Random Forest,12,0.8214285714285714,0.75,0.7083333333333334,0.75
AD Male vs Female,Graph_Corr,XGBoost,12,0.65625,0.625,0.6309523809523809,0.625
AD Male vs Female,Graph_Corr,Random Forest,13,0.390625,0.625,0.4807692307692308,0.625
AD Male vs Female,Graph_Corr,XGBoost,13,0.390625,0.625,0.4807692307692308,0.625
AD Male vs Female,Graph_Corr,Random Forest,14,0.3125,0.375,0.3409090909090909,0.375
AD Male vs Female,Graph_Corr,XGBoost,14,0.5,0.5,0.5,0.5
AD Male vs Female,Graph_Corr,Random Forest,15,0.5,0.5,0.5,0.5
AD Male vs Female,Graph_Corr,XGBoost,15,0.3571428571428571,0.5,0.41666666666666663,0.5
AD Male vs Female,Graph_Corr,Random Forest,16,0.5,0.5,0.5,0.5
AD Male vs Female,Graph_Corr,XGBoost,16,0.8214285714285714,0.75,0.7083333333333334,0.75
AD Male vs Female,Graph_Corr,Random Forest,17,0.390625,0.625,0.4807692307692308,0.625
AD Male vs Female,Graph_Corr,XGBoost,17,0.5,0.5,0.5,0.5
AD Male vs Female,Graph_Corr,Random Forest,18,0.8214285714285714,0.75,0.7083333333333334,0.75
AD Male vs Female,Graph_Corr,XGBoost,18,0.390625,0.625,0.4807692307692308,0.625
FTD Male vs Female,Graph_Corr,Random Forest,0,0.36,0.6,0.45,0.6
FTD Male vs Female,Graph_Corr,XGBoost,0,0.36,0.6,0.45,0.6
FTD Male vs Female,Graph_Corr,Random Forest,1,0.2,0.2,0.2,0.2
FTD Male vs Female,Graph_Corr,XGBoost,1,0.2,0.2,0.2,0.2
FTD Male vs Female,Graph_Corr,Random Forest,2,0.3,0.4,0.34285714285714286,0.4
FTD Male vs Female,Graph_Corr,XGBoost,2,0.3,0.4,0.34285714285714286,0.4
FTD Male vs Female,Graph_Corr,Random Forest,3,0.6,0.6,0.6,0.6
FTD Male vs Female,Graph_Corr,XGBoost,3,0.8,0.6,0.5666666666666667,0.6
FTD Male vs Female,Graph_Corr,Random Forest,4,0.85,0.8,0.7809523809523808,0.8
FTD Male vs Female,Graph_Corr,XGBoost,4,1.0,1.0,1.0,1.0
FTD Male vs Female,Graph_Corr,Random Forest,5,0.36,0.6,0.45,0.6
FTD Male vs Female,Graph_Corr,XGBoost,5,0.2,0.2,0.2,0.2
FTD Male vs Female,Graph_Corr,Random Forest,6,0.6,0.6,0.6,0.6
FTD Male vs Female,Graph_Corr,XGBoost,6,0.3,0.4,0.34285714285714286,0.4
FTD Male vs Female,Graph_Corr,Random Forest,7,1.0,1.0,1.0,1.0
FTD Male vs Female,Graph_Corr,XGBoost,7,0.36,0.6,0.45,0.6
FTD Male vs Female,Graph_Corr,Random Forest,8,0.36,0.6,0.45,0.6
FTD Male vs Female,Graph_Corr,XGBoost,8,0.36,0.6,0.45,0.6
FTD Male vs Female,Graph_Corr,Random Forest,9,0.85,0.8,0.7809523809523808,0.8
FTD Male vs Female,Graph_Corr,XGBoost,9,0.36,0.6,0.45,0.6
FTD Male vs Female,Graph_Corr,Random Forest,10,0.4333333333333333,0.4,0.4,0.4
FTD Male vs Female,Graph_Corr,XGBoost,10,0.4333333333333333,0.4,0.4,0.4
FTD Male vs Female,Graph_Corr,Random Forest,11,0.85,0.8,0.7809523809523808,0.8
FTD Male vs Female,Graph_Corr,XGBoost,11,0.3,0.4,0.34285714285714286,0.4
FTD Male vs Female,Graph_Corr,Random Forest,12,0.4333333333333333,0.4,0.4,0.4
FTD Male vs Female,Graph_Corr,XGBoost,12,0.2,0.2,0.2,0.2
FTD Male vs Female,Graph_Corr,Random Forest,13,0.85,0.8,0.7809523809523808,0.8
FTD Male vs Female,Graph_Corr,XGBoost,13,0.85,0.8,0.7809523809523808,0.8
FTD Male vs Female,Graph_Corr,Random Forest,14,0.3,0.4,0.34285714285714286,0.4
FTD Male vs Female,Graph_Corr,XGBoost,14,0.3,0.4,0.34285714285714286,0.4
FTD Male vs Female,Graph_Corr,Random Forest,15,0.3,0.4,0.34285714285714286,0.4
FTD Male vs Female,Graph_Corr,XGBoost,15,0.3,0.4,0.34285714285714286,0.4
FTD Male vs Female,Graph_Corr,Random Forest,16,0.85,0.8,0.7809523809523808,0.8
FTD Male vs Female,Graph_Corr,XGBoost,16,0.36,0.6,0.45,0.6
FTD Male vs Female,Graph_Corr,Random Forest,17,1.0,1.0,1.0,1.0
FTD Male vs Female,Graph_Corr,XGBoost,17,1.0,1.0,1.0,1.0
FTD Male vs Female,Graph_Corr,Random Forest,18,0.6,0.6,0.6,0.6
FTD Male vs Female,Graph_Corr,XGBoost,18,0.36,0.6,0.45,0.6
Healthy vs Patient,Temporal+Frequency,Random Forest,0,0.6428571428571428,0.6666666666666666,0.6461538461538462,0.6666666666666666
Healthy vs Patient,Temporal+Frequency,XGBoost,0,0.5555555555555556,0.6111111111111112,0.5679012345679013,0.6111111111111112
Healthy vs Patient,Temporal+Frequency,Random Forest,1,0.5948717948717949,0.6111111111111112,0.6012121212121212,0.6111111111111112
Healthy vs Patient,Temporal+Frequency,XGBoost,1,0.6666666666666666,0.6666666666666666,0.6666666666666666,0.6666666666666666
Healthy vs Patient,Temporal+Frequency,Random Forest,2,0.625,0.6666666666666666,0.6071428571428572,0.6666666666666666
Healthy vs Patient,Temporal+Frequency,XGBoost,2,0.6428571428571428,0.6666666666666666,0.6461538461538462,0.6666666666666666
Healthy vs Patient,Temporal+Frequency,Random Forest,3,0.6666666666666666,0.6666666666666666,0.6666666666666666,0.6666666666666666
Healthy vs Patient,Temporal+Frequency,XGBoost,3,0.6666666666666666,0.6666666666666666,0.6666666666666666,0.6666666666666666
Healthy vs Patient,Temporal+Frequency,Random Forest,4,0.7128205128205128,0.7222222222222222,0.7151515151515153,0.7222222222222222
Healthy vs Patient,Temporal+Frequency,XGBoost,4,0.7128205128205128,0.7222222222222222,0.7151515151515153,0.7222222222222222
Healthy vs Patient,Temporal+Frequency,Random Forest,5,0.7128205128205128,0.7222222222222222,0.7151515151515153,0.7222222222222222
Healthy vs Patient,Temporal+Frequency,XGBoost,5,0.6666666666666666,0.6666666666666666,0.6666666666666666,0.6666666666666666
Healthy vs Patient,Temporal+Frequency,Random Forest,6,0.5555555555555556,0.5555555555555556,0.5555555555555556,0.5555555555555556
Healthy vs Patient,Temporal+Frequency,XGBoost,6,0.6666666666666666,0.6666666666666666,0.6666666666666666,0.6666666666666666
Healthy vs Patient,Temporal+Frequency,Random Forest,7,0.6428571428571428,0.6666666666666666,0.6461538461538462,0.6666666666666666
Healthy vs Patient,Temporal+Frequency,XGBoost,7,0.7128205128205128,0.7222222222222222,0.7151515151515153,0.7222222222222222
Healthy vs Patient,Temporal+Frequency,Random Forest,8,0.6428571428571428,0.6666666666666666,0.6461538461538462,0.6666666666666666
Healthy vs Patient,Temporal+Frequency,XGBoost,8,0.5916666666666666,0.5555555555555556,0.5670995670995671,0.5555555555555556
Healthy vs Patient,Temporal+Frequency,Random Forest,9,0.511904761904762,0.5555555555555556,0.5282051282051281,0.5555555555555556
Healthy vs Patient,Temporal+Frequency,XGBoost,9,0.511904761904762,0.5555555555555556,0.5282051282051281,0.5555555555555556
Healthy vs Patient,Temporal+Frequency,Random Forest,10,0.711111111111111,0.7222222222222222,0.691358024691358,0.7222222222222222
Healthy vs Patient,Temporal+Frequency,XGBoost,10,0.711111111111111,0.7222222222222222,0.691358024691358,0.7222222222222222
Healthy vs Patient,Temporal+Frequency,Random Forest,11,0.9047619047619047,0.8888888888888888,0.882051282051282,0.8888888888888888
Healthy vs Patient,Temporal+Frequency,XGBoost,11,0.7738095238095238,0.7777777777777778,0.764102564102564,0.7777777777777778
Healthy vs Patient,Temporal+Frequency,Random Forest,12,0.7738095238095238,0.7777777777777778,0.764102564102564,0.7777777777777778
Healthy vs Patient,Temporal+Frequency,XGBoost,12,0.7738095238095238,0.7777777777777778,0.764102564102564,0.7777777777777778
Healthy vs Patient,Temporal+Frequency,Random Forest,13,0.7777777777777778,0.7777777777777778,0.7777777777777778,0.7777777777777778
Healthy vs Patient,Temporal+Frequency,XGBoost,13,0.9047619047619047,0.8888888888888888,0.882051282051282,0.8888888888888888
Healthy vs Patient,Temporal+Frequency,Random Forest,14,0.5555555555555556,0.5555555555555556,0.5555555555555556,0.5555555555555556
Healthy vs Patient,Temporal+Frequency,XGBoost,14,0.6428571428571428,0.6666666666666666,0.6461538461538462,0.6666666666666666
Healthy vs Patient,Temporal+Frequency,Random Forest,15,0.7738095238095238,0.7777777777777778,0.764102564102564,0.7777777777777778
Healthy vs Patient,Temporal+Frequency,XGBoost,15,0.7128205128205128,0.7222222222222222,0.7151515151515153,0.7222222222222222
Healthy vs Patient,Temporal+Frequency,Random Forest,16,0.7738095238095238,0.7777777777777778,0.764102564102564,0.7777777777777778
Healthy vs Patient,Temporal+Frequency,XGBoost,16,0.803921568627451,0.7222222222222222,0.6469622331691297,0.7222222222222222
Healthy vs Patient,Temporal+Frequency,Random Forest,17,0.6428571428571428,0.6666666666666666,0.6461538461538462,0.6666666666666666
Healthy vs Patient,Temporal+Frequency,XGBoost,17,0.6428571428571428,0.6666666666666666,0.6461538461538462,0.6666666666666666
Healthy vs Patient,Temporal+Frequency,Random Forest,18,0.8083333333333333,0.7777777777777778,0.7835497835497836,0.7777777777777778
Healthy vs Patient,Temporal+Frequency,XGBoost,18,0.75,0.6666666666666666,0.6749999999999999,0.6666666666666666
Healthy vs AD,Temporal+Frequency,Random Forest,0,0.4230769230769231,0.46153846153846156,0.4193061840120664,0.46153846153846156
Healthy vs AD,Temporal+Frequency,XGBoost,0,0.6307692307692307,0.6153846153846154,0.5852187028657616,0.6153846153846154
Healthy vs AD,Temporal+Frequency,Random Forest,1,0.6134615384615384,0.6153846153846154,0.6107226107226107,0.6153846153846154
Healthy vs AD,Temporal+Frequency,XGBoost,1,0.6307692307692307,0.6153846153846154,0.5852187028657616,0.6153846153846154
Healthy vs AD,Temporal+Frequency,Random Forest,2,0.6307692307692307,0.6153846153846154,0.5852187028657616,0.6153846153846154
Healthy vs AD,Temporal+Frequency,XGBoost,2,0.6134615384615384,0.6153846153846154,0.6107226107226107,0.6153846153846154
Healthy vs AD,Temporal+Frequency,Random Forest,3,0.6923076923076923,0.6923076923076923,0.6923076923076923,0.6923076923076923
Healthy vs AD,Temporal+Frequency,XGBoost,3,0.6923076923076923,0.6923076923076923,0.6923076923076923,0.6923076923076923
Healthy vs AD,Temporal+Frequency,Random Forest,4,0.5384615384615384,0.5384615384615384,0.5384615384615384,0.5384615384615384
Healthy vs AD,Temporal+Frequency,XGBoost,4,0.6227106227106227,0.6153846153846154,0.6153846153846154,0.6153846153846154
Healthy vs AD,Temporal+Frequency,Random Forest,5,0.6227106227106227,0.6153846153846154,0.6153846153846154,0.6153846153846154
Healthy vs AD,Temporal+Frequency,XGBoost,5,0.6923076923076923,0.6923076923076923,0.6923076923076923,0.6923076923076923
Healthy vs AD,Temporal+Frequency,Random Forest,6,0.7051282051282051,0.6923076923076923,0.6807692307692308,0.6923076923076923
Healthy vs AD,Temporal+Frequency,XGBoost,6,0.6227106227106227,0.6153846153846154,0.6153846153846154,0.6153846153846154
Healthy vs AD,Temporal+Frequency,Random Forest,7,0.6307692307692307,0.6153846153846154,0.5852187028657616,0.6153846153846154
Healthy vs AD,Temporal+Frequency,XGBoost,7,0.5299145299145299,0.5384615384615384,0.5211538461538462,0.5384615384615384
Healthy vs AD,Temporal+Frequency,Random Forest,8,0.5299145299145299,0.5384615384615384,0.5211538461538462,0.5384615384615384
Healthy vs AD,Temporal+Frequency,XGBoost,8,0.6134615384615384,0.6153846153846154,0.6107226107226107,0.6153846153846154
Healthy vs AD,Temporal+Frequency,Random Forest,9,0.7051282051282051,0.6923076923076923,0.6807692307692308,0.6923076923076923
Healthy vs AD,Temporal+Frequency,XGBoost,9,0.6923076923076923,0.6923076923076923,0.6923076923076923,0.6923076923076923
Healthy vs AD,Temporal+Frequency,Random Forest,10,0.8384615384615384,0.7692307692307693,0.7511312217194571,0.7692307692307693
Healthy vs AD,Temporal+Frequency,XGBoost,10,0.6307692307692307,0.6153846153846154,0.5852187028657616,0.6153846153846154
Healthy vs AD,Temporal+Frequency,Random Forest,11,0.8384615384615384,0.7692307692307693,0.7511312217194571,0.7692307692307693
Healthy vs AD,Temporal+Frequency,XGBoost,11,0.804195804195804,0.6923076923076923,0.6495726495726496,0.6923076923076923
Healthy vs AD,Temporal+Frequency,Random Forest,12,0.5299145299145299,0.5384615384615384,0.5211538461538462,0.5384615384615384
Healthy vs AD,Temporal+Frequency,XGBoost,12,0.8803418803418803,0.8461538461538461,0.8403846153846154,0.8461538461538461
Healthy vs AD,Temporal+Frequency,Random Forest,13,0.7730769230769231,0.7692307692307693,0.7664335664335665,0.7692307692307693
Healthy vs AD,Temporal+Frequency,XGBoost,13,0.7051282051282051,0.6923076923076923,0.6807692307692308,0.6923076923076923
Healthy vs AD,Temporal+Frequency,Random Forest,14,0.5299145299145299,0.5384615384615384,0.5211538461538462,0.5384615384615384
Healthy vs AD,Temporal+Frequency,XGBoost,14,0.5384615384615384,0.5384615384615384,0.5384615384615384,0.5384615384615384
Healthy vs AD,Temporal+Frequency,Random Forest,15,0.7730769230769231,0.7692307692307693,0.7664335664335665,0.7692307692307693
Healthy vs AD,Temporal+Frequency,XGBoost,15,0.7051282051282051,0.6923076923076923,0.6807692307692308,0.6923076923076923
Healthy vs AD,Temporal+Frequency,Random Forest,16,0.7730769230769231,0.7692307692307693,0.7664335664335665,0.7692307692307693
Healthy vs AD,Temporal+Frequency,XGBoost,16,0.7730769230769231,0.7692307692307693,0.7664335664335665,0.7692307692307693
Healthy vs AD,Temporal+Frequency,Random Forest,17,0.6307692307692307,0.6153846153846154,0.5852187028657616,0.6153846153846154
Healthy vs AD,Temporal+Frequency,XGBoost,17,0.5299145299145299,0.5384615384615384,0.5211538461538462,0.5384615384615384
Healthy vs AD,Temporal+Frequency,Random Forest,18,0.7730769230769231,0.7692307692307693,0.7664335664335665,0.7692307692307693
Healthy vs AD,Temporal+Frequency,XGBoost,18,0.7730769230769231,0.7692307692307693,0.7664335664335665,0.7692307692307693
Healthy vs FTD,Temporal+Frequency,Random Forest,0,0.538961038961039,0.5454545454545454,0.5376845376845377,0.5454545454545454
Healthy vs FTD,Temporal+Frequency,XGBoost,0,0.538961038961039,0.5454545454545454,0.5376845376845377,0.5454545454545454
Healthy vs FTD,Temporal+Frequency,Random Forest,1,0.538961038961039,0.5454545454545454,0.5376845376845377,0.5454545454545454
Healthy vs FTD,Temporal+Frequency,XGBoost,1,0.45454545454545453,0.45454545454545453,0.45454545454545453,0.45454545454545453
Healthy vs FTD,Temporal+Frequency,Random Forest,2,0.4242424242424242,0.45454545454545453,0.4253246753246753,0.45454545454545453
Healthy vs FTD,Temporal+Frequency,XGBoost,2,0.3696969696969697,0.36363636363636365,0.36363636363636365,0.36363636363636365
Healthy vs FTD,Temporal+Frequency,Random Forest,3,0.20454545454545456,0.2727272727272727,0.23376623376623373,0.2727272727272727
Healthy vs FTD,Temporal+Frequency,XGBoost,3,0.538961038961039,0.5454545454545454,0.5376845376845377,0.5454545454545454
Healthy vs FTD,Temporal+Frequency,Random Forest,4,0.5545454545454546,0.5454545454545454,0.5454545454545454,0.5454545454545454
Healthy vs FTD,Temporal+Frequency,XGBoost,4,0.6363636363636364,0.6363636363636364,0.6363636363636364,0.6363636363636364
Healthy vs FTD,Temporal+Frequency,Random Forest,5,0.4242424242424242,0.45454545454545453,0.4253246753246753,0.45454545454545453
Healthy vs FTD,Temporal+Frequency,XGBoost,5,0.538961038961039,0.5454545454545454,0.5376845376845377,0.5454545454545454
Healthy vs FTD,Temporal+Frequency,Random Forest,6,0.6363636363636364,0.6363636363636364,0.6363636363636364,0.6363636363636364
Healthy vs FTD,Temporal+Frequency,XGBoost,6,0.6439393939393939,0.6363636363636364,0.6168831168831169,0.6363636363636364
Healthy vs FTD,Temporal+Frequency,Random Forest,7,0.45454545454545453,0.45454545454545453,0.45454545454545453,0.45454545454545453
Healthy vs FTD,Temporal+Frequency,XGBoost,7,0.2727272727272727,0.2727272727272727,0.2727272727272727,0.2727272727272727
Healthy vs FTD,Temporal+Frequency,Random Forest,8,0.538961038961039,0.5454545454545454,0.5376845376845377,0.5454545454545454
Healthy vs FTD,Temporal+Frequency,XGBoost,8,0.2662337662337662,0.2727272727272727,0.2606060606060606,0.2727272727272727
Healthy vs FTD,Temporal+Frequency,Random Forest,9,0.3474025974025974,0.36363636363636365,0.35275835275835277,0.36363636363636365
Healthy vs FTD,Temporal+Frequency,XGBoost,9,0.2424242424242424,0.36363636363636365,0.29090909090909095,0.36363636363636365
Healthy vs FTD,Temporal+Frequency,Random Forest,10,0.538961038961039,0.5454545454545454,0.5376845376845377,0.5454545454545454
Healthy vs FTD,Temporal+Frequency,XGBoost,10,0.5545454545454546,0.5454545454545454,0.5454545454545454,0.5454545454545454
Healthy vs FTD,Temporal+Frequency,Random Forest,11,0.6363636363636364,0.6363636363636364,0.6363636363636364,0.6363636363636364
Healthy vs FTD,Temporal+Frequency,XGBoost,11,0.7393939393939394,0.7272727272727273,0.7272727272727273,0.7272727272727273
Healthy vs FTD,Temporal+Frequency,Random Forest,12,0.538961038961039,0.5454545454545454,0.5376845376845377,0.5454545454545454
Healthy vs FTD,Temporal+Frequency,XGBoost,12,0.6363636363636364,0.6363636363636364,0.6363636363636364,0.6363636363636364
Healthy vs FTD,Temporal+Frequency,Random Forest,13,0.45454545454545453,0.45454545454545453,0.45454545454545453,0.45454545454545453
Healthy vs FTD,Temporal+Frequency,XGBoost,13,0.7305194805194805,0.7272727272727273,0.7226107226107227,0.7272727272727273
Healthy vs FTD,Temporal+Frequency,Random Forest,14,0.3474025974025974,0.36363636363636365,0.35275835275835277,0.36363636363636365
Healthy vs FTD,Temporal+Frequency,XGBoost,14,0.2727272727272727,0.2727272727272727,0.2727272727272727,0.2727272727272727
Healthy vs FTD,Temporal+Frequency,Random Forest,15,0.6363636363636364,0.6363636363636364,0.6363636363636364,0.6363636363636364
Healthy vs FTD,Temporal+Frequency,XGBoost,15,0.3474025974025974,0.36363636363636365,0.35275835275835277,0.36363636363636365
Healthy vs FTD,Temporal+Frequency,Random Forest,16,0.6439393939393939,0.6363636363636364,0.6168831168831169,0.6363636363636364
Healthy vs FTD,Temporal+Frequency,XGBoost,16,0.7305194805194805,0.7272727272727273,0.7226107226107227,0.7272727272727273
Healthy vs FTD,Temporal+Frequency,Random Forest,17,0.538961038961039,0.5454545454545454,0.5376845376845377,0.5454545454545454
Healthy vs FTD,Temporal+Frequency,XGBoost,17,0.538961038961039,0.5454545454545454,0.5376845376845377,0.5454545454545454
Healthy vs FTD,Temporal+Frequency,Random Forest,18,0.45454545454545453,0.45454545454545453,0.45454545454545453,0.45454545454545453
Healthy vs FTD,Temporal+Frequency,XGBoost,18,0.3696969696969697,0.36363636363636365,0.36363636363636365,0.36363636363636365
AD vs FTD,Temporal+Frequency,Random Forest,0,0.6666666666666666,0.6666666666666666,0.6458333333333334,0.6666666666666666
AD vs FTD,Temporal+Frequency,XGBoost,0,0.46296296296296297,0.5,0.46875,0.5
AD vs FTD,Temporal+Frequency,Random Forest,1,0.5972222222222222,0.5833333333333334,0.5862470862470862,0.5833333333333334
AD vs FTD,Temporal+Frequency,XGBoost,1,0.4305555555555555,0.4166666666666667,0.42074592074592077,0.4166666666666667
AD vs FTD,Temporal+Frequency,Random Forest,2,0.46296296296296297,0.5,0.46875,0.5
AD vs FTD,Temporal+Frequency,XGBoost,2,0.3958333333333333,0.4166666666666667,0.40370370370370373,0.4166666666666667
AD vs FTD,Temporal+Frequency,Random Forest,3,0.6666666666666666,0.6666666666666666,0.6458333333333334,0.6666666666666666
AD vs FTD,Temporal+Frequency,XGBoost,3,0.46296296296296297,0.5,0.46875,0.5
AD vs FTD,Temporal+Frequency,Random Forest,4,0.8333333333333334,0.8333333333333334,0.8333333333333334,0.8333333333333334
AD vs FTD,Temporal+Frequency,XGBoost,4,0.763888888888889,0.75,0.7517482517482518,0.75
AD vs FTD,Temporal+Frequency,Random Forest,5,0.6666666666666666,0.6666666666666666,0.6458333333333334,0.6666666666666666
AD vs FTD,Temporal+Frequency,XGBoost,5,0.3333333333333333,0.3333333333333333,0.3333333333333333,0.3333333333333333
AD vs FTD,Temporal+Frequency,Random Forest,6,0.8249999999999998,0.75,0.7184873949579832,0.75
AD vs FTD,Temporal+Frequency,XGBoost,6,0.6666666666666666,0.6666666666666666,0.6666666666666666,0.6666666666666666
AD vs FTD,Temporal+Frequency,Random Forest,7,0.4479166666666667,0.4166666666666667,0.40442890442890445,0.4166666666666667
AD vs FTD,Temporal+Frequency,XGBoost,7,0.5285714285714286,0.5,0.5,0.5
AD vs FTD,Temporal+Frequency,Random Forest,8,0.46296296296296297,0.5,0.46875,0.5
AD vs FTD,Temporal+Frequency,XGBoost,8,0.46296296296296297,0.5,0.46875,0.5
AD vs FTD,Temporal+Frequency,Random Forest,9,0.75,0.75,0.7444444444444445,0.75
AD vs FTD,Temporal+Frequency,XGBoost,9,0.75,0.75,0.7444444444444445,0.75
AD vs FTD,Temporal+Frequency,Random Forest,10,0.46296296296296297,0.5,0.46875,0.5
AD vs FTD,Temporal+Frequency,XGBoost,10,0.3958333333333333,0.4166666666666667,0.40370370370370373,0.4166666666666667
AD vs FTD,Temporal+Frequency,Random Forest,11,0.46296296296296297,0.5,0.46875,0.5
AD vs FTD,Temporal+Frequency,XGBoost,11,0.46296296296296297,0.5,0.46875,0.5
AD vs FTD,Temporal+Frequency,Random Forest,12,0.34027777777777785,0.5833333333333334,0.4298245614035088,0.5833333333333334
AD vs FTD,Temporal+Frequency,XGBoost,12,0.46296296296296297,0.5,0.46875,0.5
AD vs FTD,Temporal+Frequency,Random Forest,13,0.5583333333333333,0.5833333333333334,0.530812324929972,0.5833333333333334
AD vs FTD,Temporal+Frequency,XGBoost,13,0.5729166666666666,0.5833333333333334,0.5740740740740741,0.5833333333333334
AD vs FTD,Temporal+Frequency,Random Forest,14,0.8249999999999998,0.75,0.7184873949579832,0.75
AD vs FTD,Temporal+Frequency,XGBoost,14,0.5729166666666666,0.5833333333333334,0.5740740740740741,0.5833333333333334
AD vs FTD,Temporal+Frequency,Random Forest,15,0.5583333333333333,0.5833333333333334,0.530812324929972,0.5833333333333334
AD vs FTD,Temporal+Frequency,XGBoost,15,0.3181818181818182,0.5,0.38888888888888884,0.5
AD vs FTD,Temporal+Frequency,Random Forest,16,0.5729166666666666,0.5833333333333334,0.5740740740740741,0.5833333333333334
AD vs FTD,Temporal+Frequency,XGBoost,16,0.5729166666666666,0.5833333333333334,0.5740740740740741,0.5833333333333334
AD vs FTD,Temporal+Frequency,Random Forest,17,0.5583333333333333,0.5833333333333334,0.530812324929972,0.5833333333333334
AD vs FTD,Temporal+Frequency,XGBoost,17,0.5,0.5,0.5,0.5
AD vs FTD,Temporal+Frequency,Random Forest,18,0.5583333333333333,0.5833333333333334,0.530812324929972,0.5833333333333334
AD vs FTD,Temporal+Frequency,XGBoost,18,0.6666666666666666,0.6666666666666666,0.6458333333333334,0.6666666666666666
AD Male vs Female,Temporal+Frequency,Random Forest,0,0.6041666666666666,0.625,0.6045454545454546,0.625
AD Male vs Female,Temporal+Frequency,XGBoost,0,0.5,0.5,0.5,0.5
AD Male vs Female,Temporal+Frequency,Random Forest,1,0.6041666666666666,0.625,0.6045454545454546,0.625
AD Male vs Female,Temporal+Frequency,XGBoost,1,0.5,0.5,0.5,0.5
AD Male vs Female,Temporal+Frequency,Random Forest,2,0.5,0.5,0.5,0.5
AD Male vs Female,Temporal+Frequency,XGBoost,2,0.25,0.25,0.25,0.25
AD Male vs Female,Temporal+Frequency,Random Forest,3,0.6041666666666666,0.625,0.6045454545454546,0.625
AD Male vs Female,Temporal+Frequency,XGBoost,3,0.6041666666666666,0.625,0.6045454545454546,0.625
AD Male vs Female,Temporal+Frequency,Random Forest,4,0.6041666666666666,0.625,0.6045454545454546,0.625
AD Male vs Female,Temporal+Frequency,XGBoost,4,0.390625,0.625,0.4807692307692308,0.625
AD Male vs Female,Temporal+Frequency,Random Forest,5,0.15625,0.125,0.1388888888888889,0.125
AD Male vs Female,Temporal+Frequency,XGBoost,5,0.3125,0.375,0.3409090909090909,0.375
AD Male vs Female,Temporal+Frequency,Random Forest,6,0.8214285714285714,0.75,0.7083333333333334,0.75
AD Male vs Female,Temporal+Frequency,XGBoost,6,0.6041666666666666,0.625,0.6045454545454546,0.625
AD Male vs Female,Temporal+Frequency,Random Forest,7,0.5,0.5,0.5,0.5
AD Male vs Female,Temporal+Frequency,XGBoost,7,0.5,0.5,0.5,0.5
AD Male vs Female,Temporal+Frequency,Random Forest,8,0.6041666666666666,0.625,0.6045454545454546,0.625
AD Male vs Female,Temporal+Frequency,XGBoost,8,0.5,0.5,0.5,0.5
AD Male vs Female,Temporal+Frequency,Random Forest,9,0.6041666666666666,0.625,0.6045454545454546,0.625
AD Male vs Female,Temporal+Frequency,XGBoost,9,0.390625,0.625,0.4807692307692308,0.625
AD Male vs Female,Temporal+Frequency,Random Forest,10,0.6041666666666666,0.625,0.6045454545454546,0.625
AD Male vs Female,Temporal+Frequency,XGBoost,10,0.3571428571428571,0.5,0.41666666666666663,0.5
AD Male vs Female,Temporal+Frequency,Random Forest,11,0.6041666666666666,0.625,0.6045454545454546,0.625
AD Male vs Female,Temporal+Frequency,XGBoost,11,0.6041666666666666,0.625,0.6045454545454546,0.625
AD Male vs Female,Temporal+Frequency,Random Forest,12,0.75,0.75,0.75,0.75
AD Male vs Female,Temporal+Frequency,XGBoost,12,0.8958333333333334,0.875,0.8681818181818182,0.875
AD Male vs Female,Temporal+Frequency,Random Forest,13,0.6041666666666666,0.625,0.6045454545454546,0.625
AD Male vs Female,Temporal+Frequency,XGBoost,13,0.5,0.5,0.5,0.5
AD Male vs Female,Temporal+Frequency,Random Forest,14,0.6041666666666666,0.625,0.6045454545454546,0.625
AD Male vs Female,Temporal+Frequency,XGBoost,14,0.6041666666666666,0.625,0.6045454545454546,0.625
AD Male vs Female,Temporal+Frequency,Random Forest,15,0.6041666666666666,0.625,0.6045454545454546,0.625
AD Male vs Female,Temporal+Frequency,XGBoost,15,0.75,0.75,0.75,0.75
AD Male vs Female,Temporal+Frequency,Random Forest,16,0.8214285714285714,0.75,0.7083333333333334,0.75
AD Male vs Female,Temporal+Frequency,XGBoost,16,0.3571428571428571,0.5,0.41666666666666663,0.5
AD Male vs Female,Temporal+Frequency,Random Forest,17,0.6041666666666666,0.625,0.6045454545454546,0.625
AD Male vs Female,Temporal+Frequency,XGBoost,17,0.6041666666666666,0.625,0.6045454545454546,0.625
AD Male vs Female,Temporal+Frequency,Random Forest,18,0.6041666666666666,0.625,0.6045454545454546,0.625
AD Male vs Female,Temporal+Frequency,XGBoost,18,0.6041666666666666,0.625,0.6045454545454546,0.625
FTD Male vs Female,Temporal+Frequency,Random Forest,0,0.85,0.8,0.7809523809523808,0.8
FTD Male vs Female,Temporal+Frequency,XGBoost,0,0.85,0.8,0.7809523809523808,0.8
FTD Male vs Female,Temporal+Frequency,Random Forest,1,0.85,0.8,0.7809523809523808,0.8
FTD Male vs Female,Temporal+Frequency,XGBoost,1,0.85,0.8,0.7809523809523808,0.8
FTD Male vs Female,Temporal+Frequency,Random Forest,2,1.0,1.0,1.0,1.0
FTD Male vs Female,Temporal+Frequency,XGBoost,2,0.8666666666666666,0.8,0.8,0.8
FTD Male vs Female,Temporal+Frequency,Random Forest,3,0.85,0.8,0.7809523809523808,0.8
FTD Male vs Female,Temporal+Frequency,XGBoost,3,0.6,0.6,0.6,0.6
FTD Male vs Female,Temporal+Frequency,Random Forest,4,0.85,0.8,0.7809523809523808,0.8
FTD Male vs Female,Temporal+Frequency,XGBoost,4,0.6,0.6,0.6,0.6
FTD Male vs Female,Temporal+Frequency,Random Forest,5,0.6,0.6,0.6,0.6
FTD Male vs Female,Temporal+Frequency,XGBoost,5,0.8666666666666666,0.8,0.8,0.8
FTD Male vs Female,Temporal+Frequency,Random Forest,6,0.8666666666666666,0.8,0.8,0.8
FTD Male vs Female,Temporal+Frequency,XGBoost,6,1.0,1.0,1.0,1.0
FTD Male vs Female,Temporal+Frequency,Random Forest,7,0.8666666666666666,0.8,0.8,0.8
FTD Male vs Female,Temporal+Frequency,XGBoost,7,0.8666666666666666,0.8,0.8,0.8
FTD Male vs Female,Temporal+Frequency,Random Forest,8,1.0,1.0,1.0,1.0
FTD Male vs Female,Temporal+Frequency,XGBoost,8,0.6,0.6,0.6,0.6
FTD Male vs Female,Temporal+Frequency,Random Forest,9,0.85,0.8,0.7809523809523808,0.8
FTD Male vs Female,Temporal+Frequency,XGBoost,9,0.85,0.8,0.7809523809523808,0.8
FTD Male vs Female,Temporal+Frequency,Random Forest,10,0.85,0.8,0.7809523809523808,0.8
FTD Male vs Female,Temporal+Frequency,XGBoost,10,0.8666666666666666,0.8,0.8,0.8
FTD Male vs Female,Temporal+Frequency,Random Forest,11,0.3,0.4,0.34285714285714286,0.4
FTD Male vs Female,Temporal+Frequency,XGBoost,11,0.3,0.4,0.34285714285714286,0.4
FTD Male vs Female,Temporal+Frequency,Random Forest,12,0.85,0.8,0.7809523809523808,0.8
FTD Male vs Female,Temporal+Frequency,XGBoost,12,0.85,0.8,0.7809523809523808,0.8
FTD Male vs Female,Temporal+Frequency,Random Forest,13,0.85,0.8,0.7809523809523808,0.8
FTD Male vs Female,Temporal+Frequency,XGBoost,13,0.4333333333333333,0.4,0.4,0.4
FTD Male vs Female,Temporal+Frequency,Random Forest,14,0.6,0.6,0.6,0.6
FTD Male vs Female,Temporal+Frequency,XGBoost,14,0.8,0.6,0.5666666666666667,0.6
FTD Male vs Female,Temporal+Frequency,Random Forest,15,0.6,0.6,0.6,0.6
FTD Male vs Female,Temporal+Frequency,XGBoost,15,0.6,0.6,0.6,0.6
FTD Male vs Female,Temporal+Frequency,Random Forest,16,0.4333333333333333,0.4,0.4,0.4
FTD Male vs Female,Temporal+Frequency,XGBoost,16,0.6,0.6,0.6,0.6
FTD Male vs Female,Temporal+Frequency,Random Forest,17,0.8666666666666666,0.8,0.8,0.8
FTD Male vs Female,Temporal+Frequency,XGBoost,17,0.8666666666666666,0.8,0.8,0.8
FTD Male vs Female,Temporal+Frequency,Random Forest,18,0.85,0.8,0.7809523809523808,0.8
FTD Male vs Female,Temporal+Frequency,XGBoost,18,0.2,0.2,0.2,0.2
Healthy vs Patient,Temporal+Graph_MI,Random Forest,0,0.5194805194805194,0.5,0.508361204013378,0.5
Healthy vs Patient,Temporal+Graph_MI,XGBoost,0,0.4833333333333333,0.4444444444444444,0.4588744588744588,0.4444444444444444
Healthy vs Patient,Temporal+Graph_MI,Random Forest,1,0.5948717948717949,0.6111111111111112,0.6012121212121212,0.6111111111111112
Healthy vs Patient,Temporal+Graph_MI,XGBoost,1,0.5948717948717949,0.6111111111111112,0.6012121212121212,0.6111111111111112
Healthy vs Patient,Temporal+Graph_MI,Random Forest,2,0.625,0.6666666666666666,0.6071428571428572,0.6666666666666666
Healthy vs Patient,Temporal+Graph_MI,XGBoost,2,0.6428571428571428,0.6666666666666666,0.6461538461538462,0.6666666666666666
Healthy vs Patient,Temporal+Graph_MI,Random Forest,3,0.6428571428571428,0.6666666666666666,0.6461538461538462,0.6666666666666666
Healthy vs Patient,Temporal+Graph_MI,XGBoost,3,0.5916666666666666,0.5555555555555556,0.5670995670995671,0.5555555555555556
Healthy vs Patient,Temporal+Graph_MI,Random Forest,4,0.711111111111111,0.7222222222222222,0.691358024691358,0.7222222222222222
Healthy vs Patient,Temporal+Graph_MI,XGBoost,4,0.7738095238095238,0.7777777777777778,0.764102564102564,0.7777777777777778
Healthy vs Patient,Temporal+Graph_MI,Random Forest,5,0.6428571428571428,0.6666666666666666,0.6461538461538462,0.6666666666666666
Healthy vs Patient,Temporal+Graph_MI,XGBoost,5,0.5948717948717949,0.6111111111111112,0.6012121212121212,0.6111111111111112
Healthy vs Patient,Temporal+Graph_MI,Random Forest,6,0.4444444444444444,0.4444444444444444,0.4444444444444444,0.4444444444444444
Healthy vs Patient,Temporal+Graph_MI,XGBoost,6,0.4444444444444444,0.4444444444444444,0.4444444444444444,0.4444444444444444
Healthy vs Patient,Temporal+Graph_MI,Random Forest,7,0.625,0.6666666666666666,0.6071428571428572,0.6666666666666666
Healthy vs Patient,Temporal+Graph_MI,XGBoost,7,0.803921568627451,0.7222222222222222,0.6469622331691297,0.7222222222222222
Healthy vs Patient,Temporal+Graph_MI,Random Forest,8,0.4166666666666667,0.5555555555555556,0.47619047619047616,0.5555555555555556
Healthy vs Patient,Temporal+Graph_MI,XGBoost,8,0.5555555555555556,0.5555555555555556,0.5555555555555556,0.5555555555555556
Healthy vs Patient,Temporal+Graph_MI,Random Forest,9,0.5555555555555556,0.6111111111111112,0.5679012345679013,0.6111111111111112
Healthy vs Patient,Temporal+Graph_MI,XGBoost,9,0.38095238095238093,0.4444444444444444,0.4102564102564103,0.4444444444444444
Healthy vs Patient,Temporal+Graph_MI,Random Forest,10,0.5555555555555556,0.6111111111111112,0.5679012345679013,0.6111111111111112
Healthy vs Patient,Temporal+Graph_MI,XGBoost,10,0.476923076923077,0.5,0.4872727272727272,0.5
Healthy vs Patient,Temporal+Graph_MI,Random Forest,11,0.5555555555555556,0.6111111111111112,0.5679012345679013,0.6111111111111112
Healthy vs Patient,Temporal+Graph_MI,XGBoost,11,0.5948717948717949,0.6111111111111112,0.6012121212121212,0.6111111111111112
Healthy vs Patient,Temporal+Graph_MI,Random Forest,12,0.5555555555555556,0.6111111111111112,0.5679012345679013,0.6111111111111112
Healthy vs Patient,Temporal+Graph_MI,XGBoost,12,0.476923076923077,0.5,0.4872727272727272,0.5
Healthy vs Patient,Temporal+Graph_MI,Random Forest,13,0.8333333333333334,0.7777777777777778,0.738095238095238,0.7777777777777778
Healthy vs Patient,Temporal+Graph_MI,XGBoost,13,0.711111111111111,0.7222222222222222,0.691358024691358,0.7222222222222222
Healthy vs Patient,Temporal+Graph_MI,Random Forest,14,0.43137254901960786,0.6111111111111112,0.5057471264367815,0.6111111111111112
Healthy vs Patient,Temporal+Graph_MI,XGBoost,14,0.511904761904762,0.5555555555555556,0.5282051282051281,0.5555555555555556
Healthy vs Patient,Temporal+Graph_MI,Random Forest,15,0.43137254901960786,0.6111111111111112,0.5057471264367815,0.6111111111111112
Healthy vs Patient,Temporal+Graph_MI,XGBoost,15,0.4166666666666667,0.5555555555555556,0.47619047619047616,0.5555555555555556
Healthy vs Patient,Temporal+Graph_MI,Random Forest,16,0.5555555555555556,0.6111111111111112,0.5679012345679013,0.6111111111111112
Healthy vs Patient,Temporal+Graph_MI,XGBoost,16,0.5948717948717949,0.6111111111111112,0.6012121212121212,0.6111111111111112
Healthy vs Patient,Temporal+Graph_MI,Random Forest,17,0.4166666666666667,0.5555555555555556,0.47619047619047616,0.5555555555555556
Healthy vs Patient,Temporal+Graph_MI,XGBoost,17,0.6428571428571428,0.6666666666666666,0.6461538461538462,0.6666666666666666
Healthy vs Patient,Temporal+Graph_MI,Random Forest,18,0.735930735930736,0.7222222222222222,0.7268673355629878,0.7222222222222222
Healthy vs Patient,Temporal+Graph_MI,XGBoost,18,0.6666666666666666,0.6111111111111112,0.6222222222222222,0.6111111111111112
Healthy vs AD,Temporal+Graph_MI,Random Forest,0,0.5384615384615384,0.5384615384615384,0.5384615384615384,0.5384615384615384
Healthy vs AD,Temporal+Graph_MI,XGBoost,0,0.38461538461538464,0.38461538461538464,0.38461538461538464,0.38461538461538464
Healthy vs AD,Temporal+Graph_MI,Random Forest,1,0.5384615384615384,0.5384615384615384,0.5384615384615384,0.5384615384615384
Healthy vs AD,Temporal+Graph_MI,XGBoost,1,0.5384615384615384,0.5384615384615384,0.5384615384615384,0.5384615384615384
Healthy vs AD,Temporal+Graph_MI,Random Forest,2,0.5244755244755245,0.5384615384615384,0.47435897435897434,0.5384615384615384
Healthy vs AD,Temporal+Graph_MI,XGBoost,2,0.29423076923076924,0.3076923076923077,0.2993006993006993,0.3076923076923077
Healthy vs AD,Temporal+Graph_MI,Random Forest,3,0.4538461538461539,0.46153846153846156,0.455011655011655,0.46153846153846156
Healthy vs AD,Temporal+Graph_MI,XGBoost,3,0.31135531135531136,0.3076923076923077,0.3076923076923077,0.3076923076923077
Healthy vs AD,Temporal+Graph_MI,Random Forest,4,0.6307692307692307,0.6153846153846154,0.5852187028657616,0.6153846153846154
Healthy vs AD,Temporal+Graph_MI,XGBoost,4,0.4538461538461539,0.46153846153846156,0.455011655011655,0.46153846153846156
Healthy vs AD,Temporal+Graph_MI,Random Forest,5,0.7051282051282051,0.6923076923076923,0.6807692307692308,0.6923076923076923
Healthy vs AD,Temporal+Graph_MI,XGBoost,5,0.6134615384615384,0.6153846153846154,0.6107226107226107,0.6153846153846154
Healthy vs AD,Temporal+Graph_MI,Random Forest,6,0.5299145299145299,0.5384615384615384,0.5211538461538462,0.5384615384615384
Healthy vs AD,Temporal+Graph_MI,XGBoost,6,0.35470085470085466,0.38461538461538464,0.36153846153846153,0.38461538461538464
Healthy vs AD,Temporal+Graph_MI,Random Forest,7,0.28994082840236685,0.5384615384615384,0.37692307692307686,0.5384615384615384
Healthy vs AD,Temporal+Graph_MI,XGBoost,7,0.5244755244755245,0.5384615384615384,0.47435897435897434,0.5384615384615384
Healthy vs AD,Temporal+Graph_MI,Random Forest,8,0.6227106227106227,0.6153846153846154,0.6153846153846154,0.6153846153846154
Healthy vs AD,Temporal+Graph_MI,XGBoost,8,0.5384615384615384,0.5384615384615384,0.5384615384615384,0.5384615384615384
Healthy vs AD,Temporal+Graph_MI,Random Forest,9,0.6227106227106227,0.6153846153846154,0.6153846153846154,0.6153846153846154
Healthy vs AD,Temporal+Graph_MI,XGBoost,9,0.6227106227106227,0.6153846153846154,0.6153846153846154,0.6153846153846154
Healthy vs AD,Temporal+Graph_MI,Random Forest,10,0.6134615384615384,0.6153846153846154,0.6107226107226107,0.6153846153846154
Healthy vs AD,Temporal+Graph_MI,XGBoost,10,0.5384615384615384,0.5384615384615384,0.5384615384615384,0.5384615384615384
Healthy vs AD,Temporal+Graph_MI,Random Forest,11,0.6307692307692307,0.6153846153846154,0.5852187028657616,0.6153846153846154
Healthy vs AD,Temporal+Graph_MI,XGBoost,11,0.7051282051282051,0.6923076923076923,0.6807692307692308,0.6923076923076923
Healthy vs AD,Temporal+Graph_MI,Random Forest,12,0.4230769230769231,0.46153846153846156,0.4193061840120664,0.46153846153846156
Healthy vs AD,Temporal+Graph_MI,XGBoost,12,0.5299145299145299,0.5384615384615384,0.5211538461538462,0.5384615384615384
Healthy vs AD,Temporal+Graph_MI,Random Forest,13,0.6307692307692307,0.6153846153846154,0.5852187028657616,0.6153846153846154
Healthy vs AD,Temporal+Graph_MI,XGBoost,13,0.6134615384615384,0.6153846153846154,0.6107226107226107,0.6153846153846154
Healthy vs AD,Temporal+Graph_MI,Random Forest,14,0.4230769230769231,0.46153846153846156,0.4193061840120664,0.46153846153846156
Healthy vs AD,Temporal+Graph_MI,XGBoost,14,0.23076923076923078,0.23076923076923078,0.23076923076923078,0.23076923076923078
Healthy vs AD,Temporal+Graph_MI,Random Forest,15,0.4538461538461539,0.46153846153846156,0.455011655011655,0.46153846153846156
Healthy vs AD,Temporal+Graph_MI,XGBoost,15,0.6227106227106227,0.6153846153846154,0.6153846153846154,0.6153846153846154
Healthy vs AD,Temporal+Graph_MI,Random Forest,16,0.4538461538461539,0.46153846153846156,0.455011655011655,0.46153846153846156
Healthy vs AD,Temporal+Graph_MI,XGBoost,16,0.4538461538461539,0.46153846153846156,0.455011655011655,0.46153846153846156
Healthy vs AD,Temporal+Graph_MI,Random Forest,17,0.4538461538461539,0.46153846153846156,0.455011655011655,0.46153846153846156
Healthy vs AD,Temporal+Graph_MI,XGBoost,17,0.6134615384615384,0.6153846153846154,0.6107226107226107,0.6153846153846154
Healthy vs AD,Temporal+Graph_MI,Random Forest,18,0.46703296703296704,0.46153846153846156,0.46153846153846156,0.46153846153846156
Healthy vs AD,Temporal+Graph_MI,XGBoost,18,0.3884615384615385,0.38461538461538464,0.3772893772893772,0.38461538461538464
Healthy vs FTD,Temporal+Graph_MI,Random Forest,0,0.7393939393939394,0.7272727272727273,0.7272727272727273,0.7272727272727273
Healthy vs FTD,Temporal+Graph_MI,XGBoost,0,0.3522727272727273,0.36363636363636365,0.33100233100233106,0.36363636363636365
Healthy vs FTD,Temporal+Graph_MI,Random Forest,1,0.538961038961039,0.5454545454545454,0.5376845376845377,0.5454545454545454
Healthy vs FTD,Temporal+Graph_MI,XGBoost,1,0.6363636363636364,0.6363636363636364,0.6363636363636364,0.6363636363636364
Healthy vs FTD,Temporal+Graph_MI,Random Forest,2,0.4242424242424242,0.45454545454545453,0.4253246753246753,0.45454545454545453
Healthy vs FTD,Temporal+Graph_MI,XGBoost,2,0.2424242424242424,0.36363636363636365,0.29090909090909095,0.36363636363636365
Healthy vs FTD,Temporal+Graph_MI,Random Forest,3,0.5303030303030304,0.5454545454545454,0.4935064935064935,0.5454545454545454
Healthy vs FTD,Temporal+Graph_MI,XGBoost,3,0.5303030303030304,0.5454545454545454,0.4935064935064935,0.5454545454545454
Healthy vs FTD,Temporal+Graph_MI,Random Forest,4,0.7393939393939394,0.7272727272727273,0.7272727272727273,0.7272727272727273
Healthy vs FTD,Temporal+Graph_MI,XGBoost,4,0.5545454545454546,0.5454545454545454,0.5454545454545454,0.5454545454545454
Healthy vs FTD,Temporal+Graph_MI,Random Forest,5,0.29752066115702475,0.5454545454545454,0.3850267379679144,0.5454545454545454
Healthy vs FTD,Temporal+Graph_MI,XGBoost,5,0.29752066115702475,0.5454545454545454,0.3850267379679144,0.5454545454545454
Healthy vs FTD,Temporal+Graph_MI,Random Forest,6,0.538961038961039,0.5454545454545454,0.5376845376845377,0.5454545454545454
Healthy vs FTD,Temporal+Graph_MI,XGBoost,6,0.7305194805194805,0.7272727272727273,0.7226107226107227,0.7272727272727273
Healthy vs FTD,Temporal+Graph_MI,Random Forest,7,0.7305194805194805,0.7272727272727273,0.7226107226107227,0.7272727272727273
Healthy vs FTD,Temporal+Graph_MI,XGBoost,7,0.6439393939393939,0.6363636363636364,0.6168831168831169,0.6363636363636364
Healthy vs FTD,Temporal+Graph_MI,Random Forest,8,0.3696969696969697,0.36363636363636365,0.36363636363636365,0.36363636363636365
Healthy vs FTD,Temporal+Graph_MI,XGBoost,8,0.5545454545454546,0.5454545454545454,0.5454545454545454,0.5454545454545454
Healthy vs FTD,Temporal+Graph_MI,Random Forest,9,0.3696969696969697,0.36363636363636365,0.36363636363636365,0.36363636363636365
Healthy vs FTD,Temporal+Graph_MI,XGBoost,9,0.3696969696969697,0.36363636363636365,0.36363636363636365,0.36363636363636365
Healthy vs FTD,Temporal+Graph_MI,Random Forest,10,0.5545454545454546,0.5454545454545454,0.5454545454545454,0.5454545454545454
Healthy vs FTD,Temporal+Graph_MI,XGBoost,10,0.3696969696969697,0.36363636363636365,0.36363636363636365,0.36363636363636365
Healthy vs FTD,Temporal+Graph_MI,Random Forest,11,0.7393939393939394,0.7272727272727273,0.7272727272727273,0.7272727272727273
Healthy vs FTD,Temporal+Graph_MI,XGBoost,11,0.6363636363636364,0.6363636363636364,0.6363636363636364,0.6363636363636364
Healthy vs FTD,Temporal+Graph_MI,Random Forest,12,0.5303030303030304,0.5454545454545454,0.4935064935064935,0.5454545454545454
Healthy vs FTD,Temporal+Graph_MI,XGBoost,12,0.5303030303030304,0.5454545454545454,0.4935064935064935,0.5454545454545454
Healthy vs FTD,Temporal+Graph_MI,Random Forest,13,0.45454545454545453,0.45454545454545453,0.45454545454545453,0.45454545454545453
Healthy vs FTD,Temporal+Graph_MI,XGBoost,13,0.6363636363636364,0.6363636363636364,0.6363636363636364,0.6363636363636364
Healthy vs FTD,Temporal+Graph_MI,Random Forest,14,0.2727272727272727,0.2727272727272727,0.2727272727272727,0.2727272727272727
Healthy vs FTD,Temporal+Graph_MI,XGBoost,14,0.2727272727272727,0.2727272727272727,0.2727272727272727,0.2727272727272727
Healthy vs FTD,Temporal+Graph_MI,Random Forest,15,0.7305194805194805,0.7272727272727273,0.7226107226107227,0.7272727272727273
Healthy vs FTD,Temporal+Graph_MI,XGBoost,15,0.6439393939393939,0.6363636363636364,0.6168831168831169,0.6363636363636364
Healthy vs FTD,Temporal+Graph_MI,Random Forest,16,0.538961038961039,0.5454545454545454,0.5376845376845377,0.5454545454545454
Healthy vs FTD,Temporal+Graph_MI,XGBoost,16,0.5303030303030304,0.5454545454545454,0.4935064935064935,0.5454545454545454
Healthy vs FTD,Temporal+Graph_MI,Random Forest,17,0.2424242424242424,0.36363636363636365,0.29090909090909095,0.36363636363636365
Healthy vs FTD,Temporal+Graph_MI,XGBoost,17,0.2424242424242424,0.36363636363636365,0.29090909090909095,0.36363636363636365
Healthy vs FTD,Temporal+Graph_MI,Random Forest,18,0.45454545454545453,0.45454545454545453,0.45454545454545453,0.45454545454545453
Healthy vs FTD,Temporal+Graph_MI,XGBoost,18,0.45454545454545453,0.45454545454545453,0.45454545454545453,0.45454545454545453
AD vs FTD,Temporal+Graph_MI,Random Forest,0,0.3958333333333333,0.4166666666666667,0.40370370370370373,0.4166666666666667
AD vs FTD,Temporal+Graph_MI,XGBoost,0,0.46296296296296297,0.5,0.46875,0.5
AD vs FTD,Temporal+Graph_MI,Random Forest,1,0.5,0.5,0.5,0.5
AD vs FTD,Temporal+Graph_MI,XGBoost,1,0.3523809523809524,0.3333333333333333,0.3333333333333333,0.3333333333333333
AD vs FTD,Temporal+Graph_MI,Random Forest,2,0.46296296296296297,0.5,0.46875,0.5
AD vs FTD,Temporal+Graph_MI,XGBoost,2,0.3958333333333333,0.4166666666666667,0.40370370370370373,0.4166666666666667
AD vs FTD,Temporal+Graph_MI,Random Forest,3,0.3181818181818182,0.5,0.38888888888888884,0.5
AD vs FTD,Temporal+Graph_MI,XGBoost,3,0.46296296296296297,0.5,0.46875,0.5
AD vs FTD,Temporal+Graph_MI,Random Forest,4,0.7878787878787877,0.6666666666666666,0.5925925925925926,0.6666666666666666
AD vs FTD,Temporal+Graph_MI,XGBoost,4,0.75,0.75,0.7444444444444445,0.75
AD vs FTD,Temporal+Graph_MI,Random Forest,5,0.6666666666666666,0.6666666666666666,0.6458333333333334,0.6666666666666666
AD vs FTD,Temporal+Graph_MI,XGBoost,5,0.6666666666666666,0.6666666666666666,0.6458333333333334,0.6666666666666666
AD vs FTD,Temporal+Graph_MI,Random Forest,6,0.3181818181818182,0.5,0.38888888888888884,0.5
AD vs FTD,Temporal+Graph_MI,XGBoost,6,0.46296296296296297,0.5,0.46875,0.5
AD vs FTD,Temporal+Graph_MI,Random Forest,7,0.3958333333333333,0.4166666666666667,0.40370370370370373,0.4166666666666667
AD vs FTD,Temporal+Graph_MI,XGBoost,7,0.3958333333333333,0.4166666666666667,0.40370370370370373,0.4166666666666667
AD vs FTD,Temporal+Graph_MI,Random Forest,8,0.3958333333333333,0.4166666666666667,0.40370370370370373,0.4166666666666667
AD vs FTD,Temporal+Graph_MI,XGBoost,8,0.5,0.5,0.5,0.5
AD vs FTD,Temporal+Graph_MI,Random Forest,9,0.2916666666666667,0.4166666666666667,0.34313725490196084,0.4166666666666667
AD vs FTD,Temporal+Graph_MI,XGBoost,9,0.5729166666666666,0.5833333333333334,0.5740740740740741,0.5833333333333334
AD vs FTD,Temporal+Graph_MI,Random Forest,10,0.5729166666666666,0.5833333333333334,0.5740740740740741,0.5833333333333334
AD vs FTD,Temporal+Graph_MI,XGBoost,10,0.5583333333333333,0.5833333333333334,0.530812324929972,0.5833333333333334
AD vs FTD,Temporal+Graph_MI,Random Forest,11,0.46296296296296297,0.5,0.46875,0.5
AD vs FTD,Temporal+Graph_MI,XGBoost,11,0.5729166666666666,0.5833333333333334,0.5740740740740741,0.5833333333333334
AD vs FTD,Temporal+Graph_MI,Random Forest,12,0.46296296296296297,0.5,0.46875,0.5
AD vs FTD,Temporal+Graph_MI,XGBoost,12,0.3333333333333333,0.3333333333333333,0.3333333333333333,0.3333333333333333
AD vs FTD,Temporal+Graph_MI,Random Forest,13,0.5583333333333333,0.5833333333333334,0.530812324929972,0.5833333333333334
AD vs FTD,Temporal+Graph_MI,XGBoost,13,0.5729166666666666,0.5833333333333334,0.5740740740740741,0.5833333333333334
AD vs FTD,Temporal+Graph_MI,Random Forest,14,0.6666666666666666,0.6666666666666666,0.6458333333333334,0.6666666666666666
AD vs FTD,Temporal+Graph_MI,XGBoost,14,0.6666666666666666,0.6666666666666666,0.6458333333333334,0.6666666666666666
AD vs FTD,Temporal+Graph_MI,Random Forest,15,0.5,0.5,0.5,0.5
AD vs FTD,Temporal+Graph_MI,XGBoost,15,0.5972222222222222,0.5833333333333334,0.5862470862470862,0.5833333333333334
AD vs FTD,Temporal+Graph_MI,Random Forest,16,0.75,0.75,0.7444444444444445,0.75
AD vs FTD,Temporal+Graph_MI,XGBoost,16,0.5729166666666666,0.5833333333333334,0.5740740740740741,0.5833333333333334
AD vs FTD,Temporal+Graph_MI,Random Forest,17,0.46296296296296297,0.5,0.46875,0.5
AD vs FTD,Temporal+Graph_MI,XGBoost,17,0.5729166666666666,0.5833333333333334,0.5740740740740741,0.5833333333333334
AD vs FTD,Temporal+Graph_MI,Random Forest,18,0.5,0.5,0.5,0.5
AD vs FTD,Temporal+Graph_MI,XGBoost,18,0.5729166666666666,0.5833333333333334,0.5740740740740741,0.5833333333333334
AD Male vs Female,Temporal+Graph_MI,Random Forest,0,0.5,0.5,0.5,0.5
AD Male vs Female,Temporal+Graph_MI,XGBoost,0,0.6041666666666666,0.625,0.6045454545454546,0.625
AD Male vs Female,Temporal+Graph_MI,Random Forest,1,0.6041666666666666,0.625,0.6045454545454546,0.625
AD Male vs Female,Temporal+Graph_MI,XGBoost,1,0.5,0.5,0.5,0.5
AD Male vs Female,Temporal+Graph_MI,Random Forest,2,0.6041666666666666,0.625,0.6045454545454546,0.625
AD Male vs Female,Temporal+Graph_MI,XGBoost,2,0.25,0.25,0.25,0.25
AD Male vs Female,Temporal+Graph_MI,Random Forest,3,0.8214285714285714,0.75,0.7083333333333334,0.75
AD Male vs Female,Temporal+Graph_MI,XGBoost,3,0.6041666666666666,0.625,0.6045454545454546,0.625
AD Male vs Female,Temporal+Graph_MI,Random Forest,4,0.6041666666666666,0.625,0.6045454545454546,0.625
AD Male vs Female,Temporal+Graph_MI,XGBoost,4,0.5,0.5,0.5,0.5
AD Male vs Female,Temporal+Graph_MI,Random Forest,5,0.15625,0.125,0.1388888888888889,0.125
AD Male vs Female,Temporal+Graph_MI,XGBoost,5,0.3125,0.375,0.3409090909090909,0.375
AD Male vs Female,Temporal+Graph_MI,Random Forest,6,0.3571428571428571,0.5,0.41666666666666663,0.5
AD Male vs Female,Temporal+Graph_MI,XGBoost,6,0.3571428571428571,0.5,0.41666666666666663,0.5
AD Male vs Female,Temporal+Graph_MI,Random Forest,7,0.3125,0.375,0.3409090909090909,0.375
AD Male vs Female,Temporal+Graph_MI,XGBoost,7,0.3125,0.375,0.3409090909090909,0.375
AD Male vs Female,Temporal+Graph_MI,Random Forest,8,0.3125,0.375,0.3409090909090909,0.375
AD Male vs Female,Temporal+Graph_MI,XGBoost,8,0.5,0.5,0.5,0.5
AD Male vs Female,Temporal+Graph_MI,Random Forest,9,0.40625,0.375,0.38492063492063494,0.375
AD Male vs Female,Temporal+Graph_MI,XGBoost,9,0.6041666666666666,0.625,0.6045454545454546,0.625
AD Male vs Female,Temporal+Graph_MI,Random Forest,10,0.8214285714285714,0.75,0.7083333333333334,0.75
AD Male vs Female,Temporal+Graph_MI,XGBoost,10,0.3571428571428571,0.5,0.41666666666666663,0.5
AD Male vs Female,Temporal+Graph_MI,Random Forest,11,0.6041666666666666,0.625,0.6045454545454546,0.625
AD Male vs Female,Temporal+Graph_MI,XGBoost,11,0.15625,0.125,0.1388888888888889,0.125
AD Male vs Female,Temporal+Graph_MI,Random Forest,12,0.6041666666666666,0.625,0.6045454545454546,0.625
AD Male vs Female,Temporal+Graph_MI,XGBoost,12,0.8958333333333334,0.875,0.8681818181818182,0.875
AD Male vs Female,Temporal+Graph_MI,Random Forest,13,0.6041666666666666,0.625,0.6045454545454546,0.625
AD Male vs Female,Temporal+Graph_MI,XGBoost,13,0.75,0.75,0.75,0.75
AD Male vs Female,Temporal+Graph_MI,Random Forest,14,0.5,0.5,0.5,0.5
AD Male vs Female,Temporal+Graph_MI,XGBoost,14,0.5,0.5,0.5,0.5
AD Male vs Female,Temporal+Graph_MI,Random Forest,15,0.390625,0.625,0.4807692307692308,0.625
AD Male vs Female,Temporal+Graph_MI,XGBoost,15,0.390625,0.625,0.4807692307692308,0.625
AD Male vs Female,Temporal+Graph_MI,Random Forest,16,0.6041666666666666,0.625,0.6045454545454546,0.625
AD Male vs Female,Temporal+Graph_MI,XGBoost,16,0.25,0.25,0.25,0.25
AD Male vs Female,Temporal+Graph_MI,Random Forest,17,0.3571428571428571,0.5,0.41666666666666663,0.5
AD Male vs Female,Temporal+Graph_MI,XGBoost,17,0.3571428571428571,0.5,0.41666666666666663,0.5
AD Male vs Female,Temporal+Graph_MI,Random Forest,18,0.6041666666666666,0.625,0.6045454545454546,0.625
AD Male vs Female,Temporal+Graph_MI,XGBoost,18,0.3125,0.375,0.3409090909090909,0.375
FTD Male vs Female,Temporal+Graph_MI,Random Forest,0,0.85,0.8,0.7809523809523808,0.8
FTD Male vs Female,Temporal+Graph_MI,XGBoost,0,0.85,0.8,0.7809523809523808,0.8
FTD Male vs Female,Temporal+Graph_MI,Random Forest,1,0.6,0.6,0.6,0.6
FTD Male vs Female,Temporal+Graph_MI,XGBoost,1,1.0,1.0,1.0,1.0
FTD Male vs Female,Temporal+Graph_MI,Random Forest,2,0.8,0.6,0.5666666666666667,0.6
FTD Male vs Female,Temporal+Graph_MI,XGBoost,2,0.8,0.6,0.5666666666666667,0.6
FTD Male vs Female,Temporal+Graph_MI,Random Forest,3,0.85,0.8,0.7809523809523808,0.8
FTD Male vs Female,Temporal+Graph_MI,XGBoost,3,0.4333333333333333,0.4,0.4,0.4
FTD Male vs Female,Temporal+Graph_MI,Random Forest,4,0.6,0.6,0.6,0.6
FTD Male vs Female,Temporal+Graph_MI,XGBoost,4,0.6,0.6,0.6,0.6
FTD Male vs Female,Temporal+Graph_MI,Random Forest,5,0.6,0.6,0.6,0.6
FTD Male vs Female,Temporal+Graph_MI,XGBoost,5,0.8,0.6,0.5666666666666667,0.6
FTD Male vs Female,Temporal+Graph_MI,Random Forest,6,0.85,0.8,0.7809523809523808,0.8
FTD Male vs Female,Temporal+Graph_MI,XGBoost,6,0.4333333333333333,0.4,0.4,0.4
FTD Male vs Female,Temporal+Graph_MI,Random Forest,7,0.85,0.8,0.7809523809523808,0.8
FTD Male vs Female,Temporal+Graph_MI,XGBoost,7,0.6,0.6,0.6,0.6
FTD Male vs Female,Temporal+Graph_MI,Random Forest,8,0.36,0.6,0.45,0.6
FTD Male vs Female,Temporal+Graph_MI,XGBoost,8,0.36,0.6,0.45,0.6
FTD Male vs Female,Temporal+Graph_MI,Random Forest,9,0.85,0.8,0.7809523809523808,0.8
FTD Male vs Female,Temporal+Graph_MI,XGBoost,9,0.85,0.8,0.7809523809523808,0.8
FTD Male vs Female,Temporal+Graph_MI,Random Forest,10,0.4333333333333333,0.4,0.4,0.4
FTD Male vs Female,Temporal+Graph_MI,XGBoost,10,0.4333333333333333,0.4,0.4,0.4
FTD Male vs Female,Temporal+Graph_MI,Random Forest,11,0.6,0.6,0.6,0.6
FTD Male vs Female,Temporal+Graph_MI,XGBoost,11,0.4333333333333333,0.4,0.4,0.4
FTD Male vs Female,Temporal+Graph_MI,Random Forest,12,0.6,0.6,0.6,0.6
FTD Male vs Female,Temporal+Graph_MI,XGBoost,12,0.85,0.8,0.7809523809523808,0.8
FTD Male vs Female,Temporal+Graph_MI,Random Forest,13,0.85,0.8,0.7809523809523808,0.8
FTD Male vs Female,Temporal+Graph_MI,XGBoost,13,1.0,1.0,1.0,1.0
FTD Male vs Female,Temporal+Graph_MI,Random Forest,14,0.3,0.4,0.34285714285714286,0.4
FTD Male vs Female,Temporal+Graph_MI,XGBoost,14,0.36,0.6,0.45,0.6
FTD Male vs Female,Temporal+Graph_MI,Random Forest,15,0.4333333333333333,0.4,0.4,0.4
FTD Male vs Female,Temporal+Graph_MI,XGBoost,15,0.6,0.6,0.6,0.6
FTD Male vs Female,Temporal+Graph_MI,Random Forest,16,0.4333333333333333,0.4,0.4,0.4
FTD Male vs Female,Temporal+Graph_MI,XGBoost,16,0.85,0.8,0.7809523809523808,0.8
FTD Male vs Female,Temporal+Graph_MI,Random Forest,17,1.0,1.0,1.0,1.0
FTD Male vs Female,Temporal+Graph_MI,XGBoost,17,1.0,1.0,1.0,1.0
FTD Male vs Female,Temporal+Graph_MI,Random Forest,18,0.4333333333333333,0.4,0.4,0.4
FTD Male vs Female,Temporal+Graph_MI,XGBoost,18,0.2,0.2,0.2,0.2
Healthy vs Patient,Temporal+Graph_PLV,Random Forest,0,0.476923076923077,0.5,0.4872727272727272,0.5
Healthy vs Patient,Temporal+Graph_PLV,XGBoost,0,0.375,0.3333333333333333,0.3506493506493506,0.3333333333333333
Healthy vs Patient,Temporal+Graph_PLV,Random Forest,1,0.476923076923077,0.5,0.4872727272727272,0.5
Healthy vs Patient,Temporal+Graph_PLV,XGBoost,1,0.5194805194805194,0.5,0.508361204013378,0.5
Healthy vs Patient,Temporal+Graph_PLV,Random Forest,2,0.43137254901960786,0.6111111111111112,0.5057471264367815,0.6111111111111112
Healthy vs Patient,Temporal+Graph_PLV,XGBoost,2,0.625,0.6666666666666666,0.6071428571428572,0.6666666666666666
Healthy vs Patient,Temporal+Graph_PLV,Random Forest,3,0.5555555555555556,0.6111111111111112,0.5679012345679013,0.6111111111111112
Healthy vs Patient,Temporal+Graph_PLV,XGBoost,3,0.5948717948717949,0.6111111111111112,0.6012121212121212,0.6111111111111112
Healthy vs Patient,Temporal+Graph_PLV,Random Forest,4,0.6428571428571428,0.6666666666666666,0.6461538461538462,0.6666666666666666
Healthy vs Patient,Temporal+Graph_PLV,XGBoost,4,0.7128205128205128,0.7222222222222222,0.7151515151515153,0.7222222222222222
Healthy vs Patient,Temporal+Graph_PLV,Random Forest,5,0.8333333333333334,0.7777777777777778,0.738095238095238,0.7777777777777778
Healthy vs Patient,Temporal+Graph_PLV,XGBoost,5,0.6428571428571428,0.6666666666666666,0.6461538461538462,0.6666666666666666
Healthy vs Patient,Temporal+Graph_PLV,Random Forest,6,0.38095238095238093,0.4444444444444444,0.4102564102564103,0.4444444444444444
Healthy vs Patient,Temporal+Graph_PLV,XGBoost,6,0.4444444444444444,0.4444444444444444,0.4444444444444444,0.4444444444444444
Healthy vs Patient,Temporal+Graph_PLV,Random Forest,7,0.39999999999999997,0.5,0.4444444444444444,0.5
Healthy vs Patient,Temporal+Graph_PLV,XGBoost,7,0.5948717948717949,0.6111111111111112,0.6012121212121212,0.6111111111111112
Healthy vs Patient,Temporal+Graph_PLV,Random Forest,8,0.4166666666666667,0.5555555555555556,0.47619047619047616,0.5555555555555556
Healthy vs Patient,Temporal+Graph_PLV,XGBoost,8,0.39999999999999997,0.5,0.4444444444444444,0.5
Healthy vs Patient,Temporal+Graph_PLV,Random Forest,9,0.43137254901960786,0.6111111111111112,0.5057471264367815,0.6111111111111112
Healthy vs Patient,Temporal+Graph_PLV,XGBoost,9,0.4166666666666667,0.5555555555555556,0.47619047619047616,0.5555555555555556
Healthy vs Patient,Temporal+Graph_PLV,Random Forest,10,0.6428571428571428,0.6666666666666666,0.6461538461538462,0.6666666666666666
Healthy vs Patient,Temporal+Graph_PLV,XGBoost,10,0.6428571428571428,0.6666666666666666,0.6461538461538462,0.6666666666666666
Healthy vs Patient,Temporal+Graph_PLV,Random Forest,11,0.7738095238095238,0.7777777777777778,0.764102564102564,0.7777777777777778
Healthy vs Patient,Temporal+Graph_PLV,XGBoost,11,0.6428571428571428,0.6666666666666666,0.6461538461538462,0.6666666666666666
Healthy vs Patient,Temporal+Graph_PLV,Random Forest,12,0.803921568627451,0.7222222222222222,0.6469622331691297,0.7222222222222222
Healthy vs Patient,Temporal+Graph_PLV,XGBoost,12,0.4444444444444444,0.4444444444444444,0.4444444444444444,0.4444444444444444
Healthy vs Patient,Temporal+Graph_PLV,Random Forest,13,0.511904761904762,0.5555555555555556,0.5282051282051281,0.5555555555555556
Healthy vs Patient,Temporal+Graph_PLV,XGBoost,13,0.476923076923077,0.5,0.4872727272727272,0.5
Healthy vs Patient,Temporal+Graph_PLV,Random Forest,14,0.43137254901960786,0.6111111111111112,0.5057471264367815,0.6111111111111112
Healthy vs Patient,Temporal+Graph_PLV,XGBoost,14,0.38095238095238093,0.4444444444444444,0.4102564102564103,0.4444444444444444
Healthy vs Patient,Temporal+Graph_PLV,Random Forest,15,0.4166666666666667,0.5555555555555556,0.47619047619047616,0.5555555555555556
Healthy vs Patient,Temporal+Graph_PLV,XGBoost,15,0.4166666666666667,0.5555555555555556,0.47619047619047616,0.5555555555555556
Healthy vs Patient,Temporal+Graph_PLV,Random Forest,16,0.4166666666666667,0.5555555555555556,0.47619047619047616,0.5555555555555556
Healthy vs Patient,Temporal+Graph_PLV,XGBoost,16,0.5555555555555556,0.6111111111111112,0.5679012345679013,0.6111111111111112
Healthy vs Patient,Temporal+Graph_PLV,Random Forest,17,0.5555555555555556,0.5555555555555556,0.5555555555555556,0.5555555555555556
Healthy vs Patient,Temporal+Graph_PLV,XGBoost,17,0.6333333333333333,0.5555555555555556,0.5666666666666667,0.5555555555555556
Healthy vs Patient,Temporal+Graph_PLV,Random Forest,18,0.711111111111111,0.7222222222222222,0.691358024691358,0.7222222222222222
Healthy vs Patient,Temporal+Graph_PLV,XGBoost,18,0.6428571428571428,0.6666666666666666,0.6461538461538462,0.6666666666666666
Healthy vs AD,Temporal+Graph_PLV,Random Forest,0,0.6227106227106227,0.6153846153846154,0.6153846153846154,0.6153846153846154
Healthy vs AD,Temporal+Graph_PLV,XGBoost,0,0.46703296703296704,0.46153846153846156,0.46153846153846156,0.46153846153846156
Healthy vs AD,Temporal+Graph_PLV,Random Forest,1,0.46703296703296704,0.46153846153846156,0.46153846153846156,0.46153846153846156
Healthy vs AD,Temporal+Graph_PLV,XGBoost,1,0.46703296703296704,0.46153846153846156,0.46153846153846156,0.46153846153846156
Healthy vs AD,Temporal+Graph_PLV,Random Forest,2,0.24475524475524474,0.38461538461538464,0.2991452991452992,0.38461538461538464
Healthy vs AD,Temporal+Graph_PLV,XGBoost,2,0.4538461538461539,0.46153846153846156,0.455011655011655,0.46153846153846156
Healthy vs AD,Temporal+Graph_PLV,Random Forest,3,0.28994082840236685,0.5384615384615384,0.37692307692307686,0.5384615384615384
Healthy vs AD,Temporal+Graph_PLV,XGBoost,3,0.7756410256410257,0.6153846153846154,0.5286292654713708,0.6153846153846154
Healthy vs AD,Temporal+Graph_PLV,Random Forest,4,0.5244755244755245,0.5384615384615384,0.47435897435897434,0.5384615384615384
Healthy vs AD,Temporal+Graph_PLV,XGBoost,4,0.4538461538461539,0.46153846153846156,0.455011655011655,0.46153846153846156
Healthy vs AD,Temporal+Graph_PLV,Random Forest,5,0.804195804195804,0.6923076923076923,0.6495726495726496,0.6923076923076923
Healthy vs AD,Temporal+Graph_PLV,XGBoost,5,0.7051282051282051,0.6923076923076923,0.6807692307692308,0.6923076923076923
Healthy vs AD,Temporal+Graph_PLV,Random Forest,6,0.5299145299145299,0.5384615384615384,0.5211538461538462,0.5384615384615384
Healthy vs AD,Temporal+Graph_PLV,XGBoost,6,0.35470085470085466,0.38461538461538464,0.36153846153846153,0.38461538461538464
Healthy vs AD,Temporal+Graph_PLV,Random Forest,7,0.24475524475524474,0.38461538461538464,0.2991452991452992,0.38461538461538464
Healthy vs AD,Temporal+Graph_PLV,XGBoost,7,0.35470085470085466,0.38461538461538464,0.36153846153846153,0.38461538461538464
Healthy vs AD,Temporal+Graph_PLV,Random Forest,8,0.4538461538461539,0.46153846153846156,0.455011655011655,0.46153846153846156
Healthy vs AD,Temporal+Graph_PLV,XGBoost,8,0.5384615384615384,0.5384615384615384,0.5384615384615384,0.5384615384615384
Healthy vs AD,Temporal+Graph_PLV,Random Forest,9,0.5299145299145299,0.5384615384615384,0.5211538461538462,0.5384615384615384
Healthy vs AD,Temporal+Graph_PLV,XGBoost,9,0.5384615384615384,0.5384615384615384,0.5384615384615384,0.5384615384615384
Healthy vs AD,Temporal+Graph_PLV,Random Forest,10,0.35470085470085466,0.38461538461538464,0.36153846153846153,0.38461538461538464
Healthy vs AD,Temporal+Graph_PLV,XGBoost,10,0.4538461538461539,0.46153846153846156,0.455011655011655,0.46153846153846156
Healthy vs AD,Temporal+Graph_PLV,Random Forest,11,0.6307692307692307,0.6153846153846154,0.5852187028657616,0.6153846153846154
Healthy vs AD,Temporal+Graph_PLV,XGBoost,11,0.6307692307692307,0.6153846153846154,0.5852187028657616,0.6153846153846154
Healthy vs AD,Temporal+Graph_PLV,Random Forest,12,0.29423076923076924,0.3076923076923077,0.2993006993006993,0.3076923076923077
Healthy vs AD,Temporal+Graph_PLV,XGBoost,12,0.17948717948717946,0.23076923076923078,0.20192307692307693,0.23076923076923078
Healthy vs AD,Temporal+Graph_PLV,Random Forest,13,0.3884615384615385,0.38461538461538464,0.3772893772893772,0.38461538461538464
Healthy vs AD,Temporal+Graph_PLV,XGBoost,13,0.6227106227106227,0.6153846153846154,0.6153846153846154,0.6153846153846154
Healthy vs AD,Temporal+Graph_PLV,Random Forest,14,0.46703296703296704,0.46153846153846156,0.46153846153846156,0.46153846153846156
Healthy vs AD,Temporal+Graph_PLV,XGBoost,14,0.31135531135531136,0.3076923076923077,0.3076923076923077,0.3076923076923077
Healthy vs AD,Temporal+Graph_PLV,Random Forest,15,0.6134615384615384,0.6153846153846154,0.6107226107226107,0.6153846153846154
Healthy vs AD,Temporal+Graph_PLV,XGBoost,15,0.3884615384615385,0.38461538461538464,0.3772893772893772,0.38461538461538464
Healthy vs AD,Temporal+Graph_PLV,Random Forest,16,0.5299145299145299,0.5384615384615384,0.5211538461538462,0.5384615384615384
Healthy vs AD,Temporal+Graph_PLV,XGBoost,16,0.7730769230769231,0.7692307692307693,0.7664335664335665,0.7692307692307693
Healthy vs AD,Temporal+Graph_PLV,Random Forest,17,0.38461538461538464,0.38461538461538464,0.38461538461538464,0.38461538461538464
Healthy vs AD,Temporal+Graph_PLV,XGBoost,17,0.4538461538461539,0.46153846153846156,0.455011655011655,0.46153846153846156
Healthy vs AD,Temporal+Graph_PLV,Random Forest,18,0.6307692307692307,0.6153846153846154,0.5852187028657616,0.6153846153846154
Healthy vs AD,Temporal+Graph_PLV,XGBoost,18,0.4538461538461539,0.46153846153846156,0.455011655011655,0.46153846153846156
Healthy vs FTD,Temporal+Graph_PLV,Random Forest,0,0.6439393939393939,0.6363636363636364,0.6168831168831169,0.6363636363636364
Healthy vs FTD,Temporal+Graph_PLV,XGBoost,0,0.6363636363636364,0.6363636363636364,0.6363636363636364,0.6363636363636364
Healthy vs FTD,Temporal+Graph_PLV,Random Forest,1,0.538961038961039,0.5454545454545454,0.5376845376845377,0.5454545454545454
Healthy vs FTD,Temporal+Graph_PLV,XGBoost,1,0.45454545454545453,0.45454545454545453,0.45454545454545453,0.45454545454545453
Healthy vs FTD,Temporal+Graph_PLV,Random Forest,2,0.4242424242424242,0.45454545454545453,0.4253246753246753,0.45454545454545453
Healthy vs FTD,Temporal+Graph_PLV,XGBoost,2,0.538961038961039,0.5454545454545454,0.5376845376845377,0.5454545454545454
Healthy vs FTD,Temporal+Graph_PLV,Random Forest,3,0.6439393939393939,0.6363636363636364,0.6168831168831169,0.6363636363636364
Healthy vs FTD,Temporal+Graph_PLV,XGBoost,3,0.538961038961039,0.5454545454545454,0.5376845376845377,0.5454545454545454
Healthy vs FTD,Temporal+Graph_PLV,Random Forest,4,0.538961038961039,0.5454545454545454,0.5376845376845377,0.5454545454545454
Healthy vs FTD,Temporal+Graph_PLV,XGBoost,4,0.538961038961039,0.5454545454545454,0.5376845376845377,0.5454545454545454
Healthy vs FTD,Temporal+Graph_PLV,Random Forest,5,0.2727272727272727,0.45454545454545453,0.3409090909090909,0.45454545454545453
Healthy vs FTD,Temporal+Graph_PLV,XGBoost,5,0.4242424242424242,0.45454545454545453,0.4253246753246753,0.45454545454545453
Healthy vs FTD,Temporal+Graph_PLV,Random Forest,6,0.5303030303030304,0.5454545454545454,0.4935064935064935,0.5454545454545454
Healthy vs FTD,Temporal+Graph_PLV,XGBoost,6,0.2727272727272727,0.45454545454545453,0.3409090909090909,0.45454545454545453
Healthy vs FTD,Temporal+Graph_PLV,Random Forest,7,0.6439393939393939,0.6363636363636364,0.6168831168831169,0.6363636363636364
Healthy vs FTD,Temporal+Graph_PLV,XGBoost,7,0.6439393939393939,0.6363636363636364,0.6168831168831169,0.6363636363636364
Healthy vs FTD,Temporal+Graph_PLV,Random Forest,8,0.45454545454545453,0.45454545454545453,0.45454545454545453,0.45454545454545453
Healthy vs FTD,Temporal+Graph_PLV,XGBoost,8,0.3474025974025974,0.36363636363636365,0.35275835275835277,0.36363636363636365
Healthy vs FTD,Temporal+Graph_PLV,Random Forest,9,0.2424242424242424,0.36363636363636365,0.29090909090909095,0.36363636363636365
Healthy vs FTD,Temporal+Graph_PLV,XGBoost,9,0.2727272727272727,0.2727272727272727,0.2727272727272727,0.2727272727272727
Healthy vs FTD,Temporal+Graph_PLV,Random Forest,10,0.45454545454545453,0.45454545454545453,0.45454545454545453,0.45454545454545453
Healthy vs FTD,Temporal+Graph_PLV,XGBoost,10,0.46753246753246747,0.45454545454545453,0.4454545454545455,0.45454545454545453
Healthy vs FTD,Temporal+Graph_PLV,Random Forest,11,0.46753246753246747,0.45454545454545453,0.4454545454545455,0.45454545454545453
Healthy vs FTD,Temporal+Graph_PLV,XGBoost,11,0.5545454545454546,0.5454545454545454,0.5454545454545454,0.5454545454545454
Healthy vs FTD,Temporal+Graph_PLV,Random Forest,12,0.6439393939393939,0.6363636363636364,0.6168831168831169,0.6363636363636364
Healthy vs FTD,Temporal+Graph_PLV,XGBoost,12,0.45454545454545453,0.45454545454545453,0.45454545454545453,0.45454545454545453
Healthy vs FTD,Temporal+Graph_PLV,Random Forest,13,0.3474025974025974,0.36363636363636365,0.35275835275835277,0.36363636363636365
Healthy vs FTD,Temporal+Graph_PLV,XGBoost,13,0.6439393939393939,0.6363636363636364,0.6168831168831169,0.6363636363636364
Healthy vs FTD,Temporal+Graph_PLV,Random Forest,14,0.7305194805194805,0.7272727272727273,0.7226107226107227,0.7272727272727273
Healthy vs FTD,Temporal+Graph_PLV,XGBoost,14,0.538961038961039,0.5454545454545454,0.5376845376845377,0.5454545454545454
Healthy vs FTD,Temporal+Graph_PLV,Random Forest,15,0.4242424242424242,0.45454545454545453,0.4253246753246753,0.45454545454545453
Healthy vs FTD,Temporal+Graph_PLV,XGBoost,15,0.5303030303030304,0.5454545454545454,0.4935064935064935,0.5454545454545454
Healthy vs FTD,Temporal+Graph_PLV,Random Forest,16,0.538961038961039,0.5454545454545454,0.5376845376845377,0.5454545454545454
Healthy vs FTD,Temporal+Graph_PLV,XGBoost,16,0.6363636363636364,0.6363636363636364,0.6363636363636364,0.6363636363636364
Healthy vs FTD,Temporal+Graph_PLV,Random Forest,17,0.7818181818181817,0.6363636363636364,0.5606060606060606,0.6363636363636364
Healthy vs FTD,Temporal+Graph_PLV,XGBoost,17,0.5303030303030304,0.5454545454545454,0.4935064935064935,0.5454545454545454
Healthy vs FTD,Temporal+Graph_PLV,Random Forest,18,0.45454545454545453,0.45454545454545453,0.45454545454545453,0.45454545454545453
Healthy vs FTD,Temporal+Graph_PLV,XGBoost,18,0.45454545454545453,0.45454545454545453,0.45454545454545453,0.45454545454545453
AD vs FTD,Temporal+Graph_PLV,Random Forest,0,0.6666666666666666,0.6666666666666666,0.6666666666666666,0.6666666666666666
AD vs FTD,Temporal+Graph_PLV,XGBoost,0,0.5,0.5,0.5,0.5
AD vs FTD,Temporal+Graph_PLV,Random Forest,1,0.46296296296296297,0.5,0.46875,0.5
AD vs FTD,Temporal+Graph_PLV,XGBoost,1,0.4305555555555555,0.4166666666666667,0.42074592074592077,0.4166666666666667
AD vs FTD,Temporal+Graph_PLV,Random Forest,2,0.46296296296296297,0.5,0.46875,0.5
AD vs FTD,Temporal+Graph_PLV,XGBoost,2,0.46296296296296297,0.5,0.46875,0.5
AD vs FTD,Temporal+Graph_PLV,Random Forest,3,0.3958333333333333,0.4166666666666667,0.40370370370370373,0.4166666666666667
AD vs FTD,Temporal+Graph_PLV,XGBoost,3,0.46296296296296297,0.5,0.46875,0.5
AD vs FTD,Temporal+Graph_PLV,Random Forest,4,0.8249999999999998,0.75,0.7184873949579832,0.75
AD vs FTD,Temporal+Graph_PLV,XGBoost,4,0.7047619047619048,0.6666666666666666,0.6666666666666666,0.6666666666666666
AD vs FTD,Temporal+Graph_PLV,Random Forest,5,0.46296296296296297,0.5,0.46875,0.5
AD vs FTD,Temporal+Graph_PLV,XGBoost,5,0.4305555555555555,0.4166666666666667,0.42074592074592077,0.4166666666666667
AD vs FTD,Temporal+Graph_PLV,Random Forest,6,0.5583333333333333,0.5833333333333334,0.530812324929972,0.5833333333333334
AD vs FTD,Temporal+Graph_PLV,XGBoost,6,0.6666666666666666,0.6666666666666666,0.6458333333333334,0.6666666666666666
AD vs FTD,Temporal+Graph_PLV,Random Forest,7,0.3333333333333333,0.3333333333333333,0.3333333333333333,0.3333333333333333
AD vs FTD,Temporal+Graph_PLV,XGBoost,7,0.26388888888888884,0.25,0.25524475524475526,0.25
AD vs FTD,Temporal+Graph_PLV,Random Forest,8,0.3181818181818182,0.5,0.38888888888888884,0.5
AD vs FTD,Temporal+Graph_PLV,XGBoost,8,0.3958333333333333,0.4166666666666667,0.40370370370370373,0.4166666666666667
AD vs FTD,Temporal+Graph_PLV,Random Forest,9,0.6666666666666666,0.6666666666666666,0.6458333333333334,0.6666666666666666
AD vs FTD,Temporal+Graph_PLV,XGBoost,9,0.5729166666666666,0.5833333333333334,0.5740740740740741,0.5833333333333334
AD vs FTD,Temporal+Graph_PLV,Random Forest,10,0.46296296296296297,0.5,0.46875,0.5
AD vs FTD,Temporal+Graph_PLV,XGBoost,10,0.5,0.5,0.5,0.5
AD vs FTD,Temporal+Graph_PLV,Random Forest,11,0.46296296296296297,0.5,0.46875,0.5
AD vs FTD,Temporal+Graph_PLV,XGBoost,11,0.46296296296296297,0.5,0.46875,0.5
AD vs FTD,Temporal+Graph_PLV,Random Forest,12,0.8333333333333334,0.8333333333333334,0.8333333333333334,0.8333333333333334
AD vs FTD,Temporal+Graph_PLV,XGBoost,12,0.7047619047619048,0.6666666666666666,0.6666666666666666,0.6666666666666666
AD vs FTD,Temporal+Graph_PLV,Random Forest,13,0.25925925925925924,0.3333333333333333,0.2916666666666667,0.3333333333333333
AD vs FTD,Temporal+Graph_PLV,XGBoost,13,0.21875,0.25,0.23333333333333336,0.25
AD vs FTD,Temporal+Graph_PLV,Random Forest,14,0.8249999999999998,0.75,0.7184873949579832,0.75
AD vs FTD,Temporal+Graph_PLV,XGBoost,14,0.75,0.75,0.7444444444444445,0.75
AD vs FTD,Temporal+Graph_PLV,Random Forest,15,0.3958333333333333,0.4166666666666667,0.40370370370370373,0.4166666666666667
AD vs FTD,Temporal+Graph_PLV,XGBoost,15,0.4305555555555555,0.4166666666666667,0.42074592074592077,0.4166666666666667
AD vs FTD,Temporal+Graph_PLV,Random Forest,16,0.25925925925925924,0.3333333333333333,0.2916666666666667,0.3333333333333333
AD vs FTD,Temporal+Graph_PLV,XGBoost,16,0.3958333333333333,0.4166666666666667,0.40370370370370373,0.4166666666666667
AD vs FTD,Temporal+Graph_PLV,Random Forest,17,0.6666666666666666,0.6666666666666666,0.6458333333333334,0.6666666666666666
AD vs FTD,Temporal+Graph_PLV,XGBoost,17,0.5729166666666666,0.5833333333333334,0.5740740740740741,0.5833333333333334
AD vs FTD,Temporal+Graph_PLV,Random Forest,18,0.46296296296296297,0.5,0.46875,0.5
AD vs FTD,Temporal+Graph_PLV,XGBoost,18,0.25925925925925924,0.3333333333333333,0.2916666666666667,0.3333333333333333
AD Male vs Female,Temporal+Graph_PLV,Random Forest,0,0.6041666666666666,0.625,0.6045454545454546,0.625
AD Male vs Female,Temporal+Graph_PLV,XGBoost,0,0.8214285714285714,0.75,0.7083333333333334,0.75
AD Male vs Female,Temporal+Graph_PLV,Random Forest,1,0.6041666666666666,0.625,0.6045454545454546,0.625
AD Male vs Female,Temporal+Graph_PLV,XGBoost,1,0.5,0.5,0.5,0.5
AD Male vs Female,Temporal+Graph_PLV,Random Forest,2,0.3125,0.375,0.3409090909090909,0.375
AD Male vs Female,Temporal+Graph_PLV,XGBoost,2,0.3125,0.375,0.3409090909090909,0.375
AD Male vs Female,Temporal+Graph_PLV,Random Forest,3,0.6041666666666666,0.625,0.6045454545454546,0.625
AD Male vs Female,Temporal+Graph_PLV,XGBoost,3,0.8214285714285714,0.75,0.7083333333333334,0.75
AD Male vs Female,Temporal+Graph_PLV,Random Forest,4,0.6041666666666666,0.625,0.6045454545454546,0.625
AD Male vs Female,Temporal+Graph_PLV,XGBoost,4,0.3571428571428571,0.5,0.41666666666666663,0.5
AD Male vs Female,Temporal+Graph_PLV,Random Forest,5,0.5,0.5,0.5,0.5
AD Male vs Female,Temporal+Graph_PLV,XGBoost,5,0.3125,0.375,0.3409090909090909,0.375
AD Male vs Female,Temporal+Graph_PLV,Random Forest,6,0.6041666666666666,0.625,0.6045454545454546,0.625
AD Male vs Female,Temporal+Graph_PLV,XGBoost,6,0.8214285714285714,0.75,0.7083333333333334,0.75
AD Male vs Female,Temporal+Graph_PLV,Random Forest,7,0.3125,0.375,0.3409090909090909,0.375
AD Male vs Female,Temporal+Graph_PLV,XGBoost,7,0.3125,0.375,0.3409090909090909,0.375
AD Male vs Female,Temporal+Graph_PLV,Random Forest,8,0.3125,0.375,0.3409090909090909,0.375
AD Male vs Female,Temporal+Graph_PLV,XGBoost,8,0.6041666666666666,0.625,0.6045454545454546,0.625
AD Male vs Female,Temporal+Graph_PLV,Random Forest,9,0.5,0.5,0.5,0.5
AD Male vs Female,Temporal+Graph_PLV,XGBoost,9,0.5,0.5,0.5,0.5
AD Male vs Female,Temporal+Graph_PLV,Random Forest,10,0.8958333333333334,0.875,0.8681818181818182,0.875
AD Male vs Female,Temporal+Graph_PLV,XGBoost,10,0.8214285714285714,0.75,0.7083333333333334,0.75
AD Male vs Female,Temporal+Graph_PLV,Random Forest,11,0.6041666666666666,0.625,0.6045454545454546,0.625
AD Male vs Female,Temporal+Graph_PLV,XGBoost,11,0.40625,0.375,0.38492063492063494,0.375
AD Male vs Female,Temporal+Graph_PLV,Random Forest,12,0.6041666666666666,0.625,0.6045454545454546,0.625
AD Male vs Female,Temporal+Graph_PLV,XGBoost,12,0.75,0.75,0.75,0.75
AD Male vs Female,Temporal+Graph_PLV,Random Forest,13,0.3125,0.375,0.3409090909090909,0.375
AD Male vs Female,Temporal+Graph_PLV,XGBoost,13,0.3571428571428571,0.5,0.41666666666666663,0.5
AD Male vs Female,Temporal+Graph_PLV,Random Forest,14,0.5,0.5,0.5,0.5
AD Male vs Female,Temporal+Graph_PLV,XGBoost,14,0.5,0.5,0.5,0.5
AD Male vs Female,Temporal+Graph_PLV,Random Forest,15,0.75,0.75,0.75,0.75
AD Male vs Female,Temporal+Graph_PLV,XGBoost,15,0.65625,0.625,0.6309523809523809,0.625
AD Male vs Female,Temporal+Graph_PLV,Random Forest,16,0.5,0.5,0.5,0.5
AD Male vs Female,Temporal+Graph_PLV,XGBoost,16,0.25,0.25,0.25,0.25
AD Male vs Female,Temporal+Graph_PLV,Random Forest,17,0.4375,0.375,0.34523809523809523,0.375
AD Male vs Female,Temporal+Graph_PLV,XGBoost,17,0.6041666666666666,0.625,0.6045454545454546,0.625
AD Male vs Female,Temporal+Graph_PLV,Random Forest,18,0.390625,0.625,0.4807692307692308,0.625
AD Male vs Female,Temporal+Graph_PLV,XGBoost,18,0.6041666666666666,0.625,0.6045454545454546,0.625
FTD Male vs Female,Temporal+Graph_PLV,Random Forest,0,0.85,0.8,0.7809523809523808,0.8
FTD Male vs Female,Temporal+Graph_PLV,XGBoost,0,0.85,0.8,0.7809523809523808,0.8
FTD Male vs Female,Temporal+Graph_PLV,Random Forest,1,1.0,1.0,1.0,1.0
FTD Male vs Female,Temporal+Graph_PLV,XGBoost,1,0.85,0.8,0.7809523809523808,0.8
FTD Male vs Female,Temporal+Graph_PLV,Random Forest,2,0.8666666666666666,0.8,0.8,0.8
FTD Male vs Female,Temporal+Graph_PLV,XGBoost,2,0.8,0.6,0.5666666666666667,0.6
FTD Male vs Female,Temporal+Graph_PLV,Random Forest,3,1.0,1.0,1.0,1.0
FTD Male vs Female,Temporal+Graph_PLV,XGBoost,3,0.85,0.8,0.7809523809523808,0.8
FTD Male vs Female,Temporal+Graph_PLV,Random Forest,4,0.6,0.6,0.6,0.6
FTD Male vs Female,Temporal+Graph_PLV,XGBoost,4,0.6,0.6,0.6,0.6
FTD Male vs Female,Temporal+Graph_PLV,Random Forest,5,0.4333333333333333,0.4,0.4,0.4
FTD Male vs Female,Temporal+Graph_PLV,XGBoost,5,0.4333333333333333,0.4,0.4,0.4
FTD Male vs Female,Temporal+Graph_PLV,Random Forest,6,0.85,0.8,0.7809523809523808,0.8
FTD Male vs Female,Temporal+Graph_PLV,XGBoost,6,0.85,0.8,0.7809523809523808,0.8
FTD Male vs Female,Temporal+Graph_PLV,Random Forest,7,0.8666666666666666,0.8,0.8,0.8
FTD Male vs Female,Temporal+Graph_PLV,XGBoost,7,0.8666666666666666,0.8,0.8,0.8
FTD Male vs Female,Temporal+Graph_PLV,Random Forest,8,0.36,0.6,0.45,0.6
FTD Male vs Female,Temporal+Graph_PLV,XGBoost,8,0.85,0.8,0.7809523809523808,0.8
FTD Male vs Female,Temporal+Graph_PLV,Random Forest,9,0.85,0.8,0.7809523809523808,0.8
FTD Male vs Female,Temporal+Graph_PLV,XGBoost,9,0.85,0.8,0.7809523809523808,0.8
FTD Male vs Female,Temporal+Graph_PLV,Random Forest,10,0.6,0.6,0.6,0.6
FTD Male vs Female,Temporal+Graph_PLV,XGBoost,10,0.6,0.6,0.6,0.6
FTD Male vs Female,Temporal+Graph_PLV,Random Forest,11,0.6,0.6,0.6,0.6
FTD Male vs Female,Temporal+Graph_PLV,XGBoost,11,0.4333333333333333,0.4,0.4,0.4
FTD Male vs Female,Temporal+Graph_PLV,Random Forest,12,0.85,0.8,0.7809523809523808,0.8
FTD Male vs Female,Temporal+Graph_PLV,XGBoost,12,0.85,0.8,0.7809523809523808,0.8
FTD Male vs Female,Temporal+Graph_PLV,Random Forest,13,0.85,0.8,0.7809523809523808,0.8
FTD Male vs Female,Temporal+Graph_PLV,XGBoost,13,0.8,0.6,0.5666666666666667,0.6
FTD Male vs Female,Temporal+Graph_PLV,Random Forest,14,0.8666666666666666,0.8,0.8,0.8
FTD Male vs Female,Temporal+Graph_PLV,XGBoost,14,0.8,0.6,0.5666666666666667,0.6
FTD Male vs Female,Temporal+Graph_PLV,Random Forest,15,0.6,0.6,0.6,0.6
FTD Male vs Female,Temporal+Graph_PLV,XGBoost,15,0.6,0.6,0.6,0.6
FTD Male vs Female,Temporal+Graph_PLV,Random Forest,16,0.6,0.6,0.6,0.6
FTD Male vs Female,Temporal+Graph_PLV,XGBoost,16,0.85,0.8,0.7809523809523808,0.8
FTD Male vs Female,Temporal+Graph_PLV,Random Forest,17,0.85,0.8,0.7809523809523808,0.8
FTD Male vs Female,Temporal+Graph_PLV,XGBoost,17,0.85,0.8,0.7809523809523808,0.8
FTD Male vs Female,Temporal+Graph_PLV,Random Forest,18,0.6,0.6,0.6,0.6
FTD Male vs Female,Temporal+Graph_PLV,XGBoost,18,0.2,0.2,0.2,0.2
Healthy vs Patient,Temporal+Graph_Corr,Random Forest,0,0.4444444444444444,0.4444444444444444,0.4444444444444444,0.4444444444444444
Healthy vs Patient,Temporal+Graph_Corr,XGBoost,0,0.5194805194805194,0.5,0.508361204013378,0.5
Healthy vs Patient,Temporal+Graph_Corr,Random Forest,1,0.5555555555555556,0.5555555555555556,0.5555555555555556,0.5555555555555556
Healthy vs Patient,Temporal+Graph_Corr,XGBoost,1,0.5948717948717949,0.6111111111111112,0.6012121212121212,0.6111111111111112
Healthy vs Patient,Temporal+Graph_Corr,Random Forest,2,0.625,0.6666666666666666,0.6071428571428572,0.6666666666666666
Healthy vs Patient,Temporal+Graph_Corr,XGBoost,2,0.711111111111111,0.7222222222222222,0.691358024691358,0.7222222222222222
Healthy vs Patient,Temporal+Graph_Corr,Random Forest,3,0.6428571428571428,0.6666666666666666,0.6461538461538462,0.6666666666666666
Healthy vs Patient,Temporal+Graph_Corr,XGBoost,3,0.5916666666666666,0.5555555555555556,0.5670995670995671,0.5555555555555556
Healthy vs Patient,Temporal+Graph_Corr,Random Forest,4,0.625,0.6666666666666666,0.6071428571428572,0.6666666666666666
Healthy vs Patient,Temporal+Graph_Corr,XGBoost,4,0.6428571428571428,0.6666666666666666,0.6461538461538462,0.6666666666666666
Healthy vs Patient,Temporal+Graph_Corr,Random Forest,5,0.6428571428571428,0.6666666666666666,0.6461538461538462,0.6666666666666666
Healthy vs Patient,Temporal+Graph_Corr,XGBoost,5,0.5555555555555556,0.5555555555555556,0.5555555555555556,0.5555555555555556
Healthy vs Patient,Temporal+Graph_Corr,Random Forest,6,0.4444444444444444,0.4444444444444444,0.4444444444444444,0.4444444444444444
Healthy vs Patient,Temporal+Graph_Corr,XGBoost,6,0.5194805194805194,0.5,0.508361204013378,0.5
Healthy vs Patient,Temporal+Graph_Corr,Random Forest,7,0.625,0.6666666666666666,0.6071428571428572,0.6666666666666666
Healthy vs Patient,Temporal+Graph_Corr,XGBoost,7,0.803921568627451,0.7222222222222222,0.6469622331691297,0.7222222222222222
Healthy vs Patient,Temporal+Graph_Corr,Random Forest,8,0.625,0.6666666666666666,0.6071428571428572,0.6666666666666666
Healthy vs Patient,Temporal+Graph_Corr,XGBoost,8,0.5194805194805194,0.5,0.508361204013378,0.5
Healthy vs Patient,Temporal+Graph_Corr,Random Forest,9,0.511904761904762,0.5555555555555556,0.5282051282051281,0.5555555555555556
Healthy vs Patient,Temporal+Graph_Corr,XGBoost,9,0.38095238095238093,0.4444444444444444,0.4102564102564103,0.4444444444444444
Healthy vs Patient,Temporal+Graph_Corr,Random Forest,10,0.6428571428571428,0.6666666666666666,0.6461538461538462,0.6666666666666666
Healthy vs Patient,Temporal+Graph_Corr,XGBoost,10,0.511904761904762,0.5555555555555556,0.5282051282051281,0.5555555555555556
Healthy vs Patient,Temporal+Graph_Corr,Random Forest,11,0.4166666666666667,0.5555555555555556,0.47619047619047616,0.5555555555555556
Healthy vs Patient,Temporal+Graph_Corr,XGBoost,11,0.6428571428571428,0.6666666666666666,0.6461538461538462,0.6666666666666666
Healthy vs Patient,Temporal+Graph_Corr,Random Forest,12,0.5555555555555556,0.6111111111111112,0.5679012345679013,0.6111111111111112
Healthy vs Patient,Temporal+Graph_Corr,XGBoost,12,0.511904761904762,0.5555555555555556,0.5282051282051281,0.5555555555555556
Healthy vs Patient,Temporal+Graph_Corr,Random Forest,13,0.8333333333333334,0.7777777777777778,0.738095238095238,0.7777777777777778
Healthy vs Patient,Temporal+Graph_Corr,XGBoost,13,0.7128205128205128,0.7222222222222222,0.7151515151515153,0.7222222222222222
Healthy vs Patient,Temporal+Graph_Corr,Random Forest,14,0.4166666666666667,0.5555555555555556,0.47619047619047616,0.5555555555555556
Healthy vs Patient,Temporal+Graph_Corr,XGBoost,14,0.625,0.6666666666666666,0.6071428571428572,0.6666666666666666
Healthy vs Patient,Temporal+Graph_Corr,Random Forest,15,0.43137254901960786,0.6111111111111112,0.5057471264367815,0.6111111111111112
Healthy vs Patient,Temporal+Graph_Corr,XGBoost,15,0.4166666666666667,0.5555555555555556,0.47619047619047616,0.5555555555555556
Healthy vs Patient,Temporal+Graph_Corr,Random Forest,16,0.5555555555555556,0.6111111111111112,0.5679012345679013,0.6111111111111112
Healthy vs Patient,Temporal+Graph_Corr,XGBoost,16,0.7128205128205128,0.7222222222222222,0.7151515151515153,0.7222222222222222
Healthy vs Patient,Temporal+Graph_Corr,Random Forest,17,0.4166666666666667,0.5555555555555556,0.47619047619047616,0.5555555555555556
Healthy vs Patient,Temporal+Graph_Corr,XGBoost,17,0.511904761904762,0.5555555555555556,0.5282051282051281,0.5555555555555556
Healthy vs Patient,Temporal+Graph_Corr,Random Forest,18,0.7000000000000001,0.6666666666666666,0.6753246753246753,0.6666666666666666
Healthy vs Patient,Temporal+Graph_Corr,XGBoost,18,0.6666666666666666,0.6111111111111112,0.6222222222222222,0.6111111111111112
Healthy vs AD,Temporal+Graph_Corr,Random Forest,0,0.5384615384615384,0.5384615384615384,0.5384615384615384,0.5384615384615384
Healthy vs AD,Temporal+Graph_Corr,XGBoost,0,0.5538461538461539,0.5384615384615384,0.532967032967033,0.5384615384615384
Healthy vs AD,Temporal+Graph_Corr,Random Forest,1,0.4538461538461539,0.46153846153846156,0.455011655011655,0.46153846153846156
Healthy vs AD,Temporal+Graph_Corr,XGBoost,1,0.5384615384615384,0.5384615384615384,0.5384615384615384,0.5384615384615384
Healthy vs AD,Temporal+Graph_Corr,Random Forest,2,0.5244755244755245,0.5384615384615384,0.47435897435897434,0.5384615384615384
Healthy vs AD,Temporal+Graph_Corr,XGBoost,2,0.29423076923076924,0.3076923076923077,0.2993006993006993,0.3076923076923077
Healthy vs AD,Temporal+Graph_Corr,Random Forest,3,0.4538461538461539,0.46153846153846156,0.455011655011655,0.46153846153846156
Healthy vs AD,Temporal+Graph_Corr,XGBoost,3,0.29423076923076924,0.3076923076923077,0.2993006993006993,0.3076923076923077
Healthy vs AD,Temporal+Graph_Corr,Random Forest,4,0.6307692307692307,0.6153846153846154,0.5852187028657616,0.6153846153846154
Healthy vs AD,Temporal+Graph_Corr,XGBoost,4,0.5299145299145299,0.5384615384615384,0.5211538461538462,0.5384615384615384
Healthy vs AD,Temporal+Graph_Corr,Random Forest,5,0.6134615384615384,0.6153846153846154,0.6107226107226107,0.6153846153846154
Healthy vs AD,Temporal+Graph_Corr,XGBoost,5,0.4538461538461539,0.46153846153846156,0.455011655011655,0.46153846153846156
Healthy vs AD,Temporal+Graph_Corr,Random Forest,6,0.5299145299145299,0.5384615384615384,0.5211538461538462,0.5384615384615384
Healthy vs AD,Temporal+Graph_Corr,XGBoost,6,0.35470085470085466,0.38461538461538464,0.36153846153846153,0.38461538461538464
Healthy vs AD,Temporal+Graph_Corr,Random Forest,7,0.28994082840236685,0.5384615384615384,0.37692307692307686,0.5384615384615384
Healthy vs AD,Temporal+Graph_Corr,XGBoost,7,0.5244755244755245,0.5384615384615384,0.47435897435897434,0.5384615384615384
Healthy vs AD,Temporal+Graph_Corr,Random Forest,8,0.6227106227106227,0.6153846153846154,0.6153846153846154,0.6153846153846154
Healthy vs AD,Temporal+Graph_Corr,XGBoost,8,0.46703296703296704,0.46153846153846156,0.46153846153846156,0.46153846153846156
Healthy vs AD,Temporal+Graph_Corr,Random Forest,9,0.6227106227106227,0.6153846153846154,0.6153846153846154,0.6153846153846154
Healthy vs AD,Temporal+Graph_Corr,XGBoost,9,0.6227106227106227,0.6153846153846154,0.6153846153846154,0.6153846153846154
Healthy vs AD,Temporal+Graph_Corr,Random Forest,10,0.5384615384615384,0.5384615384615384,0.5384615384615384,0.5384615384615384
Healthy vs AD,Temporal+Graph_Corr,XGBoost,10,0.46703296703296704,0.46153846153846156,0.46153846153846156,0.46153846153846156
Healthy vs AD,Temporal+Graph_Corr,Random Forest,11,0.6307692307692307,0.6153846153846154,0.5852187028657616,0.6153846153846154
Healthy vs AD,Temporal+Graph_Corr,XGBoost,11,0.7051282051282051,0.6923076923076923,0.6807692307692308,0.6923076923076923
Healthy vs AD,Temporal+Graph_Corr,Random Forest,12,0.35470085470085466,0.38461538461538464,0.36153846153846153,0.38461538461538464
Healthy vs AD,Temporal+Graph_Corr,XGBoost,12,0.4538461538461539,0.46153846153846156,0.455011655011655,0.46153846153846156
Healthy vs AD,Temporal+Graph_Corr,Random Forest,13,0.6307692307692307,0.6153846153846154,0.5852187028657616,0.6153846153846154
Healthy vs AD,Temporal+Graph_Corr,XGBoost,13,0.6134615384615384,0.6153846153846154,0.6107226107226107,0.6153846153846154
Healthy vs AD,Temporal+Graph_Corr,Random Forest,14,0.5299145299145299,0.5384615384615384,0.5211538461538462,0.5384615384615384
Healthy vs AD,Temporal+Graph_Corr,XGBoost,14,0.23076923076923078,0.23076923076923078,0.23076923076923078,0.23076923076923078
Healthy vs AD,Temporal+Graph_Corr,Random Forest,15,0.46703296703296704,0.46153846153846156,0.46153846153846156,0.46153846153846156
Healthy vs AD,Temporal+Graph_Corr,XGBoost,15,0.6227106227106227,0.6153846153846154,0.6153846153846154,0.6153846153846154
Healthy vs AD,Temporal+Graph_Corr,Random Forest,16,0.38461538461538464,0.38461538461538464,0.38461538461538464,0.38461538461538464
Healthy vs AD,Temporal+Graph_Corr,XGBoost,16,0.5299145299145299,0.5384615384615384,0.5211538461538462,0.5384615384615384
Healthy vs AD,Temporal+Graph_Corr,Random Forest,17,0.5299145299145299,0.5384615384615384,0.5211538461538462,0.5384615384615384
Healthy vs AD,Temporal+Graph_Corr,XGBoost,17,0.5299145299145299,0.5384615384615384,0.5211538461538462,0.5384615384615384
Healthy vs AD,Temporal+Graph_Corr,Random Forest,18,0.46703296703296704,0.46153846153846156,0.46153846153846156,0.46153846153846156
Healthy vs AD,Temporal+Graph_Corr,XGBoost,18,0.3884615384615385,0.38461538461538464,0.3772893772893772,0.38461538461538464
Healthy vs FTD,Temporal+Graph_Corr,Random Forest,0,0.7393939393939394,0.7272727272727273,0.7272727272727273,0.7272727272727273
Healthy vs FTD,Temporal+Graph_Corr,XGBoost,0,0.46753246753246747,0.45454545454545453,0.4454545454545455,0.45454545454545453
Healthy vs FTD,Temporal+Graph_Corr,Random Forest,1,0.538961038961039,0.5454545454545454,0.5376845376845377,0.5454545454545454
Healthy vs FTD,Temporal+Graph_Corr,XGBoost,1,0.6363636363636364,0.6363636363636364,0.6363636363636364,0.6363636363636364
Healthy vs FTD,Temporal+Graph_Corr,Random Forest,2,0.4242424242424242,0.45454545454545453,0.4253246753246753,0.45454545454545453
Healthy vs FTD,Temporal+Graph_Corr,XGBoost,2,0.4242424242424242,0.45454545454545453,0.4253246753246753,0.45454545454545453
Healthy vs FTD,Temporal+Graph_Corr,Random Forest,3,0.5303030303030304,0.5454545454545454,0.4935064935064935,0.5454545454545454
Healthy vs FTD,Temporal+Graph_Corr,XGBoost,3,0.5303030303030304,0.5454545454545454,0.4935064935064935,0.5454545454545454
Healthy vs FTD,Temporal+Graph_Corr,Random Forest,4,0.7393939393939394,0.7272727272727273,0.7272727272727273,0.7272727272727273
Healthy vs FTD,Temporal+Graph_Corr,XGBoost,4,0.5545454545454546,0.5454545454545454,0.5454545454545454,0.5454545454545454
Healthy vs FTD,Temporal+Graph_Corr,Random Forest,5,0.29752066115702475,0.5454545454545454,0.3850267379679144,0.5454545454545454
Healthy vs FTD,Temporal+Graph_Corr,XGBoost,5,0.29752066115702475,0.5454545454545454,0.3850267379679144,0.5454545454545454
Healthy vs FTD,Temporal+Graph_Corr,Random Forest,6,0.4242424242424242,0.45454545454545453,0.4253246753246753,0.45454545454545453
Healthy vs FTD,Temporal+Graph_Corr,XGBoost,6,0.8181818181818182,0.7272727272727273,0.6961038961038961,0.7272727272727273
Healthy vs FTD,Temporal+Graph_Corr,Random Forest,7,0.6439393939393939,0.6363636363636364,0.6168831168831169,0.6363636363636364
Healthy vs FTD,Temporal+Graph_Corr,XGBoost,7,0.7818181818181817,0.6363636363636364,0.5606060606060606,0.6363636363636364
Healthy vs FTD,Temporal+Graph_Corr,Random Forest,8,0.2727272727272727,0.2727272727272727,0.2727272727272727,0.2727272727272727
Healthy vs FTD,Temporal+Graph_Corr,XGBoost,8,0.3474025974025974,0.36363636363636365,0.35275835275835277,0.36363636363636365
Healthy vs FTD,Temporal+Graph_Corr,Random Forest,9,0.45454545454545453,0.45454545454545453,0.45454545454545453,0.45454545454545453
Healthy vs FTD,Temporal+Graph_Corr,XGBoost,9,0.3696969696969697,0.36363636363636365,0.36363636363636365,0.36363636363636365
Healthy vs FTD,Temporal+Graph_Corr,Random Forest,10,0.3474025974025974,0.36363636363636365,0.35275835275835277,0.36363636363636365
Healthy vs FTD,Temporal+Graph_Corr,XGBoost,10,0.20454545454545456,0.2727272727272727,0.23376623376623373,0.2727272727272727
Healthy vs FTD,Temporal+Graph_Corr,Random Forest,11,0.7393939393939394,0.7272727272727273,0.7272727272727273,0.7272727272727273
Healthy vs FTD,Temporal+Graph_Corr,XGBoost,11,0.6363636363636364,0.6363636363636364,0.6363636363636364,0.6363636363636364
Healthy vs FTD,Temporal+Graph_Corr,Random Forest,12,0.5303030303030304,0.5454545454545454,0.4935064935064935,0.5454545454545454
Healthy vs FTD,Temporal+Graph_Corr,XGBoost,12,0.2727272727272727,0.45454545454545453,0.3409090909090909,0.45454545454545453
Healthy vs FTD,Temporal+Graph_Corr,Random Forest,13,0.45454545454545453,0.45454545454545453,0.45454545454545453,0.45454545454545453
Healthy vs FTD,Temporal+Graph_Corr,XGBoost,13,0.6363636363636364,0.6363636363636364,0.6363636363636364,0.6363636363636364
Healthy vs FTD,Temporal+Graph_Corr,Random Forest,14,0.2727272727272727,0.2727272727272727,0.2727272727272727,0.2727272727272727
Healthy vs FTD,Temporal+Graph_Corr,XGBoost,14,0.2727272727272727,0.2727272727272727,0.2727272727272727,0.2727272727272727
Healthy vs FTD,Temporal+Graph_Corr,Random Forest,15,0.7305194805194805,0.7272727272727273,0.7226107226107227,0.7272727272727273
Healthy vs FTD,Temporal+Graph_Corr,XGBoost,15,0.5303030303030304,0.5454545454545454,0.4935064935064935,0.5454545454545454
Healthy vs FTD,Temporal+Graph_Corr,Random Forest,16,0.538961038961039,0.5454545454545454,0.5376845376845377,0.5454545454545454
Healthy vs FTD,Temporal+Graph_Corr,XGBoost,16,0.5303030303030304,0.5454545454545454,0.4935064935064935,0.5454545454545454
Healthy vs FTD,Temporal+Graph_Corr,Random Forest,17,0.2424242424242424,0.36363636363636365,0.29090909090909095,0.36363636363636365
Healthy vs FTD,Temporal+Graph_Corr,XGBoost,17,0.2727272727272727,0.45454545454545453,0.3409090909090909,0.45454545454545453
Healthy vs FTD,Temporal+Graph_Corr,Random Forest,18,0.6363636363636364,0.6363636363636364,0.6363636363636364,0.6363636363636364
Healthy vs FTD,Temporal+Graph_Corr,XGBoost,18,0.5545454545454546,0.5454545454545454,0.5454545454545454,0.5454545454545454
AD vs FTD,Temporal+Graph_Corr,Random Forest,0,0.3958333333333333,0.4166666666666667,0.40370370370370373,0.4166666666666667
AD vs FTD,Temporal+Graph_Corr,XGBoost,0,0.46296296296296297,0.5,0.46875,0.5
AD vs FTD,Temporal+Graph_Corr,Random Forest,1,0.5,0.5,0.5,0.5
AD vs FTD,Temporal+Graph_Corr,XGBoost,1,0.3523809523809524,0.3333333333333333,0.3333333333333333,0.3333333333333333
AD vs FTD,Temporal+Graph_Corr,Random Forest,2,0.5583333333333333,0.5833333333333334,0.530812324929972,0.5833333333333334
AD vs FTD,Temporal+Graph_Corr,XGBoost,2,0.3958333333333333,0.4166666666666667,0.40370370370370373,0.4166666666666667
AD vs FTD,Temporal+Graph_Corr,Random Forest,3,0.5583333333333333,0.5833333333333334,0.530812324929972,0.5833333333333334
AD vs FTD,Temporal+Graph_Corr,XGBoost,3,0.5583333333333333,0.5833333333333334,0.530812324929972,0.5833333333333334
AD vs FTD,Temporal+Graph_Corr,Random Forest,4,0.7878787878787877,0.6666666666666666,0.5925925925925926,0.6666666666666666
AD vs FTD,Temporal+Graph_Corr,XGBoost,4,0.6666666666666666,0.6666666666666666,0.6458333333333334,0.6666666666666666
AD vs FTD,Temporal+Graph_Corr,Random Forest,5,0.6666666666666666,0.6666666666666666,0.6458333333333334,0.6666666666666666
AD vs FTD,Temporal+Graph_Corr,XGBoost,5,0.46296296296296297,0.5,0.46875,0.5
AD vs FTD,Temporal+Graph_Corr,Random Forest,6,0.3181818181818182,0.5,0.38888888888888884,0.5
AD vs FTD,Temporal+Graph_Corr,XGBoost,6,0.46296296296296297,0.5,0.46875,0.5
AD vs FTD,Temporal+Graph_Corr,Random Forest,7,0.3958333333333333,0.4166666666666667,0.40370370370370373,0.4166666666666667
AD vs FTD,Temporal+Graph_Corr,XGBoost,7,0.3958333333333333,0.4166666666666667,0.40370370370370373,0.4166666666666667
AD vs FTD,Temporal+Graph_Corr,Random Forest,8,0.3958333333333333,0.4166666666666667,0.40370370370370373,0.4166666666666667
AD vs FTD,Temporal+Graph_Corr,XGBoost,8,0.3958333333333333,0.4166666666666667,0.40370370370370373,0.4166666666666667
AD vs FTD,Temporal+Graph_Corr,Random Forest,9,0.2916666666666667,0.4166666666666667,0.34313725490196084,0.4166666666666667
AD vs FTD,Temporal+Graph_Corr,XGBoost,9,0.5729166666666666,0.5833333333333334,0.5740740740740741,0.5833333333333334
AD vs FTD,Temporal+Graph_Corr,Random Forest,10,0.5729166666666666,0.5833333333333334,0.5740740740740741,0.5833333333333334
AD vs FTD,Temporal+Graph_Corr,XGBoost,10,0.5,0.5,0.5,0.5
AD vs FTD,Temporal+Graph_Corr,Random Forest,11,0.2916666666666667,0.4166666666666667,0.34313725490196084,0.4166666666666667
AD vs FTD,Temporal+Graph_Corr,XGBoost,11,0.5729166666666666,0.5833333333333334,0.5740740740740741,0.5833333333333334
AD vs FTD,Temporal+Graph_Corr,Random Forest,12,0.3958333333333333,0.4166666666666667,0.40370370370370373,0.4166666666666667
AD vs FTD,Temporal+Graph_Corr,XGBoost,12,0.3958333333333333,0.4166666666666667,0.40370370370370373,0.4166666666666667
AD vs FTD,Temporal+Graph_Corr,Random Forest,13,0.5583333333333333,0.5833333333333334,0.530812324929972,0.5833333333333334
AD vs FTD,Temporal+Graph_Corr,XGBoost,13,0.5583333333333333,0.5833333333333334,0.530812324929972,0.5833333333333334
AD vs FTD,Temporal+Graph_Corr,Random Forest,14,0.8249999999999998,0.75,0.7184873949579832,0.75
AD vs FTD,Temporal+Graph_Corr,XGBoost,14,0.6666666666666666,0.6666666666666666,0.6458333333333334,0.6666666666666666
AD vs FTD,Temporal+Graph_Corr,Random Forest,15,0.5,0.5,0.5,0.5
AD vs FTD,Temporal+Graph_Corr,XGBoost,15,0.5972222222222222,0.5833333333333334,0.5862470862470862,0.5833333333333334
AD vs FTD,Temporal+Graph_Corr,Random Forest,16,0.6666666666666666,0.6666666666666666,0.6458333333333334,0.6666666666666666
AD vs FTD,Temporal+Graph_Corr,XGBoost,16,0.75,0.75,0.7444444444444445,0.75
AD vs FTD,Temporal+Graph_Corr,Random Forest,17,0.5729166666666666,0.5833333333333334,0.5740740740740741,0.5833333333333334
AD vs FTD,Temporal+Graph_Corr,XGBoost,17,0.5729166666666666,0.5833333333333334,0.5740740740740741,0.5833333333333334
AD vs FTD,Temporal+Graph_Corr,Random Forest,18,0.5,0.5,0.5,0.5
AD vs FTD,Temporal+Graph_Corr,XGBoost,18,0.5729166666666666,0.5833333333333334,0.5740740740740741,0.5833333333333334
AD Male vs Female,Temporal+Graph_Corr,Random Forest,0,0.5,0.5,0.5,0.5
AD Male vs Female,Temporal+Graph_Corr,XGBoost,0,0.6041666666666666,0.625,0.6045454545454546,0.625
AD Male vs Female,Temporal+Graph_Corr,Random Forest,1,0.6041666666666666,0.625,0.6045454545454546,0.625
AD Male vs Female,Temporal+Graph_Corr,XGBoost,1,0.5,0.5,0.5,0.5
AD Male vs Female,Temporal+Graph_Corr,Random Forest,2,0.6041666666666666,0.625,0.6045454545454546,0.625
AD Male vs Female,Temporal+Graph_Corr,XGBoost,2,0.25,0.25,0.25,0.25
AD Male vs Female,Temporal+Graph_Corr,Random Forest,3,0.8214285714285714,0.75,0.7083333333333334,0.75
AD Male vs Female,Temporal+Graph_Corr,XGBoost,3,0.6041666666666666,0.625,0.6045454545454546,0.625
AD Male vs Female,Temporal+Graph_Corr,Random Forest,4,0.6041666666666666,0.625,0.6045454545454546,0.625
AD Male vs Female,Temporal+Graph_Corr,XGBoost,4,0.3125,0.375,0.3409090909090909,0.375
AD Male vs Female,Temporal+Graph_Corr,Random Forest,5,0.15625,0.125,0.1388888888888889,0.125
AD Male vs Female,Temporal+Graph_Corr,XGBoost,5,0.3125,0.375,0.3409090909090909,0.375
AD Male vs Female,Temporal+Graph_Corr,Random Forest,6,0.3571428571428571,0.5,0.41666666666666663,0.5
AD Male vs Female,Temporal+Graph_Corr,XGBoost,6,0.3571428571428571,0.5,0.41666666666666663,0.5
AD Male vs Female,Temporal+Graph_Corr,Random Forest,7,0.3125,0.375,0.3409090909090909,0.375
AD Male vs Female,Temporal+Graph_Corr,XGBoost,7,0.3125,0.375,0.3409090909090909,0.375
AD Male vs Female,Temporal+Graph_Corr,Random Forest,8,0.3125,0.375,0.3409090909090909,0.375
AD Male vs Female,Temporal+Graph_Corr,XGBoost,8,0.5,0.5,0.5,0.5
AD Male vs Female,Temporal+Graph_Corr,Random Forest,9,0.40625,0.375,0.38492063492063494,0.375
AD Male vs Female,Temporal+Graph_Corr,XGBoost,9,0.6041666666666666,0.625,0.6045454545454546,0.625
AD Male vs Female,Temporal+Graph_Corr,Random Forest,10,0.390625,0.625,0.4807692307692308,0.625
AD Male vs Female,Temporal+Graph_Corr,XGBoost,10,0.3571428571428571,0.5,0.41666666666666663,0.5
AD Male vs Female,Temporal+Graph_Corr,Random Forest,11,0.6041666666666666,0.625,0.6045454545454546,0.625
AD Male vs Female,Temporal+Graph_Corr,XGBoost,11,0.15625,0.125,0.1388888888888889,0.125
AD Male vs Female,Temporal+Graph_Corr,Random Forest,12,0.75,0.75,0.75,0.75
AD Male vs Female,Temporal+Graph_Corr,XGBoost,12,0.8958333333333334,0.875,0.8681818181818182,0.875
AD Male vs Female,Temporal+Graph_Corr,Random Forest,13,0.3571428571428571,0.5,0.41666666666666663,0.5
AD Male vs Female,Temporal+Graph_Corr,XGBoost,13,0.3571428571428571,0.5,0.41666666666666663,0.5
AD Male vs Female,Temporal+Graph_Corr,Random Forest,14,0.5,0.5,0.5,0.5
AD Male vs Female,Temporal+Graph_Corr,XGBoost,14,0.6041666666666666,0.625,0.6045454545454546,0.625
AD Male vs Female,Temporal+Graph_Corr,Random Forest,15,0.390625,0.625,0.4807692307692308,0.625
AD Male vs Female,Temporal+Graph_Corr,XGBoost,15,0.390625,0.625,0.4807692307692308,0.625
AD Male vs Female,Temporal+Graph_Corr,Random Forest,16,0.5,0.5,0.5,0.5
AD Male vs Female,Temporal+Graph_Corr,XGBoost,16,0.3571428571428571,0.5,0.41666666666666663,0.5
AD Male vs Female,Temporal+Graph_Corr,Random Forest,17,0.3571428571428571,0.5,0.41666666666666663,0.5
AD Male vs Female,Temporal+Graph_Corr,XGBoost,17,0.3125,0.375,0.3409090909090909,0.375
AD Male vs Female,Temporal+Graph_Corr,Random Forest,18,0.6041666666666666,0.625,0.6045454545454546,0.625
AD Male vs Female,Temporal+Graph_Corr,XGBoost,18,0.3125,0.375,0.3409090909090909,0.375
FTD Male vs Female,Temporal+Graph_Corr,Random Forest,0,0.85,0.8,0.7809523809523808,0.8
FTD Male vs Female,Temporal+Graph_Corr,XGBoost,0,0.85,0.8,0.7809523809523808,0.8
FTD Male vs Female,Temporal+Graph_Corr,Random Forest,1,0.6,0.6,0.6,0.6
FTD Male vs Female,Temporal+Graph_Corr,XGBoost,1,1.0,1.0,1.0,1.0
FTD Male vs Female,Temporal+Graph_Corr,Random Forest,2,0.8,0.6,0.5666666666666667,0.6
FTD Male vs Female,Temporal+Graph_Corr,XGBoost,2,0.8,0.6,0.5666666666666667,0.6
FTD Male vs Female,Temporal+Graph_Corr,Random Forest,3,0.85,0.8,0.7809523809523808,0.8
FTD Male vs Female,Temporal+Graph_Corr,XGBoost,3,0.4333333333333333,0.4,0.4,0.4
FTD Male vs Female,Temporal+Graph_Corr,Random Forest,4,0.6,0.6,0.6,0.6
FTD Male vs Female,Temporal+Graph_Corr,XGBoost,4,0.6,0.6,0.6,0.6
FTD Male vs Female,Temporal+Graph_Corr,Random Forest,5,0.6,0.6,0.6,0.6
FTD Male vs Female,Temporal+Graph_Corr,XGBoost,5,0.8,0.6,0.5666666666666667,0.6
FTD Male vs Female,Temporal+Graph_Corr,Random Forest,6,0.85,0.8,0.7809523809523808,0.8
FTD Male vs Female,Temporal+Graph_Corr,XGBoost,6,0.4333333333333333,0.4,0.4,0.4
FTD Male vs Female,Temporal+Graph_Corr,Random Forest,7,0.85,0.8,0.7809523809523808,0.8
FTD Male vs Female,Temporal+Graph_Corr,XGBoost,7,0.6,0.6,0.6,0.6
FTD Male vs Female,Temporal+Graph_Corr,Random Forest,8,0.36,0.6,0.45,0.6
FTD Male vs Female,Temporal+Graph_Corr,XGBoost,8,0.36,0.6,0.45,0.6
FTD Male vs Female,Temporal+Graph_Corr,Random Forest,9,0.85,0.8,0.7809523809523808,0.8
FTD Male vs Female,Temporal+Graph_Corr,XGBoost,9,0.85,0.8,0.7809523809523808,0.8
FTD Male vs Female,Temporal+Graph_Corr,Random Forest,10,0.4333333333333333,0.4,0.4,0.4
FTD Male vs Female,Temporal+Graph_Corr,XGBoost,10,0.6,0.6,0.6,0.6
FTD Male vs Female,Temporal+Graph_Corr,Random Forest,11,0.6,0.6,0.6,0.6
FTD Male vs Female,Temporal+Graph_Corr,XGBoost,11,0.4333333333333333,0.4,0.4,0.4
FTD Male vs Female,Temporal+Graph_Corr,Random Forest,12,0.6,0.6,0.6,0.6
FTD Male vs Female,Temporal+Graph_Corr,XGBoost,12,0.85,0.8,0.7809523809523808,0.8
FTD Male vs Female,Temporal+Graph_Corr,Random Forest,13,0.85,0.8,0.7809523809523808,0.8
FTD Male vs Female,Temporal+Graph_Corr,XGBoost,13,1.0,1.0,1.0,1.0
FTD Male vs Female,Temporal+Graph_Corr,Random Forest,14,0.3,0.4,0.34285714285714286,0.4
FTD Male vs Female,Temporal+Graph_Corr,XGBoost,14,0.36,0.6,0.45,0.6
FTD Male vs Female,Temporal+Graph_Corr,Random Forest,15,0.4333333333333333,0.4,0.4,0.4
FTD Male vs Female,Temporal+Graph_Corr,XGBoost,15,0.6,0.6,0.6,0.6
FTD Male vs Female,Temporal+Graph_Corr,Random Forest,16,0.4333333333333333,0.4,0.4,0.4
FTD Male vs Female,Temporal+Graph_Corr,XGBoost,16,0.85,0.8,0.7809523809523808,0.8
FTD Male vs Female,Temporal+Graph_Corr,Random Forest,17,1.0,1.0,1.0,1.0
FTD Male vs Female,Temporal+Graph_Corr,XGBoost,17,1.0,1.0,1.0,1.0
FTD Male vs Female,Temporal+Graph_Corr,Random Forest,18,0.4333333333333333,0.4,0.4,0.4
FTD Male vs Female,Temporal+Graph_Corr,XGBoost,18,0.2,0.2,0.2,0.2
Healthy vs Patient,Frequency+Graph_MI,Random Forest,0,0.7738095238095238,0.7777777777777778,0.764102564102564,0.7777777777777778
Healthy vs Patient,Frequency+Graph_MI,XGBoost,0,0.711111111111111,0.7222222222222222,0.691358024691358,0.7222222222222222
Healthy vs Patient,Frequency+Graph_MI,Random Forest,1,0.735930735930736,0.7222222222222222,0.7268673355629878,0.7222222222222222
Healthy vs Patient,Frequency+Graph_MI,XGBoost,1,0.5948717948717949,0.6111111111111112,0.6012121212121212,0.6111111111111112
Healthy vs Patient,Frequency+Graph_MI,Random Forest,2,0.711111111111111,0.7222222222222222,0.691358024691358,0.7222222222222222
Healthy vs Patient,Frequency+Graph_MI,XGBoost,2,0.6666666666666666,0.6666666666666666,0.6666666666666666,0.6666666666666666
Healthy vs Patient,Frequency+Graph_MI,Random Forest,3,0.6428571428571428,0.6666666666666666,0.6461538461538462,0.6666666666666666
Healthy vs Patient,Frequency+Graph_MI,XGBoost,3,0.6666666666666666,0.6666666666666666,0.6666666666666666,0.6666666666666666
Healthy vs Patient,Frequency+Graph_MI,Random Forest,4,0.6277056277056277,0.6111111111111112,0.6176142697881828,0.6111111111111112
Healthy vs Patient,Frequency+Graph_MI,XGBoost,4,0.8441558441558441,0.8333333333333334,0.8361204013377928,0.8333333333333334
Healthy vs Patient,Frequency+Graph_MI,Random Forest,5,0.511904761904762,0.5555555555555556,0.5282051282051281,0.5555555555555556
Healthy vs Patient,Frequency+Graph_MI,XGBoost,5,0.7738095238095238,0.7777777777777778,0.764102564102564,0.7777777777777778
Healthy vs Patient,Frequency+Graph_MI,Random Forest,6,0.5948717948717949,0.6111111111111112,0.6012121212121212,0.6111111111111112
Healthy vs Patient,Frequency+Graph_MI,XGBoost,6,0.6666666666666666,0.6666666666666666,0.6666666666666666,0.6666666666666666
Healthy vs Patient,Frequency+Graph_MI,Random Forest,7,0.711111111111111,0.7222222222222222,0.691358024691358,0.7222222222222222
Healthy vs Patient,Frequency+Graph_MI,XGBoost,7,0.625,0.6666666666666666,0.6071428571428572,0.6666666666666666
Healthy vs Patient,Frequency+Graph_MI,Random Forest,8,0.5948717948717949,0.6111111111111112,0.6012121212121212,0.6111111111111112
Healthy vs Patient,Frequency+Graph_MI,XGBoost,8,0.6666666666666666,0.6666666666666666,0.6666666666666666,0.6666666666666666
Healthy vs Patient,Frequency+Graph_MI,Random Forest,9,0.7777777777777778,0.7777777777777778,0.7777777777777778,0.7777777777777778
Healthy vs Patient,Frequency+Graph_MI,XGBoost,9,0.7128205128205128,0.7222222222222222,0.7151515151515153,0.7222222222222222
Healthy vs Patient,Frequency+Graph_MI,Random Forest,10,0.5555555555555556,0.6111111111111112,0.5679012345679013,0.6111111111111112
Healthy vs Patient,Frequency+Graph_MI,XGBoost,10,0.6428571428571428,0.6666666666666666,0.6461538461538462,0.6666666666666666
Healthy vs Patient,Frequency+Graph_MI,Random Forest,11,0.8307692307692308,0.8333333333333334,0.8290909090909091,0.8333333333333334
Healthy vs Patient,Frequency+Graph_MI,XGBoost,11,0.8307692307692308,0.8333333333333334,0.8290909090909091,0.8333333333333334
Healthy vs Patient,Frequency+Graph_MI,Random Forest,12,0.7738095238095238,0.7777777777777778,0.764102564102564,0.7777777777777778
Healthy vs Patient,Frequency+Graph_MI,XGBoost,12,0.711111111111111,0.7222222222222222,0.691358024691358,0.7222222222222222
Healthy vs Patient,Frequency+Graph_MI,Random Forest,13,0.7128205128205128,0.7222222222222222,0.7151515151515153,0.7222222222222222
Healthy vs Patient,Frequency+Graph_MI,XGBoost,13,0.8307692307692308,0.8333333333333334,0.8290909090909091,0.8333333333333334
Healthy vs Patient,Frequency+Graph_MI,Random Forest,14,0.6428571428571428,0.6666666666666666,0.6461538461538462,0.6666666666666666
Healthy vs Patient,Frequency+Graph_MI,XGBoost,14,0.6666666666666666,0.6666666666666666,0.6666666666666666,0.6666666666666666
Healthy vs Patient,Frequency+Graph_MI,Random Forest,15,0.6428571428571428,0.6666666666666666,0.6461538461538462,0.6666666666666666
Healthy vs Patient,Frequency+Graph_MI,XGBoost,15,0.7128205128205128,0.7222222222222222,0.7151515151515153,0.7222222222222222
Healthy vs Patient,Frequency+Graph_MI,Random Forest,16,0.8666666666666667,0.8333333333333334,0.8148148148148148,0.8333333333333334
Healthy vs Patient,Frequency+Graph_MI,XGBoost,16,0.8666666666666667,0.8333333333333334,0.8148148148148148,0.8333333333333334
Healthy vs Patient,Frequency+Graph_MI,Random Forest,17,0.711111111111111,0.7222222222222222,0.691358024691358,0.7222222222222222
Healthy vs Patient,Frequency+Graph_MI,XGBoost,17,0.7128205128205128,0.7222222222222222,0.7151515151515153,0.7222222222222222
Healthy vs Patient,Frequency+Graph_MI,Random Forest,18,0.8441558441558441,0.8333333333333334,0.8361204013377928,0.8333333333333334
Healthy vs Patient,Frequency+Graph_MI,XGBoost,18,0.8441558441558441,0.8333333333333334,0.8361204013377928,0.8333333333333334
Healthy vs AD,Frequency+Graph_MI,Random Forest,0,0.7730769230769231,0.7692307692307693,0.7664335664335665,0.7692307692307693
Healthy vs AD,Frequency+Graph_MI,XGBoost,0,0.6307692307692307,0.6153846153846154,0.5852187028657616,0.6153846153846154
Healthy vs AD,Frequency+Graph_MI,Random Forest,1,0.7730769230769231,0.7692307692307693,0.7664335664335665,0.7692307692307693
Healthy vs AD,Frequency+Graph_MI,XGBoost,1,0.6923076923076923,0.6923076923076923,0.6923076923076923,0.6923076923076923
Healthy vs AD,Frequency+Graph_MI,Random Forest,2,0.4230769230769231,0.46153846153846156,0.4193061840120664,0.46153846153846156
Healthy vs AD,Frequency+Graph_MI,XGBoost,2,0.4538461538461539,0.46153846153846156,0.455011655011655,0.46153846153846156
Healthy vs AD,Frequency+Graph_MI,Random Forest,3,0.46703296703296704,0.46153846153846156,0.46153846153846156,0.46153846153846156
Healthy vs AD,Frequency+Graph_MI,XGBoost,3,0.3884615384615385,0.38461538461538464,0.3772893772893772,0.38461538461538464
Healthy vs AD,Frequency+Graph_MI,Random Forest,4,0.6134615384615384,0.6153846153846154,0.6107226107226107,0.6153846153846154
Healthy vs AD,Frequency+Graph_MI,XGBoost,4,0.6923076923076923,0.6923076923076923,0.6923076923076923,0.6923076923076923
Healthy vs AD,Frequency+Graph_MI,Random Forest,5,0.6134615384615384,0.6153846153846154,0.6107226107226107,0.6153846153846154
Healthy vs AD,Frequency+Graph_MI,XGBoost,5,0.5384615384615384,0.5384615384615384,0.5384615384615384,0.5384615384615384
Healthy vs AD,Frequency+Graph_MI,Random Forest,6,0.6307692307692307,0.6153846153846154,0.5852187028657616,0.6153846153846154
Healthy vs AD,Frequency+Graph_MI,XGBoost,6,0.6227106227106227,0.6153846153846154,0.6153846153846154,0.6153846153846154
Healthy vs AD,Frequency+Graph_MI,Random Forest,7,0.7756410256410257,0.6153846153846154,0.5286292654713708,0.6153846153846154
Healthy vs AD,Frequency+Graph_MI,XGBoost,7,0.7756410256410257,0.6153846153846154,0.5286292654713708,0.6153846153846154
Healthy vs AD,Frequency+Graph_MI,Random Forest,8,0.6307692307692307,0.6153846153846154,0.5852187028657616,0.6153846153846154
Healthy vs AD,Frequency+Graph_MI,XGBoost,8,0.6307692307692307,0.6153846153846154,0.5852187028657616,0.6153846153846154
Healthy vs AD,Frequency+Graph_MI,Random Forest,9,0.6134615384615384,0.6153846153846154,0.6107226107226107,0.6153846153846154
Healthy vs AD,Frequency+Graph_MI,XGBoost,9,0.7730769230769231,0.7692307692307693,0.7664335664335665,0.7692307692307693
Healthy vs AD,Frequency+Graph_MI,Random Forest,10,0.5244755244755245,0.5384615384615384,0.47435897435897434,0.5384615384615384
Healthy vs AD,Frequency+Graph_MI,XGBoost,10,0.6307692307692307,0.6153846153846154,0.5852187028657616,0.6153846153846154
Healthy vs AD,Frequency+Graph_MI,Random Forest,11,0.8384615384615384,0.7692307692307693,0.7511312217194571,0.7692307692307693
Healthy vs AD,Frequency+Graph_MI,XGBoost,11,0.7051282051282051,0.6923076923076923,0.6807692307692308,0.6923076923076923
Healthy vs AD,Frequency+Graph_MI,Random Forest,12,0.804195804195804,0.6923076923076923,0.6495726495726496,0.6923076923076923
Healthy vs AD,Frequency+Graph_MI,XGBoost,12,0.804195804195804,0.6923076923076923,0.6495726495726496,0.6923076923076923
Healthy vs AD,Frequency+Graph_MI,Random Forest,13,0.6307692307692307,0.6153846153846154,0.5852187028657616,0.6153846153846154
Healthy vs AD,Frequency+Graph_MI,XGBoost,13,0.7051282051282051,0.6923076923076923,0.6807692307692308,0.6923076923076923
Healthy vs AD,Frequency+Graph_MI,Random Forest,14,0.4538461538461539,0.46153846153846156,0.455011655011655,0.46153846153846156
Healthy vs AD,Frequency+Graph_MI,XGBoost,14,0.7051282051282051,0.6923076923076923,0.6807692307692308,0.6923076923076923
Healthy vs AD,Frequency+Graph_MI,Random Forest,15,0.7783882783882785,0.7692307692307693,0.7692307692307693,0.7692307692307693
Healthy vs AD,Frequency+Graph_MI,XGBoost,15,0.6134615384615384,0.6153846153846154,0.6107226107226107,0.6153846153846154
Healthy vs AD,Frequency+Graph_MI,Random Forest,16,0.7730769230769231,0.7692307692307693,0.7664335664335665,0.7692307692307693
Healthy vs AD,Frequency+Graph_MI,XGBoost,16,0.7192307692307693,0.6923076923076923,0.6886446886446886,0.6923076923076923
Healthy vs AD,Frequency+Graph_MI,Random Forest,17,0.8384615384615384,0.7692307692307693,0.7511312217194571,0.7692307692307693
Healthy vs AD,Frequency+Graph_MI,XGBoost,17,0.5299145299145299,0.5384615384615384,0.5211538461538462,0.5384615384615384
Healthy vs AD,Frequency+Graph_MI,Random Forest,18,0.5244755244755245,0.5384615384615384,0.47435897435897434,0.5384615384615384
Healthy vs AD,Frequency+Graph_MI,XGBoost,18,0.7051282051282051,0.6923076923076923,0.6807692307692308,0.6923076923076923
Healthy vs FTD,Frequency+Graph_MI,Random Forest,0,0.8701298701298701,0.8181818181818182,0.8151515151515153,0.8181818181818182
Healthy vs FTD,Frequency+Graph_MI,XGBoost,0,0.6363636363636364,0.6363636363636364,0.6363636363636364,0.6363636363636364
Healthy vs FTD,Frequency+Graph_MI,Random Forest,1,0.6363636363636364,0.6363636363636364,0.6363636363636364,0.6363636363636364
Healthy vs FTD,Frequency+Graph_MI,XGBoost,1,0.8181818181818182,0.8181818181818182,0.8181818181818182,0.8181818181818182
Healthy vs FTD,Frequency+Graph_MI,Random Forest,2,0.6363636363636364,0.6363636363636364,0.6363636363636364,0.6363636363636364
Healthy vs FTD,Frequency+Graph_MI,XGBoost,2,0.538961038961039,0.5454545454545454,0.5376845376845377,0.5454545454545454
Healthy vs FTD,Frequency+Graph_MI,Random Forest,3,0.3474025974025974,0.36363636363636365,0.35275835275835277,0.36363636363636365
Healthy vs FTD,Frequency+Graph_MI,XGBoost,3,0.3474025974025974,0.36363636363636365,0.35275835275835277,0.36363636363636365
Healthy vs FTD,Frequency+Graph_MI,Random Forest,4,0.5545454545454546,0.5454545454545454,0.5454545454545454,0.5454545454545454
Healthy vs FTD,Frequency+Graph_MI,XGBoost,4,0.46753246753246747,0.45454545454545453,0.4454545454545455,0.45454545454545453
Healthy vs FTD,Frequency+Graph_MI,Random Forest,5,0.5545454545454546,0.5454545454545454,0.5454545454545454,0.5454545454545454
Healthy vs FTD,Frequency+Graph_MI,XGBoost,5,0.4242424242424242,0.45454545454545453,0.4253246753246753,0.45454545454545453
Healthy vs FTD,Frequency+Graph_MI,Random Forest,6,0.6363636363636364,0.6363636363636364,0.6363636363636364,0.6363636363636364
Healthy vs FTD,Frequency+Graph_MI,XGBoost,6,0.538961038961039,0.5454545454545454,0.5376845376845377,0.5454545454545454
Healthy vs FTD,Frequency+Graph_MI,Random Forest,7,0.45454545454545453,0.45454545454545453,0.45454545454545453,0.45454545454545453
Healthy vs FTD,Frequency+Graph_MI,XGBoost,7,0.45454545454545453,0.45454545454545453,0.45454545454545453,0.45454545454545453
Healthy vs FTD,Frequency+Graph_MI,Random Forest,8,0.538961038961039,0.5454545454545454,0.5376845376845377,0.5454545454545454
Healthy vs FTD,Frequency+Graph_MI,XGBoost,8,0.538961038961039,0.5454545454545454,0.5376845376845377,0.5454545454545454
Healthy vs FTD,Frequency+Graph_MI,Random Forest,9,0.45454545454545453,0.45454545454545453,0.45454545454545453,0.45454545454545453
Healthy vs FTD,Frequency+Graph_MI,XGBoost,9,0.45454545454545453,0.45454545454545453,0.45454545454545453,0.45454545454545453
Healthy vs FTD,Frequency+Graph_MI,Random Forest,10,0.6363636363636364,0.6363636363636364,0.6363636363636364,0.6363636363636364
Healthy vs FTD,Frequency+Graph_MI,XGBoost,10,0.5909090909090909,0.5454545454545454,0.5221445221445221,0.5454545454545454
Healthy vs FTD,Frequency+Graph_MI,Random Forest,11,0.538961038961039,0.5454545454545454,0.5376845376845377,0.5454545454545454
Healthy vs FTD,Frequency+Graph_MI,XGBoost,11,0.7305194805194805,0.7272727272727273,0.7226107226107227,0.7272727272727273
Healthy vs FTD,Frequency+Graph_MI,Random Forest,12,0.4242424242424242,0.45454545454545453,0.4253246753246753,0.45454545454545453
Healthy vs FTD,Frequency+Graph_MI,XGBoost,12,0.7305194805194805,0.7272727272727273,0.7226107226107227,0.7272727272727273
Healthy vs FTD,Frequency+Graph_MI,Random Forest,13,0.45454545454545453,0.45454545454545453,0.45454545454545453,0.45454545454545453
Healthy vs FTD,Frequency+Graph_MI,XGBoost,13,0.45454545454545453,0.45454545454545453,0.45454545454545453,0.45454545454545453
Healthy vs FTD,Frequency+Graph_MI,Random Forest,14,0.45454545454545453,0.45454545454545453,0.45454545454545453,0.45454545454545453
Healthy vs FTD,Frequency+Graph_MI,XGBoost,14,0.45454545454545453,0.45454545454545453,0.45454545454545453,0.45454545454545453
Healthy vs FTD,Frequency+Graph_MI,Random Forest,15,0.8295454545454546,0.7272727272727273,0.7132867132867133,0.7272727272727273
Healthy vs FTD,Frequency+Graph_MI,XGBoost,15,0.5545454545454546,0.5454545454545454,0.5454545454545454,0.5454545454545454
Healthy vs FTD,Frequency+Graph_MI,Random Forest,16,0.538961038961039,0.5454545454545454,0.5376845376845377,0.5454545454545454
Healthy vs FTD,Frequency+Graph_MI,XGBoost,16,0.7305194805194805,0.7272727272727273,0.7226107226107227,0.7272727272727273
Healthy vs FTD,Frequency+Graph_MI,Random Forest,17,0.4242424242424242,0.45454545454545453,0.4253246753246753,0.45454545454545453
Healthy vs FTD,Frequency+Graph_MI,XGBoost,17,0.6363636363636364,0.6363636363636364,0.6363636363636364,0.6363636363636364
Healthy vs FTD,Frequency+Graph_MI,Random Forest,18,0.538961038961039,0.5454545454545454,0.5376845376845377,0.5454545454545454
Healthy vs FTD,Frequency+Graph_MI,XGBoost,18,0.7305194805194805,0.7272727272727273,0.7226107226107227,0.7272727272727273
AD vs FTD,Frequency+Graph_MI,Random Forest,0,0.25925925925925924,0.3333333333333333,0.2916666666666667,0.3333333333333333
AD vs FTD,Frequency+Graph_MI,XGBoost,0,0.6666666666666666,0.6666666666666666,0.6458333333333334,0.6666666666666666
AD vs FTD,Frequency+Graph_MI,Random Forest,1,0.6666666666666666,0.6666666666666666,0.6666666666666666,0.6666666666666666
AD vs FTD,Frequency+Graph_MI,XGBoost,1,0.5,0.5,0.5,0.5
AD vs FTD,Frequency+Graph_MI,Random Forest,2,0.3958333333333333,0.4166666666666667,0.40370370370370373,0.4166666666666667
AD vs FTD,Frequency+Graph_MI,XGBoost,2,0.3958333333333333,0.4166666666666667,0.40370370370370373,0.4166666666666667
AD vs FTD,Frequency+Graph_MI,Random Forest,3,0.3333333333333333,0.3333333333333333,0.3333333333333333,0.3333333333333333
AD vs FTD,Frequency+Graph_MI,XGBoost,3,0.5,0.5,0.5,0.5
AD vs FTD,Frequency+Graph_MI,Random Forest,4,0.6666666666666666,0.6666666666666666,0.6458333333333334,0.6666666666666666
AD vs FTD,Frequency+Graph_MI,XGBoost,4,0.75,0.75,0.7444444444444445,0.75
AD vs FTD,Frequency+Graph_MI,Random Forest,5,0.5729166666666666,0.5833333333333334,0.5740740740740741,0.5833333333333334
AD vs FTD,Frequency+Graph_MI,XGBoost,5,0.46296296296296297,0.5,0.46875,0.5
AD vs FTD,Frequency+Graph_MI,Random Forest,6,0.8703703703703703,0.8333333333333334,0.8229166666666666,0.8333333333333334
AD vs FTD,Frequency+Graph_MI,XGBoost,6,0.6666666666666666,0.6666666666666666,0.6666666666666666,0.6666666666666666
AD vs FTD,Frequency+Graph_MI,Random Forest,7,0.34027777777777785,0.5833333333333334,0.4298245614035088,0.5833333333333334
AD vs FTD,Frequency+Graph_MI,XGBoost,7,0.2916666666666667,0.4166666666666667,0.34313725490196084,0.4166666666666667
AD vs FTD,Frequency+Graph_MI,Random Forest,8,0.7878787878787877,0.6666666666666666,0.5925925925925926,0.6666666666666666
AD vs FTD,Frequency+Graph_MI,XGBoost,8,0.3181818181818182,0.5,0.38888888888888884,0.5
AD vs FTD,Frequency+Graph_MI,Random Forest,9,0.8249999999999998,0.75,0.7184873949579832,0.75
AD vs FTD,Frequency+Graph_MI,XGBoost,9,0.8703703703703703,0.8333333333333334,0.8229166666666666,0.8333333333333334
AD vs FTD,Frequency+Graph_MI,Random Forest,10,0.5729166666666666,0.5833333333333334,0.5740740740740741,0.5833333333333334
AD vs FTD,Frequency+Graph_MI,XGBoost,10,0.46296296296296297,0.5,0.46875,0.5
AD vs FTD,Frequency+Graph_MI,Random Forest,11,0.3958333333333333,0.4166666666666667,0.40370370370370373,0.4166666666666667
AD vs FTD,Frequency+Graph_MI,XGBoost,11,0.5,0.5,0.5,0.5
AD vs FTD,Frequency+Graph_MI,Random Forest,12,0.46296296296296297,0.5,0.46875,0.5
AD vs FTD,Frequency+Graph_MI,XGBoost,12,0.2916666666666667,0.4166666666666667,0.34313725490196084,0.4166666666666667
AD vs FTD,Frequency+Graph_MI,Random Forest,13,0.3181818181818182,0.5,0.38888888888888884,0.5
AD vs FTD,Frequency+Graph_MI,XGBoost,13,0.2916666666666667,0.4166666666666667,0.34313725490196084,0.4166666666666667
AD vs FTD,Frequency+Graph_MI,Random Forest,14,0.46296296296296297,0.5,0.46875,0.5
AD vs FTD,Frequency+Graph_MI,XGBoost,14,0.8333333333333334,0.8333333333333334,0.8333333333333334,0.8333333333333334
AD vs FTD,Frequency+Graph_MI,Random Forest,15,0.75,0.75,0.7444444444444445,0.75
AD vs FTD,Frequency+Graph_MI,XGBoost,15,0.8703703703703703,0.8333333333333334,0.8229166666666666,0.8333333333333334
AD vs FTD,Frequency+Graph_MI,Random Forest,16,0.8703703703703703,0.8333333333333334,0.8229166666666666,0.8333333333333334
AD vs FTD,Frequency+Graph_MI,XGBoost,16,0.5583333333333333,0.5833333333333334,0.530812324929972,0.5833333333333334
AD vs FTD,Frequency+Graph_MI,Random Forest,17,0.6666666666666666,0.6666666666666666,0.6666666666666666,0.6666666666666666
AD vs FTD,Frequency+Graph_MI,XGBoost,17,0.75,0.75,0.7444444444444445,0.75
AD vs FTD,Frequency+Graph_MI,Random Forest,18,0.5285714285714286,0.5,0.5,0.5
AD vs FTD,Frequency+Graph_MI,XGBoost,18,0.5972222222222222,0.5833333333333334,0.5862470862470862,0.5833333333333334
AD Male vs Female,Frequency+Graph_MI,Random Forest,0,0.5,0.5,0.5,0.5
AD Male vs Female,Frequency+Graph_MI,XGBoost,0,0.6041666666666666,0.625,0.6045454545454546,0.625
AD Male vs Female,Frequency+Graph_MI,Random Forest,1,0.6041666666666666,0.625,0.6045454545454546,0.625
AD Male vs Female,Frequency+Graph_MI,XGBoost,1,0.3571428571428571,0.5,0.41666666666666663,0.5
AD Male vs Female,Frequency+Graph_MI,Random Forest,2,0.6041666666666666,0.625,0.6045454545454546,0.625
AD Male vs Female,Frequency+Graph_MI,XGBoost,2,0.390625,0.625,0.4807692307692308,0.625
AD Male vs Female,Frequency+Graph_MI,Random Forest,3,0.75,0.75,0.75,0.75
AD Male vs Female,Frequency+Graph_MI,XGBoost,3,0.8958333333333334,0.875,0.8681818181818182,0.875
AD Male vs Female,Frequency+Graph_MI,Random Forest,4,0.6041666666666666,0.625,0.6045454545454546,0.625
AD Male vs Female,Frequency+Graph_MI,XGBoost,4,0.6041666666666666,0.625,0.6045454545454546,0.625
AD Male vs Female,Frequency+Graph_MI,Random Forest,5,0.5,0.5,0.5,0.5
AD Male vs Female,Frequency+Graph_MI,XGBoost,5,0.6041666666666666,0.625,0.6045454545454546,0.625
AD Male vs Female,Frequency+Graph_MI,Random Forest,6,0.3571428571428571,0.5,0.41666666666666663,0.5
AD Male vs Female,Frequency+Graph_MI,XGBoost,6,0.3571428571428571,0.5,0.41666666666666663,0.5
AD Male vs Female,Frequency+Graph_MI,Random Forest,7,0.6041666666666666,0.625,0.6045454545454546,0.625
AD Male vs Female,Frequency+Graph_MI,XGBoost,7,0.6041666666666666,0.625,0.6045454545454546,0.625
AD Male vs Female,Frequency+Graph_MI,Random Forest,8,0.6041666666666666,0.625,0.6045454545454546,0.625
AD Male vs Female,Frequency+Graph_MI,XGBoost,8,0.65625,0.625,0.6309523809523809,0.625
AD Male vs Female,Frequency+Graph_MI,Random Forest,9,0.6041666666666666,0.625,0.6045454545454546,0.625
AD Male vs Female,Frequency+Graph_MI,XGBoost,9,0.65625,0.625,0.6309523809523809,0.625
AD Male vs Female,Frequency+Graph_MI,Random Forest,10,0.6041666666666666,0.625,0.6045454545454546,0.625
AD Male vs Female,Frequency+Graph_MI,XGBoost,10,0.6041666666666666,0.625,0.6045454545454546,0.625
AD Male vs Female,Frequency+Graph_MI,Random Forest,11,0.6041666666666666,0.625,0.6045454545454546,0.625
AD Male vs Female,Frequency+Graph_MI,XGBoost,11,0.3125,0.375,0.3409090909090909,0.375
AD Male vs Female,Frequency+Graph_MI,Random Forest,12,0.6041666666666666,0.625,0.6045454545454546,0.625
AD Male vs Female,Frequency+Graph_MI,XGBoost,12,0.6041666666666666,0.625,0.6045454545454546,0.625
AD Male vs Female,Frequency+Graph_MI,Random Forest,13,0.6041666666666666,0.625,0.6045454545454546,0.625
AD Male vs Female,Frequency+Graph_MI,XGBoost,13,0.6041666666666666,0.625,0.6045454545454546,0.625
AD Male vs Female,Frequency+Graph_MI,Random Forest,14,0.6041666666666666,0.625,0.6045454545454546,0.625
AD Male vs Female,Frequency+Graph_MI,XGBoost,14,0.6041666666666666,0.625,0.6045454545454546,0.625
AD Male vs Female,Frequency+Graph_MI,Random Forest,15,0.6041666666666666,0.625,0.6045454545454546,0.625
AD Male vs Female,Frequency+Graph_MI,XGBoost,15,0.390625,0.625,0.4807692307692308,0.625
AD Male vs Female,Frequency+Graph_MI,Random Forest,16,0.5,0.5,0.5,0.5
AD Male vs Female,Frequency+Graph_MI,XGBoost,16,0.40625,0.375,0.38492063492063494,0.375
AD Male vs Female,Frequency+Graph_MI,Random Forest,17,0.6041666666666666,0.625,0.6045454545454546,0.625
AD Male vs Female,Frequency+Graph_MI,XGBoost,17,0.3571428571428571,0.5,0.41666666666666663,0.5
AD Male vs Female,Frequency+Graph_MI,Random Forest,18,0.6041666666666666,0.625,0.6045454545454546,0.625
AD Male vs Female,Frequency+Graph_MI,XGBoost,18,0.6041666666666666,0.625,0.6045454545454546,0.625
FTD Male vs Female,Frequency+Graph_MI,Random Forest,0,0.85,0.8,0.7809523809523808,0.8
FTD Male vs Female,Frequency+Graph_MI,XGBoost,0,0.36,0.6,0.45,0.6
FTD Male vs Female,Frequency+Graph_MI,Random Forest,1,0.85,0.8,0.7809523809523808,0.8
FTD Male vs Female,Frequency+Graph_MI,XGBoost,1,0.8,0.6,0.5666666666666667,0.6
FTD Male vs Female,Frequency+Graph_MI,Random Forest,2,0.3,0.4,0.34285714285714286,0.4
FTD Male vs Female,Frequency+Graph_MI,XGBoost,2,0.6,0.6,0.6,0.6
FTD Male vs Female,Frequency+Graph_MI,Random Forest,3,0.6,0.6,0.6,0.6
FTD Male vs Female,Frequency+Graph_MI,XGBoost,3,0.4333333333333333,0.4,0.4,0.4
FTD Male vs Female,Frequency+Graph_MI,Random Forest,4,0.3,0.4,0.34285714285714286,0.4
FTD Male vs Female,Frequency+Graph_MI,XGBoost,4,0.36,0.6,0.45,0.6
FTD Male vs Female,Frequency+Graph_MI,Random Forest,5,0.8,0.6,0.5666666666666667,0.6
FTD Male vs Female,Frequency+Graph_MI,XGBoost,5,1.0,1.0,1.0,1.0
FTD Male vs Female,Frequency+Graph_MI,Random Forest,6,0.8,0.6,0.5666666666666667,0.6
FTD Male vs Female,Frequency+Graph_MI,XGBoost,6,0.4333333333333333,0.4,0.4,0.4
FTD Male vs Female,Frequency+Graph_MI,Random Forest,7,0.6,0.6,0.6,0.6
FTD Male vs Female,Frequency+Graph_MI,XGBoost,7,1.0,1.0,1.0,1.0
FTD Male vs Female,Frequency+Graph_MI,Random Forest,8,0.36,0.6,0.45,0.6
FTD Male vs Female,Frequency+Graph_MI,XGBoost,8,0.36,0.6,0.45,0.6
FTD Male vs Female,Frequency+Graph_MI,Random Forest,9,0.8666666666666666,0.8,0.8,0.8
FTD Male vs Female,Frequency+Graph_MI,XGBoost,9,0.1,0.2,0.13333333333333333,0.2
FTD Male vs Female,Frequency+Graph_MI,Random Forest,10,0.36,0.6,0.45,0.6
FTD Male vs Female,Frequency+Graph_MI,XGBoost,10,0.3,0.4,0.34285714285714286,0.4
FTD Male vs Female,Frequency+Graph_MI,Random Forest,11,0.6,0.6,0.6,0.6
FTD Male vs Female,Frequency+Graph_MI,XGBoost,11,0.4333333333333333,0.4,0.4,0.4
FTD Male vs Female,Frequency+Graph_MI,Random Forest,12,0.85,0.8,0.7809523809523808,0.8
FTD Male vs Female,Frequency+Graph_MI,XGBoost,12,0.2,0.2,0.2,0.2
FTD Male vs Female,Frequency+Graph_MI,Random Forest,13,0.85,0.8,0.7809523809523808,0.8
FTD Male vs Female,Frequency+Graph_MI,XGBoost,13,0.85,0.8,0.7809523809523808,0.8
FTD Male vs Female,Frequency+Graph_MI,Random Forest,14,0.6,0.6,0.6,0.6
FTD Male vs Female,Frequency+Graph_MI,XGBoost,14,0.6,0.6,0.6,0.6
FTD Male vs Female,Frequency+Graph_MI,Random Forest,15,0.6,0.6,0.6,0.6
FTD Male vs Female,Frequency+Graph_MI,XGBoost,15,0.3,0.4,0.34285714285714286,0.4
FTD Male vs Female,Frequency+Graph_MI,Random Forest,16,0.6,0.6,0.6,0.6
FTD Male vs Female,Frequency+Graph_MI,XGBoost,16,1.0,1.0,1.0,1.0
FTD Male vs Female,Frequency+Graph_MI,Random Forest,17,1.0,1.0,1.0,1.0
FTD Male vs Female,Frequency+Graph_MI,XGBoost,17,0.85,0.8,0.7809523809523808,0.8
FTD Male vs Female,Frequency+Graph_MI,Random Forest,18,0.8666666666666666,0.8,0.8,0.8
FTD Male vs Female,Frequency+Graph_MI,XGBoost,18,0.8,0.6,0.5666666666666667,0.6
Healthy vs Patient,Frequency+Graph_PLV,Random Forest,0,0.711111111111111,0.7222222222222222,0.691358024691358,0.7222222222222222
Healthy vs Patient,Frequency+Graph_PLV,XGBoost,0,0.39999999999999997,0.5,0.4444444444444444,0.5
Healthy vs Patient,Frequency+Graph_PLV,Random Forest,1,0.6428571428571428,0.6666666666666666,0.6461538461538462,0.6666666666666666
Healthy vs Patient,Frequency+Graph_PLV,XGBoost,1,0.5555555555555556,0.5555555555555556,0.5555555555555556,0.5555555555555556
Healthy vs Patient,Frequency+Graph_PLV,Random Forest,2,0.5948717948717949,0.6111111111111112,0.6012121212121212,0.6111111111111112
Healthy vs Patient,Frequency+Graph_PLV,XGBoost,2,0.7128205128205128,0.7222222222222222,0.7151515151515153,0.7222222222222222
Healthy vs Patient,Frequency+Graph_PLV,Random Forest,3,0.7128205128205128,0.7222222222222222,0.7151515151515153,0.7222222222222222
Healthy vs Patient,Frequency+Graph_PLV,XGBoost,3,0.8307692307692308,0.8333333333333334,0.8290909090909091,0.8333333333333334
Healthy vs Patient,Frequency+Graph_PLV,Random Forest,4,0.7777777777777778,0.7777777777777778,0.7777777777777778,0.7777777777777778
Healthy vs Patient,Frequency+Graph_PLV,XGBoost,4,0.8441558441558441,0.8333333333333334,0.8361204013377928,0.8333333333333334
Healthy vs Patient,Frequency+Graph_PLV,Random Forest,5,0.6428571428571428,0.6666666666666666,0.6461538461538462,0.6666666666666666
Healthy vs Patient,Frequency+Graph_PLV,XGBoost,5,0.5555555555555556,0.6111111111111112,0.5679012345679013,0.6111111111111112
Healthy vs Patient,Frequency+Graph_PLV,Random Forest,6,0.5555555555555556,0.6111111111111112,0.5679012345679013,0.6111111111111112
Healthy vs Patient,Frequency+Graph_PLV,XGBoost,6,0.6428571428571428,0.6666666666666666,0.6461538461538462,0.6666666666666666
Healthy vs Patient,Frequency+Graph_PLV,Random Forest,7,0.5948717948717949,0.6111111111111112,0.6012121212121212,0.6111111111111112
Healthy vs Patient,Frequency+Graph_PLV,XGBoost,7,0.5948717948717949,0.6111111111111112,0.6012121212121212,0.6111111111111112
Healthy vs Patient,Frequency+Graph_PLV,Random Forest,8,0.511904761904762,0.5555555555555556,0.5282051282051281,0.5555555555555556
Healthy vs Patient,Frequency+Graph_PLV,XGBoost,8,0.5555555555555556,0.6111111111111112,0.5679012345679013,0.6111111111111112
Healthy vs Patient,Frequency+Graph_PLV,Random Forest,9,0.6666666666666666,0.6666666666666666,0.6666666666666666,0.6666666666666666
Healthy vs Patient,Frequency+Graph_PLV,XGBoost,9,0.711111111111111,0.7222222222222222,0.691358024691358,0.7222222222222222
Healthy vs Patient,Frequency+Graph_PLV,Random Forest,10,0.711111111111111,0.7222222222222222,0.691358024691358,0.7222222222222222
Healthy vs Patient,Frequency+Graph_PLV,XGBoost,10,0.6428571428571428,0.6666666666666666,0.6461538461538462,0.6666666666666666
Healthy vs Patient,Frequency+Graph_PLV,Random Forest,11,0.7738095238095238,0.7777777777777778,0.764102564102564,0.7777777777777778
Healthy vs Patient,Frequency+Graph_PLV,XGBoost,11,0.7738095238095238,0.7777777777777778,0.764102564102564,0.7777777777777778
Healthy vs Patient,Frequency+Graph_PLV,Random Forest,12,0.7738095238095238,0.7777777777777778,0.764102564102564,0.7777777777777778
Healthy vs Patient,Frequency+Graph_PLV,XGBoost,12,0.9047619047619047,0.8888888888888888,0.882051282051282,0.8888888888888888
Healthy vs Patient,Frequency+Graph_PLV,Random Forest,13,0.7128205128205128,0.7222222222222222,0.7151515151515153,0.7222222222222222
Healthy vs Patient,Frequency+Graph_PLV,XGBoost,13,0.8307692307692308,0.8333333333333334,0.8290909090909091,0.8333333333333334
Healthy vs Patient,Frequency+Graph_PLV,Random Forest,14,0.6666666666666666,0.6666666666666666,0.6666666666666666,0.6666666666666666
Healthy vs Patient,Frequency+Graph_PLV,XGBoost,14,0.7000000000000001,0.6666666666666666,0.6753246753246753,0.6666666666666666
Healthy vs Patient,Frequency+Graph_PLV,Random Forest,15,0.6277056277056277,0.6111111111111112,0.6176142697881828,0.6111111111111112
Healthy vs Patient,Frequency+Graph_PLV,XGBoost,15,0.6666666666666666,0.6666666666666666,0.6666666666666666,0.6666666666666666
Healthy vs Patient,Frequency+Graph_PLV,Random Forest,16,0.8333333333333334,0.7777777777777778,0.738095238095238,0.7777777777777778
Healthy vs Patient,Frequency+Graph_PLV,XGBoost,16,0.8333333333333334,0.7777777777777778,0.738095238095238,0.7777777777777778
Healthy vs Patient,Frequency+Graph_PLV,Random Forest,17,0.8083333333333333,0.7777777777777778,0.7835497835497836,0.7777777777777778
Healthy vs Patient,Frequency+Graph_PLV,XGBoost,17,0.8083333333333333,0.7777777777777778,0.7835497835497836,0.7777777777777778
Healthy vs Patient,Frequency+Graph_PLV,Random Forest,18,0.7738095238095238,0.7777777777777778,0.764102564102564,0.7777777777777778
Healthy vs Patient,Frequency+Graph_PLV,XGBoost,18,0.8307692307692308,0.8333333333333334,0.8290909090909091,0.8333333333333334
Healthy vs AD,Frequency+Graph_PLV,Random Forest,0,0.9326923076923077,0.9230769230769231,0.9221445221445221,0.9230769230769231
Healthy vs AD,Frequency+Graph_PLV,XGBoost,0,0.8803418803418803,0.8461538461538461,0.8403846153846154,0.8461538461538461
Healthy vs AD,Frequency+Graph_PLV,Random Forest,1,0.7783882783882785,0.7692307692307693,0.7692307692307693,0.7692307692307693
Healthy vs AD,Frequency+Graph_PLV,XGBoost,1,0.6134615384615384,0.6153846153846154,0.6107226107226107,0.6153846153846154
Healthy vs AD,Frequency+Graph_PLV,Random Forest,2,0.35470085470085466,0.38461538461538464,0.36153846153846153,0.38461538461538464
Healthy vs AD,Frequency+Graph_PLV,XGBoost,2,0.35470085470085466,0.38461538461538464,0.36153846153846153,0.38461538461538464
Healthy vs AD,Frequency+Graph_PLV,Random Forest,3,0.6134615384615384,0.6153846153846154,0.6107226107226107,0.6153846153846154
Healthy vs AD,Frequency+Graph_PLV,XGBoost,3,0.6134615384615384,0.6153846153846154,0.6107226107226107,0.6153846153846154
Healthy vs AD,Frequency+Graph_PLV,Random Forest,4,0.6923076923076923,0.6923076923076923,0.6923076923076923,0.6923076923076923
Healthy vs AD,Frequency+Graph_PLV,XGBoost,4,0.7730769230769231,0.7692307692307693,0.7664335664335665,0.7692307692307693
Healthy vs AD,Frequency+Graph_PLV,Random Forest,5,0.5384615384615384,0.5384615384615384,0.5384615384615384,0.5384615384615384
Healthy vs AD,Frequency+Graph_PLV,XGBoost,5,0.6227106227106227,0.6153846153846154,0.6153846153846154,0.6153846153846154
Healthy vs AD,Frequency+Graph_PLV,Random Forest,6,0.7730769230769231,0.7692307692307693,0.7664335664335665,0.7692307692307693
Healthy vs AD,Frequency+Graph_PLV,XGBoost,6,0.5384615384615384,0.5384615384615384,0.5384615384615384,0.5384615384615384
Healthy vs AD,Frequency+Graph_PLV,Random Forest,7,0.5244755244755245,0.5384615384615384,0.47435897435897434,0.5384615384615384
Healthy vs AD,Frequency+Graph_PLV,XGBoost,7,0.6307692307692307,0.6153846153846154,0.5852187028657616,0.6153846153846154
Healthy vs AD,Frequency+Graph_PLV,Random Forest,8,0.5244755244755245,0.5384615384615384,0.47435897435897434,0.5384615384615384
Healthy vs AD,Frequency+Graph_PLV,XGBoost,8,0.4230769230769231,0.46153846153846156,0.4193061840120664,0.46153846153846156
Healthy vs AD,Frequency+Graph_PLV,Random Forest,9,0.8803418803418803,0.8461538461538461,0.8403846153846154,0.8461538461538461
Healthy vs AD,Frequency+Graph_PLV,XGBoost,9,0.804195804195804,0.6923076923076923,0.6495726495726496,0.6923076923076923
Healthy vs AD,Frequency+Graph_PLV,Random Forest,10,0.7051282051282051,0.6923076923076923,0.6807692307692308,0.6923076923076923
Healthy vs AD,Frequency+Graph_PLV,XGBoost,10,0.7051282051282051,0.6923076923076923,0.6807692307692308,0.6923076923076923
Healthy vs AD,Frequency+Graph_PLV,Random Forest,11,0.804195804195804,0.6923076923076923,0.6495726495726496,0.6923076923076923
Healthy vs AD,Frequency+Graph_PLV,XGBoost,11,0.804195804195804,0.6923076923076923,0.6495726495726496,0.6923076923076923
Healthy vs AD,Frequency+Graph_PLV,Random Forest,12,0.804195804195804,0.6923076923076923,0.6495726495726496,0.6923076923076923
Healthy vs AD,Frequency+Graph_PLV,XGBoost,12,0.804195804195804,0.6923076923076923,0.6495726495726496,0.6923076923076923
Healthy vs AD,Frequency+Graph_PLV,Random Forest,13,0.6307692307692307,0.6153846153846154,0.5852187028657616,0.6153846153846154
Healthy vs AD,Frequency+Graph_PLV,XGBoost,13,0.7051282051282051,0.6923076923076923,0.6807692307692308,0.6923076923076923
Healthy vs AD,Frequency+Graph_PLV,Random Forest,14,0.5299145299145299,0.5384615384615384,0.5211538461538462,0.5384615384615384
Healthy vs AD,Frequency+Graph_PLV,XGBoost,14,0.6134615384615384,0.6153846153846154,0.6107226107226107,0.6153846153846154
Healthy vs AD,Frequency+Graph_PLV,Random Forest,15,0.6134615384615384,0.6153846153846154,0.6107226107226107,0.6153846153846154
Healthy vs AD,Frequency+Graph_PLV,XGBoost,15,0.6134615384615384,0.6153846153846154,0.6107226107226107,0.6153846153846154
Healthy vs AD,Frequency+Graph_PLV,Random Forest,16,0.7730769230769231,0.7692307692307693,0.7664335664335665,0.7692307692307693
Healthy vs AD,Frequency+Graph_PLV,XGBoost,16,0.7783882783882785,0.7692307692307693,0.7692307692307693,0.7692307692307693
Healthy vs AD,Frequency+Graph_PLV,Random Forest,17,0.8384615384615384,0.7692307692307693,0.7511312217194571,0.7692307692307693
Healthy vs AD,Frequency+Graph_PLV,XGBoost,17,0.6134615384615384,0.6153846153846154,0.6107226107226107,0.6153846153846154
Healthy vs AD,Frequency+Graph_PLV,Random Forest,18,0.5244755244755245,0.5384615384615384,0.47435897435897434,0.5384615384615384
Healthy vs AD,Frequency+Graph_PLV,XGBoost,18,0.5299145299145299,0.5384615384615384,0.5211538461538462,0.5384615384615384
Healthy vs FTD,Frequency+Graph_PLV,Random Forest,0,0.6363636363636364,0.6363636363636364,0.6363636363636364,0.6363636363636364
Healthy vs FTD,Frequency+Graph_PLV,XGBoost,0,0.7393939393939394,0.7272727272727273,0.7272727272727273,0.7272727272727273
Healthy vs FTD,Frequency+Graph_PLV,Random Forest,1,0.6363636363636364,0.6363636363636364,0.6363636363636364,0.6363636363636364
Healthy vs FTD,Frequency+Graph_PLV,XGBoost,1,0.7305194805194805,0.7272727272727273,0.7226107226107227,0.7272727272727273
Healthy vs FTD,Frequency+Graph_PLV,Random Forest,2,0.6363636363636364,0.6363636363636364,0.6363636363636364,0.6363636363636364
Healthy vs FTD,Frequency+Graph_PLV,XGBoost,2,0.6363636363636364,0.6363636363636364,0.6363636363636364,0.6363636363636364
Healthy vs FTD,Frequency+Graph_PLV,Random Forest,3,0.538961038961039,0.5454545454545454,0.5376845376845377,0.5454545454545454
Healthy vs FTD,Frequency+Graph_PLV,XGBoost,3,0.6363636363636364,0.6363636363636364,0.6363636363636364,0.6363636363636364
Healthy vs FTD,Frequency+Graph_PLV,Random Forest,4,0.5545454545454546,0.5454545454545454,0.5454545454545454,0.5454545454545454
Healthy vs FTD,Frequency+Graph_PLV,XGBoost,4,0.5545454545454546,0.5454545454545454,0.5454545454545454,0.5454545454545454
Healthy vs FTD,Frequency+Graph_PLV,Random Forest,5,0.5545454545454546,0.5454545454545454,0.5454545454545454,0.5454545454545454
Healthy vs FTD,Frequency+Graph_PLV,XGBoost,5,0.5909090909090909,0.5454545454545454,0.5221445221445221,0.5454545454545454
Healthy vs FTD,Frequency+Graph_PLV,Random Forest,6,0.6363636363636364,0.6363636363636364,0.6363636363636364,0.6363636363636364
Healthy vs FTD,Frequency+Graph_PLV,XGBoost,6,0.7305194805194805,0.7272727272727273,0.7226107226107227,0.7272727272727273
Healthy vs FTD,Frequency+Graph_PLV,Random Forest,7,0.3474025974025974,0.36363636363636365,0.35275835275835277,0.36363636363636365
Healthy vs FTD,Frequency+Graph_PLV,XGBoost,7,0.45454545454545453,0.45454545454545453,0.45454545454545453,0.45454545454545453
Healthy vs FTD,Frequency+Graph_PLV,Random Forest,8,0.6439393939393939,0.6363636363636364,0.6168831168831169,0.6363636363636364
Healthy vs FTD,Frequency+Graph_PLV,XGBoost,8,0.538961038961039,0.5454545454545454,0.5376845376845377,0.5454545454545454
Healthy vs FTD,Frequency+Graph_PLV,Random Forest,9,0.3474025974025974,0.36363636363636365,0.35275835275835277,0.36363636363636365
Healthy vs FTD,Frequency+Graph_PLV,XGBoost,9,0.3474025974025974,0.36363636363636365,0.35275835275835277,0.36363636363636365
Healthy vs FTD,Frequency+Graph_PLV,Random Forest,10,0.7305194805194805,0.7272727272727273,0.7226107226107227,0.7272727272727273
Healthy vs FTD,Frequency+Graph_PLV,XGBoost,10,0.8636363636363636,0.8181818181818182,0.8084415584415584,0.8181818181818182
Healthy vs FTD,Frequency+Graph_PLV,Random Forest,11,0.45454545454545453,0.45454545454545453,0.45454545454545453,0.45454545454545453
Healthy vs FTD,Frequency+Graph_PLV,XGBoost,11,0.45454545454545453,0.45454545454545453,0.45454545454545453,0.45454545454545453
Healthy vs FTD,Frequency+Graph_PLV,Random Forest,12,0.45454545454545453,0.45454545454545453,0.45454545454545453,0.45454545454545453
Healthy vs FTD,Frequency+Graph_PLV,XGBoost,12,0.8701298701298701,0.8181818181818182,0.8151515151515153,0.8181818181818182
Healthy vs FTD,Frequency+Graph_PLV,Random Forest,13,0.538961038961039,0.5454545454545454,0.5376845376845377,0.5454545454545454
Healthy vs FTD,Frequency+Graph_PLV,XGBoost,13,0.6363636363636364,0.6363636363636364,0.6363636363636364,0.6363636363636364
Healthy vs FTD,Frequency+Graph_PLV,Random Forest,14,0.45454545454545453,0.45454545454545453,0.45454545454545453,0.45454545454545453
Healthy vs FTD,Frequency+Graph_PLV,XGBoost,14,0.6439393939393939,0.6363636363636364,0.6168831168831169,0.6363636363636364
Healthy vs FTD,Frequency+Graph_PLV,Random Forest,15,0.6439393939393939,0.6363636363636364,0.6168831168831169,0.6363636363636364
Healthy vs FTD,Frequency+Graph_PLV,XGBoost,15,0.4242424242424242,0.45454545454545453,0.4253246753246753,0.45454545454545453
Healthy vs FTD,Frequency+Graph_PLV,Random Forest,16,0.7305194805194805,0.7272727272727273,0.7226107226107227,0.7272727272727273
Healthy vs FTD,Frequency+Graph_PLV,XGBoost,16,0.538961038961039,0.5454545454545454,0.5376845376845377,0.5454545454545454
Healthy vs FTD,Frequency+Graph_PLV,Random Forest,17,0.6439393939393939,0.6363636363636364,0.6168831168831169,0.6363636363636364
Healthy vs FTD,Frequency+Graph_PLV,XGBoost,17,0.922077922077922,0.9090909090909091,0.9075369075369075,0.9090909090909091
Healthy vs FTD,Frequency+Graph_PLV,Random Forest,18,0.538961038961039,0.5454545454545454,0.5376845376845377,0.5454545454545454
Healthy vs FTD,Frequency+Graph_PLV,XGBoost,18,0.45454545454545453,0.45454545454545453,0.45454545454545453,0.45454545454545453
AD vs FTD,Frequency+Graph_PLV,Random Forest,0,0.46296296296296297,0.5,0.46875,0.5
AD vs FTD,Frequency+Graph_PLV,XGBoost,0,0.3958333333333333,0.4166666666666667,0.40370370370370373,0.4166666666666667
AD vs FTD,Frequency+Graph_PLV,Random Forest,1,0.46296296296296297,0.5,0.46875,0.5
AD vs FTD,Frequency+Graph_PLV,XGBoost,1,0.21875,0.25,0.23333333333333336,0.25
AD vs FTD,Frequency+Graph_PLV,Random Forest,2,0.5729166666666666,0.5833333333333334,0.5740740740740741,0.5833333333333334
AD vs FTD,Frequency+Graph_PLV,XGBoost,2,0.4305555555555555,0.4166666666666667,0.42074592074592077,0.4166666666666667
AD vs FTD,Frequency+Graph_PLV,Random Forest,3,0.5,0.5,0.5,0.5
AD vs FTD,Frequency+Graph_PLV,XGBoost,3,0.5285714285714286,0.5,0.5,0.5
AD vs FTD,Frequency+Graph_PLV,Random Forest,4,0.763888888888889,0.75,0.7517482517482518,0.75
AD vs FTD,Frequency+Graph_PLV,XGBoost,4,0.7047619047619048,0.6666666666666666,0.6666666666666666,0.6666666666666666
AD vs FTD,Frequency+Graph_PLV,Random Forest,5,0.5,0.5,0.5,0.5
AD vs FTD,Frequency+Graph_PLV,XGBoost,5,0.25,0.25,0.23426573426573427,0.25
AD vs FTD,Frequency+Graph_PLV,Random Forest,6,0.5729166666666666,0.5833333333333334,0.5740740740740741,0.5833333333333334
AD vs FTD,Frequency+Graph_PLV,XGBoost,6,0.5729166666666666,0.5833333333333334,0.5740740740740741,0.5833333333333334
AD vs FTD,Frequency+Graph_PLV,Random Forest,7,0.21875,0.25,0.23333333333333336,0.25
AD vs FTD,Frequency+Graph_PLV,XGBoost,7,0.3333333333333333,0.3333333333333333,0.3333333333333333,0.3333333333333333
AD vs FTD,Frequency+Graph_PLV,Random Forest,8,0.5583333333333333,0.5833333333333334,0.530812324929972,0.5833333333333334
AD vs FTD,Frequency+Graph_PLV,XGBoost,8,0.6666666666666666,0.6666666666666666,0.6458333333333334,0.6666666666666666
AD vs FTD,Frequency+Graph_PLV,Random Forest,9,0.5729166666666666,0.5833333333333334,0.5740740740740741,0.5833333333333334
AD vs FTD,Frequency+Graph_PLV,XGBoost,9,0.5,0.5,0.5,0.5
AD vs FTD,Frequency+Graph_PLV,Random Forest,10,0.2916666666666667,0.4166666666666667,0.34313725490196084,0.4166666666666667
AD vs FTD,Frequency+Graph_PLV,XGBoost,10,0.46296296296296297,0.5,0.46875,0.5
AD vs FTD,Frequency+Graph_PLV,Random Forest,11,0.2916666666666667,0.4166666666666667,0.34313725490196084,0.4166666666666667
AD vs FTD,Frequency+Graph_PLV,XGBoost,11,0.3181818181818182,0.5,0.38888888888888884,0.5
AD vs FTD,Frequency+Graph_PLV,Random Forest,12,0.5729166666666666,0.5833333333333334,0.5740740740740741,0.5833333333333334
AD vs FTD,Frequency+Graph_PLV,XGBoost,12,0.5,0.5,0.5,0.5
AD vs FTD,Frequency+Graph_PLV,Random Forest,13,0.2916666666666667,0.4166666666666667,0.34313725490196084,0.4166666666666667
AD vs FTD,Frequency+Graph_PLV,XGBoost,13,0.46296296296296297,0.5,0.46875,0.5
AD vs FTD,Frequency+Graph_PLV,Random Forest,14,0.5583333333333333,0.5833333333333334,0.530812324929972,0.5833333333333334
AD vs FTD,Frequency+Graph_PLV,XGBoost,14,0.5285714285714286,0.5,0.5,0.5
AD vs FTD,Frequency+Graph_PLV,Random Forest,15,0.8249999999999998,0.75,0.7184873949579832,0.75
AD vs FTD,Frequency+Graph_PLV,XGBoost,15,0.5583333333333333,0.5833333333333334,0.530812324929972,0.5833333333333334
AD vs FTD,Frequency+Graph_PLV,Random Forest,16,0.5972222222222222,0.5833333333333334,0.5862470862470862,0.5833333333333334
AD vs FTD,Frequency+Graph_PLV,XGBoost,16,0.6666666666666666,0.6666666666666666,0.6666666666666666,0.6666666666666666
AD vs FTD,Frequency+Graph_PLV,Random Forest,17,0.5729166666666666,0.5833333333333334,0.5740740740740741,0.5833333333333334
AD vs FTD,Frequency+Graph_PLV,XGBoost,17,0.3958333333333333,0.4166666666666667,0.40370370370370373,0.4166666666666667
AD vs FTD,Frequency+Graph_PLV,Random Forest,18,0.5583333333333333,0.5833333333333334,0.530812324929972,0.5833333333333334
AD vs FTD,Frequency+Graph_PLV,XGBoost,18,0.6666666666666666,0.6666666666666666,0.6458333333333334,0.6666666666666666
AD Male vs Female,Frequency+Graph_PLV,Random Forest,0,0.75,0.75,0.75,0.75
AD Male vs Female,Frequency+Graph_PLV,XGBoost,0,0.6041666666666666,0.625,0.6045454545454546,0.625
AD Male vs Female,Frequency+Graph_PLV,Random Forest,1,0.6041666666666666,0.625,0.6045454545454546,0.625
AD Male vs Female,Frequency+Graph_PLV,XGBoost,1,0.6041666666666666,0.625,0.6045454545454546,0.625
AD Male vs Female,Frequency+Graph_PLV,Random Forest,2,0.6041666666666666,0.625,0.6045454545454546,0.625
AD Male vs Female,Frequency+Graph_PLV,XGBoost,2,0.390625,0.625,0.4807692307692308,0.625
AD Male vs Female,Frequency+Graph_PLV,Random Forest,3,0.6041666666666666,0.625,0.6045454545454546,0.625
AD Male vs Female,Frequency+Graph_PLV,XGBoost,3,0.390625,0.625,0.4807692307692308,0.625
AD Male vs Female,Frequency+Graph_PLV,Random Forest,4,0.6041666666666666,0.625,0.6045454545454546,0.625
AD Male vs Female,Frequency+Graph_PLV,XGBoost,4,0.6041666666666666,0.625,0.6045454545454546,0.625
AD Male vs Female,Frequency+Graph_PLV,Random Forest,5,0.5,0.5,0.5,0.5
AD Male vs Female,Frequency+Graph_PLV,XGBoost,5,0.5,0.5,0.5,0.5
AD Male vs Female,Frequency+Graph_PLV,Random Forest,6,0.6041666666666666,0.625,0.6045454545454546,0.625
AD Male vs Female,Frequency+Graph_PLV,XGBoost,6,0.5,0.5,0.5,0.5
AD Male vs Female,Frequency+Graph_PLV,Random Forest,7,0.6041666666666666,0.625,0.6045454545454546,0.625
AD Male vs Female,Frequency+Graph_PLV,XGBoost,7,0.3571428571428571,0.5,0.41666666666666663,0.5
AD Male vs Female,Frequency+Graph_PLV,Random Forest,8,0.3571428571428571,0.5,0.41666666666666663,0.5
AD Male vs Female,Frequency+Graph_PLV,XGBoost,8,0.6041666666666666,0.625,0.6045454545454546,0.625
AD Male vs Female,Frequency+Graph_PLV,Random Forest,9,0.5,0.5,0.5,0.5
AD Male vs Female,Frequency+Graph_PLV,XGBoost,9,0.5666666666666667,0.5,0.5,0.5
AD Male vs Female,Frequency+Graph_PLV,Random Forest,10,0.75,0.75,0.75,0.75
AD Male vs Female,Frequency+Graph_PLV,XGBoost,10,0.75,0.75,0.75,0.75
AD Male vs Female,Frequency+Graph_PLV,Random Forest,11,0.6041666666666666,0.625,0.6045454545454546,0.625
AD Male vs Female,Frequency+Graph_PLV,XGBoost,11,0.5,0.5,0.5,0.5
AD Male vs Female,Frequency+Graph_PLV,Random Forest,12,0.5,0.5,0.5,0.5
AD Male vs Female,Frequency+Graph_PLV,XGBoost,12,0.40625,0.375,0.38492063492063494,0.375
AD Male vs Female,Frequency+Graph_PLV,Random Forest,13,0.5,0.5,0.5,0.5
AD Male vs Female,Frequency+Graph_PLV,XGBoost,13,0.8214285714285714,0.75,0.7083333333333334,0.75
AD Male vs Female,Frequency+Graph_PLV,Random Forest,14,0.6041666666666666,0.625,0.6045454545454546,0.625
AD Male vs Female,Frequency+Graph_PLV,XGBoost,14,0.6041666666666666,0.625,0.6045454545454546,0.625
AD Male vs Female,Frequency+Graph_PLV,Random Forest,15,0.6041666666666666,0.625,0.6045454545454546,0.625
AD Male vs Female,Frequency+Graph_PLV,XGBoost,15,0.6041666666666666,0.625,0.6045454545454546,0.625
AD Male vs Female,Frequency+Graph_PLV,Random Forest,16,0.5,0.5,0.5,0.5
AD Male vs Female,Frequency+Graph_PLV,XGBoost,16,0.5,0.5,0.5,0.5
AD Male vs Female,Frequency+Graph_PLV,Random Forest,17,0.5,0.5,0.5,0.5
AD Male vs Female,Frequency+Graph_PLV,XGBoost,17,0.3571428571428571,0.5,0.41666666666666663,0.5
AD Male vs Female,Frequency+Graph_PLV,Random Forest,18,0.6041666666666666,0.625,0.6045454545454546,0.625
AD Male vs Female,Frequency+Graph_PLV,XGBoost,18,0.8214285714285714,0.75,0.7083333333333334,0.75
FTD Male vs Female,Frequency+Graph_PLV,Random Forest,0,1.0,1.0,1.0,1.0
FTD Male vs Female,Frequency+Graph_PLV,XGBoost,0,0.6,0.6,0.6,0.6
FTD Male vs Female,Frequency+Graph_PLV,Random Forest,1,0.8666666666666666,0.8,0.8,0.8
FTD Male vs Female,Frequency+Graph_PLV,XGBoost,1,0.4333333333333333,0.4,0.4,0.4
FTD Male vs Female,Frequency+Graph_PLV,Random Forest,2,0.6,0.6,0.6,0.6
FTD Male vs Female,Frequency+Graph_PLV,XGBoost,2,0.8,0.6,0.5666666666666667,0.6
FTD Male vs Female,Frequency+Graph_PLV,Random Forest,3,0.6,0.6,0.6,0.6
FTD Male vs Female,Frequency+Graph_PLV,XGBoost,3,0.6,0.6,0.6,0.6
FTD Male vs Female,Frequency+Graph_PLV,Random Forest,4,0.8666666666666666,0.8,0.8,0.8
FTD Male vs Female,Frequency+Graph_PLV,XGBoost,4,0.6,0.6,0.6,0.6
FTD Male vs Female,Frequency+Graph_PLV,Random Forest,5,0.8,0.6,0.5666666666666667,0.6
FTD Male vs Female,Frequency+Graph_PLV,XGBoost,5,0.2,0.2,0.2,0.2
FTD Male vs Female,Frequency+Graph_PLV,Random Forest,6,0.4333333333333333,0.4,0.4,0.4
FTD Male vs Female,Frequency+Graph_PLV,XGBoost,6,0.3,0.4,0.34285714285714286,0.4
FTD Male vs Female,Frequency+Graph_PLV,Random Forest,7,0.8666666666666666,0.8,0.8,0.8
FTD Male vs Female,Frequency+Graph_PLV,XGBoost,7,0.8666666666666666,0.8,0.8,0.8
FTD Male vs Female,Frequency+Graph_PLV,Random Forest,8,0.6,0.6,0.6,0.6
FTD Male vs Female,Frequency+Graph_PLV,XGBoost,8,0.36,0.6,0.45,0.6
FTD Male vs Female,Frequency+Graph_PLV,Random Forest,9,0.8,0.6,0.5666666666666667,0.6
FTD Male vs Female,Frequency+Graph_PLV,XGBoost,9,0.4333333333333333,0.4,0.4,0.4
FTD Male vs Female,Frequency+Graph_PLV,Random Forest,10,1.0,1.0,1.0,1.0
FTD Male vs Female,Frequency+Graph_PLV,XGBoost,10,0.3,0.4,0.34285714285714286,0.4
FTD Male vs Female,Frequency+Graph_PLV,Random Forest,11,0.6,0.6,0.6,0.6
FTD Male vs Female,Frequency+Graph_PLV,XGBoost,11,0.36,0.6,0.45,0.6
FTD Male vs Female,Frequency+Graph_PLV,Random Forest,12,0.85,0.8,0.7809523809523808,0.8
FTD Male vs Female,Frequency+Graph_PLV,XGBoost,12,0.2,0.2,0.2,0.2
FTD Male vs Female,Frequency+Graph_PLV,Random Forest,13,0.85,0.8,0.7809523809523808,0.8
FTD Male vs Female,Frequency+Graph_PLV,XGBoost,13,0.36,0.6,0.45,0.6
FTD Male vs Female,Frequency+Graph_PLV,Random Forest,14,0.4333333333333333,0.4,0.4,0.4
FTD Male vs Female,Frequency+Graph_PLV,XGBoost,14,0.6,0.6,0.6,0.6
FTD Male vs Female,Frequency+Graph_PLV,Random Forest,15,0.85,0.8,0.7809523809523808,0.8
FTD Male vs Female,Frequency+Graph_PLV,XGBoost,15,0.2,0.2,0.2,0.2
FTD Male vs Female,Frequency+Graph_PLV,Random Forest,16,0.6,0.6,0.6,0.6
FTD Male vs Female,Frequency+Graph_PLV,XGBoost,16,0.4333333333333333,0.4,0.4,0.4
FTD Male vs Female,Frequency+Graph_PLV,Random Forest,17,0.85,0.8,0.7809523809523808,0.8
FTD Male vs Female,Frequency+Graph_PLV,XGBoost,17,0.85,0.8,0.7809523809523808,0.8
FTD Male vs Female,Frequency+Graph_PLV,Random Forest,18,1.0,1.0,1.0,1.0
FTD Male vs Female,Frequency+Graph_PLV,XGBoost,18,0.6,0.6,0.6,0.6
Healthy vs Patient,Frequency+Graph_Corr,Random Forest,0,0.7738095238095238,0.7777777777777778,0.764102564102564,0.7777777777777778
Healthy vs Patient,Frequency+Graph_Corr,XGBoost,0,0.625,0.6666666666666666,0.6071428571428572,0.6666666666666666
Healthy vs Patient,Frequency+Graph_Corr,Random Forest,1,0.735930735930736,0.7222222222222222,0.7268673355629878,0.7222222222222222
Healthy vs Patient,Frequency+Graph_Corr,XGBoost,1,0.5948717948717949,0.6111111111111112,0.6012121212121212,0.6111111111111112
Healthy vs Patient,Frequency+Graph_Corr,Random Forest,2,0.6666666666666666,0.6666666666666666,0.6666666666666666,0.6666666666666666
Healthy vs Patient,Frequency+Graph_Corr,XGBoost,2,0.735930735930736,0.7222222222222222,0.7268673355629878,0.7222222222222222
Healthy vs Patient,Frequency+Graph_Corr,Random Forest,3,0.5948717948717949,0.6111111111111112,0.6012121212121212,0.6111111111111112
Healthy vs Patient,Frequency+Graph_Corr,XGBoost,3,0.6666666666666666,0.6666666666666666,0.6666666666666666,0.6666666666666666
Healthy vs Patient,Frequency+Graph_Corr,Random Forest,4,0.7000000000000001,0.6666666666666666,0.6753246753246753,0.6666666666666666
Healthy vs Patient,Frequency+Graph_Corr,XGBoost,4,0.8083333333333333,0.7777777777777778,0.7835497835497836,0.7777777777777778
Healthy vs Patient,Frequency+Graph_Corr,Random Forest,5,0.5555555555555556,0.6111111111111112,0.5679012345679013,0.6111111111111112
Healthy vs Patient,Frequency+Graph_Corr,XGBoost,5,0.711111111111111,0.7222222222222222,0.691358024691358,0.7222222222222222
Healthy vs Patient,Frequency+Graph_Corr,Random Forest,6,0.5948717948717949,0.6111111111111112,0.6012121212121212,0.6111111111111112
Healthy vs Patient,Frequency+Graph_Corr,XGBoost,6,0.7777777777777778,0.7777777777777778,0.7777777777777778,0.7777777777777778
Healthy vs Patient,Frequency+Graph_Corr,Random Forest,7,0.5948717948717949,0.6111111111111112,0.6012121212121212,0.6111111111111112
Healthy vs Patient,Frequency+Graph_Corr,XGBoost,7,0.625,0.6666666666666666,0.6071428571428572,0.6666666666666666
Healthy vs Patient,Frequency+Graph_Corr,Random Forest,8,0.5948717948717949,0.6111111111111112,0.6012121212121212,0.6111111111111112
Healthy vs Patient,Frequency+Graph_Corr,XGBoost,8,0.6666666666666666,0.6666666666666666,0.6666666666666666,0.6666666666666666
Healthy vs Patient,Frequency+Graph_Corr,Random Forest,9,0.8307692307692308,0.8333333333333334,0.8290909090909091,0.8333333333333334
Healthy vs Patient,Frequency+Graph_Corr,XGBoost,9,0.7777777777777778,0.7777777777777778,0.7777777777777778,0.7777777777777778
Healthy vs Patient,Frequency+Graph_Corr,Random Forest,10,0.5555555555555556,0.6111111111111112,0.5679012345679013,0.6111111111111112
Healthy vs Patient,Frequency+Graph_Corr,XGBoost,10,0.6428571428571428,0.6666666666666666,0.6461538461538462,0.6666666666666666
Healthy vs Patient,Frequency+Graph_Corr,Random Forest,11,0.711111111111111,0.7222222222222222,0.691358024691358,0.7222222222222222
Healthy vs Patient,Frequency+Graph_Corr,XGBoost,11,0.7738095238095238,0.7777777777777778,0.764102564102564,0.7777777777777778
Healthy vs Patient,Frequency+Graph_Corr,Random Forest,12,0.8333333333333334,0.7777777777777778,0.738095238095238,0.7777777777777778
Healthy vs Patient,Frequency+Graph_Corr,XGBoost,12,0.8333333333333334,0.7777777777777778,0.738095238095238,0.7777777777777778
Healthy vs Patient,Frequency+Graph_Corr,Random Forest,13,0.7777777777777778,0.7777777777777778,0.7777777777777778,0.7777777777777778
Healthy vs Patient,Frequency+Graph_Corr,XGBoost,13,0.8888888888888888,0.8888888888888888,0.8888888888888888,0.8888888888888888
Healthy vs Patient,Frequency+Graph_Corr,Random Forest,14,0.6277056277056277,0.6111111111111112,0.6176142697881828,0.6111111111111112
Healthy vs Patient,Frequency+Graph_Corr,XGBoost,14,0.6666666666666666,0.6666666666666666,0.6666666666666666,0.6666666666666666
Healthy vs Patient,Frequency+Graph_Corr,Random Forest,15,0.6428571428571428,0.6666666666666666,0.6461538461538462,0.6666666666666666
Healthy vs Patient,Frequency+Graph_Corr,XGBoost,15,0.7128205128205128,0.7222222222222222,0.7151515151515153,0.7222222222222222
Healthy vs Patient,Frequency+Graph_Corr,Random Forest,16,0.8666666666666667,0.8333333333333334,0.8148148148148148,0.8333333333333334
Healthy vs Patient,Frequency+Graph_Corr,XGBoost,16,0.711111111111111,0.7222222222222222,0.691358024691358,0.7222222222222222
Healthy vs Patient,Frequency+Graph_Corr,Random Forest,17,0.711111111111111,0.7222222222222222,0.691358024691358,0.7222222222222222
Healthy vs Patient,Frequency+Graph_Corr,XGBoost,17,0.7128205128205128,0.7222222222222222,0.7151515151515153,0.7222222222222222
Healthy vs Patient,Frequency+Graph_Corr,Random Forest,18,0.8441558441558441,0.8333333333333334,0.8361204013377928,0.8333333333333334
Healthy vs Patient,Frequency+Graph_Corr,XGBoost,18,0.7777777777777778,0.7777777777777778,0.7777777777777778,0.7777777777777778
Healthy vs AD,Frequency+Graph_Corr,Random Forest,0,0.7051282051282051,0.6923076923076923,0.6807692307692308,0.6923076923076923
Healthy vs AD,Frequency+Graph_Corr,XGBoost,0,0.6923076923076923,0.6923076923076923,0.6923076923076923,0.6923076923076923
Healthy vs AD,Frequency+Graph_Corr,Random Forest,1,0.8461538461538461,0.8461538461538461,0.8461538461538461,0.8461538461538461
Healthy vs AD,Frequency+Graph_Corr,XGBoost,1,0.6923076923076923,0.6923076923076923,0.6923076923076923,0.6923076923076923
Healthy vs AD,Frequency+Graph_Corr,Random Forest,2,0.4230769230769231,0.46153846153846156,0.4193061840120664,0.46153846153846156
Healthy vs AD,Frequency+Graph_Corr,XGBoost,2,0.4230769230769231,0.46153846153846156,0.4193061840120664,0.46153846153846156
Healthy vs AD,Frequency+Graph_Corr,Random Forest,3,0.38461538461538464,0.38461538461538464,0.38461538461538464,0.38461538461538464
Healthy vs AD,Frequency+Graph_Corr,XGBoost,3,0.31135531135531136,0.3076923076923077,0.3076923076923077,0.3076923076923077
Healthy vs AD,Frequency+Graph_Corr,Random Forest,4,0.6227106227106227,0.6153846153846154,0.6153846153846154,0.6153846153846154
Healthy vs AD,Frequency+Graph_Corr,XGBoost,4,0.7730769230769231,0.7692307692307693,0.7664335664335665,0.7692307692307693
Healthy vs AD,Frequency+Graph_Corr,Random Forest,5,0.5384615384615384,0.5384615384615384,0.5384615384615384,0.5384615384615384
Healthy vs AD,Frequency+Graph_Corr,XGBoost,5,0.5384615384615384,0.5384615384615384,0.5384615384615384,0.5384615384615384
Healthy vs AD,Frequency+Graph_Corr,Random Forest,6,0.6307692307692307,0.6153846153846154,0.5852187028657616,0.6153846153846154
Healthy vs AD,Frequency+Graph_Corr,XGBoost,6,0.6227106227106227,0.6153846153846154,0.6153846153846154,0.6153846153846154
Healthy vs AD,Frequency+Graph_Corr,Random Forest,7,0.28994082840236685,0.5384615384615384,0.37692307692307686,0.5384615384615384
Healthy vs AD,Frequency+Graph_Corr,XGBoost,7,0.7756410256410257,0.6153846153846154,0.5286292654713708,0.6153846153846154
Healthy vs AD,Frequency+Graph_Corr,Random Forest,8,0.6307692307692307,0.6153846153846154,0.5852187028657616,0.6153846153846154
Healthy vs AD,Frequency+Graph_Corr,XGBoost,8,0.5244755244755245,0.5384615384615384,0.47435897435897434,0.5384615384615384
Healthy vs AD,Frequency+Graph_Corr,Random Forest,9,0.6134615384615384,0.6153846153846154,0.6107226107226107,0.6153846153846154
Healthy vs AD,Frequency+Graph_Corr,XGBoost,9,0.7730769230769231,0.7692307692307693,0.7664335664335665,0.7692307692307693
Healthy vs AD,Frequency+Graph_Corr,Random Forest,10,0.5244755244755245,0.5384615384615384,0.47435897435897434,0.5384615384615384
Healthy vs AD,Frequency+Graph_Corr,XGBoost,10,0.6307692307692307,0.6153846153846154,0.5852187028657616,0.6153846153846154
Healthy vs AD,Frequency+Graph_Corr,Random Forest,11,0.8384615384615384,0.7692307692307693,0.7511312217194571,0.7692307692307693
Healthy vs AD,Frequency+Graph_Corr,XGBoost,11,0.7051282051282051,0.6923076923076923,0.6807692307692308,0.6923076923076923
Healthy vs AD,Frequency+Graph_Corr,Random Forest,12,0.804195804195804,0.6923076923076923,0.6495726495726496,0.6923076923076923
Healthy vs AD,Frequency+Graph_Corr,XGBoost,12,0.804195804195804,0.6923076923076923,0.6495726495726496,0.6923076923076923
Healthy vs AD,Frequency+Graph_Corr,Random Forest,13,0.7051282051282051,0.6923076923076923,0.6807692307692308,0.6923076923076923
Healthy vs AD,Frequency+Graph_Corr,XGBoost,13,0.7051282051282051,0.6923076923076923,0.6807692307692308,0.6923076923076923
Healthy vs AD,Frequency+Graph_Corr,Random Forest,14,0.4538461538461539,0.46153846153846156,0.455011655011655,0.46153846153846156
Healthy vs AD,Frequency+Graph_Corr,XGBoost,14,0.5384615384615384,0.5384615384615384,0.5384615384615384,0.5384615384615384
Healthy vs AD,Frequency+Graph_Corr,Random Forest,15,0.6134615384615384,0.6153846153846154,0.6107226107226107,0.6153846153846154
Healthy vs AD,Frequency+Graph_Corr,XGBoost,15,0.6134615384615384,0.6153846153846154,0.6107226107226107,0.6153846153846154
Healthy vs AD,Frequency+Graph_Corr,Random Forest,16,0.7730769230769231,0.7692307692307693,0.7664335664335665,0.7692307692307693
Healthy vs AD,Frequency+Graph_Corr,XGBoost,16,0.6923076923076923,0.6923076923076923,0.6923076923076923,0.6923076923076923
Healthy vs AD,Frequency+Graph_Corr,Random Forest,17,0.8384615384615384,0.7692307692307693,0.7511312217194571,0.7692307692307693
Healthy vs AD,Frequency+Graph_Corr,XGBoost,17,0.5299145299145299,0.5384615384615384,0.5211538461538462,0.5384615384615384
Healthy vs AD,Frequency+Graph_Corr,Random Forest,18,0.6307692307692307,0.6153846153846154,0.5852187028657616,0.6153846153846154
Healthy vs AD,Frequency+Graph_Corr,XGBoost,18,0.6307692307692307,0.6153846153846154,0.5852187028657616,0.6153846153846154
Healthy vs FTD,Frequency+Graph_Corr,Random Forest,0,0.7393939393939394,0.7272727272727273,0.7272727272727273,0.7272727272727273
Healthy vs FTD,Frequency+Graph_Corr,XGBoost,0,0.6363636363636364,0.6363636363636364,0.6363636363636364,0.6363636363636364
Healthy vs FTD,Frequency+Graph_Corr,Random Forest,1,0.6363636363636364,0.6363636363636364,0.6363636363636364,0.6363636363636364
Healthy vs FTD,Frequency+Graph_Corr,XGBoost,1,0.8181818181818182,0.8181818181818182,0.8181818181818182,0.8181818181818182
Healthy vs FTD,Frequency+Graph_Corr,Random Forest,2,0.538961038961039,0.5454545454545454,0.5376845376845377,0.5454545454545454
Healthy vs FTD,Frequency+Graph_Corr,XGBoost,2,0.4242424242424242,0.45454545454545453,0.4253246753246753,0.45454545454545453
Healthy vs FTD,Frequency+Graph_Corr,Random Forest,3,0.3474025974025974,0.36363636363636365,0.35275835275835277,0.36363636363636365
Healthy vs FTD,Frequency+Graph_Corr,XGBoost,3,0.3474025974025974,0.36363636363636365,0.35275835275835277,0.36363636363636365
Healthy vs FTD,Frequency+Graph_Corr,Random Forest,4,0.5545454545454546,0.5454545454545454,0.5454545454545454,0.5454545454545454
Healthy vs FTD,Frequency+Graph_Corr,XGBoost,4,0.46753246753246747,0.45454545454545453,0.4454545454545455,0.45454545454545453
Healthy vs FTD,Frequency+Graph_Corr,Random Forest,5,0.6363636363636364,0.6363636363636364,0.6363636363636364,0.6363636363636364
Healthy vs FTD,Frequency+Graph_Corr,XGBoost,5,0.538961038961039,0.5454545454545454,0.5376845376845377,0.5454545454545454
Healthy vs FTD,Frequency+Graph_Corr,Random Forest,6,0.6363636363636364,0.6363636363636364,0.6363636363636364,0.6363636363636364
Healthy vs FTD,Frequency+Graph_Corr,XGBoost,6,0.538961038961039,0.5454545454545454,0.5376845376845377,0.5454545454545454
Healthy vs FTD,Frequency+Graph_Corr,Random Forest,7,0.3474025974025974,0.36363636363636365,0.35275835275835277,0.36363636363636365
Healthy vs FTD,Frequency+Graph_Corr,XGBoost,7,0.45454545454545453,0.45454545454545453,0.45454545454545453,0.45454545454545453
Healthy vs FTD,Frequency+Graph_Corr,Random Forest,8,0.538961038961039,0.5454545454545454,0.5376845376845377,0.5454545454545454
Healthy vs FTD,Frequency+Graph_Corr,XGBoost,8,0.538961038961039,0.5454545454545454,0.5376845376845377,0.5454545454545454
Healthy vs FTD,Frequency+Graph_Corr,Random Forest,9,0.3474025974025974,0.36363636363636365,0.35275835275835277,0.36363636363636365
Healthy vs FTD,Frequency+Graph_Corr,XGBoost,9,0.45454545454545453,0.45454545454545453,0.45454545454545453,0.45454545454545453
Healthy vs FTD,Frequency+Graph_Corr,Random Forest,10,0.7305194805194805,0.7272727272727273,0.7226107226107227,0.7272727272727273
Healthy vs FTD,Frequency+Graph_Corr,XGBoost,10,0.5545454545454546,0.5454545454545454,0.5454545454545454,0.5454545454545454
Healthy vs FTD,Frequency+Graph_Corr,Random Forest,11,0.538961038961039,0.5454545454545454,0.5376845376845377,0.5454545454545454
Healthy vs FTD,Frequency+Graph_Corr,XGBoost,11,0.5545454545454546,0.5454545454545454,0.5454545454545454,0.5454545454545454
Healthy vs FTD,Frequency+Graph_Corr,Random Forest,12,0.538961038961039,0.5454545454545454,0.5376845376845377,0.5454545454545454
Healthy vs FTD,Frequency+Graph_Corr,XGBoost,12,0.8181818181818182,0.8181818181818182,0.8181818181818182,0.8181818181818182
Healthy vs FTD,Frequency+Graph_Corr,Random Forest,13,0.45454545454545453,0.45454545454545453,0.45454545454545453,0.45454545454545453
Healthy vs FTD,Frequency+Graph_Corr,XGBoost,13,0.45454545454545453,0.45454545454545453,0.45454545454545453,0.45454545454545453
Healthy vs FTD,Frequency+Graph_Corr,Random Forest,14,0.538961038961039,0.5454545454545454,0.5376845376845377,0.5454545454545454
Healthy vs FTD,Frequency+Graph_Corr,XGBoost,14,0.3696969696969697,0.36363636363636365,0.36363636363636365,0.36363636363636365
Healthy vs FTD,Frequency+Graph_Corr,Random Forest,15,0.6363636363636364,0.6363636363636364,0.6363636363636364,0.6363636363636364
Healthy vs FTD,Frequency+Graph_Corr,XGBoost,15,0.5545454545454546,0.5454545454545454,0.5454545454545454,0.5454545454545454
Healthy vs FTD,Frequency+Graph_Corr,Random Forest,16,0.6363636363636364,0.6363636363636364,0.6363636363636364,0.6363636363636364
Healthy vs FTD,Frequency+Graph_Corr,XGBoost,16,0.7305194805194805,0.7272727272727273,0.7226107226107227,0.7272727272727273
Healthy vs FTD,Frequency+Graph_Corr,Random Forest,17,0.538961038961039,0.5454545454545454,0.5376845376845377,0.5454545454545454
Healthy vs FTD,Frequency+Graph_Corr,XGBoost,17,0.5545454545454546,0.5454545454545454,0.5454545454545454,0.5454545454545454
Healthy vs FTD,Frequency+Graph_Corr,Random Forest,18,0.538961038961039,0.5454545454545454,0.5376845376845377,0.5454545454545454
Healthy vs FTD,Frequency+Graph_Corr,XGBoost,18,0.7305194805194805,0.7272727272727273,0.7226107226107227,0.7272727272727273
AD vs FTD,Frequency+Graph_Corr,Random Forest,0,0.25925925925925924,0.3333333333333333,0.2916666666666667,0.3333333333333333
AD vs FTD,Frequency+Graph_Corr,XGBoost,0,0.5583333333333333,0.5833333333333334,0.530812324929972,0.5833333333333334
AD vs FTD,Frequency+Graph_Corr,Random Forest,1,0.6666666666666666,0.6666666666666666,0.6666666666666666,0.6666666666666666
AD vs FTD,Frequency+Graph_Corr,XGBoost,1,0.5,0.5,0.5,0.5
AD vs FTD,Frequency+Graph_Corr,Random Forest,2,0.46296296296296297,0.5,0.46875,0.5
AD vs FTD,Frequency+Graph_Corr,XGBoost,2,0.3958333333333333,0.4166666666666667,0.40370370370370373,0.4166666666666667
AD vs FTD,Frequency+Graph_Corr,Random Forest,3,0.3333333333333333,0.3333333333333333,0.3333333333333333,0.3333333333333333
AD vs FTD,Frequency+Graph_Corr,XGBoost,3,0.75,0.75,0.7444444444444445,0.75
AD vs FTD,Frequency+Graph_Corr,Random Forest,4,0.5583333333333333,0.5833333333333334,0.530812324929972,0.5833333333333334
AD vs FTD,Frequency+Graph_Corr,XGBoost,4,0.75,0.75,0.7444444444444445,0.75
AD vs FTD,Frequency+Graph_Corr,Random Forest,5,0.5729166666666666,0.5833333333333334,0.5740740740740741,0.5833333333333334
AD vs FTD,Frequency+Graph_Corr,XGBoost,5,0.46296296296296297,0.5,0.46875,0.5
AD vs FTD,Frequency+Graph_Corr,Random Forest,6,0.8703703703703703,0.8333333333333334,0.8229166666666666,0.8333333333333334
AD vs FTD,Frequency+Graph_Corr,XGBoost,6,0.6666666666666666,0.6666666666666666,0.6666666666666666,0.6666666666666666
AD vs FTD,Frequency+Graph_Corr,Random Forest,7,0.34027777777777785,0.5833333333333334,0.4298245614035088,0.5833333333333334
AD vs FTD,Frequency+Graph_Corr,XGBoost,7,0.2916666666666667,0.4166666666666667,0.34313725490196084,0.4166666666666667
AD vs FTD,Frequency+Graph_Corr,Random Forest,8,0.7878787878787877,0.6666666666666666,0.5925925925925926,0.6666666666666666
AD vs FTD,Frequency+Graph_Corr,XGBoost,8,0.7878787878787877,0.6666666666666666,0.5925925925925926,0.6666666666666666
AD vs FTD,Frequency+Graph_Corr,Random Forest,9,0.8703703703703703,0.8333333333333334,0.8229166666666666,0.8333333333333334
AD vs FTD,Frequency+Graph_Corr,XGBoost,9,0.8703703703703703,0.8333333333333334,0.8229166666666666,0.8333333333333334
AD vs FTD,Frequency+Graph_Corr,Random Forest,10,0.5729166666666666,0.5833333333333334,0.5740740740740741,0.5833333333333334
AD vs FTD,Frequency+Graph_Corr,XGBoost,10,0.46296296296296297,0.5,0.46875,0.5
AD vs FTD,Frequency+Graph_Corr,Random Forest,11,0.3958333333333333,0.4166666666666667,0.40370370370370373,0.4166666666666667
AD vs FTD,Frequency+Graph_Corr,XGBoost,11,0.3958333333333333,0.4166666666666667,0.40370370370370373,0.4166666666666667
AD vs FTD,Frequency+Graph_Corr,Random Forest,12,0.46296296296296297,0.5,0.46875,0.5
AD vs FTD,Frequency+Graph_Corr,XGBoost,12,0.2916666666666667,0.4166666666666667,0.34313725490196084,0.4166666666666667
AD vs FTD,Frequency+Graph_Corr,Random Forest,13,0.3181818181818182,0.5,0.38888888888888884,0.5
AD vs FTD,Frequency+Graph_Corr,XGBoost,13,0.2916666666666667,0.4166666666666667,0.34313725490196084,0.4166666666666667
AD vs FTD,Frequency+Graph_Corr,Random Forest,14,0.5583333333333333,0.5833333333333334,0.530812324929972,0.5833333333333334
AD vs FTD,Frequency+Graph_Corr,XGBoost,14,0.763888888888889,0.75,0.7517482517482518,0.75
AD vs FTD,Frequency+Graph_Corr,Random Forest,15,0.75,0.75,0.7444444444444445,0.75
AD vs FTD,Frequency+Graph_Corr,XGBoost,15,0.8249999999999998,0.75,0.7184873949579832,0.75
AD vs FTD,Frequency+Graph_Corr,Random Forest,16,0.8703703703703703,0.8333333333333334,0.8229166666666666,0.8333333333333334
AD vs FTD,Frequency+Graph_Corr,XGBoost,16,0.7878787878787877,0.6666666666666666,0.5925925925925926,0.6666666666666666
AD vs FTD,Frequency+Graph_Corr,Random Forest,17,0.6666666666666666,0.6666666666666666,0.6666666666666666,0.6666666666666666
AD vs FTD,Frequency+Graph_Corr,XGBoost,17,0.6666666666666666,0.6666666666666666,0.6666666666666666,0.6666666666666666
AD vs FTD,Frequency+Graph_Corr,Random Forest,18,0.5285714285714286,0.5,0.5,0.5
AD vs FTD,Frequency+Graph_Corr,XGBoost,18,0.7047619047619048,0.6666666666666666,0.6666666666666666,0.6666666666666666
AD Male vs Female,Frequency+Graph_Corr,Random Forest,0,0.5,0.5,0.5,0.5
AD Male vs Female,Frequency+Graph_Corr,XGBoost,0,0.6041666666666666,0.625,0.6045454545454546,0.625
AD Male vs Female,Frequency+Graph_Corr,Random Forest,1,0.6041666666666666,0.625,0.6045454545454546,0.625
AD Male vs Female,Frequency+Graph_Corr,XGBoost,1,0.3571428571428571,0.5,0.41666666666666663,0.5
AD Male vs Female,Frequency+Graph_Corr,Random Forest,2,0.6041666666666666,0.625,0.6045454545454546,0.625
AD Male vs Female,Frequency+Graph_Corr,XGBoost,2,0.390625,0.625,0.4807692307692308,0.625
AD Male vs Female,Frequency+Graph_Corr,Random Forest,3,0.75,0.75,0.75,0.75
AD Male vs Female,Frequency+Graph_Corr,XGBoost,3,0.8958333333333334,0.875,0.8681818181818182,0.875
AD Male vs Female,Frequency+Graph_Corr,Random Forest,4,0.6041666666666666,0.625,0.6045454545454546,0.625
AD Male vs Female,Frequency+Graph_Corr,XGBoost,4,0.5,0.5,0.5,0.5
AD Male vs Female,Frequency+Graph_Corr,Random Forest,5,0.5,0.5,0.5,0.5
AD Male vs Female,Frequency+Graph_Corr,XGBoost,5,0.5,0.5,0.5,0.5
AD Male vs Female,Frequency+Graph_Corr,Random Forest,6,0.3571428571428571,0.5,0.41666666666666663,0.5
AD Male vs Female,Frequency+Graph_Corr,XGBoost,6,0.3571428571428571,0.5,0.41666666666666663,0.5
AD Male vs Female,Frequency+Graph_Corr,Random Forest,7,0.6041666666666666,0.625,0.6045454545454546,0.625
AD Male vs Female,Frequency+Graph_Corr,XGBoost,7,0.6041666666666666,0.625,0.6045454545454546,0.625
AD Male vs Female,Frequency+Graph_Corr,Random Forest,8,0.6041666666666666,0.625,0.6045454545454546,0.625
AD Male vs Female,Frequency+Graph_Corr,XGBoost,8,0.75,0.75,0.75,0.75
AD Male vs Female,Frequency+Graph_Corr,Random Forest,9,0.6041666666666666,0.625,0.6045454545454546,0.625
AD Male vs Female,Frequency+Graph_Corr,XGBoost,9,0.65625,0.625,0.6309523809523809,0.625
AD Male vs Female,Frequency+Graph_Corr,Random Forest,10,0.6041666666666666,0.625,0.6045454545454546,0.625
AD Male vs Female,Frequency+Graph_Corr,XGBoost,10,0.6041666666666666,0.625,0.6045454545454546,0.625
AD Male vs Female,Frequency+Graph_Corr,Random Forest,11,0.6041666666666666,0.625,0.6045454545454546,0.625
AD Male vs Female,Frequency+Graph_Corr,XGBoost,11,0.3125,0.375,0.3409090909090909,0.375
AD Male vs Female,Frequency+Graph_Corr,Random Forest,12,0.6041666666666666,0.625,0.6045454545454546,0.625
AD Male vs Female,Frequency+Graph_Corr,XGBoost,12,0.6041666666666666,0.625,0.6045454545454546,0.625
AD Male vs Female,Frequency+Graph_Corr,Random Forest,13,0.6041666666666666,0.625,0.6045454545454546,0.625
AD Male vs Female,Frequency+Graph_Corr,XGBoost,13,0.6041666666666666,0.625,0.6045454545454546,0.625
AD Male vs Female,Frequency+Graph_Corr,Random Forest,14,0.6041666666666666,0.625,0.6045454545454546,0.625
AD Male vs Female,Frequency+Graph_Corr,XGBoost,14,0.6041666666666666,0.625,0.6045454545454546,0.625
AD Male vs Female,Frequency+Graph_Corr,Random Forest,15,0.6041666666666666,0.625,0.6045454545454546,0.625
AD Male vs Female,Frequency+Graph_Corr,XGBoost,15,0.390625,0.625,0.4807692307692308,0.625
AD Male vs Female,Frequency+Graph_Corr,Random Forest,16,0.5,0.5,0.5,0.5
AD Male vs Female,Frequency+Graph_Corr,XGBoost,16,0.40625,0.375,0.38492063492063494,0.375
AD Male vs Female,Frequency+Graph_Corr,Random Forest,17,0.5,0.5,0.5,0.5
AD Male vs Female,Frequency+Graph_Corr,XGBoost,17,0.6041666666666666,0.625,0.6045454545454546,0.625
AD Male vs Female,Frequency+Graph_Corr,Random Forest,18,0.6041666666666666,0.625,0.6045454545454546,0.625
AD Male vs Female,Frequency+Graph_Corr,XGBoost,18,0.6041666666666666,0.625,0.6045454545454546,0.625
FTD Male vs Female,Frequency+Graph_Corr,Random Forest,0,0.85,0.8,0.7809523809523808,0.8
FTD Male vs Female,Frequency+Graph_Corr,XGBoost,0,0.36,0.6,0.45,0.6
FTD Male vs Female,Frequency+Graph_Corr,Random Forest,1,0.85,0.8,0.7809523809523808,0.8
FTD Male vs Female,Frequency+Graph_Corr,XGBoost,1,0.8,0.6,0.5666666666666667,0.6
FTD Male vs Female,Frequency+Graph_Corr,Random Forest,2,0.3,0.4,0.34285714285714286,0.4
FTD Male vs Female,Frequency+Graph_Corr,XGBoost,2,0.6,0.6,0.6,0.6
FTD Male vs Female,Frequency+Graph_Corr,Random Forest,3,0.6,0.6,0.6,0.6
FTD Male vs Female,Frequency+Graph_Corr,XGBoost,3,0.4333333333333333,0.4,0.4,0.4
FTD Male vs Female,Frequency+Graph_Corr,Random Forest,4,0.6,0.6,0.6,0.6
FTD Male vs Female,Frequency+Graph_Corr,XGBoost,4,0.36,0.6,0.45,0.6
FTD Male vs Female,Frequency+Graph_Corr,Random Forest,5,0.8,0.6,0.5666666666666667,0.6
FTD Male vs Female,Frequency+Graph_Corr,XGBoost,5,1.0,1.0,1.0,1.0
FTD Male vs Female,Frequency+Graph_Corr,Random Forest,6,0.8,0.6,0.5666666666666667,0.6
FTD Male vs Female,Frequency+Graph_Corr,XGBoost,6,0.4333333333333333,0.4,0.4,0.4
FTD Male vs Female,Frequency+Graph_Corr,Random Forest,7,0.6,0.6,0.6,0.6
FTD Male vs Female,Frequency+Graph_Corr,XGBoost,7,1.0,1.0,1.0,1.0
FTD Male vs Female,Frequency+Graph_Corr,Random Forest,8,0.36,0.6,0.45,0.6
FTD Male vs Female,Frequency+Graph_Corr,XGBoost,8,0.36,0.6,0.45,0.6
FTD Male vs Female,Frequency+Graph_Corr,Random Forest,9,0.8666666666666666,0.8,0.8,0.8
FTD Male vs Female,Frequency+Graph_Corr,XGBoost,9,0.1,0.2,0.13333333333333333,0.2
FTD Male vs Female,Frequency+Graph_Corr,Random Forest,10,0.36,0.6,0.45,0.6
FTD Male vs Female,Frequency+Graph_Corr,XGBoost,10,0.3,0.4,0.34285714285714286,0.4
FTD Male vs Female,Frequency+Graph_Corr,Random Forest,11,0.6,0.6,0.6,0.6
FTD Male vs Female,Frequency+Graph_Corr,XGBoost,11,0.4333333333333333,0.4,0.4,0.4
FTD Male vs Female,Frequency+Graph_Corr,Random Forest,12,0.85,0.8,0.7809523809523808,0.8
FTD Male vs Female,Frequency+Graph_Corr,XGBoost,12,0.2,0.2,0.2,0.2
FTD Male vs Female,Frequency+Graph_Corr,Random Forest,13,0.85,0.8,0.7809523809523808,0.8
FTD Male vs Female,Frequency+Graph_Corr,XGBoost,13,0.85,0.8,0.7809523809523808,0.8
FTD Male vs Female,Frequency+Graph_Corr,Random Forest,14,0.6,0.6,0.6,0.6
FTD Male vs Female,Frequency+Graph_Corr,XGBoost,14,0.6,0.6,0.6,0.6
FTD Male vs Female,Frequency+Graph_Corr,Random Forest,15,0.6,0.6,0.6,0.6
FTD Male vs Female,Frequency+Graph_Corr,XGBoost,15,0.3,0.4,0.34285714285714286,0.4
FTD Male vs Female,Frequency+Graph_Corr,Random Forest,16,0.6,0.6,0.6,0.6
FTD Male vs Female,Frequency+Graph_Corr,XGBoost,16,0.85,0.8,0.7809523809523808,0.8
FTD Male vs Female,Frequency+Graph_Corr,Random Forest,17,1.0,1.0,1.0,1.0
FTD Male vs Female,Frequency+Graph_Corr,XGBoost,17,0.85,0.8,0.7809523809523808,0.8
FTD Male vs Female,Frequency+Graph_Corr,Random Forest,18,0.8666666666666666,0.8,0.8,0.8
FTD Male vs Female,Frequency+Graph_Corr,XGBoost,18,0.8,0.6,0.5666666666666667,0.6
Healthy vs Patient,Graph_MI+Graph_PLV,Random Forest,0,0.6666666666666666,0.6666666666666666,0.6666666666666666,0.6666666666666666
Healthy vs Patient,Graph_MI+Graph_PLV,XGBoost,0,0.6277056277056277,0.6111111111111112,0.6176142697881828,0.6111111111111112
Healthy vs Patient,Graph_MI+Graph_PLV,Random Forest,1,0.5555555555555556,0.5555555555555556,0.5555555555555556,0.5555555555555556
Healthy vs Patient,Graph_MI+Graph_PLV,XGBoost,1,0.5555555555555556,0.6111111111111112,0.5679012345679013,0.6111111111111112
Healthy vs Patient,Graph_MI+Graph_PLV,Random Forest,2,0.43137254901960786,0.6111111111111112,0.5057471264367815,0.6111111111111112
Healthy vs Patient,Graph_MI+Graph_PLV,XGBoost,2,0.711111111111111,0.7222222222222222,0.691358024691358,0.7222222222222222
Healthy vs Patient,Graph_MI+Graph_PLV,Random Forest,3,0.6428571428571428,0.6666666666666666,0.6461538461538462,0.6666666666666666
Healthy vs Patient,Graph_MI+Graph_PLV,XGBoost,3,0.511904761904762,0.5555555555555556,0.5282051282051281,0.5555555555555556
Healthy vs Patient,Graph_MI+Graph_PLV,Random Forest,4,0.8666666666666667,0.8333333333333334,0.8148148148148148,0.8333333333333334
Healthy vs Patient,Graph_MI+Graph_PLV,XGBoost,4,0.711111111111111,0.7222222222222222,0.691358024691358,0.7222222222222222
Healthy vs Patient,Graph_MI+Graph_PLV,Random Forest,5,0.8307692307692308,0.8333333333333334,0.8290909090909091,0.8333333333333334
Healthy vs Patient,Graph_MI+Graph_PLV,XGBoost,5,0.6666666666666666,0.6666666666666666,0.6666666666666666,0.6666666666666666
Healthy vs Patient,Graph_MI+Graph_PLV,Random Forest,6,0.476923076923077,0.5,0.4872727272727272,0.5
Healthy vs Patient,Graph_MI+Graph_PLV,XGBoost,6,0.511904761904762,0.5555555555555556,0.5282051282051281,0.5555555555555556
Healthy vs Patient,Graph_MI+Graph_PLV,Random Forest,7,0.5555555555555556,0.5555555555555556,0.5555555555555556,0.5555555555555556
Healthy vs Patient,Graph_MI+Graph_PLV,XGBoost,7,0.6277056277056277,0.6111111111111112,0.6176142697881828,0.6111111111111112
Healthy vs Patient,Graph_MI+Graph_PLV,Random Forest,8,0.511904761904762,0.5555555555555556,0.5282051282051281,0.5555555555555556
Healthy vs Patient,Graph_MI+Graph_PLV,XGBoost,8,0.4444444444444444,0.4444444444444444,0.4444444444444444,0.4444444444444444
Healthy vs Patient,Graph_MI+Graph_PLV,Random Forest,9,0.6428571428571428,0.6666666666666666,0.6461538461538462,0.6666666666666666
Healthy vs Patient,Graph_MI+Graph_PLV,XGBoost,9,0.5948717948717949,0.6111111111111112,0.6012121212121212,0.6111111111111112
Healthy vs Patient,Graph_MI+Graph_PLV,Random Forest,10,0.5555555555555556,0.6111111111111112,0.5679012345679013,0.6111111111111112
Healthy vs Patient,Graph_MI+Graph_PLV,XGBoost,10,0.38095238095238093,0.4444444444444444,0.4102564102564103,0.4444444444444444
Healthy vs Patient,Graph_MI+Graph_PLV,Random Forest,11,0.4444444444444444,0.4444444444444444,0.4444444444444444,0.4444444444444444
Healthy vs Patient,Graph_MI+Graph_PLV,XGBoost,11,0.7000000000000001,0.6666666666666666,0.6753246753246753,0.6666666666666666
Healthy vs Patient,Graph_MI+Graph_PLV,Random Forest,12,0.803921568627451,0.7222222222222222,0.6469622331691297,0.7222222222222222
Healthy vs Patient,Graph_MI+Graph_PLV,XGBoost,12,0.7128205128205128,0.7222222222222222,0.7151515151515153,0.7222222222222222
Healthy vs Patient,Graph_MI+Graph_PLV,Random Forest,13,0.4166666666666667,0.5555555555555556,0.47619047619047616,0.5555555555555556
Healthy vs Patient,Graph_MI+Graph_PLV,XGBoost,13,0.39999999999999997,0.5,0.4444444444444444,0.5
Healthy vs Patient,Graph_MI+Graph_PLV,Random Forest,14,0.43137254901960786,0.6111111111111112,0.5057471264367815,0.6111111111111112
Healthy vs Patient,Graph_MI+Graph_PLV,XGBoost,14,0.38095238095238093,0.4444444444444444,0.4102564102564103,0.4444444444444444
Healthy vs Patient,Graph_MI+Graph_PLV,Random Forest,15,0.5555555555555556,0.5555555555555556,0.5555555555555556,0.5555555555555556
Healthy vs Patient,Graph_MI+Graph_PLV,XGBoost,15,0.39999999999999997,0.5,0.4444444444444444,0.5
Healthy vs Patient,Graph_MI+Graph_PLV,Random Forest,16,0.4166666666666667,0.5555555555555556,0.47619047619047616,0.5555555555555556
Healthy vs Patient,Graph_MI+Graph_PLV,XGBoost,16,0.43137254901960786,0.6111111111111112,0.5057471264367815,0.6111111111111112
Healthy vs Patient,Graph_MI+Graph_PLV,Random Forest,17,0.38095238095238093,0.4444444444444444,0.4102564102564103,0.4444444444444444
Healthy vs Patient,Graph_MI+Graph_PLV,XGBoost,17,0.4112554112554112,0.3888888888888889,0.399108138238573,0.3888888888888889
Healthy vs Patient,Graph_MI+Graph_PLV,Random Forest,18,0.5555555555555556,0.5555555555555556,0.5555555555555556,0.5555555555555556
Healthy vs Patient,Graph_MI+Graph_PLV,XGBoost,18,0.5555555555555556,0.5,0.5142857142857142,0.5
Healthy vs AD,Graph_MI+Graph_PLV,Random Forest,0,0.47435897435897434,0.46153846153846156,0.441958041958042,0.46153846153846156
Healthy vs AD,Graph_MI+Graph_PLV,XGBoost,0,0.5538461538461539,0.5384615384615384,0.532967032967033,0.5384615384615384
Healthy vs AD,Graph_MI+Graph_PLV,Random Forest,1,0.6134615384615384,0.6153846153846154,0.6107226107226107,0.6153846153846154
Healthy vs AD,Graph_MI+Graph_PLV,XGBoost,1,0.6923076923076923,0.6923076923076923,0.6923076923076923,0.6923076923076923
Healthy vs AD,Graph_MI+Graph_PLV,Random Forest,2,0.35470085470085466,0.38461538461538464,0.36153846153846153,0.38461538461538464
Healthy vs AD,Graph_MI+Graph_PLV,XGBoost,2,0.35470085470085466,0.38461538461538464,0.36153846153846153,0.38461538461538464
Healthy vs AD,Graph_MI+Graph_PLV,Random Forest,3,0.5384615384615384,0.5384615384615384,0.5384615384615384,0.5384615384615384
Healthy vs AD,Graph_MI+Graph_PLV,XGBoost,3,0.46703296703296704,0.46153846153846156,0.46153846153846156,0.46153846153846156
Healthy vs AD,Graph_MI+Graph_PLV,Random Forest,4,0.804195804195804,0.6923076923076923,0.6495726495726496,0.6923076923076923
Healthy vs AD,Graph_MI+Graph_PLV,XGBoost,4,0.7756410256410257,0.6153846153846154,0.5286292654713708,0.6153846153846154
Healthy vs AD,Graph_MI+Graph_PLV,Random Forest,5,0.7192307692307693,0.6923076923076923,0.6886446886446886,0.6923076923076923
Healthy vs AD,Graph_MI+Graph_PLV,XGBoost,5,0.6602564102564104,0.6153846153846154,0.6013986013986015,0.6153846153846154
Healthy vs AD,Graph_MI+Graph_PLV,Random Forest,6,0.6134615384615384,0.6153846153846154,0.6107226107226107,0.6153846153846154
Healthy vs AD,Graph_MI+Graph_PLV,XGBoost,6,0.5299145299145299,0.5384615384615384,0.5211538461538462,0.5384615384615384
Healthy vs AD,Graph_MI+Graph_PLV,Random Forest,7,0.28994082840236685,0.5384615384615384,0.37692307692307686,0.5384615384615384
Healthy vs AD,Graph_MI+Graph_PLV,XGBoost,7,0.28994082840236685,0.5384615384615384,0.37692307692307686,0.5384615384615384
Healthy vs AD,Graph_MI+Graph_PLV,Random Forest,8,0.47435897435897434,0.46153846153846156,0.441958041958042,0.46153846153846156
Healthy vs AD,Graph_MI+Graph_PLV,XGBoost,8,0.5538461538461539,0.5384615384615384,0.532967032967033,0.5384615384615384
Healthy vs AD,Graph_MI+Graph_PLV,Random Forest,9,0.6923076923076923,0.6923076923076923,0.6923076923076923,0.6923076923076923
Healthy vs AD,Graph_MI+Graph_PLV,XGBoost,9,0.6134615384615384,0.6153846153846154,0.6107226107226107,0.6153846153846154
Healthy vs AD,Graph_MI+Graph_PLV,Random Forest,10,0.5299145299145299,0.5384615384615384,0.5211538461538462,0.5384615384615384
Healthy vs AD,Graph_MI+Graph_PLV,XGBoost,10,0.4538461538461539,0.46153846153846156,0.455011655011655,0.46153846153846156
Healthy vs AD,Graph_MI+Graph_PLV,Random Forest,11,0.6602564102564104,0.6153846153846154,0.6013986013986015,0.6153846153846154
Healthy vs AD,Graph_MI+Graph_PLV,XGBoost,11,0.6602564102564104,0.6153846153846154,0.6013986013986015,0.6153846153846154
Healthy vs AD,Graph_MI+Graph_PLV,Random Forest,12,0.35470085470085466,0.38461538461538464,0.36153846153846153,0.38461538461538464
Healthy vs AD,Graph_MI+Graph_PLV,XGBoost,12,0.35470085470085466,0.38461538461538464,0.36153846153846153,0.38461538461538464
Healthy vs AD,Graph_MI+Graph_PLV,Random Forest,13,0.5384615384615384,0.5384615384615384,0.5384615384615384,0.5384615384615384
Healthy vs AD,Graph_MI+Graph_PLV,XGBoost,13,0.5384615384615384,0.5384615384615384,0.5384615384615384,0.5384615384615384
Healthy vs AD,Graph_MI+Graph_PLV,Random Forest,14,0.5299145299145299,0.5384615384615384,0.5211538461538462,0.5384615384615384
Healthy vs AD,Graph_MI+Graph_PLV,XGBoost,14,0.47435897435897434,0.46153846153846156,0.441958041958042,0.46153846153846156
Healthy vs AD,Graph_MI+Graph_PLV,Random Forest,15,0.35470085470085466,0.38461538461538464,0.36153846153846153,0.38461538461538464
Healthy vs AD,Graph_MI+Graph_PLV,XGBoost,15,0.29423076923076924,0.3076923076923077,0.2993006993006993,0.3076923076923077
Healthy vs AD,Graph_MI+Graph_PLV,Random Forest,16,0.5384615384615384,0.5384615384615384,0.5384615384615384,0.5384615384615384
Healthy vs AD,Graph_MI+Graph_PLV,XGBoost,16,0.6227106227106227,0.6153846153846154,0.6153846153846154,0.6153846153846154
Healthy vs AD,Graph_MI+Graph_PLV,Random Forest,17,0.35470085470085466,0.38461538461538464,0.36153846153846153,0.38461538461538464
Healthy vs AD,Graph_MI+Graph_PLV,XGBoost,17,0.35470085470085466,0.38461538461538464,0.36153846153846153,0.38461538461538464
Healthy vs AD,Graph_MI+Graph_PLV,Random Forest,18,0.46703296703296704,0.46153846153846156,0.46153846153846156,0.46153846153846156
Healthy vs AD,Graph_MI+Graph_PLV,XGBoost,18,0.46703296703296704,0.46153846153846156,0.46153846153846156,0.46153846153846156
Healthy vs FTD,Graph_MI+Graph_PLV,Random Forest,0,0.5909090909090909,0.5454545454545454,0.5221445221445221,0.5454545454545454
Healthy vs FTD,Graph_MI+Graph_PLV,XGBoost,0,0.5909090909090909,0.5454545454545454,0.5221445221445221,0.5454545454545454
Healthy vs FTD,Graph_MI+Graph_PLV,Random Forest,1,0.5303030303030304,0.5454545454545454,0.4935064935064935,0.5454545454545454
Healthy vs FTD,Graph_MI+Graph_PLV,XGBoost,1,0.6363636363636364,0.6363636363636364,0.6363636363636364,0.6363636363636364
Healthy vs FTD,Graph_MI+Graph_PLV,Random Forest,2,0.3696969696969697,0.36363636363636365,0.36363636363636365,0.36363636363636365
Healthy vs FTD,Graph_MI+Graph_PLV,XGBoost,2,0.2424242424242424,0.36363636363636365,0.29090909090909095,0.36363636363636365
Healthy vs FTD,Graph_MI+Graph_PLV,Random Forest,3,0.6439393939393939,0.6363636363636364,0.6168831168831169,0.6363636363636364
Healthy vs FTD,Graph_MI+Graph_PLV,XGBoost,3,0.7305194805194805,0.7272727272727273,0.7226107226107227,0.7272727272727273
Healthy vs FTD,Graph_MI+Graph_PLV,Random Forest,4,0.45454545454545453,0.45454545454545453,0.45454545454545453,0.45454545454545453
Healthy vs FTD,Graph_MI+Graph_PLV,XGBoost,4,0.538961038961039,0.5454545454545454,0.5376845376845377,0.5454545454545454
Healthy vs FTD,Graph_MI+Graph_PLV,Random Forest,5,0.2727272727272727,0.45454545454545453,0.3409090909090909,0.45454545454545453
Healthy vs FTD,Graph_MI+Graph_PLV,XGBoost,5,0.4242424242424242,0.45454545454545453,0.4253246753246753,0.45454545454545453
Healthy vs FTD,Graph_MI+Graph_PLV,Random Forest,6,0.6439393939393939,0.6363636363636364,0.6168831168831169,0.6363636363636364
Healthy vs FTD,Graph_MI+Graph_PLV,XGBoost,6,0.6439393939393939,0.6363636363636364,0.6168831168831169,0.6363636363636364
Healthy vs FTD,Graph_MI+Graph_PLV,Random Forest,7,0.2424242424242424,0.36363636363636365,0.29090909090909095,0.36363636363636365
Healthy vs FTD,Graph_MI+Graph_PLV,XGBoost,7,0.2424242424242424,0.36363636363636365,0.29090909090909095,0.36363636363636365
Healthy vs FTD,Graph_MI+Graph_PLV,Random Forest,8,0.538961038961039,0.5454545454545454,0.5376845376845377,0.5454545454545454
Healthy vs FTD,Graph_MI+Graph_PLV,XGBoost,8,0.538961038961039,0.5454545454545454,0.5376845376845377,0.5454545454545454
Healthy vs FTD,Graph_MI+Graph_PLV,Random Forest,9,0.5545454545454546,0.5454545454545454,0.5454545454545454,0.5454545454545454
Healthy vs FTD,Graph_MI+Graph_PLV,XGBoost,9,0.2727272727272727,0.2727272727272727,0.2727272727272727,0.2727272727272727
Healthy vs FTD,Graph_MI+Graph_PLV,Random Forest,10,0.5545454545454546,0.5454545454545454,0.5454545454545454,0.5454545454545454
Healthy vs FTD,Graph_MI+Graph_PLV,XGBoost,10,0.45454545454545453,0.45454545454545453,0.45454545454545453,0.45454545454545453
Healthy vs FTD,Graph_MI+Graph_PLV,Random Forest,11,0.6439393939393939,0.6363636363636364,0.6168831168831169,0.6363636363636364
Healthy vs FTD,Graph_MI+Graph_PLV,XGBoost,11,0.538961038961039,0.5454545454545454,0.5376845376845377,0.5454545454545454
Healthy vs FTD,Graph_MI+Graph_PLV,Random Forest,12,0.7818181818181817,0.6363636363636364,0.5606060606060606,0.6363636363636364
Healthy vs FTD,Graph_MI+Graph_PLV,XGBoost,12,0.8181818181818182,0.7272727272727273,0.6961038961038961,0.7272727272727273
Healthy vs FTD,Graph_MI+Graph_PLV,Random Forest,13,0.7818181818181817,0.6363636363636364,0.5606060606060606,0.6363636363636364
Healthy vs FTD,Graph_MI+Graph_PLV,XGBoost,13,0.4242424242424242,0.45454545454545453,0.4253246753246753,0.45454545454545453
Healthy vs FTD,Graph_MI+Graph_PLV,Random Forest,14,0.538961038961039,0.5454545454545454,0.5376845376845377,0.5454545454545454
Healthy vs FTD,Graph_MI+Graph_PLV,XGBoost,14,0.45454545454545453,0.45454545454545453,0.45454545454545453,0.45454545454545453
Healthy vs FTD,Graph_MI+Graph_PLV,Random Forest,15,0.6439393939393939,0.6363636363636364,0.6168831168831169,0.6363636363636364
Healthy vs FTD,Graph_MI+Graph_PLV,XGBoost,15,0.538961038961039,0.5454545454545454,0.5376845376845377,0.5454545454545454
Healthy vs FTD,Graph_MI+Graph_PLV,Random Forest,16,0.2662337662337662,0.2727272727272727,0.2606060606060606,0.2727272727272727
Healthy vs FTD,Graph_MI+Graph_PLV,XGBoost,16,0.2662337662337662,0.2727272727272727,0.2606060606060606,0.2727272727272727
Healthy vs FTD,Graph_MI+Graph_PLV,Random Forest,17,0.7305194805194805,0.7272727272727273,0.7226107226107227,0.7272727272727273
Healthy vs FTD,Graph_MI+Graph_PLV,XGBoost,17,0.8181818181818182,0.7272727272727273,0.6961038961038961,0.7272727272727273
Healthy vs FTD,Graph_MI+Graph_PLV,Random Forest,18,0.8181818181818182,0.7272727272727273,0.6961038961038961,0.7272727272727273
Healthy vs FTD,Graph_MI+Graph_PLV,XGBoost,18,0.7818181818181817,0.6363636363636364,0.5606060606060606,0.6363636363636364
AD vs FTD,Graph_MI+Graph_PLV,Random Forest,0,0.2916666666666667,0.4166666666666667,0.34313725490196084,0.4166666666666667
AD vs FTD,Graph_MI+Graph_PLV,XGBoost,0,0.2916666666666667,0.4166666666666667,0.34313725490196084,0.4166666666666667
AD vs FTD,Graph_MI+Graph_PLV,Random Forest,1,0.3333333333333333,0.3333333333333333,0.3333333333333333,0.3333333333333333
AD vs FTD,Graph_MI+Graph_PLV,XGBoost,1,0.2916666666666667,0.4166666666666667,0.34313725490196084,0.4166666666666667
AD vs FTD,Graph_MI+Graph_PLV,Random Forest,2,0.5729166666666666,0.5833333333333334,0.5740740740740741,0.5833333333333334
AD vs FTD,Graph_MI+Graph_PLV,XGBoost,2,0.5,0.5,0.5,0.5
AD vs FTD,Graph_MI+Graph_PLV,Random Forest,3,0.5,0.5,0.5,0.5
AD vs FTD,Graph_MI+Graph_PLV,XGBoost,3,0.4305555555555555,0.4166666666666667,0.42074592074592077,0.4166666666666667
AD vs FTD,Graph_MI+Graph_PLV,Random Forest,4,0.2916666666666667,0.4166666666666667,0.34313725490196084,0.4166666666666667
AD vs FTD,Graph_MI+Graph_PLV,XGBoost,4,0.5583333333333333,0.5833333333333334,0.530812324929972,0.5833333333333334
AD vs FTD,Graph_MI+Graph_PLV,Random Forest,5,0.7878787878787877,0.6666666666666666,0.5925925925925926,0.6666666666666666
AD vs FTD,Graph_MI+Graph_PLV,XGBoost,5,0.3333333333333333,0.3333333333333333,0.3333333333333333,0.3333333333333333
AD vs FTD,Graph_MI+Graph_PLV,Random Forest,6,0.5583333333333333,0.5833333333333334,0.530812324929972,0.5833333333333334
AD vs FTD,Graph_MI+Graph_PLV,XGBoost,6,0.5,0.5,0.5,0.5
AD vs FTD,Graph_MI+Graph_PLV,Random Forest,7,0.46296296296296297,0.5,0.46875,0.5
AD vs FTD,Graph_MI+Graph_PLV,XGBoost,7,0.4305555555555555,0.4166666666666667,0.42074592074592077,0.4166666666666667
AD vs FTD,Graph_MI+Graph_PLV,Random Forest,8,0.3181818181818182,0.5,0.38888888888888884,0.5
AD vs FTD,Graph_MI+Graph_PLV,XGBoost,8,0.2916666666666667,0.4166666666666667,0.34313725490196084,0.4166666666666667
AD vs FTD,Graph_MI+Graph_PLV,Random Forest,9,0.7878787878787877,0.6666666666666666,0.5925925925925926,0.6666666666666666
AD vs FTD,Graph_MI+Graph_PLV,XGBoost,9,0.3181818181818182,0.5,0.38888888888888884,0.5
AD vs FTD,Graph_MI+Graph_PLV,Random Forest,10,0.5,0.5,0.5,0.5
AD vs FTD,Graph_MI+Graph_PLV,XGBoost,10,0.5972222222222222,0.5833333333333334,0.5862470862470862,0.5833333333333334
AD vs FTD,Graph_MI+Graph_PLV,Random Forest,11,0.2916666666666667,0.4166666666666667,0.34313725490196084,0.4166666666666667
AD vs FTD,Graph_MI+Graph_PLV,XGBoost,11,0.46296296296296297,0.5,0.46875,0.5
AD vs FTD,Graph_MI+Graph_PLV,Random Forest,12,0.8809523809523809,0.8333333333333334,0.8333333333333334,0.8333333333333334
AD vs FTD,Graph_MI+Graph_PLV,XGBoost,12,0.8333333333333334,0.8333333333333334,0.8333333333333334,0.8333333333333334
AD vs FTD,Graph_MI+Graph_PLV,Random Forest,13,0.7878787878787877,0.6666666666666666,0.5925925925925926,0.6666666666666666
AD vs FTD,Graph_MI+Graph_PLV,XGBoost,13,0.34027777777777785,0.5833333333333334,0.4298245614035088,0.5833333333333334
AD vs FTD,Graph_MI+Graph_PLV,Random Forest,14,0.25925925925925924,0.3333333333333333,0.2916666666666667,0.3333333333333333
AD vs FTD,Graph_MI+Graph_PLV,XGBoost,14,0.4305555555555555,0.4166666666666667,0.42074592074592077,0.4166666666666667
AD vs FTD,Graph_MI+Graph_PLV,Random Forest,15,0.5729166666666666,0.5833333333333334,0.5740740740740741,0.5833333333333334
AD vs FTD,Graph_MI+Graph_PLV,XGBoost,15,0.6666666666666666,0.6666666666666666,0.6458333333333334,0.6666666666666666
AD vs FTD,Graph_MI+Graph_PLV,Random Forest,16,0.6666666666666666,0.6666666666666666,0.6458333333333334,0.6666666666666666
AD vs FTD,Graph_MI+Graph_PLV,XGBoost,16,0.75,0.75,0.7444444444444445,0.75
AD vs FTD,Graph_MI+Graph_PLV,Random Forest,17,0.6666666666666666,0.6666666666666666,0.6666666666666666,0.6666666666666666
AD vs FTD,Graph_MI+Graph_PLV,XGBoost,17,0.5729166666666666,0.5833333333333334,0.5740740740740741,0.5833333333333334
AD vs FTD,Graph_MI+Graph_PLV,Random Forest,18,0.3181818181818182,0.5,0.38888888888888884,0.5
AD vs FTD,Graph_MI+Graph_PLV,XGBoost,18,0.5583333333333333,0.5833333333333334,0.530812324929972,0.5833333333333334
AD Male vs Female,Graph_MI+Graph_PLV,Random Forest,0,0.6041666666666666,0.625,0.6045454545454546,0.625
AD Male vs Female,Graph_MI+Graph_PLV,XGBoost,0,0.6041666666666666,0.625,0.6045454545454546,0.625
AD Male vs Female,Graph_MI+Graph_PLV,Random Forest,1,0.390625,0.625,0.4807692307692308,0.625
AD Male vs Female,Graph_MI+Graph_PLV,XGBoost,1,0.8214285714285714,0.75,0.7083333333333334,0.75
AD Male vs Female,Graph_MI+Graph_PLV,Random Forest,2,0.3571428571428571,0.5,0.41666666666666663,0.5
AD Male vs Female,Graph_MI+Graph_PLV,XGBoost,2,0.6041666666666666,0.625,0.6045454545454546,0.625
AD Male vs Female,Graph_MI+Graph_PLV,Random Forest,3,0.3571428571428571,0.5,0.41666666666666663,0.5
AD Male vs Female,Graph_MI+Graph_PLV,XGBoost,3,0.3125,0.375,0.3409090909090909,0.375
AD Male vs Female,Graph_MI+Graph_PLV,Random Forest,4,0.3571428571428571,0.5,0.41666666666666663,0.5
AD Male vs Female,Graph_MI+Graph_PLV,XGBoost,4,0.6041666666666666,0.625,0.6045454545454546,0.625
AD Male vs Female,Graph_MI+Graph_PLV,Random Forest,5,0.6041666666666666,0.625,0.6045454545454546,0.625
AD Male vs Female,Graph_MI+Graph_PLV,XGBoost,5,0.3571428571428571,0.5,0.41666666666666663,0.5
AD Male vs Female,Graph_MI+Graph_PLV,Random Forest,6,0.6041666666666666,0.625,0.6045454545454546,0.625
AD Male vs Female,Graph_MI+Graph_PLV,XGBoost,6,0.3571428571428571,0.5,0.41666666666666663,0.5
AD Male vs Female,Graph_MI+Graph_PLV,Random Forest,7,0.75,0.75,0.75,0.75
AD Male vs Female,Graph_MI+Graph_PLV,XGBoost,7,0.390625,0.625,0.4807692307692308,0.625
AD Male vs Female,Graph_MI+Graph_PLV,Random Forest,8,0.8214285714285714,0.75,0.7083333333333334,0.75
AD Male vs Female,Graph_MI+Graph_PLV,XGBoost,8,0.6041666666666666,0.625,0.6045454545454546,0.625
AD Male vs Female,Graph_MI+Graph_PLV,Random Forest,9,0.8214285714285714,0.75,0.7083333333333334,0.75
AD Male vs Female,Graph_MI+Graph_PLV,XGBoost,9,0.6041666666666666,0.625,0.6045454545454546,0.625
AD Male vs Female,Graph_MI+Graph_PLV,Random Forest,10,0.390625,0.625,0.4807692307692308,0.625
AD Male vs Female,Graph_MI+Graph_PLV,XGBoost,10,0.3571428571428571,0.5,0.41666666666666663,0.5
AD Male vs Female,Graph_MI+Graph_PLV,Random Forest,11,0.3571428571428571,0.5,0.41666666666666663,0.5
AD Male vs Female,Graph_MI+Graph_PLV,XGBoost,11,0.75,0.75,0.75,0.75
AD Male vs Female,Graph_MI+Graph_PLV,Random Forest,12,0.6041666666666666,0.625,0.6045454545454546,0.625
AD Male vs Female,Graph_MI+Graph_PLV,XGBoost,12,0.6041666666666666,0.625,0.6045454545454546,0.625
AD Male vs Female,Graph_MI+Graph_PLV,Random Forest,13,0.390625,0.625,0.4807692307692308,0.625
AD Male vs Female,Graph_MI+Graph_PLV,XGBoost,13,0.8214285714285714,0.75,0.7083333333333334,0.75
AD Male vs Female,Graph_MI+Graph_PLV,Random Forest,14,0.3571428571428571,0.5,0.41666666666666663,0.5
AD Male vs Female,Graph_MI+Graph_PLV,XGBoost,14,1.0,1.0,1.0,1.0
AD Male vs Female,Graph_MI+Graph_PLV,Random Forest,15,0.90625,0.875,0.876984126984127,0.875
AD Male vs Female,Graph_MI+Graph_PLV,XGBoost,15,0.65625,0.625,0.6309523809523809,0.625
AD Male vs Female,Graph_MI+Graph_PLV,Random Forest,16,0.3571428571428571,0.5,0.41666666666666663,0.5
AD Male vs Female,Graph_MI+Graph_PLV,XGBoost,16,0.6041666666666666,0.625,0.6045454545454546,0.625
AD Male vs Female,Graph_MI+Graph_PLV,Random Forest,17,0.3571428571428571,0.5,0.41666666666666663,0.5
AD Male vs Female,Graph_MI+Graph_PLV,XGBoost,17,0.6041666666666666,0.625,0.6045454545454546,0.625
AD Male vs Female,Graph_MI+Graph_PLV,Random Forest,18,0.390625,0.625,0.4807692307692308,0.625
AD Male vs Female,Graph_MI+Graph_PLV,XGBoost,18,0.3571428571428571,0.5,0.41666666666666663,0.5
FTD Male vs Female,Graph_MI+Graph_PLV,Random Forest,0,0.3,0.4,0.34285714285714286,0.4
FTD Male vs Female,Graph_MI+Graph_PLV,XGBoost,0,0.6,0.6,0.6,0.6
FTD Male vs Female,Graph_MI+Graph_PLV,Random Forest,1,0.2,0.2,0.2,0.2
FTD Male vs Female,Graph_MI+Graph_PLV,XGBoost,1,0.3,0.4,0.34285714285714286,0.4
FTD Male vs Female,Graph_MI+Graph_PLV,Random Forest,2,0.3,0.4,0.34285714285714286,0.4
FTD Male vs Female,Graph_MI+Graph_PLV,XGBoost,2,0.36,0.6,0.45,0.6
FTD Male vs Female,Graph_MI+Graph_PLV,Random Forest,3,0.85,0.8,0.7809523809523808,0.8
FTD Male vs Female,Graph_MI+Graph_PLV,XGBoost,3,0.8666666666666666,0.8,0.8,0.8
FTD Male vs Female,Graph_MI+Graph_PLV,Random Forest,4,0.85,0.8,0.7809523809523808,0.8
FTD Male vs Female,Graph_MI+Graph_PLV,XGBoost,4,1.0,1.0,1.0,1.0
FTD Male vs Female,Graph_MI+Graph_PLV,Random Forest,5,0.2,0.2,0.2,0.2
FTD Male vs Female,Graph_MI+Graph_PLV,XGBoost,5,0.2,0.2,0.2,0.2
FTD Male vs Female,Graph_MI+Graph_PLV,Random Forest,6,0.85,0.8,0.7809523809523808,0.8
FTD Male vs Female,Graph_MI+Graph_PLV,XGBoost,6,0.3,0.4,0.34285714285714286,0.4
FTD Male vs Female,Graph_MI+Graph_PLV,Random Forest,7,0.8,0.6,0.5666666666666667,0.6
FTD Male vs Female,Graph_MI+Graph_PLV,XGBoost,7,0.85,0.8,0.7809523809523808,0.8
FTD Male vs Female,Graph_MI+Graph_PLV,Random Forest,8,0.36,0.6,0.45,0.6
FTD Male vs Female,Graph_MI+Graph_PLV,XGBoost,8,0.36,0.6,0.45,0.6
FTD Male vs Female,Graph_MI+Graph_PLV,Random Forest,9,0.6,0.6,0.6,0.6
FTD Male vs Female,Graph_MI+Graph_PLV,XGBoost,9,0.6,0.6,0.6,0.6
FTD Male vs Female,Graph_MI+Graph_PLV,Random Forest,10,0.6,0.6,0.6,0.6
FTD Male vs Female,Graph_MI+Graph_PLV,XGBoost,10,0.3,0.4,0.34285714285714286,0.4
FTD Male vs Female,Graph_MI+Graph_PLV,Random Forest,11,0.3,0.4,0.34285714285714286,0.4
FTD Male vs Female,Graph_MI+Graph_PLV,XGBoost,11,0.36,0.6,0.45,0.6
FTD Male vs Female,Graph_MI+Graph_PLV,Random Forest,12,0.36,0.6,0.45,0.6
FTD Male vs Female,Graph_MI+Graph_PLV,XGBoost,12,0.3,0.4,0.34285714285714286,0.4
FTD Male vs Female,Graph_MI+Graph_PLV,Random Forest,13,0.85,0.8,0.7809523809523808,0.8
FTD Male vs Female,Graph_MI+Graph_PLV,XGBoost,13,0.85,0.8,0.7809523809523808,0.8
FTD Male vs Female,Graph_MI+Graph_PLV,Random Forest,14,0.36,0.6,0.45,0.6
FTD Male vs Female,Graph_MI+Graph_PLV,XGBoost,14,0.6,0.6,0.6,0.6
FTD Male vs Female,Graph_MI+Graph_PLV,Random Forest,15,0.2,0.2,0.2,0.2
FTD Male vs Female,Graph_MI+Graph_PLV,XGBoost,15,0.2,0.2,0.2,0.2
FTD Male vs Female,Graph_MI+Graph_PLV,Random Forest,16,0.85,0.8,0.7809523809523808,0.8
FTD Male vs Female,Graph_MI+Graph_PLV,XGBoost,16,0.6,0.6,0.6,0.6
FTD Male vs Female,Graph_MI+Graph_PLV,Random Forest,17,0.85,0.8,0.7809523809523808,0.8
FTD Male vs Female,Graph_MI+Graph_PLV,XGBoost,17,0.85,0.8,0.7809523809523808,0.8
FTD Male vs Female,Graph_MI+Graph_PLV,Random Forest,18,1.0,1.0,1.0,1.0
FTD Male vs Female,Graph_MI+Graph_PLV,XGBoost,18,0.85,0.8,0.7809523809523808,0.8
Healthy vs Patient,Graph_MI+Graph_Corr,Random Forest,0,0.6666666666666666,0.6666666666666666,0.6666666666666666,0.6666666666666666
Healthy vs Patient,Graph_MI+Graph_Corr,XGBoost,0,0.6666666666666666,0.6666666666666666,0.6666666666666666,0.6666666666666666
Healthy vs Patient,Graph_MI+Graph_Corr,Random Forest,1,0.711111111111111,0.7222222222222222,0.691358024691358,0.7222222222222222
Healthy vs Patient,Graph_MI+Graph_Corr,XGBoost,1,0.5555555555555556,0.6111111111111112,0.5679012345679013,0.6111111111111112
Healthy vs Patient,Graph_MI+Graph_Corr,Random Forest,2,0.4166666666666667,0.5555555555555556,0.47619047619047616,0.5555555555555556
Healthy vs Patient,Graph_MI+Graph_Corr,XGBoost,2,0.5948717948717949,0.6111111111111112,0.6012121212121212,0.6111111111111112
Healthy vs Patient,Graph_MI+Graph_Corr,Random Forest,3,0.43137254901960786,0.6111111111111112,0.5057471264367815,0.6111111111111112
Healthy vs Patient,Graph_MI+Graph_Corr,XGBoost,3,0.4444444444444444,0.6666666666666666,0.5333333333333334,0.6666666666666666
Healthy vs Patient,Graph_MI+Graph_Corr,Random Forest,4,0.625,0.6666666666666666,0.6071428571428572,0.6666666666666666
Healthy vs Patient,Graph_MI+Graph_Corr,XGBoost,4,0.6428571428571428,0.6666666666666666,0.6461538461538462,0.6666666666666666
Healthy vs Patient,Graph_MI+Graph_Corr,Random Forest,5,0.5555555555555556,0.5555555555555556,0.5555555555555556,0.5555555555555556
Healthy vs Patient,Graph_MI+Graph_Corr,XGBoost,5,0.5555555555555556,0.6111111111111112,0.5679012345679013,0.6111111111111112
Healthy vs Patient,Graph_MI+Graph_Corr,Random Forest,6,0.5555555555555556,0.4444444444444444,0.4444444444444444,0.4444444444444444
Healthy vs Patient,Graph_MI+Graph_Corr,XGBoost,6,0.6428571428571428,0.6666666666666666,0.6461538461538462,0.6666666666666666
Healthy vs Patient,Graph_MI+Graph_Corr,Random Forest,7,0.5555555555555556,0.6111111111111112,0.5679012345679013,0.6111111111111112
Healthy vs Patient,Graph_MI+Graph_Corr,XGBoost,7,0.6428571428571428,0.6666666666666666,0.6461538461538462,0.6666666666666666
Healthy vs Patient,Graph_MI+Graph_Corr,Random Forest,8,0.5948717948717949,0.6111111111111112,0.6012121212121212,0.6111111111111112
Healthy vs Patient,Graph_MI+Graph_Corr,XGBoost,8,0.5948717948717949,0.6111111111111112,0.6012121212121212,0.6111111111111112
Healthy vs Patient,Graph_MI+Graph_Corr,Random Forest,9,0.625,0.6666666666666666,0.6071428571428572,0.6666666666666666
Healthy vs Patient,Graph_MI+Graph_Corr,XGBoost,9,0.625,0.6666666666666666,0.6071428571428572,0.6666666666666666
Healthy vs Patient,Graph_MI+Graph_Corr,Random Forest,10,0.38095238095238093,0.4444444444444444,0.4102564102564103,0.4444444444444444
Healthy vs Patient,Graph_MI+Graph_Corr,XGBoost,10,0.38095238095238093,0.4444444444444444,0.4102564102564103,0.4444444444444444
Healthy vs Patient,Graph_MI+Graph_Corr,Random Forest,11,0.6428571428571428,0.6666666666666666,0.6461538461538462,0.6666666666666666
Healthy vs Patient,Graph_MI+Graph_Corr,XGBoost,11,0.6277056277056277,0.6111111111111112,0.6176142697881828,0.6111111111111112
Healthy vs Patient,Graph_MI+Graph_Corr,Random Forest,12,0.43137254901960786,0.6111111111111112,0.5057471264367815,0.6111111111111112
Healthy vs Patient,Graph_MI+Graph_Corr,XGBoost,12,0.625,0.6666666666666666,0.6071428571428572,0.6666666666666666
Healthy vs Patient,Graph_MI+Graph_Corr,Random Forest,13,0.39999999999999997,0.5,0.4444444444444444,0.5
Healthy vs Patient,Graph_MI+Graph_Corr,XGBoost,13,0.625,0.6666666666666666,0.6071428571428572,0.6666666666666666
Healthy vs Patient,Graph_MI+Graph_Corr,Random Forest,14,0.5555555555555556,0.6111111111111112,0.5679012345679013,0.6111111111111112
Healthy vs Patient,Graph_MI+Graph_Corr,XGBoost,14,0.5555555555555556,0.6111111111111112,0.5679012345679013,0.6111111111111112
Healthy vs Patient,Graph_MI+Graph_Corr,Random Forest,15,0.625,0.6666666666666666,0.6071428571428572,0.6666666666666666
Healthy vs Patient,Graph_MI+Graph_Corr,XGBoost,15,0.511904761904762,0.5555555555555556,0.5282051282051281,0.5555555555555556
Healthy vs Patient,Graph_MI+Graph_Corr,Random Forest,16,0.711111111111111,0.7222222222222222,0.691358024691358,0.7222222222222222
Healthy vs Patient,Graph_MI+Graph_Corr,XGBoost,16,0.803921568627451,0.7222222222222222,0.6469622331691297,0.7222222222222222
Healthy vs Patient,Graph_MI+Graph_Corr,Random Forest,17,0.4444444444444444,0.6666666666666666,0.5333333333333334,0.6666666666666666
Healthy vs Patient,Graph_MI+Graph_Corr,XGBoost,17,0.625,0.6666666666666666,0.6071428571428572,0.6666666666666666
Healthy vs Patient,Graph_MI+Graph_Corr,Random Forest,18,0.7000000000000001,0.6666666666666666,0.6753246753246753,0.6666666666666666
Healthy vs Patient,Graph_MI+Graph_Corr,XGBoost,18,0.6666666666666666,0.6666666666666666,0.6666666666666666,0.6666666666666666
Healthy vs AD,Graph_MI+Graph_Corr,Random Forest,0,0.6602564102564104,0.6153846153846154,0.6013986013986015,0.6153846153846154
Healthy vs AD,Graph_MI+Graph_Corr,XGBoost,0,0.31135531135531136,0.3076923076923077,0.3076923076923077,0.3076923076923077
Healthy vs AD,Graph_MI+Graph_Corr,Random Forest,1,0.5384615384615384,0.5384615384615384,0.5384615384615384,0.5384615384615384
Healthy vs AD,Graph_MI+Graph_Corr,XGBoost,1,0.5384615384615384,0.5384615384615384,0.5384615384615384,0.5384615384615384
Healthy vs AD,Graph_MI+Graph_Corr,Random Forest,2,0.2153846153846154,0.3076923076923077,0.25339366515837103,0.3076923076923077
Healthy vs AD,Graph_MI+Graph_Corr,XGBoost,2,0.2153846153846154,0.3076923076923077,0.25339366515837103,0.3076923076923077
Healthy vs AD,Graph_MI+Graph_Corr,Random Forest,3,0.31135531135531136,0.3076923076923077,0.3076923076923077,0.3076923076923077
Healthy vs AD,Graph_MI+Graph_Corr,XGBoost,3,0.29423076923076924,0.3076923076923077,0.2993006993006993,0.3076923076923077
Healthy vs AD,Graph_MI+Graph_Corr,Random Forest,4,0.5244755244755245,0.5384615384615384,0.47435897435897434,0.5384615384615384
Healthy vs AD,Graph_MI+Graph_Corr,XGBoost,4,0.5244755244755245,0.5384615384615384,0.47435897435897434,0.5384615384615384
Healthy vs AD,Graph_MI+Graph_Corr,Random Forest,5,0.7051282051282051,0.6923076923076923,0.6807692307692308,0.6923076923076923
Healthy vs AD,Graph_MI+Graph_Corr,XGBoost,5,0.7730769230769231,0.7692307692307693,0.7664335664335665,0.7692307692307693
Healthy vs AD,Graph_MI+Graph_Corr,Random Forest,6,0.35470085470085466,0.38461538461538464,0.36153846153846153,0.38461538461538464
Healthy vs AD,Graph_MI+Graph_Corr,XGBoost,6,0.6307692307692307,0.6153846153846154,0.5852187028657616,0.6153846153846154
Healthy vs AD,Graph_MI+Graph_Corr,Random Forest,7,0.28994082840236685,0.5384615384615384,0.37692307692307686,0.5384615384615384
Healthy vs AD,Graph_MI+Graph_Corr,XGBoost,7,0.28994082840236685,0.5384615384615384,0.37692307692307686,0.5384615384615384
Healthy vs AD,Graph_MI+Graph_Corr,Random Forest,8,0.4538461538461539,0.46153846153846156,0.455011655011655,0.46153846153846156
Healthy vs AD,Graph_MI+Graph_Corr,XGBoost,8,0.4230769230769231,0.46153846153846156,0.4193061840120664,0.46153846153846156
Healthy vs AD,Graph_MI+Graph_Corr,Random Forest,9,0.6134615384615384,0.6153846153846154,0.6107226107226107,0.6153846153846154
Healthy vs AD,Graph_MI+Graph_Corr,XGBoost,9,0.7051282051282051,0.6923076923076923,0.6807692307692308,0.6923076923076923
Healthy vs AD,Graph_MI+Graph_Corr,Random Forest,10,0.5299145299145299,0.5384615384615384,0.5211538461538462,0.5384615384615384
Healthy vs AD,Graph_MI+Graph_Corr,XGBoost,10,0.4538461538461539,0.46153846153846156,0.455011655011655,0.46153846153846156
Healthy vs AD,Graph_MI+Graph_Corr,Random Forest,11,0.6923076923076923,0.6923076923076923,0.6923076923076923,0.6923076923076923
Healthy vs AD,Graph_MI+Graph_Corr,XGBoost,11,0.7730769230769231,0.7692307692307693,0.7664335664335665,0.7692307692307693
Healthy vs AD,Graph_MI+Graph_Corr,Random Forest,12,0.35470085470085466,0.38461538461538464,0.36153846153846153,0.38461538461538464
Healthy vs AD,Graph_MI+Graph_Corr,XGBoost,12,0.7756410256410257,0.6153846153846154,0.5286292654713708,0.6153846153846154
Healthy vs AD,Graph_MI+Graph_Corr,Random Forest,13,0.6134615384615384,0.6153846153846154,0.6107226107226107,0.6153846153846154
Healthy vs AD,Graph_MI+Graph_Corr,XGBoost,13,0.6923076923076923,0.6923076923076923,0.6923076923076923,0.6923076923076923
Healthy vs AD,Graph_MI+Graph_Corr,Random Forest,14,0.5299145299145299,0.5384615384615384,0.5211538461538462,0.5384615384615384
Healthy vs AD,Graph_MI+Graph_Corr,XGBoost,14,0.38461538461538464,0.38461538461538464,0.38461538461538464,0.38461538461538464
Healthy vs AD,Graph_MI+Graph_Corr,Random Forest,15,0.24475524475524474,0.38461538461538464,0.2991452991452992,0.38461538461538464
Healthy vs AD,Graph_MI+Graph_Corr,XGBoost,15,0.24475524475524474,0.38461538461538464,0.2991452991452992,0.38461538461538464
Healthy vs AD,Graph_MI+Graph_Corr,Random Forest,16,0.4230769230769231,0.46153846153846156,0.4193061840120664,0.46153846153846156
Healthy vs AD,Graph_MI+Graph_Corr,XGBoost,16,0.46703296703296704,0.46153846153846156,0.46153846153846156,0.46153846153846156
Healthy vs AD,Graph_MI+Graph_Corr,Random Forest,17,0.5384615384615384,0.5384615384615384,0.5384615384615384,0.5384615384615384
Healthy vs AD,Graph_MI+Graph_Corr,XGBoost,17,0.5384615384615384,0.5384615384615384,0.5384615384615384,0.5384615384615384
Healthy vs AD,Graph_MI+Graph_Corr,Random Forest,18,0.5384615384615384,0.5384615384615384,0.5384615384615384,0.5384615384615384
Healthy vs AD,Graph_MI+Graph_Corr,XGBoost,18,0.46703296703296704,0.46153846153846156,0.46153846153846156,0.46153846153846156
Healthy vs FTD,Graph_MI+Graph_Corr,Random Forest,0,0.47474747474747475,0.45454545454545453,0.39610389610389607,0.45454545454545453
Healthy vs FTD,Graph_MI+Graph_Corr,XGBoost,0,0.5909090909090909,0.5454545454545454,0.5221445221445221,0.5454545454545454
Healthy vs FTD,Graph_MI+Graph_Corr,Random Forest,1,0.4242424242424242,0.45454545454545453,0.4253246753246753,0.45454545454545453
Healthy vs FTD,Graph_MI+Graph_Corr,XGBoost,1,0.7393939393939394,0.7272727272727273,0.7272727272727273,0.7272727272727273
Healthy vs FTD,Graph_MI+Graph_Corr,Random Forest,2,0.15584415584415584,0.18181818181818182,0.16783216783216784,0.18181818181818182
Healthy vs FTD,Graph_MI+Graph_Corr,XGBoost,2,0.15584415584415584,0.18181818181818182,0.16783216783216784,0.18181818181818182
Healthy vs FTD,Graph_MI+Graph_Corr,Random Forest,3,0.29752066115702475,0.5454545454545454,0.3850267379679144,0.5454545454545454
Healthy vs FTD,Graph_MI+Graph_Corr,XGBoost,3,0.5303030303030304,0.5454545454545454,0.4935064935064935,0.5454545454545454
Healthy vs FTD,Graph_MI+Graph_Corr,Random Forest,4,0.538961038961039,0.5454545454545454,0.5376845376845377,0.5454545454545454
Healthy vs FTD,Graph_MI+Graph_Corr,XGBoost,4,0.6363636363636364,0.6363636363636364,0.6363636363636364,0.6363636363636364
Healthy vs FTD,Graph_MI+Graph_Corr,Random Forest,5,0.29752066115702475,0.5454545454545454,0.3850267379679144,0.5454545454545454
Healthy vs FTD,Graph_MI+Graph_Corr,XGBoost,5,0.29752066115702475,0.5454545454545454,0.3850267379679144,0.5454545454545454
Healthy vs FTD,Graph_MI+Graph_Corr,Random Forest,6,0.5303030303030304,0.5454545454545454,0.4935064935064935,0.5454545454545454
Healthy vs FTD,Graph_MI+Graph_Corr,XGBoost,6,0.5303030303030304,0.5454545454545454,0.4935064935064935,0.5454545454545454
Healthy vs FTD,Graph_MI+Graph_Corr,Random Forest,7,0.5545454545454546,0.5454545454545454,0.5454545454545454,0.5454545454545454
Healthy vs FTD,Graph_MI+Graph_Corr,XGBoost,7,0.5545454545454546,0.5454545454545454,0.5454545454545454,0.5454545454545454
Healthy vs FTD,Graph_MI+Graph_Corr,Random Forest,8,0.18484848484848485,0.18181818181818182,0.18181818181818182,0.18181818181818182
Healthy vs FTD,Graph_MI+Graph_Corr,XGBoost,8,0.18484848484848485,0.18181818181818182,0.18181818181818182,0.18181818181818182
Healthy vs FTD,Graph_MI+Graph_Corr,Random Forest,9,0.47474747474747475,0.45454545454545453,0.39610389610389607,0.45454545454545453
Healthy vs FTD,Graph_MI+Graph_Corr,XGBoost,9,0.46753246753246747,0.45454545454545453,0.4454545454545455,0.45454545454545453
Healthy vs FTD,Graph_MI+Graph_Corr,Random Forest,10,0.5545454545454546,0.5454545454545454,0.5454545454545454,0.5454545454545454
Healthy vs FTD,Graph_MI+Graph_Corr,XGBoost,10,0.3522727272727273,0.36363636363636365,0.33100233100233106,0.36363636363636365
Healthy vs FTD,Graph_MI+Graph_Corr,Random Forest,11,0.5545454545454546,0.5454545454545454,0.5454545454545454,0.5454545454545454
Healthy vs FTD,Graph_MI+Graph_Corr,XGBoost,11,0.45454545454545453,0.45454545454545453,0.45454545454545453,0.45454545454545453
Healthy vs FTD,Graph_MI+Graph_Corr,Random Forest,12,0.7305194805194805,0.7272727272727273,0.7226107226107227,0.7272727272727273
Healthy vs FTD,Graph_MI+Graph_Corr,XGBoost,12,0.8181818181818182,0.7272727272727273,0.6961038961038961,0.7272727272727273
Healthy vs FTD,Graph_MI+Graph_Corr,Random Forest,13,0.45454545454545453,0.45454545454545453,0.45454545454545453,0.45454545454545453
Healthy vs FTD,Graph_MI+Graph_Corr,XGBoost,13,0.45454545454545453,0.45454545454545453,0.45454545454545453,0.45454545454545453
Healthy vs FTD,Graph_MI+Graph_Corr,Random Forest,14,0.3474025974025974,0.36363636363636365,0.35275835275835277,0.36363636363636365
Healthy vs FTD,Graph_MI+Graph_Corr,XGBoost,14,0.3474025974025974,0.36363636363636365,0.35275835275835277,0.36363636363636365
Healthy vs FTD,Graph_MI+Graph_Corr,Random Forest,15,0.8181818181818182,0.8181818181818182,0.8181818181818182,0.8181818181818182
Healthy vs FTD,Graph_MI+Graph_Corr,XGBoost,15,0.7393939393939394,0.7272727272727273,0.7272727272727273,0.7272727272727273
Healthy vs FTD,Graph_MI+Graph_Corr,Random Forest,16,0.2662337662337662,0.2727272727272727,0.2606060606060606,0.2727272727272727
Healthy vs FTD,Graph_MI+Graph_Corr,XGBoost,16,0.2662337662337662,0.2727272727272727,0.2606060606060606,0.2727272727272727
Healthy vs FTD,Graph_MI+Graph_Corr,Random Forest,17,0.4242424242424242,0.45454545454545453,0.4253246753246753,0.45454545454545453
Healthy vs FTD,Graph_MI+Graph_Corr,XGBoost,17,0.7818181818181817,0.6363636363636364,0.5606060606060606,0.6363636363636364
Healthy vs FTD,Graph_MI+Graph_Corr,Random Forest,18,0.6363636363636364,0.6363636363636364,0.6363636363636364,0.6363636363636364
Healthy vs FTD,Graph_MI+Graph_Corr,XGBoost,18,0.6363636363636364,0.6363636363636364,0.6363636363636364,0.6363636363636364
AD vs FTD,Graph_MI+Graph_Corr,Random Forest,0,0.21875,0.25,0.23333333333333336,0.25
AD vs FTD,Graph_MI+Graph_Corr,XGBoost,0,0.21875,0.25,0.23333333333333336,0.25
AD vs FTD,Graph_MI+Graph_Corr,Random Forest,1,0.5583333333333333,0.5833333333333334,0.530812324929972,0.5833333333333334
AD vs FTD,Graph_MI+Graph_Corr,XGBoost,1,0.46296296296296297,0.5,0.46875,0.5
AD vs FTD,Graph_MI+Graph_Corr,Random Forest,2,0.7047619047619048,0.6666666666666666,0.6666666666666666,0.6666666666666666
AD vs FTD,Graph_MI+Graph_Corr,XGBoost,2,0.5972222222222222,0.5833333333333334,0.5862470862470862,0.5833333333333334
AD vs FTD,Graph_MI+Graph_Corr,Random Forest,3,0.46296296296296297,0.5,0.46875,0.5
AD vs FTD,Graph_MI+Graph_Corr,XGBoost,3,0.46296296296296297,0.5,0.46875,0.5
AD vs FTD,Graph_MI+Graph_Corr,Random Forest,4,0.5583333333333333,0.5833333333333334,0.530812324929972,0.5833333333333334
AD vs FTD,Graph_MI+Graph_Corr,XGBoost,4,0.5583333333333333,0.5833333333333334,0.530812324929972,0.5833333333333334
AD vs FTD,Graph_MI+Graph_Corr,Random Forest,5,0.7878787878787877,0.6666666666666666,0.5925925925925926,0.6666666666666666
AD vs FTD,Graph_MI+Graph_Corr,XGBoost,5,0.8703703703703703,0.8333333333333334,0.8229166666666666,0.8333333333333334
AD vs FTD,Graph_MI+Graph_Corr,Random Forest,6,0.5729166666666666,0.5833333333333334,0.5740740740740741,0.5833333333333334
AD vs FTD,Graph_MI+Graph_Corr,XGBoost,6,0.5729166666666666,0.5833333333333334,0.5740740740740741,0.5833333333333334
AD vs FTD,Graph_MI+Graph_Corr,Random Forest,7,0.5583333333333333,0.5833333333333334,0.530812324929972,0.5833333333333334
AD vs FTD,Graph_MI+Graph_Corr,XGBoost,7,0.3181818181818182,0.5,0.38888888888888884,0.5
AD vs FTD,Graph_MI+Graph_Corr,Random Forest,8,0.5972222222222222,0.5833333333333334,0.5862470862470862,0.5833333333333334
AD vs FTD,Graph_MI+Graph_Corr,XGBoost,8,0.6666666666666666,0.6666666666666666,0.6666666666666666,0.6666666666666666
AD vs FTD,Graph_MI+Graph_Corr,Random Forest,9,0.46296296296296297,0.5,0.46875,0.5
AD vs FTD,Graph_MI+Graph_Corr,XGBoost,9,0.6666666666666666,0.6666666666666666,0.6666666666666666,0.6666666666666666
AD vs FTD,Graph_MI+Graph_Corr,Random Forest,10,0.5285714285714286,0.5,0.5,0.5
AD vs FTD,Graph_MI+Graph_Corr,XGBoost,10,0.3958333333333333,0.4166666666666667,0.40370370370370373,0.4166666666666667
AD vs FTD,Graph_MI+Graph_Corr,Random Forest,11,0.3333333333333333,0.3333333333333333,0.3333333333333333,0.3333333333333333
AD vs FTD,Graph_MI+Graph_Corr,XGBoost,11,0.5729166666666666,0.5833333333333334,0.5740740740740741,0.5833333333333334
AD vs FTD,Graph_MI+Graph_Corr,Random Forest,12,0.5285714285714286,0.5,0.5,0.5
AD vs FTD,Graph_MI+Graph_Corr,XGBoost,12,0.5,0.5,0.5,0.5
AD vs FTD,Graph_MI+Graph_Corr,Random Forest,13,0.3181818181818182,0.5,0.38888888888888884,0.5
AD vs FTD,Graph_MI+Graph_Corr,XGBoost,13,0.3181818181818182,0.5,0.38888888888888884,0.5
AD vs FTD,Graph_MI+Graph_Corr,Random Forest,14,0.5729166666666666,0.5833333333333334,0.5740740740740741,0.5833333333333334
AD vs FTD,Graph_MI+Graph_Corr,XGBoost,14,0.4479166666666667,0.4166666666666667,0.40442890442890445,0.4166666666666667
AD vs FTD,Graph_MI+Graph_Corr,Random Forest,15,0.5583333333333333,0.5833333333333334,0.530812324929972,0.5833333333333334
AD vs FTD,Graph_MI+Graph_Corr,XGBoost,15,0.3181818181818182,0.5,0.38888888888888884,0.5
AD vs FTD,Graph_MI+Graph_Corr,Random Forest,16,0.5729166666666666,0.5833333333333334,0.5740740740740741,0.5833333333333334
AD vs FTD,Graph_MI+Graph_Corr,XGBoost,16,0.6666666666666666,0.6666666666666666,0.6666666666666666,0.6666666666666666
AD vs FTD,Graph_MI+Graph_Corr,Random Forest,17,0.5729166666666666,0.5833333333333334,0.5740740740740741,0.5833333333333334
AD vs FTD,Graph_MI+Graph_Corr,XGBoost,17,0.6666666666666666,0.6666666666666666,0.6666666666666666,0.6666666666666666
AD vs FTD,Graph_MI+Graph_Corr,Random Forest,18,0.5285714285714286,0.5,0.5,0.5
AD vs FTD,Graph_MI+Graph_Corr,XGBoost,18,0.4305555555555555,0.4166666666666667,0.42074592074592077,0.4166666666666667
AD Male vs Female,Graph_MI+Graph_Corr,Random Forest,0,0.6041666666666666,0.625,0.6045454545454546,0.625
AD Male vs Female,Graph_MI+Graph_Corr,XGBoost,0,0.6041666666666666,0.625,0.6045454545454546,0.625
AD Male vs Female,Graph_MI+Graph_Corr,Random Forest,1,0.5,0.5,0.5,0.5
AD Male vs Female,Graph_MI+Graph_Corr,XGBoost,1,0.3571428571428571,0.5,0.41666666666666663,0.5
AD Male vs Female,Graph_MI+Graph_Corr,Random Forest,2,0.6041666666666666,0.625,0.6045454545454546,0.625
AD Male vs Female,Graph_MI+Graph_Corr,XGBoost,2,0.5,0.5,0.5,0.5
AD Male vs Female,Graph_MI+Graph_Corr,Random Forest,3,0.8214285714285714,0.75,0.7083333333333334,0.75
AD Male vs Female,Graph_MI+Graph_Corr,XGBoost,3,0.75,0.75,0.75,0.75
AD Male vs Female,Graph_MI+Graph_Corr,Random Forest,4,0.5,0.5,0.5,0.5
AD Male vs Female,Graph_MI+Graph_Corr,XGBoost,4,0.5,0.5,0.5,0.5
AD Male vs Female,Graph_MI+Graph_Corr,Random Forest,5,0.3571428571428571,0.5,0.41666666666666663,0.5
AD Male vs Female,Graph_MI+Graph_Corr,XGBoost,5,0.8214285714285714,0.75,0.7083333333333334,0.75
AD Male vs Female,Graph_MI+Graph_Corr,Random Forest,6,0.3571428571428571,0.5,0.41666666666666663,0.5
AD Male vs Female,Graph_MI+Graph_Corr,XGBoost,6,0.3125,0.375,0.3409090909090909,0.375
AD Male vs Female,Graph_MI+Graph_Corr,Random Forest,7,0.390625,0.625,0.4807692307692308,0.625
AD Male vs Female,Graph_MI+Graph_Corr,XGBoost,7,0.390625,0.625,0.4807692307692308,0.625
AD Male vs Female,Graph_MI+Graph_Corr,Random Forest,8,0.3125,0.375,0.3409090909090909,0.375
AD Male vs Female,Graph_MI+Graph_Corr,XGBoost,8,0.5,0.5,0.5,0.5
AD Male vs Female,Graph_MI+Graph_Corr,Random Forest,9,0.3571428571428571,0.5,0.41666666666666663,0.5
AD Male vs Female,Graph_MI+Graph_Corr,XGBoost,9,0.390625,0.625,0.4807692307692308,0.625
AD Male vs Female,Graph_MI+Graph_Corr,Random Forest,10,0.3571428571428571,0.5,0.41666666666666663,0.5
AD Male vs Female,Graph_MI+Graph_Corr,XGBoost,10,0.3571428571428571,0.5,0.41666666666666663,0.5
AD Male vs Female,Graph_MI+Graph_Corr,Random Forest,11,0.5,0.5,0.5,0.5
AD Male vs Female,Graph_MI+Graph_Corr,XGBoost,11,0.6041666666666666,0.625,0.6045454545454546,0.625
AD Male vs Female,Graph_MI+Graph_Corr,Random Forest,12,0.6041666666666666,0.625,0.6045454545454546,0.625
AD Male vs Female,Graph_MI+Graph_Corr,XGBoost,12,0.6041666666666666,0.625,0.6045454545454546,0.625
AD Male vs Female,Graph_MI+Graph_Corr,Random Forest,13,0.390625,0.625,0.4807692307692308,0.625
AD Male vs Female,Graph_MI+Graph_Corr,XGBoost,13,0.390625,0.625,0.4807692307692308,0.625
AD Male vs Female,Graph_MI+Graph_Corr,Random Forest,14,0.3125,0.375,0.3409090909090909,0.375
AD Male vs Female,Graph_MI+Graph_Corr,XGBoost,14,0.5,0.5,0.5,0.5
AD Male vs Female,Graph_MI+Graph_Corr,Random Forest,15,0.5,0.5,0.5,0.5
AD Male vs Female,Graph_MI+Graph_Corr,XGBoost,15,0.3571428571428571,0.5,0.41666666666666663,0.5
AD Male vs Female,Graph_MI+Graph_Corr,Random Forest,16,0.5,0.5,0.5,0.5
AD Male vs Female,Graph_MI+Graph_Corr,XGBoost,16,0.5,0.5,0.5,0.5
AD Male vs Female,Graph_MI+Graph_Corr,Random Forest,17,0.390625,0.625,0.4807692307692308,0.625
AD Male vs Female,Graph_MI+Graph_Corr,XGBoost,17,0.5,0.5,0.5,0.5
AD Male vs Female,Graph_MI+Graph_Corr,Random Forest,18,0.8214285714285714,0.75,0.7083333333333334,0.75
AD Male vs Female,Graph_MI+Graph_Corr,XGBoost,18,0.390625,0.625,0.4807692307692308,0.625
FTD Male vs Female,Graph_MI+Graph_Corr,Random Forest,0,0.36,0.6,0.45,0.6
FTD Male vs Female,Graph_MI+Graph_Corr,XGBoost,0,0.36,0.6,0.45,0.6
FTD Male vs Female,Graph_MI+Graph_Corr,Random Forest,1,0.2,0.2,0.2,0.2
FTD Male vs Female,Graph_MI+Graph_Corr,XGBoost,1,0.2,0.2,0.2,0.2
FTD Male vs Female,Graph_MI+Graph_Corr,Random Forest,2,0.3,0.4,0.34285714285714286,0.4
FTD Male vs Female,Graph_MI+Graph_Corr,XGBoost,2,0.3,0.4,0.34285714285714286,0.4
FTD Male vs Female,Graph_MI+Graph_Corr,Random Forest,3,0.6,0.6,0.6,0.6
FTD Male vs Female,Graph_MI+Graph_Corr,XGBoost,3,0.8,0.6,0.5666666666666667,0.6
FTD Male vs Female,Graph_MI+Graph_Corr,Random Forest,4,0.8666666666666666,0.8,0.8,0.8
FTD Male vs Female,Graph_MI+Graph_Corr,XGBoost,4,1.0,1.0,1.0,1.0
FTD Male vs Female,Graph_MI+Graph_Corr,Random Forest,5,0.36,0.6,0.45,0.6
FTD Male vs Female,Graph_MI+Graph_Corr,XGBoost,5,0.2,0.2,0.2,0.2
FTD Male vs Female,Graph_MI+Graph_Corr,Random Forest,6,0.6,0.6,0.6,0.6
FTD Male vs Female,Graph_MI+Graph_Corr,XGBoost,6,0.6,0.6,0.6,0.6
FTD Male vs Female,Graph_MI+Graph_Corr,Random Forest,7,1.0,1.0,1.0,1.0
FTD Male vs Female,Graph_MI+Graph_Corr,XGBoost,7,0.36,0.6,0.45,0.6
FTD Male vs Female,Graph_MI+Graph_Corr,Random Forest,8,0.36,0.6,0.45,0.6
FTD Male vs Female,Graph_MI+Graph_Corr,XGBoost,8,0.36,0.6,0.45,0.6
FTD Male vs Female,Graph_MI+Graph_Corr,Random Forest,9,0.85,0.8,0.7809523809523808,0.8
FTD Male vs Female,Graph_MI+Graph_Corr,XGBoost,9,0.36,0.6,0.45,0.6
FTD Male vs Female,Graph_MI+Graph_Corr,Random Forest,10,0.4333333333333333,0.4,0.4,0.4
FTD Male vs Female,Graph_MI+Graph_Corr,XGBoost,10,0.4333333333333333,0.4,0.4,0.4
FTD Male vs Female,Graph_MI+Graph_Corr,Random Forest,11,0.85,0.8,0.7809523809523808,0.8
FTD Male vs Female,Graph_MI+Graph_Corr,XGBoost,11,0.3,0.4,0.34285714285714286,0.4
FTD Male vs Female,Graph_MI+Graph_Corr,Random Forest,12,0.8,0.6,0.5666666666666667,0.6
FTD Male vs Female,Graph_MI+Graph_Corr,XGBoost,12,0.2,0.2,0.2,0.2
FTD Male vs Female,Graph_MI+Graph_Corr,Random Forest,13,0.85,0.8,0.7809523809523808,0.8
FTD Male vs Female,Graph_MI+Graph_Corr,XGBoost,13,0.85,0.8,0.7809523809523808,0.8
FTD Male vs Female,Graph_MI+Graph_Corr,Random Forest,14,0.3,0.4,0.34285714285714286,0.4
FTD Male vs Female,Graph_MI+Graph_Corr,XGBoost,14,0.3,0.4,0.34285714285714286,0.4
FTD Male vs Female,Graph_MI+Graph_Corr,Random Forest,15,0.3,0.4,0.34285714285714286,0.4
FTD Male vs Female,Graph_MI+Graph_Corr,XGBoost,15,0.3,0.4,0.34285714285714286,0.4
FTD Male vs Female,Graph_MI+Graph_Corr,Random Forest,16,0.36,0.6,0.45,0.6
FTD Male vs Female,Graph_MI+Graph_Corr,XGBoost,16,0.36,0.6,0.45,0.6
FTD Male vs Female,Graph_MI+Graph_Corr,Random Forest,17,1.0,1.0,1.0,1.0
FTD Male vs Female,Graph_MI+Graph_Corr,XGBoost,17,1.0,1.0,1.0,1.0
FTD Male vs Female,Graph_MI+Graph_Corr,Random Forest,18,0.6,0.6,0.6,0.6
FTD Male vs Female,Graph_MI+Graph_Corr,XGBoost,18,0.36,0.6,0.45,0.6
Healthy vs Patient,Graph_PLV+Graph_Corr,Random Forest,0,0.6428571428571428,0.6666666666666666,0.6461538461538462,0.6666666666666666
Healthy vs Patient,Graph_PLV+Graph_Corr,XGBoost,0,0.5194805194805194,0.5,0.508361204013378,0.5
Healthy vs Patient,Graph_PLV+Graph_Corr,Random Forest,1,0.6277056277056277,0.6111111111111112,0.6176142697881828,0.6111111111111112
Healthy vs Patient,Graph_PLV+Graph_Corr,XGBoost,1,0.5555555555555556,0.6111111111111112,0.5679012345679013,0.6111111111111112
Healthy vs Patient,Graph_PLV+Graph_Corr,Random Forest,2,0.625,0.6666666666666666,0.6071428571428572,0.6666666666666666
Healthy vs Patient,Graph_PLV+Graph_Corr,XGBoost,2,0.511904761904762,0.5555555555555556,0.5282051282051281,0.5555555555555556
Healthy vs Patient,Graph_PLV+Graph_Corr,Random Forest,3,0.511904761904762,0.5555555555555556,0.5282051282051281,0.5555555555555556
Healthy vs Patient,Graph_PLV+Graph_Corr,XGBoost,3,0.511904761904762,0.5555555555555556,0.5282051282051281,0.5555555555555556
Healthy vs Patient,Graph_PLV+Graph_Corr,Random Forest,4,0.8666666666666667,0.8333333333333334,0.8148148148148148,0.8333333333333334
Healthy vs Patient,Graph_PLV+Graph_Corr,XGBoost,4,0.6666666666666666,0.6666666666666666,0.6666666666666666,0.6666666666666666
Healthy vs Patient,Graph_PLV+Graph_Corr,Random Forest,5,0.8307692307692308,0.8333333333333334,0.8290909090909091,0.8333333333333334
Healthy vs Patient,Graph_PLV+Graph_Corr,XGBoost,5,0.6277056277056277,0.6111111111111112,0.6176142697881828,0.6111111111111112
Healthy vs Patient,Graph_PLV+Graph_Corr,Random Forest,6,0.6428571428571428,0.6666666666666666,0.6461538461538462,0.6666666666666666
Healthy vs Patient,Graph_PLV+Graph_Corr,XGBoost,6,0.38095238095238093,0.4444444444444444,0.4102564102564103,0.4444444444444444
Healthy vs Patient,Graph_PLV+Graph_Corr,Random Forest,7,0.5555555555555556,0.5555555555555556,0.5555555555555556,0.5555555555555556
Healthy vs Patient,Graph_PLV+Graph_Corr,XGBoost,7,0.6277056277056277,0.6111111111111112,0.6176142697881828,0.6111111111111112
Healthy vs Patient,Graph_PLV+Graph_Corr,Random Forest,8,0.511904761904762,0.5555555555555556,0.5282051282051281,0.5555555555555556
Healthy vs Patient,Graph_PLV+Graph_Corr,XGBoost,8,0.476923076923077,0.5,0.4872727272727272,0.5
Healthy vs Patient,Graph_PLV+Graph_Corr,Random Forest,9,0.6428571428571428,0.6666666666666666,0.6461538461538462,0.6666666666666666
Healthy vs Patient,Graph_PLV+Graph_Corr,XGBoost,9,0.5948717948717949,0.6111111111111112,0.6012121212121212,0.6111111111111112
Healthy vs Patient,Graph_PLV+Graph_Corr,Random Forest,10,0.476923076923077,0.5,0.4872727272727272,0.5
Healthy vs Patient,Graph_PLV+Graph_Corr,XGBoost,10,0.5555555555555556,0.6111111111111112,0.5679012345679013,0.6111111111111112
Healthy vs Patient,Graph_PLV+Graph_Corr,Random Forest,11,0.476923076923077,0.5,0.4872727272727272,0.5
Healthy vs Patient,Graph_PLV+Graph_Corr,XGBoost,11,0.7000000000000001,0.6666666666666666,0.6753246753246753,0.6666666666666666
Healthy vs Patient,Graph_PLV+Graph_Corr,Random Forest,12,0.8333333333333334,0.7777777777777778,0.738095238095238,0.7777777777777778
Healthy vs Patient,Graph_PLV+Graph_Corr,XGBoost,12,0.5555555555555556,0.6111111111111112,0.5679012345679013,0.6111111111111112
Healthy vs Patient,Graph_PLV+Graph_Corr,Random Forest,13,0.39999999999999997,0.5,0.4444444444444444,0.5
Healthy vs Patient,Graph_PLV+Graph_Corr,XGBoost,13,0.511904761904762,0.5555555555555556,0.5282051282051281,0.5555555555555556
Healthy vs Patient,Graph_PLV+Graph_Corr,Random Forest,14,0.39999999999999997,0.5,0.4444444444444444,0.5
Healthy vs Patient,Graph_PLV+Graph_Corr,XGBoost,14,0.358974358974359,0.3888888888888889,0.37333333333333335,0.3888888888888889
Healthy vs Patient,Graph_PLV+Graph_Corr,Random Forest,15,0.511904761904762,0.5555555555555556,0.5282051282051281,0.5555555555555556
Healthy vs Patient,Graph_PLV+Graph_Corr,XGBoost,15,0.39999999999999997,0.5,0.4444444444444444,0.5
Healthy vs Patient,Graph_PLV+Graph_Corr,Random Forest,16,0.511904761904762,0.5555555555555556,0.5282051282051281,0.5555555555555556
Healthy vs Patient,Graph_PLV+Graph_Corr,XGBoost,16,0.43137254901960786,0.6111111111111112,0.5057471264367815,0.6111111111111112
Healthy vs Patient,Graph_PLV+Graph_Corr,Random Forest,17,0.511904761904762,0.5555555555555556,0.5282051282051281,0.5555555555555556
Healthy vs Patient,Graph_PLV+Graph_Corr,XGBoost,17,0.5194805194805194,0.5,0.508361204013378,0.5
Healthy vs Patient,Graph_PLV+Graph_Corr,Random Forest,18,0.5916666666666666,0.5555555555555556,0.5670995670995671,0.5555555555555556
Healthy vs Patient,Graph_PLV+Graph_Corr,XGBoost,18,0.6277056277056277,0.6111111111111112,0.6176142697881828,0.6111111111111112
Healthy vs AD,Graph_PLV+Graph_Corr,Random Forest,0,0.47435897435897434,0.46153846153846156,0.441958041958042,0.46153846153846156
Healthy vs AD,Graph_PLV+Graph_Corr,XGBoost,0,0.5538461538461539,0.5384615384615384,0.532967032967033,0.5384615384615384
Healthy vs AD,Graph_PLV+Graph_Corr,Random Forest,1,0.6923076923076923,0.6923076923076923,0.6923076923076923,0.6923076923076923
Healthy vs AD,Graph_PLV+Graph_Corr,XGBoost,1,0.6923076923076923,0.6923076923076923,0.6923076923076923,0.6923076923076923
Healthy vs AD,Graph_PLV+Graph_Corr,Random Forest,2,0.35470085470085466,0.38461538461538464,0.36153846153846153,0.38461538461538464
Healthy vs AD,Graph_PLV+Graph_Corr,XGBoost,2,0.5244755244755245,0.5384615384615384,0.47435897435897434,0.5384615384615384
Healthy vs AD,Graph_PLV+Graph_Corr,Random Forest,3,0.4230769230769231,0.46153846153846156,0.4193061840120664,0.46153846153846156
Healthy vs AD,Graph_PLV+Graph_Corr,XGBoost,3,0.4538461538461539,0.46153846153846156,0.455011655011655,0.46153846153846156
Healthy vs AD,Graph_PLV+Graph_Corr,Random Forest,4,0.5244755244755245,0.5384615384615384,0.47435897435897434,0.5384615384615384
Healthy vs AD,Graph_PLV+Graph_Corr,XGBoost,4,0.7756410256410257,0.6153846153846154,0.5286292654713708,0.6153846153846154
Healthy vs AD,Graph_PLV+Graph_Corr,Random Forest,5,0.7192307692307693,0.6923076923076923,0.6886446886446886,0.6923076923076923
Healthy vs AD,Graph_PLV+Graph_Corr,XGBoost,5,0.5897435897435896,0.5384615384615384,0.5038461538461539,0.5384615384615384
Healthy vs AD,Graph_PLV+Graph_Corr,Random Forest,6,0.6134615384615384,0.6153846153846154,0.6107226107226107,0.6153846153846154
Healthy vs AD,Graph_PLV+Graph_Corr,XGBoost,6,0.5299145299145299,0.5384615384615384,0.5211538461538462,0.5384615384615384
Healthy vs AD,Graph_PLV+Graph_Corr,Random Forest,7,0.28994082840236685,0.5384615384615384,0.37692307692307686,0.5384615384615384
Healthy vs AD,Graph_PLV+Graph_Corr,XGBoost,7,0.28994082840236685,0.5384615384615384,0.37692307692307686,0.5384615384615384
Healthy vs AD,Graph_PLV+Graph_Corr,Random Forest,8,0.5538461538461539,0.5384615384615384,0.532967032967033,0.5384615384615384
Healthy vs AD,Graph_PLV+Graph_Corr,XGBoost,8,0.5538461538461539,0.5384615384615384,0.532967032967033,0.5384615384615384
Healthy vs AD,Graph_PLV+Graph_Corr,Random Forest,9,0.7730769230769231,0.7692307692307693,0.7664335664335665,0.7692307692307693
Healthy vs AD,Graph_PLV+Graph_Corr,XGBoost,9,0.5384615384615384,0.5384615384615384,0.5384615384615384,0.5384615384615384
Healthy vs AD,Graph_PLV+Graph_Corr,Random Forest,10,0.5299145299145299,0.5384615384615384,0.5211538461538462,0.5384615384615384
Healthy vs AD,Graph_PLV+Graph_Corr,XGBoost,10,0.4230769230769231,0.46153846153846156,0.4193061840120664,0.46153846153846156
Healthy vs AD,Graph_PLV+Graph_Corr,Random Forest,11,0.6602564102564104,0.6153846153846154,0.6013986013986015,0.6153846153846154
Healthy vs AD,Graph_PLV+Graph_Corr,XGBoost,11,0.6602564102564104,0.6153846153846154,0.6013986013986015,0.6153846153846154
Healthy vs AD,Graph_PLV+Graph_Corr,Random Forest,12,0.35470085470085466,0.38461538461538464,0.36153846153846153,0.38461538461538464
Healthy vs AD,Graph_PLV+Graph_Corr,XGBoost,12,0.29423076923076924,0.3076923076923077,0.2993006993006993,0.3076923076923077
Healthy vs AD,Graph_PLV+Graph_Corr,Random Forest,13,0.5384615384615384,0.5384615384615384,0.5384615384615384,0.5384615384615384
Healthy vs AD,Graph_PLV+Graph_Corr,XGBoost,13,0.5384615384615384,0.5384615384615384,0.5384615384615384,0.5384615384615384
Healthy vs AD,Graph_PLV+Graph_Corr,Random Forest,14,0.5299145299145299,0.5384615384615384,0.5211538461538462,0.5384615384615384
Healthy vs AD,Graph_PLV+Graph_Corr,XGBoost,14,0.47435897435897434,0.46153846153846156,0.441958041958042,0.46153846153846156
Healthy vs AD,Graph_PLV+Graph_Corr,Random Forest,15,0.35470085470085466,0.38461538461538464,0.36153846153846153,0.38461538461538464
Healthy vs AD,Graph_PLV+Graph_Corr,XGBoost,15,0.23076923076923078,0.23076923076923078,0.23076923076923078,0.23076923076923078
Healthy vs AD,Graph_PLV+Graph_Corr,Random Forest,16,0.46703296703296704,0.46153846153846156,0.46153846153846156,0.46153846153846156
Healthy vs AD,Graph_PLV+Graph_Corr,XGBoost,16,0.6227106227106227,0.6153846153846154,0.6153846153846154,0.6153846153846154
Healthy vs AD,Graph_PLV+Graph_Corr,Random Forest,17,0.4538461538461539,0.46153846153846156,0.455011655011655,0.46153846153846156
Healthy vs AD,Graph_PLV+Graph_Corr,XGBoost,17,0.4538461538461539,0.46153846153846156,0.455011655011655,0.46153846153846156
Healthy vs AD,Graph_PLV+Graph_Corr,Random Forest,18,0.5384615384615384,0.5384615384615384,0.5384615384615384,0.5384615384615384
Healthy vs AD,Graph_PLV+Graph_Corr,XGBoost,18,0.46703296703296704,0.46153846153846156,0.46153846153846156,0.46153846153846156
Healthy vs FTD,Graph_PLV+Graph_Corr,Random Forest,0,0.6688311688311688,0.6363636363636364,0.6303030303030303,0.6363636363636364
Healthy vs FTD,Graph_PLV+Graph_Corr,XGBoost,0,0.797979797979798,0.6363636363636364,0.5974025974025974,0.6363636363636364
Healthy vs FTD,Graph_PLV+Graph_Corr,Random Forest,1,0.6439393939393939,0.6363636363636364,0.6168831168831169,0.6363636363636364
Healthy vs FTD,Graph_PLV+Graph_Corr,XGBoost,1,0.6363636363636364,0.6363636363636364,0.6363636363636364,0.6363636363636364
Healthy vs FTD,Graph_PLV+Graph_Corr,Random Forest,2,0.5303030303030304,0.5454545454545454,0.4935064935064935,0.5454545454545454
Healthy vs FTD,Graph_PLV+Graph_Corr,XGBoost,2,0.2727272727272727,0.45454545454545453,0.3409090909090909,0.45454545454545453
Healthy vs FTD,Graph_PLV+Graph_Corr,Random Forest,3,0.8181818181818182,0.7272727272727273,0.6961038961038961,0.7272727272727273
Healthy vs FTD,Graph_PLV+Graph_Corr,XGBoost,3,0.7305194805194805,0.7272727272727273,0.7226107226107227,0.7272727272727273
Healthy vs FTD,Graph_PLV+Graph_Corr,Random Forest,4,0.45454545454545453,0.45454545454545453,0.45454545454545453,0.45454545454545453
Healthy vs FTD,Graph_PLV+Graph_Corr,XGBoost,4,0.3474025974025974,0.36363636363636365,0.35275835275835277,0.36363636363636365
Healthy vs FTD,Graph_PLV+Graph_Corr,Random Forest,5,0.2727272727272727,0.45454545454545453,0.3409090909090909,0.45454545454545453
Healthy vs FTD,Graph_PLV+Graph_Corr,XGBoost,5,0.4242424242424242,0.45454545454545453,0.4253246753246753,0.45454545454545453
Healthy vs FTD,Graph_PLV+Graph_Corr,Random Forest,6,0.6439393939393939,0.6363636363636364,0.6168831168831169,0.6363636363636364
Healthy vs FTD,Graph_PLV+Graph_Corr,XGBoost,6,0.8181818181818182,0.7272727272727273,0.6961038961038961,0.7272727272727273
Healthy vs FTD,Graph_PLV+Graph_Corr,Random Forest,7,0.2727272727272727,0.45454545454545453,0.3409090909090909,0.45454545454545453
Healthy vs FTD,Graph_PLV+Graph_Corr,XGBoost,7,0.2727272727272727,0.45454545454545453,0.3409090909090909,0.45454545454545453
Healthy vs FTD,Graph_PLV+Graph_Corr,Random Forest,8,0.538961038961039,0.5454545454545454,0.5376845376845377,0.5454545454545454
Healthy vs FTD,Graph_PLV+Graph_Corr,XGBoost,8,0.538961038961039,0.5454545454545454,0.5376845376845377,0.5454545454545454
Healthy vs FTD,Graph_PLV+Graph_Corr,Random Forest,9,0.45454545454545453,0.45454545454545453,0.45454545454545453,0.45454545454545453
Healthy vs FTD,Graph_PLV+Graph_Corr,XGBoost,9,0.2727272727272727,0.2727272727272727,0.2727272727272727,0.2727272727272727
Healthy vs FTD,Graph_PLV+Graph_Corr,Random Forest,10,0.45454545454545453,0.45454545454545453,0.45454545454545453,0.45454545454545453
Healthy vs FTD,Graph_PLV+Graph_Corr,XGBoost,10,0.45454545454545453,0.45454545454545453,0.45454545454545453,0.45454545454545453
Healthy vs FTD,Graph_PLV+Graph_Corr,Random Forest,11,0.6439393939393939,0.6363636363636364,0.6168831168831169,0.6363636363636364
Healthy vs FTD,Graph_PLV+Graph_Corr,XGBoost,11,0.538961038961039,0.5454545454545454,0.5376845376845377,0.5454545454545454
Healthy vs FTD,Graph_PLV+Graph_Corr,Random Forest,12,0.7818181818181817,0.6363636363636364,0.5606060606060606,0.6363636363636364
Healthy vs FTD,Graph_PLV+Graph_Corr,XGBoost,12,0.8181818181818182,0.7272727272727273,0.6961038961038961,0.7272727272727273
Healthy vs FTD,Graph_PLV+Graph_Corr,Random Forest,13,0.5303030303030304,0.5454545454545454,0.4935064935064935,0.5454545454545454
Healthy vs FTD,Graph_PLV+Graph_Corr,XGBoost,13,0.3474025974025974,0.36363636363636365,0.35275835275835277,0.36363636363636365
Healthy vs FTD,Graph_PLV+Graph_Corr,Random Forest,14,0.538961038961039,0.5454545454545454,0.5376845376845377,0.5454545454545454
Healthy vs FTD,Graph_PLV+Graph_Corr,XGBoost,14,0.45454545454545453,0.45454545454545453,0.45454545454545453,0.45454545454545453
Healthy vs FTD,Graph_PLV+Graph_Corr,Random Forest,15,0.6439393939393939,0.6363636363636364,0.6168831168831169,0.6363636363636364
Healthy vs FTD,Graph_PLV+Graph_Corr,XGBoost,15,0.6439393939393939,0.6363636363636364,0.6168831168831169,0.6363636363636364
Healthy vs FTD,Graph_PLV+Graph_Corr,Random Forest,16,0.3696969696969697,0.36363636363636365,0.36363636363636365,0.36363636363636365
Healthy vs FTD,Graph_PLV+Graph_Corr,XGBoost,16,0.7305194805194805,0.7272727272727273,0.7226107226107227,0.7272727272727273
Healthy vs FTD,Graph_PLV+Graph_Corr,Random Forest,17,0.6439393939393939,0.6363636363636364,0.6168831168831169,0.6363636363636364
Healthy vs FTD,Graph_PLV+Graph_Corr,XGBoost,17,0.6439393939393939,0.6363636363636364,0.6168831168831169,0.6363636363636364
Healthy vs FTD,Graph_PLV+Graph_Corr,Random Forest,18,0.29752066115702475,0.5454545454545454,0.3850267379679144,0.5454545454545454
Healthy vs FTD,Graph_PLV+Graph_Corr,XGBoost,18,0.29752066115702475,0.5454545454545454,0.3850267379679144,0.5454545454545454
AD vs FTD,Graph_PLV+Graph_Corr,Random Forest,0,0.3181818181818182,0.5,0.38888888888888884,0.5
AD vs FTD,Graph_PLV+Graph_Corr,XGBoost,0,0.2916666666666667,0.4166666666666667,0.34313725490196084,0.4166666666666667
AD vs FTD,Graph_PLV+Graph_Corr,Random Forest,1,0.16666666666666666,0.16666666666666666,0.16666666666666666,0.16666666666666666
AD vs FTD,Graph_PLV+Graph_Corr,XGBoost,1,0.2916666666666667,0.4166666666666667,0.34313725490196084,0.4166666666666667
AD vs FTD,Graph_PLV+Graph_Corr,Random Forest,2,0.5,0.5,0.5,0.5
AD vs FTD,Graph_PLV+Graph_Corr,XGBoost,2,0.3958333333333333,0.4166666666666667,0.40370370370370373,0.4166666666666667
AD vs FTD,Graph_PLV+Graph_Corr,Random Forest,3,0.5729166666666666,0.5833333333333334,0.5740740740740741,0.5833333333333334
AD vs FTD,Graph_PLV+Graph_Corr,XGBoost,3,0.6666666666666666,0.6666666666666666,0.6458333333333334,0.6666666666666666
AD vs FTD,Graph_PLV+Graph_Corr,Random Forest,4,0.2916666666666667,0.4166666666666667,0.34313725490196084,0.4166666666666667
AD vs FTD,Graph_PLV+Graph_Corr,XGBoost,4,0.3181818181818182,0.5,0.38888888888888884,0.5
AD vs FTD,Graph_PLV+Graph_Corr,Random Forest,5,0.5583333333333333,0.5833333333333334,0.530812324929972,0.5833333333333334
AD vs FTD,Graph_PLV+Graph_Corr,XGBoost,5,0.3958333333333333,0.4166666666666667,0.40370370370370373,0.4166666666666667
AD vs FTD,Graph_PLV+Graph_Corr,Random Forest,6,0.5583333333333333,0.5833333333333334,0.530812324929972,0.5833333333333334
AD vs FTD,Graph_PLV+Graph_Corr,XGBoost,6,0.5729166666666666,0.5833333333333334,0.5740740740740741,0.5833333333333334
AD vs FTD,Graph_PLV+Graph_Corr,Random Forest,7,0.46296296296296297,0.5,0.46875,0.5
AD vs FTD,Graph_PLV+Graph_Corr,XGBoost,7,0.4305555555555555,0.4166666666666667,0.42074592074592077,0.4166666666666667
AD vs FTD,Graph_PLV+Graph_Corr,Random Forest,8,0.3181818181818182,0.5,0.38888888888888884,0.5
AD vs FTD,Graph_PLV+Graph_Corr,XGBoost,8,0.2916666666666667,0.4166666666666667,0.34313725490196084,0.4166666666666667
AD vs FTD,Graph_PLV+Graph_Corr,Random Forest,9,0.34027777777777785,0.5833333333333334,0.4298245614035088,0.5833333333333334
AD vs FTD,Graph_PLV+Graph_Corr,XGBoost,9,0.3181818181818182,0.5,0.38888888888888884,0.5
AD vs FTD,Graph_PLV+Graph_Corr,Random Forest,10,0.7916666666666666,0.5833333333333334,0.537037037037037,0.5833333333333334
AD vs FTD,Graph_PLV+Graph_Corr,XGBoost,10,0.6666666666666666,0.6666666666666666,0.6666666666666666,0.6666666666666666
AD vs FTD,Graph_PLV+Graph_Corr,Random Forest,11,0.2916666666666667,0.4166666666666667,0.34313725490196084,0.4166666666666667
AD vs FTD,Graph_PLV+Graph_Corr,XGBoost,11,0.5,0.5,0.5,0.5
AD vs FTD,Graph_PLV+Graph_Corr,Random Forest,12,0.7047619047619048,0.6666666666666666,0.6666666666666666,0.6666666666666666
AD vs FTD,Graph_PLV+Graph_Corr,XGBoost,12,0.763888888888889,0.75,0.7517482517482518,0.75
AD vs FTD,Graph_PLV+Graph_Corr,Random Forest,13,0.3181818181818182,0.5,0.38888888888888884,0.5
AD vs FTD,Graph_PLV+Graph_Corr,XGBoost,13,0.34027777777777785,0.5833333333333334,0.4298245614035088,0.5833333333333334
AD vs FTD,Graph_PLV+Graph_Corr,Random Forest,14,0.25925925925925924,0.3333333333333333,0.2916666666666667,0.3333333333333333
AD vs FTD,Graph_PLV+Graph_Corr,XGBoost,14,0.3958333333333333,0.4166666666666667,0.40370370370370373,0.4166666666666667
AD vs FTD,Graph_PLV+Graph_Corr,Random Forest,15,0.46296296296296297,0.5,0.46875,0.5
AD vs FTD,Graph_PLV+Graph_Corr,XGBoost,15,0.5583333333333333,0.5833333333333334,0.530812324929972,0.5833333333333334
AD vs FTD,Graph_PLV+Graph_Corr,Random Forest,16,0.5972222222222222,0.5833333333333334,0.5862470862470862,0.5833333333333334
AD vs FTD,Graph_PLV+Graph_Corr,XGBoost,16,0.75,0.75,0.7444444444444445,0.75
AD vs FTD,Graph_PLV+Graph_Corr,Random Forest,17,0.6666666666666666,0.6666666666666666,0.6666666666666666,0.6666666666666666
AD vs FTD,Graph_PLV+Graph_Corr,XGBoost,17,0.763888888888889,0.75,0.7517482517482518,0.75
AD vs FTD,Graph_PLV+Graph_Corr,Random Forest,18,0.46296296296296297,0.5,0.46875,0.5
AD vs FTD,Graph_PLV+Graph_Corr,XGBoost,18,0.3181818181818182,0.5,0.38888888888888884,0.5
AD Male vs Female,Graph_PLV+Graph_Corr,Random Forest,0,0.6041666666666666,0.625,0.6045454545454546,0.625
AD Male vs Female,Graph_PLV+Graph_Corr,XGBoost,0,0.6041666666666666,0.625,0.6045454545454546,0.625
AD Male vs Female,Graph_PLV+Graph_Corr,Random Forest,1,0.390625,0.625,0.4807692307692308,0.625
AD Male vs Female,Graph_PLV+Graph_Corr,XGBoost,1,0.8214285714285714,0.75,0.7083333333333334,0.75
AD Male vs Female,Graph_PLV+Graph_Corr,Random Forest,2,0.3571428571428571,0.5,0.41666666666666663,0.5
AD Male vs Female,Graph_PLV+Graph_Corr,XGBoost,2,0.6041666666666666,0.625,0.6045454545454546,0.625
AD Male vs Female,Graph_PLV+Graph_Corr,Random Forest,3,0.3571428571428571,0.5,0.41666666666666663,0.5
AD Male vs Female,Graph_PLV+Graph_Corr,XGBoost,3,0.3125,0.375,0.3409090909090909,0.375
AD Male vs Female,Graph_PLV+Graph_Corr,Random Forest,4,0.3571428571428571,0.5,0.41666666666666663,0.5
AD Male vs Female,Graph_PLV+Graph_Corr,XGBoost,4,0.2833333333333333,0.25,0.25,0.25
AD Male vs Female,Graph_PLV+Graph_Corr,Random Forest,5,0.6041666666666666,0.625,0.6045454545454546,0.625
AD Male vs Female,Graph_PLV+Graph_Corr,XGBoost,5,0.3571428571428571,0.5,0.41666666666666663,0.5
AD Male vs Female,Graph_PLV+Graph_Corr,Random Forest,6,0.8214285714285714,0.75,0.7083333333333334,0.75
AD Male vs Female,Graph_PLV+Graph_Corr,XGBoost,6,0.3125,0.375,0.3409090909090909,0.375
AD Male vs Female,Graph_PLV+Graph_Corr,Random Forest,7,0.75,0.75,0.75,0.75
AD Male vs Female,Graph_PLV+Graph_Corr,XGBoost,7,0.3571428571428571,0.5,0.41666666666666663,0.5
AD Male vs Female,Graph_PLV+Graph_Corr,Random Forest,8,0.8214285714285714,0.75,0.7083333333333334,0.75
AD Male vs Female,Graph_PLV+Graph_Corr,XGBoost,8,0.6041666666666666,0.625,0.6045454545454546,0.625
AD Male vs Female,Graph_PLV+Graph_Corr,Random Forest,9,0.8214285714285714,0.75,0.7083333333333334,0.75
AD Male vs Female,Graph_PLV+Graph_Corr,XGBoost,9,0.6041666666666666,0.625,0.6045454545454546,0.625
AD Male vs Female,Graph_PLV+Graph_Corr,Random Forest,10,0.3571428571428571,0.5,0.41666666666666663,0.5
AD Male vs Female,Graph_PLV+Graph_Corr,XGBoost,10,0.3571428571428571,0.5,0.41666666666666663,0.5
AD Male vs Female,Graph_PLV+Graph_Corr,Random Forest,11,0.390625,0.625,0.4807692307692308,0.625
AD Male vs Female,Graph_PLV+Graph_Corr,XGBoost,11,0.75,0.75,0.75,0.75
AD Male vs Female,Graph_PLV+Graph_Corr,Random Forest,12,0.6041666666666666,0.625,0.6045454545454546,0.625
AD Male vs Female,Graph_PLV+Graph_Corr,XGBoost,12,0.6041666666666666,0.625,0.6045454545454546,0.625
AD Male vs Female,Graph_PLV+Graph_Corr,Random Forest,13,0.3571428571428571,0.5,0.41666666666666663,0.5
AD Male vs Female,Graph_PLV+Graph_Corr,XGBoost,13,0.3571428571428571,0.5,0.41666666666666663,0.5
AD Male vs Female,Graph_PLV+Graph_Corr,Random Forest,14,0.3125,0.375,0.3409090909090909,0.375
AD Male vs Female,Graph_PLV+Graph_Corr,XGBoost,14,1.0,1.0,1.0,1.0
AD Male vs Female,Graph_PLV+Graph_Corr,Random Forest,15,0.90625,0.875,0.876984126984127,0.875
AD Male vs Female,Graph_PLV+Graph_Corr,XGBoost,15,0.65625,0.625,0.6309523809523809,0.625
AD Male vs Female,Graph_PLV+Graph_Corr,Random Forest,16,0.390625,0.625,0.4807692307692308,0.625
AD Male vs Female,Graph_PLV+Graph_Corr,XGBoost,16,0.6041666666666666,0.625,0.6045454545454546,0.625
AD Male vs Female,Graph_PLV+Graph_Corr,Random Forest,17,0.390625,0.625,0.4807692307692308,0.625
AD Male vs Female,Graph_PLV+Graph_Corr,XGBoost,17,0.6041666666666666,0.625,0.6045454545454546,0.625
AD Male vs Female,Graph_PLV+Graph_Corr,Random Forest,18,0.390625,0.625,0.4807692307692308,0.625
AD Male vs Female,Graph_PLV+Graph_Corr,XGBoost,18,0.3571428571428571,0.5,0.41666666666666663,0.5
FTD Male vs Female,Graph_PLV+Graph_Corr,Random Forest,0,0.3,0.4,0.34285714285714286,0.4
FTD Male vs Female,Graph_PLV+Graph_Corr,XGBoost,0,0.6,0.6,0.6,0.6
FTD Male vs Female,Graph_PLV+Graph_Corr,Random Forest,1,0.2,0.2,0.2,0.2
FTD Male vs Female,Graph_PLV+Graph_Corr,XGBoost,1,0.3,0.4,0.34285714285714286,0.4
FTD Male vs Female,Graph_PLV+Graph_Corr,Random Forest,2,0.3,0.4,0.34285714285714286,0.4
FTD Male vs Female,Graph_PLV+Graph_Corr,XGBoost,2,0.3,0.4,0.34285714285714286,0.4
FTD Male vs Female,Graph_PLV+Graph_Corr,Random Forest,3,0.6,0.6,0.6,0.6
FTD Male vs Female,Graph_PLV+Graph_Corr,XGBoost,3,0.8666666666666666,0.8,0.8,0.8
FTD Male vs Female,Graph_PLV+Graph_Corr,Random Forest,4,1.0,1.0,1.0,1.0
FTD Male vs Female,Graph_PLV+Graph_Corr,XGBoost,4,1.0,1.0,1.0,1.0
FTD Male vs Female,Graph_PLV+Graph_Corr,Random Forest,5,0.3,0.4,0.34285714285714286,0.4
FTD Male vs Female,Graph_PLV+Graph_Corr,XGBoost,5,0.2,0.2,0.2,0.2
FTD Male vs Female,Graph_PLV+Graph_Corr,Random Forest,6,0.85,0.8,0.7809523809523808,0.8
FTD Male vs Female,Graph_PLV+Graph_Corr,XGBoost,6,0.3,0.4,0.34285714285714286,0.4
FTD Male vs Female,Graph_PLV+Graph_Corr,Random Forest,7,0.8666666666666666,0.8,0.8,0.8
FTD Male vs Female,Graph_PLV+Graph_Corr,XGBoost,7,0.85,0.8,0.7809523809523808,0.8
FTD Male vs Female,Graph_PLV+Graph_Corr,Random Forest,8,0.36,0.6,0.45,0.6
FTD Male vs Female,Graph_PLV+Graph_Corr,XGBoost,8,0.36,0.6,0.45,0.6
FTD Male vs Female,Graph_PLV+Graph_Corr,Random Forest,9,0.8666666666666666,0.8,0.8,0.8
FTD Male vs Female,Graph_PLV+Graph_Corr,XGBoost,9,0.6,0.6,0.6,0.6
FTD Male vs Female,Graph_PLV+Graph_Corr,Random Forest,10,0.6,0.6,0.6,0.6
FTD Male vs Female,Graph_PLV+Graph_Corr,XGBoost,10,0.3,0.4,0.34285714285714286,0.4
FTD Male vs Female,Graph_PLV+Graph_Corr,Random Forest,11,0.3,0.4,0.34285714285714286,0.4
FTD Male vs Female,Graph_PLV+Graph_Corr,XGBoost,11,0.36,0.6,0.45,0.6
FTD Male vs Female,Graph_PLV+Graph_Corr,Random Forest,12,0.36,0.6,0.45,0.6
FTD Male vs Female,Graph_PLV+Graph_Corr,XGBoost,12,0.3,0.4,0.34285714285714286,0.4
FTD Male vs Female,Graph_PLV+Graph_Corr,Random Forest,13,0.85,0.8,0.7809523809523808,0.8
FTD Male vs Female,Graph_PLV+Graph_Corr,XGBoost,13,0.85,0.8,0.7809523809523808,0.8
FTD Male vs Female,Graph_PLV+Graph_Corr,Random Forest,14,0.3,0.4,0.34285714285714286,0.4
FTD Male vs Female,Graph_PLV+Graph_Corr,XGBoost,14,0.85,0.8,0.7809523809523808,0.8
FTD Male vs Female,Graph_PLV+Graph_Corr,Random Forest,15,0.3,0.4,0.34285714285714286,0.4
FTD Male vs Female,Graph_PLV+Graph_Corr,XGBoost,15,0.2,0.2,0.2,0.2
FTD Male vs Female,Graph_PLV+Graph_Corr,Random Forest,16,0.85,0.8,0.7809523809523808,0.8
FTD Male vs Female,Graph_PLV+Graph_Corr,XGBoost,16,0.6,0.6,0.6,0.6
FTD Male vs Female,Graph_PLV+Graph_Corr,Random Forest,17,0.85,0.8,0.7809523809523808,0.8
FTD Male vs Female,Graph_PLV+Graph_Corr,XGBoost,17,0.85,0.8,0.7809523809523808,0.8
FTD Male vs Female,Graph_PLV+Graph_Corr,Random Forest,18,0.85,0.8,0.7809523809523808,0.8
FTD Male vs Female,Graph_PLV+Graph_Corr,XGBoost,18,0.85,0.8,0.7809523809523808,0.8
Healthy vs Patient,Temporal+Frequency+Graph_MI,Random Forest,0,0.6428571428571428,0.6666666666666666,0.6461538461538462,0.6666666666666666
Healthy vs Patient,Temporal+Frequency+Graph_MI,XGBoost,0,0.711111111111111,0.7222222222222222,0.691358024691358,0.7222222222222222
Healthy vs Patient,Temporal+Frequency+Graph_MI,Random Forest,1,0.6666666666666666,0.6666666666666666,0.6666666666666666,0.6666666666666666
Healthy vs Patient,Temporal+Frequency+Graph_MI,XGBoost,1,0.5555555555555556,0.5555555555555556,0.5555555555555556,0.5555555555555556
Healthy vs Patient,Temporal+Frequency+Graph_MI,Random Forest,2,0.803921568627451,0.7222222222222222,0.6469622331691297,0.7222222222222222
Healthy vs Patient,Temporal+Frequency+Graph_MI,XGBoost,2,0.8333333333333334,0.7777777777777778,0.738095238095238,0.7777777777777778
Healthy vs Patient,Temporal+Frequency+Graph_MI,Random Forest,3,0.711111111111111,0.7222222222222222,0.691358024691358,0.7222222222222222
Healthy vs Patient,Temporal+Frequency+Graph_MI,XGBoost,3,0.7128205128205128,0.7222222222222222,0.7151515151515153,0.7222222222222222
Healthy vs Patient,Temporal+Frequency+Graph_MI,Random Forest,4,0.7738095238095238,0.7777777777777778,0.764102564102564,0.7777777777777778
Healthy vs Patient,Temporal+Frequency+Graph_MI,XGBoost,4,0.6666666666666666,0.6666666666666666,0.6666666666666666,0.6666666666666666
Healthy vs Patient,Temporal+Frequency+Graph_MI,Random Forest,5,0.711111111111111,0.7222222222222222,0.691358024691358,0.7222222222222222
Healthy vs Patient,Temporal+Frequency+Graph_MI,XGBoost,5,0.7777777777777778,0.7777777777777778,0.7777777777777778,0.7777777777777778
Healthy vs Patient,Temporal+Frequency+Graph_MI,Random Forest,6,0.5948717948717949,0.6111111111111112,0.6012121212121212,0.6111111111111112
Healthy vs Patient,Temporal+Frequency+Graph_MI,XGBoost,6,0.5948717948717949,0.6111111111111112,0.6012121212121212,0.6111111111111112
Healthy vs Patient,Temporal+Frequency+Graph_MI,Random Forest,7,0.803921568627451,0.7222222222222222,0.6469622331691297,0.7222222222222222
Healthy vs Patient,Temporal+Frequency+Graph_MI,XGBoost,7,0.711111111111111,0.7222222222222222,0.691358024691358,0.7222222222222222
Healthy vs Patient,Temporal+Frequency+Graph_MI,Random Forest,8,0.6428571428571428,0.6666666666666666,0.6461538461538462,0.6666666666666666
Healthy vs Patient,Temporal+Frequency+Graph_MI,XGBoost,8,0.6666666666666666,0.6666666666666666,0.6666666666666666,0.6666666666666666
Healthy vs Patient,Temporal+Frequency+Graph_MI,Random Forest,9,0.39999999999999997,0.5,0.4444444444444444,0.5
Healthy vs Patient,Temporal+Frequency+Graph_MI,XGBoost,9,0.39999999999999997,0.5,0.4444444444444444,0.5
Healthy vs Patient,Temporal+Frequency+Graph_MI,Random Forest,10,0.625,0.6666666666666666,0.6071428571428572,0.6666666666666666
Healthy vs Patient,Temporal+Frequency+Graph_MI,XGBoost,10,0.711111111111111,0.7222222222222222,0.691358024691358,0.7222222222222222
Healthy vs Patient,Temporal+Frequency+Graph_MI,Random Forest,11,0.9047619047619047,0.8888888888888888,0.882051282051282,0.8888888888888888
Healthy vs Patient,Temporal+Frequency+Graph_MI,XGBoost,11,0.7738095238095238,0.7777777777777778,0.764102564102564,0.7777777777777778
Healthy vs Patient,Temporal+Frequency+Graph_MI,Random Forest,12,0.711111111111111,0.7222222222222222,0.691358024691358,0.7222222222222222
Healthy vs Patient,Temporal+Frequency+Graph_MI,XGBoost,12,0.711111111111111,0.7222222222222222,0.691358024691358,0.7222222222222222
Healthy vs Patient,Temporal+Frequency+Graph_MI,Random Forest,13,0.711111111111111,0.7222222222222222,0.691358024691358,0.7222222222222222
Healthy vs Patient,Temporal+Frequency+Graph_MI,XGBoost,13,0.9047619047619047,0.8888888888888888,0.882051282051282,0.8888888888888888
Healthy vs Patient,Temporal+Frequency+Graph_MI,Random Forest,14,0.803921568627451,0.7222222222222222,0.6469622331691297,0.7222222222222222
Healthy vs Patient,Temporal+Frequency+Graph_MI,XGBoost,14,0.5948717948717949,0.6111111111111112,0.6012121212121212,0.6111111111111112
Healthy vs Patient,Temporal+Frequency+Graph_MI,Random Forest,15,0.43137254901960786,0.6111111111111112,0.5057471264367815,0.6111111111111112
Healthy vs Patient,Temporal+Frequency+Graph_MI,XGBoost,15,0.6428571428571428,0.6666666666666666,0.6461538461538462,0.6666666666666666
Healthy vs Patient,Temporal+Frequency+Graph_MI,Random Forest,16,0.711111111111111,0.7222222222222222,0.691358024691358,0.7222222222222222
Healthy vs Patient,Temporal+Frequency+Graph_MI,XGBoost,16,0.803921568627451,0.7222222222222222,0.6469622331691297,0.7222222222222222
Healthy vs Patient,Temporal+Frequency+Graph_MI,Random Forest,17,0.711111111111111,0.7222222222222222,0.691358024691358,0.7222222222222222
Healthy vs Patient,Temporal+Frequency+Graph_MI,XGBoost,17,0.6428571428571428,0.6666666666666666,0.6461538461538462,0.6666666666666666
Healthy vs Patient,Temporal+Frequency+Graph_MI,Random Forest,18,0.8441558441558441,0.8333333333333334,0.8361204013377928,0.8333333333333334
Healthy vs Patient,Temporal+Frequency+Graph_MI,XGBoost,18,0.75,0.6666666666666666,0.6749999999999999,0.6666666666666666
Healthy vs AD,Temporal+Frequency+Graph_MI,Random Forest,0,0.4538461538461539,0.46153846153846156,0.455011655011655,0.46153846153846156
Healthy vs AD,Temporal+Frequency+Graph_MI,XGBoost,0,0.6307692307692307,0.6153846153846154,0.5852187028657616,0.6153846153846154
Healthy vs AD,Temporal+Frequency+Graph_MI,Random Forest,1,0.6134615384615384,0.6153846153846154,0.6107226107226107,0.6153846153846154
Healthy vs AD,Temporal+Frequency+Graph_MI,XGBoost,1,0.6134615384615384,0.6153846153846154,0.6107226107226107,0.6153846153846154
Healthy vs AD,Temporal+Frequency+Graph_MI,Random Forest,2,0.6307692307692307,0.6153846153846154,0.5852187028657616,0.6153846153846154
Healthy vs AD,Temporal+Frequency+Graph_MI,XGBoost,2,0.4538461538461539,0.46153846153846156,0.455011655011655,0.46153846153846156
Healthy vs AD,Temporal+Frequency+Graph_MI,Random Forest,3,0.4538461538461539,0.46153846153846156,0.455011655011655,0.46153846153846156
Healthy vs AD,Temporal+Frequency+Graph_MI,XGBoost,3,0.3884615384615385,0.38461538461538464,0.3772893772893772,0.38461538461538464
Healthy vs AD,Temporal+Frequency+Graph_MI,Random Forest,4,0.804195804195804,0.6923076923076923,0.6495726495726496,0.6923076923076923
Healthy vs AD,Temporal+Frequency+Graph_MI,XGBoost,4,0.5299145299145299,0.5384615384615384,0.5211538461538462,0.5384615384615384
Healthy vs AD,Temporal+Frequency+Graph_MI,Random Forest,5,0.6923076923076923,0.6923076923076923,0.6923076923076923,0.6923076923076923
Healthy vs AD,Temporal+Frequency+Graph_MI,XGBoost,5,0.6227106227106227,0.6153846153846154,0.6153846153846154,0.6153846153846154
Healthy vs AD,Temporal+Frequency+Graph_MI,Random Forest,6,0.7051282051282051,0.6923076923076923,0.6807692307692308,0.6923076923076923
Healthy vs AD,Temporal+Frequency+Graph_MI,XGBoost,6,0.5384615384615384,0.5384615384615384,0.5384615384615384,0.5384615384615384
Healthy vs AD,Temporal+Frequency+Graph_MI,Random Forest,7,0.28994082840236685,0.5384615384615384,0.37692307692307686,0.5384615384615384
Healthy vs AD,Temporal+Frequency+Graph_MI,XGBoost,7,0.7756410256410257,0.6153846153846154,0.5286292654713708,0.6153846153846154
Healthy vs AD,Temporal+Frequency+Graph_MI,Random Forest,8,0.5244755244755245,0.5384615384615384,0.47435897435897434,0.5384615384615384
Healthy vs AD,Temporal+Frequency+Graph_MI,XGBoost,8,0.5299145299145299,0.5384615384615384,0.5211538461538462,0.5384615384615384
Healthy vs AD,Temporal+Frequency+Graph_MI,Random Forest,9,0.5299145299145299,0.5384615384615384,0.5211538461538462,0.5384615384615384
Healthy vs AD,Temporal+Frequency+Graph_MI,XGBoost,9,0.6923076923076923,0.6923076923076923,0.6923076923076923,0.6923076923076923
Healthy vs AD,Temporal+Frequency+Graph_MI,Random Forest,10,0.804195804195804,0.6923076923076923,0.6495726495726496,0.6923076923076923
Healthy vs AD,Temporal+Frequency+Graph_MI,XGBoost,10,0.7051282051282051,0.6923076923076923,0.6807692307692308,0.6923076923076923
Healthy vs AD,Temporal+Frequency+Graph_MI,Random Forest,11,0.8384615384615384,0.7692307692307693,0.7511312217194571,0.7692307692307693
Healthy vs AD,Temporal+Frequency+Graph_MI,XGBoost,11,0.7051282051282051,0.6923076923076923,0.6807692307692308,0.6923076923076923
Healthy vs AD,Temporal+Frequency+Graph_MI,Random Forest,12,0.804195804195804,0.6923076923076923,0.6495726495726496,0.6923076923076923
Healthy vs AD,Temporal+Frequency+Graph_MI,XGBoost,12,0.804195804195804,0.6923076923076923,0.6495726495726496,0.6923076923076923
Healthy vs AD,Temporal+Frequency+Graph_MI,Random Forest,13,0.804195804195804,0.6923076923076923,0.6495726495726496,0.6923076923076923
Healthy vs AD,Temporal+Frequency+Graph_MI,XGBoost,13,0.7051282051282051,0.6923076923076923,0.6807692307692308,0.6923076923076923
Healthy vs AD,Temporal+Frequency+Graph_MI,Random Forest,14,0.5299145299145299,0.5384615384615384,0.5211538461538462,0.5384615384615384
Healthy vs AD,Temporal+Frequency+Graph_MI,XGBoost,14,0.4538461538461539,0.46153846153846156,0.455011655011655,0.46153846153846156
Healthy vs AD,Temporal+Frequency+Graph_MI,Random Forest,15,0.7051282051282051,0.6923076923076923,0.6807692307692308,0.6923076923076923
Healthy vs AD,Temporal+Frequency+Graph_MI,XGBoost,15,0.7051282051282051,0.6923076923076923,0.6807692307692308,0.6923076923076923
Healthy vs AD,Temporal+Frequency+Graph_MI,Random Forest,16,0.8803418803418803,0.8461538461538461,0.8403846153846154,0.8461538461538461
Healthy vs AD,Temporal+Frequency+Graph_MI,XGBoost,16,0.7730769230769231,0.7692307692307693,0.7664335664335665,0.7692307692307693
Healthy vs AD,Temporal+Frequency+Graph_MI,Random Forest,17,0.804195804195804,0.6923076923076923,0.6495726495726496,0.6923076923076923
Healthy vs AD,Temporal+Frequency+Graph_MI,XGBoost,17,0.6307692307692307,0.6153846153846154,0.5852187028657616,0.6153846153846154
Healthy vs AD,Temporal+Frequency+Graph_MI,Random Forest,18,0.7051282051282051,0.6923076923076923,0.6807692307692308,0.6923076923076923
Healthy vs AD,Temporal+Frequency+Graph_MI,XGBoost,18,0.6307692307692307,0.6153846153846154,0.5852187028657616,0.6153846153846154
Healthy vs FTD,Temporal+Frequency+Graph_MI,Random Forest,0,0.7393939393939394,0.7272727272727273,0.7272727272727273,0.7272727272727273
Healthy vs FTD,Temporal+Frequency+Graph_MI,XGBoost,0,0.8295454545454546,0.7272727272727273,0.7132867132867133,0.7272727272727273
Healthy vs FTD,Temporal+Frequency+Graph_MI,Random Forest,1,0.6363636363636364,0.6363636363636364,0.6363636363636364,0.6363636363636364
Healthy vs FTD,Temporal+Frequency+Graph_MI,XGBoost,1,0.8181818181818182,0.8181818181818182,0.8181818181818182,0.8181818181818182
Healthy vs FTD,Temporal+Frequency+Graph_MI,Random Forest,2,0.3474025974025974,0.36363636363636365,0.35275835275835277,0.36363636363636365
Healthy vs FTD,Temporal+Frequency+Graph_MI,XGBoost,2,0.3696969696969697,0.36363636363636365,0.36363636363636365,0.36363636363636365
Healthy vs FTD,Temporal+Frequency+Graph_MI,Random Forest,3,0.5303030303030304,0.5454545454545454,0.4935064935064935,0.5454545454545454
Healthy vs FTD,Temporal+Frequency+Graph_MI,XGBoost,3,0.5303030303030304,0.5454545454545454,0.4935064935064935,0.5454545454545454
Healthy vs FTD,Temporal+Frequency+Graph_MI,Random Forest,4,0.6363636363636364,0.6363636363636364,0.6363636363636364,0.6363636363636364
Healthy vs FTD,Temporal+Frequency+Graph_MI,XGBoost,4,0.5545454545454546,0.5454545454545454,0.5454545454545454,0.5454545454545454
Healthy vs FTD,Temporal+Frequency+Graph_MI,Random Forest,5,0.5303030303030304,0.5454545454545454,0.4935064935064935,0.5454545454545454
Healthy vs FTD,Temporal+Frequency+Graph_MI,XGBoost,5,0.2424242424242424,0.36363636363636365,0.29090909090909095,0.36363636363636365
Healthy vs FTD,Temporal+Frequency+Graph_MI,Random Forest,6,0.6439393939393939,0.6363636363636364,0.6168831168831169,0.6363636363636364
Healthy vs FTD,Temporal+Frequency+Graph_MI,XGBoost,6,0.6439393939393939,0.6363636363636364,0.6168831168831169,0.6363636363636364
Healthy vs FTD,Temporal+Frequency+Graph_MI,Random Forest,7,0.5303030303030304,0.5454545454545454,0.4935064935064935,0.5454545454545454
Healthy vs FTD,Temporal+Frequency+Graph_MI,XGBoost,7,0.3474025974025974,0.36363636363636365,0.35275835275835277,0.36363636363636365
Healthy vs FTD,Temporal+Frequency+Graph_MI,Random Forest,8,0.3696969696969697,0.36363636363636365,0.36363636363636365,0.36363636363636365
Healthy vs FTD,Temporal+Frequency+Graph_MI,XGBoost,8,0.46753246753246747,0.45454545454545453,0.4454545454545455,0.45454545454545453
Healthy vs FTD,Temporal+Frequency+Graph_MI,Random Forest,9,0.3474025974025974,0.36363636363636365,0.35275835275835277,0.36363636363636365
Healthy vs FTD,Temporal+Frequency+Graph_MI,XGBoost,9,0.3696969696969697,0.36363636363636365,0.36363636363636365,0.36363636363636365
Healthy vs FTD,Temporal+Frequency+Graph_MI,Random Forest,10,0.45454545454545453,0.45454545454545453,0.45454545454545453,0.45454545454545453
Healthy vs FTD,Temporal+Frequency+Graph_MI,XGBoost,10,0.2662337662337662,0.2727272727272727,0.2606060606060606,0.2727272727272727
Healthy vs FTD,Temporal+Frequency+Graph_MI,Random Forest,11,0.6363636363636364,0.6363636363636364,0.6363636363636364,0.6363636363636364
Healthy vs FTD,Temporal+Frequency+Graph_MI,XGBoost,11,0.6363636363636364,0.6363636363636364,0.6363636363636364,0.6363636363636364
Healthy vs FTD,Temporal+Frequency+Graph_MI,Random Forest,12,0.4242424242424242,0.45454545454545453,0.4253246753246753,0.45454545454545453
Healthy vs FTD,Temporal+Frequency+Graph_MI,XGBoost,12,0.6363636363636364,0.6363636363636364,0.6363636363636364,0.6363636363636364
Healthy vs FTD,Temporal+Frequency+Graph_MI,Random Forest,13,0.45454545454545453,0.45454545454545453,0.45454545454545453,0.45454545454545453
Healthy vs FTD,Temporal+Frequency+Graph_MI,XGBoost,13,0.45454545454545453,0.45454545454545453,0.45454545454545453,0.45454545454545453
Healthy vs FTD,Temporal+Frequency+Graph_MI,Random Forest,14,0.3474025974025974,0.36363636363636365,0.35275835275835277,0.36363636363636365
Healthy vs FTD,Temporal+Frequency+Graph_MI,XGBoost,14,0.45454545454545453,0.45454545454545453,0.45454545454545453,0.45454545454545453
Healthy vs FTD,Temporal+Frequency+Graph_MI,Random Forest,15,0.6363636363636364,0.6363636363636364,0.6363636363636364,0.6363636363636364
Healthy vs FTD,Temporal+Frequency+Graph_MI,XGBoost,15,0.3474025974025974,0.36363636363636365,0.35275835275835277,0.36363636363636365
Healthy vs FTD,Temporal+Frequency+Graph_MI,Random Forest,16,0.7305194805194805,0.7272727272727273,0.7226107226107227,0.7272727272727273
Healthy vs FTD,Temporal+Frequency+Graph_MI,XGBoost,16,0.7305194805194805,0.7272727272727273,0.7226107226107227,0.7272727272727273
Healthy vs FTD,Temporal+Frequency+Graph_MI,Random Forest,17,0.6439393939393939,0.6363636363636364,0.6168831168831169,0.6363636363636364
Healthy vs FTD,Temporal+Frequency+Graph_MI,XGBoost,17,0.538961038961039,0.5454545454545454,0.5376845376845377,0.5454545454545454
Healthy vs FTD,Temporal+Frequency+Graph_MI,Random Forest,18,0.538961038961039,0.5454545454545454,0.5376845376845377,0.5454545454545454
Healthy vs FTD,Temporal+Frequency+Graph_MI,XGBoost,18,0.8181818181818182,0.8181818181818182,0.8181818181818182,0.8181818181818182
AD vs FTD,Temporal+Frequency+Graph_MI,Random Forest,0,0.2916666666666667,0.4166666666666667,0.34313725490196084,0.4166666666666667
AD vs FTD,Temporal+Frequency+Graph_MI,XGBoost,0,0.3958333333333333,0.4166666666666667,0.40370370370370373,0.4166666666666667
AD vs FTD,Temporal+Frequency+Graph_MI,Random Forest,1,0.5972222222222222,0.5833333333333334,0.5862470862470862,0.5833333333333334
AD vs FTD,Temporal+Frequency+Graph_MI,XGBoost,1,0.5972222222222222,0.5833333333333334,0.5862470862470862,0.5833333333333334
AD vs FTD,Temporal+Frequency+Graph_MI,Random Forest,2,0.5583333333333333,0.5833333333333334,0.530812324929972,0.5833333333333334
AD vs FTD,Temporal+Frequency+Graph_MI,XGBoost,2,0.3958333333333333,0.4166666666666667,0.40370370370370373,0.4166666666666667
AD vs FTD,Temporal+Frequency+Graph_MI,Random Forest,3,0.46296296296296297,0.5,0.46875,0.5
AD vs FTD,Temporal+Frequency+Graph_MI,XGBoost,3,0.3958333333333333,0.4166666666666667,0.40370370370370373,0.4166666666666667
AD vs FTD,Temporal+Frequency+Graph_MI,Random Forest,4,0.8703703703703703,0.8333333333333334,0.8229166666666666,0.8333333333333334
AD vs FTD,Temporal+Frequency+Graph_MI,XGBoost,4,0.75,0.75,0.7444444444444445,0.75
AD vs FTD,Temporal+Frequency+Graph_MI,Random Forest,5,0.5729166666666666,0.5833333333333334,0.5740740740740741,0.5833333333333334
AD vs FTD,Temporal+Frequency+Graph_MI,XGBoost,5,0.3958333333333333,0.4166666666666667,0.40370370370370373,0.4166666666666667
AD vs FTD,Temporal+Frequency+Graph_MI,Random Forest,6,0.6666666666666666,0.6666666666666666,0.6458333333333334,0.6666666666666666
AD vs FTD,Temporal+Frequency+Graph_MI,XGBoost,6,0.6666666666666666,0.6666666666666666,0.6666666666666666,0.6666666666666666
AD vs FTD,Temporal+Frequency+Graph_MI,Random Forest,7,0.3333333333333333,0.3333333333333333,0.3333333333333333,0.3333333333333333
AD vs FTD,Temporal+Frequency+Graph_MI,XGBoost,7,0.5972222222222222,0.5833333333333334,0.5862470862470862,0.5833333333333334
AD vs FTD,Temporal+Frequency+Graph_MI,Random Forest,8,0.2916666666666667,0.4166666666666667,0.34313725490196084,0.4166666666666667
AD vs FTD,Temporal+Frequency+Graph_MI,XGBoost,8,0.3181818181818182,0.5,0.38888888888888884,0.5
AD vs FTD,Temporal+Frequency+Graph_MI,Random Forest,9,0.46296296296296297,0.5,0.46875,0.5
AD vs FTD,Temporal+Frequency+Graph_MI,XGBoost,9,0.6666666666666666,0.6666666666666666,0.6458333333333334,0.6666666666666666
AD vs FTD,Temporal+Frequency+Graph_MI,Random Forest,10,0.5729166666666666,0.5833333333333334,0.5740740740740741,0.5833333333333334
AD vs FTD,Temporal+Frequency+Graph_MI,XGBoost,10,0.5729166666666666,0.5833333333333334,0.5740740740740741,0.5833333333333334
AD vs FTD,Temporal+Frequency+Graph_MI,Random Forest,11,0.46296296296296297,0.5,0.46875,0.5
AD vs FTD,Temporal+Frequency+Graph_MI,XGBoost,11,0.46296296296296297,0.5,0.46875,0.5
AD vs FTD,Temporal+Frequency+Graph_MI,Random Forest,12,0.5583333333333333,0.5833333333333334,0.530812324929972,0.5833333333333334
AD vs FTD,Temporal+Frequency+Graph_MI,XGBoost,12,0.25925925925925924,0.3333333333333333,0.2916666666666667,0.3333333333333333
AD vs FTD,Temporal+Frequency+Graph_MI,Random Forest,13,0.34027777777777785,0.5833333333333334,0.4298245614035088,0.5833333333333334
AD vs FTD,Temporal+Frequency+Graph_MI,XGBoost,13,0.5729166666666666,0.5833333333333334,0.5740740740740741,0.5833333333333334
AD vs FTD,Temporal+Frequency+Graph_MI,Random Forest,14,0.8703703703703703,0.8333333333333334,0.8229166666666666,0.8333333333333334
AD vs FTD,Temporal+Frequency+Graph_MI,XGBoost,14,0.5,0.5,0.5,0.5
AD vs FTD,Temporal+Frequency+Graph_MI,Random Forest,15,0.5583333333333333,0.5833333333333334,0.530812324929972,0.5833333333333334
AD vs FTD,Temporal+Frequency+Graph_MI,XGBoost,15,0.75,0.75,0.7444444444444445,0.75
AD vs FTD,Temporal+Frequency+Graph_MI,Random Forest,16,0.8703703703703703,0.8333333333333334,0.8229166666666666,0.8333333333333334
AD vs FTD,Temporal+Frequency+Graph_MI,XGBoost,16,0.75,0.75,0.7444444444444445,0.75
AD vs FTD,Temporal+Frequency+Graph_MI,Random Forest,17,0.46296296296296297,0.5,0.46875,0.5
AD vs FTD,Temporal+Frequency+Graph_MI,XGBoost,17,0.7878787878787877,0.6666666666666666,0.5925925925925926,0.6666666666666666
AD vs FTD,Temporal+Frequency+Graph_MI,Random Forest,18,0.46296296296296297,0.5,0.46875,0.5
AD vs FTD,Temporal+Frequency+Graph_MI,XGBoost,18,0.5583333333333333,0.5833333333333334,0.530812324929972,0.5833333333333334
AD Male vs Female,Temporal+Frequency+Graph_MI,Random Forest,0,0.6041666666666666,0.625,0.6045454545454546,0.625
AD Male vs Female,Temporal+Frequency+Graph_MI,XGBoost,0,0.6041666666666666,0.625,0.6045454545454546,0.625
AD Male vs Female,Temporal+Frequency+Graph_MI,Random Forest,1,0.6041666666666666,0.625,0.6045454545454546,0.625
AD Male vs Female,Temporal+Frequency+Graph_MI,XGBoost,1,0.65625,0.625,0.6309523809523809,0.625
AD Male vs Female,Temporal+Frequency+Graph_MI,Random Forest,2,0.6041666666666666,0.625,0.6045454545454546,0.625
AD Male vs Female,Temporal+Frequency+Graph_MI,XGBoost,2,0.25,0.25,0.25,0.25
AD Male vs Female,Temporal+Frequency+Graph_MI,Random Forest,3,0.8214285714285714,0.75,0.7083333333333334,0.75
AD Male vs Female,Temporal+Frequency+Graph_MI,XGBoost,3,0.6041666666666666,0.625,0.6045454545454546,0.625
AD Male vs Female,Temporal+Frequency+Graph_MI,Random Forest,4,0.6041666666666666,0.625,0.6045454545454546,0.625
AD Male vs Female,Temporal+Frequency+Graph_MI,XGBoost,4,0.3571428571428571,0.5,0.41666666666666663,0.5
AD Male vs Female,Temporal+Frequency+Graph_MI,Random Forest,5,0.25,0.25,0.25,0.25
AD Male vs Female,Temporal+Frequency+Graph_MI,XGBoost,5,0.3125,0.375,0.3409090909090909,0.375
AD Male vs Female,Temporal+Frequency+Graph_MI,Random Forest,6,0.6041666666666666,0.625,0.6045454545454546,0.625
AD Male vs Female,Temporal+Frequency+Graph_MI,XGBoost,6,0.3571428571428571,0.5,0.41666666666666663,0.5
AD Male vs Female,Temporal+Frequency+Graph_MI,Random Forest,7,0.3125,0.375,0.3409090909090909,0.375
AD Male vs Female,Temporal+Frequency+Graph_MI,XGBoost,7,0.3125,0.375,0.3409090909090909,0.375
AD Male vs Female,Temporal+Frequency+Graph_MI,Random Forest,8,0.6041666666666666,0.625,0.6045454545454546,0.625
AD Male vs Female,Temporal+Frequency+Graph_MI,XGBoost,8,0.5,0.5,0.5,0.5
AD Male vs Female,Temporal+Frequency+Graph_MI,Random Forest,9,0.6041666666666666,0.625,0.6045454545454546,0.625
AD Male vs Female,Temporal+Frequency+Graph_MI,XGBoost,9,0.390625,0.625,0.4807692307692308,0.625
AD Male vs Female,Temporal+Frequency+Graph_MI,Random Forest,10,0.6041666666666666,0.625,0.6045454545454546,0.625
AD Male vs Female,Temporal+Frequency+Graph_MI,XGBoost,10,0.390625,0.625,0.4807692307692308,0.625
AD Male vs Female,Temporal+Frequency+Graph_MI,Random Forest,11,0.6041666666666666,0.625,0.6045454545454546,0.625
AD Male vs Female,Temporal+Frequency+Graph_MI,XGBoost,11,0.6041666666666666,0.625,0.6045454545454546,0.625
AD Male vs Female,Temporal+Frequency+Graph_MI,Random Forest,12,0.75,0.75,0.75,0.75
AD Male vs Female,Temporal+Frequency+Graph_MI,XGBoost,12,0.8958333333333334,0.875,0.8681818181818182,0.875
AD Male vs Female,Temporal+Frequency+Graph_MI,Random Forest,13,0.6041666666666666,0.625,0.6045454545454546,0.625
AD Male vs Female,Temporal+Frequency+Graph_MI,XGBoost,13,0.5,0.5,0.5,0.5
AD Male vs Female,Temporal+Frequency+Graph_MI,Random Forest,14,0.8214285714285714,0.75,0.7083333333333334,0.75
AD Male vs Female,Temporal+Frequency+Graph_MI,XGBoost,14,0.6041666666666666,0.625,0.6045454545454546,0.625
AD Male vs Female,Temporal+Frequency+Graph_MI,Random Forest,15,0.5,0.5,0.5,0.5
AD Male vs Female,Temporal+Frequency+Graph_MI,XGBoost,15,0.6041666666666666,0.625,0.6045454545454546,0.625
AD Male vs Female,Temporal+Frequency+Graph_MI,Random Forest,16,0.5,0.5,0.5,0.5
AD Male vs Female,Temporal+Frequency+Graph_MI,XGBoost,16,0.25,0.25,0.25,0.25
AD Male vs Female,Temporal+Frequency+Graph_MI,Random Forest,17,0.6041666666666666,0.625,0.6045454545454546,0.625
AD Male vs Female,Temporal+Frequency+Graph_MI,XGBoost,17,0.6041666666666666,0.625,0.6045454545454546,0.625
AD Male vs Female,Temporal+Frequency+Graph_MI,Random Forest,18,0.6041666666666666,0.625,0.6045454545454546,0.625
AD Male vs Female,Temporal+Frequency+Graph_MI,XGBoost,18,0.6041666666666666,0.625,0.6045454545454546,0.625
FTD Male vs Female,Temporal+Frequency+Graph_MI,Random Forest,0,0.85,0.8,0.7809523809523808,0.8
FTD Male vs Female,Temporal+Frequency+Graph_MI,XGBoost,0,0.85,0.8,0.7809523809523808,0.8
FTD Male vs Female,Temporal+Frequency+Graph_MI,Random Forest,1,1.0,1.0,1.0,1.0
FTD Male vs Female,Temporal+Frequency+Graph_MI,XGBoost,1,1.0,1.0,1.0,1.0
FTD Male vs Female,Temporal+Frequency+Graph_MI,Random Forest,2,1.0,1.0,1.0,1.0
FTD Male vs Female,Temporal+Frequency+Graph_MI,XGBoost,2,0.8,0.6,0.5666666666666667,0.6
FTD Male vs Female,Temporal+Frequency+Graph_MI,Random Forest,3,0.85,0.8,0.7809523809523808,0.8
FTD Male vs Female,Temporal+Frequency+Graph_MI,XGBoost,3,0.85,0.8,0.7809523809523808,0.8
FTD Male vs Female,Temporal+Frequency+Graph_MI,Random Forest,4,0.6,0.6,0.6,0.6
FTD Male vs Female,Temporal+Frequency+Graph_MI,XGBoost,4,0.6,0.6,0.6,0.6
FTD Male vs Female,Temporal+Frequency+Graph_MI,Random Forest,5,0.6,0.6,0.6,0.6
FTD Male vs Female,Temporal+Frequency+Graph_MI,XGBoost,5,0.8,0.6,0.5666666666666667,0.6
FTD Male vs Female,Temporal+Frequency+Graph_MI,Random Forest,6,0.8666666666666666,0.8,0.8,0.8
FTD Male vs Female,Temporal+Frequency+Graph_MI,XGBoost,6,0.4333333333333333,0.4,0.4,0.4
FTD Male vs Female,Temporal+Frequency+Graph_MI,Random Forest,7,0.8,0.6,0.5666666666666667,0.6
FTD Male vs Female,Temporal+Frequency+Graph_MI,XGBoost,7,0.6,0.6,0.6,0.6
FTD Male vs Female,Temporal+Frequency+Graph_MI,Random Forest,8,0.36,0.6,0.45,0.6
FTD Male vs Female,Temporal+Frequency+Graph_MI,XGBoost,8,0.36,0.6,0.45,0.6
FTD Male vs Female,Temporal+Frequency+Graph_MI,Random Forest,9,0.85,0.8,0.7809523809523808,0.8
FTD Male vs Female,Temporal+Frequency+Graph_MI,XGBoost,9,0.85,0.8,0.7809523809523808,0.8
FTD Male vs Female,Temporal+Frequency+Graph_MI,Random Forest,10,0.85,0.8,0.7809523809523808,0.8
FTD Male vs Female,Temporal+Frequency+Graph_MI,XGBoost,10,0.85,0.8,0.7809523809523808,0.8
FTD Male vs Female,Temporal+Frequency+Graph_MI,Random Forest,11,0.6,0.6,0.6,0.6
FTD Male vs Female,Temporal+Frequency+Graph_MI,XGBoost,11,0.3,0.4,0.34285714285714286,0.4
FTD Male vs Female,Temporal+Frequency+Graph_MI,Random Forest,12,0.85,0.8,0.7809523809523808,0.8
FTD Male vs Female,Temporal+Frequency+Graph_MI,XGBoost,12,0.6,0.6,0.6,0.6
FTD Male vs Female,Temporal+Frequency+Graph_MI,Random Forest,13,0.85,0.8,0.7809523809523808,0.8
FTD Male vs Female,Temporal+Frequency+Graph_MI,XGBoost,13,0.85,0.8,0.7809523809523808,0.8
FTD Male vs Female,Temporal+Frequency+Graph_MI,Random Forest,14,0.6,0.6,0.6,0.6
FTD Male vs Female,Temporal+Frequency+Graph_MI,XGBoost,14,0.6,0.6,0.6,0.6
FTD Male vs Female,Temporal+Frequency+Graph_MI,Random Forest,15,0.6,0.6,0.6,0.6
FTD Male vs Female,Temporal+Frequency+Graph_MI,XGBoost,15,0.6,0.6,0.6,0.6
FTD Male vs Female,Temporal+Frequency+Graph_MI,Random Forest,16,0.4333333333333333,0.4,0.4,0.4
FTD Male vs Female,Temporal+Frequency+Graph_MI,XGBoost,16,0.6,0.6,0.6,0.6
FTD Male vs Female,Temporal+Frequency+Graph_MI,Random Forest,17,1.0,1.0,1.0,1.0
FTD Male vs Female,Temporal+Frequency+Graph_MI,XGBoost,17,1.0,1.0,1.0,1.0
FTD Male vs Female,Temporal+Frequency+Graph_MI,Random Forest,18,0.85,0.8,0.7809523809523808,0.8
FTD Male vs Female,Temporal+Frequency+Graph_MI,XGBoost,18,0.4333333333333333,0.4,0.4,0.4
Healthy vs Patient,Temporal+Frequency+Graph_PLV,Random Forest,0,0.511904761904762,0.5555555555555556,0.5282051282051281,0.5555555555555556
Healthy vs Patient,Temporal+Frequency+Graph_PLV,XGBoost,0,0.4166666666666667,0.5555555555555556,0.47619047619047616,0.5555555555555556
Healthy vs Patient,Temporal+Frequency+Graph_PLV,Random Forest,1,0.5555555555555556,0.6111111111111112,0.5679012345679013,0.6111111111111112
Healthy vs Patient,Temporal+Frequency+Graph_PLV,XGBoost,1,0.5555555555555556,0.5555555555555556,0.5555555555555556,0.5555555555555556
Healthy vs Patient,Temporal+Frequency+Graph_PLV,Random Forest,2,0.4444444444444444,0.6666666666666666,0.5333333333333334,0.6666666666666666
Healthy vs Patient,Temporal+Frequency+Graph_PLV,XGBoost,2,0.711111111111111,0.7222222222222222,0.691358024691358,0.7222222222222222
Healthy vs Patient,Temporal+Frequency+Graph_PLV,Random Forest,3,0.6428571428571428,0.6666666666666666,0.6461538461538462,0.6666666666666666
Healthy vs Patient,Temporal+Frequency+Graph_PLV,XGBoost,3,0.711111111111111,0.7222222222222222,0.691358024691358,0.7222222222222222
Healthy vs Patient,Temporal+Frequency+Graph_PLV,Random Forest,4,0.7777777777777778,0.7777777777777778,0.7777777777777778,0.7777777777777778
Healthy vs Patient,Temporal+Frequency+Graph_PLV,XGBoost,4,0.735930735930736,0.7222222222222222,0.7268673355629878,0.7222222222222222
Healthy vs Patient,Temporal+Frequency+Graph_PLV,Random Forest,5,0.6428571428571428,0.6666666666666666,0.6461538461538462,0.6666666666666666
Healthy vs Patient,Temporal+Frequency+Graph_PLV,XGBoost,5,0.7128205128205128,0.7222222222222222,0.7151515151515153,0.7222222222222222
Healthy vs Patient,Temporal+Frequency+Graph_PLV,Random Forest,6,0.5948717948717949,0.6111111111111112,0.6012121212121212,0.6111111111111112
Healthy vs Patient,Temporal+Frequency+Graph_PLV,XGBoost,6,0.6666666666666666,0.6666666666666666,0.6666666666666666,0.6666666666666666
Healthy vs Patient,Temporal+Frequency+Graph_PLV,Random Forest,7,0.511904761904762,0.5555555555555556,0.5282051282051281,0.5555555555555556
Healthy vs Patient,Temporal+Frequency+Graph_PLV,XGBoost,7,0.7738095238095238,0.7777777777777778,0.764102564102564,0.7777777777777778
Healthy vs Patient,Temporal+Frequency+Graph_PLV,Random Forest,8,0.39999999999999997,0.5,0.4444444444444444,0.5
Healthy vs Patient,Temporal+Frequency+Graph_PLV,XGBoost,8,0.6428571428571428,0.6666666666666666,0.6461538461538462,0.6666666666666666
Healthy vs Patient,Temporal+Frequency+Graph_PLV,Random Forest,9,0.5555555555555556,0.6111111111111112,0.5679012345679013,0.6111111111111112
Healthy vs Patient,Temporal+Frequency+Graph_PLV,XGBoost,9,0.6428571428571428,0.6666666666666666,0.6461538461538462,0.6666666666666666
Healthy vs Patient,Temporal+Frequency+Graph_PLV,Random Forest,10,0.711111111111111,0.7222222222222222,0.691358024691358,0.7222222222222222
Healthy vs Patient,Temporal+Frequency+Graph_PLV,XGBoost,10,0.6428571428571428,0.6666666666666666,0.6461538461538462,0.6666666666666666
Healthy vs Patient,Temporal+Frequency+Graph_PLV,Random Forest,11,0.8307692307692308,0.8333333333333334,0.8290909090909091,0.8333333333333334
Healthy vs Patient,Temporal+Frequency+Graph_PLV,XGBoost,11,0.8666666666666667,0.8333333333333334,0.8148148148148148,0.8333333333333334
Healthy vs Patient,Temporal+Frequency+Graph_PLV,Random Forest,12,0.711111111111111,0.7222222222222222,0.691358024691358,0.7222222222222222
Healthy vs Patient,Temporal+Frequency+Graph_PLV,XGBoost,12,0.6428571428571428,0.6666666666666666,0.6461538461538462,0.6666666666666666
Healthy vs Patient,Temporal+Frequency+Graph_PLV,Random Forest,13,0.5948717948717949,0.6111111111111112,0.6012121212121212,0.6111111111111112
Healthy vs Patient,Temporal+Frequency+Graph_PLV,XGBoost,13,0.8307692307692308,0.8333333333333334,0.8290909090909091,0.8333333333333334
Healthy vs Patient,Temporal+Frequency+Graph_PLV,Random Forest,14,0.6428571428571428,0.6666666666666666,0.6461538461538462,0.6666666666666666
Healthy vs Patient,Temporal+Frequency+Graph_PLV,XGBoost,14,0.6666666666666666,0.6666666666666666,0.6666666666666666,0.6666666666666666
Healthy vs Patient,Temporal+Frequency+Graph_PLV,Random Forest,15,0.625,0.6666666666666666,0.6071428571428572,0.6666666666666666
Healthy vs Patient,Temporal+Frequency+Graph_PLV,XGBoost,15,0.5555555555555556,0.6111111111111112,0.5679012345679013,0.6111111111111112
Healthy vs Patient,Temporal+Frequency+Graph_PLV,Random Forest,16,0.625,0.6666666666666666,0.6071428571428572,0.6666666666666666
Healthy vs Patient,Temporal+Frequency+Graph_PLV,XGBoost,16,0.8333333333333334,0.7777777777777778,0.738095238095238,0.7777777777777778
Healthy vs Patient,Temporal+Frequency+Graph_PLV,Random Forest,17,0.7128205128205128,0.7222222222222222,0.7151515151515153,0.7222222222222222
Healthy vs Patient,Temporal+Frequency+Graph_PLV,XGBoost,17,0.735930735930736,0.7222222222222222,0.7268673355629878,0.7222222222222222
Healthy vs Patient,Temporal+Frequency+Graph_PLV,Random Forest,18,0.8083333333333333,0.7777777777777778,0.7835497835497836,0.7777777777777778
Healthy vs Patient,Temporal+Frequency+Graph_PLV,XGBoost,18,0.7777777777777778,0.7222222222222222,0.7301587301587301,0.7222222222222222
Healthy vs AD,Temporal+Frequency+Graph_PLV,Random Forest,0,0.6923076923076923,0.6923076923076923,0.6923076923076923,0.6923076923076923
Healthy vs AD,Temporal+Frequency+Graph_PLV,XGBoost,0,0.6227106227106227,0.6153846153846154,0.6153846153846154,0.6153846153846154
Healthy vs AD,Temporal+Frequency+Graph_PLV,Random Forest,1,0.6134615384615384,0.6153846153846154,0.6107226107226107,0.6153846153846154
Healthy vs AD,Temporal+Frequency+Graph_PLV,XGBoost,1,0.5299145299145299,0.5384615384615384,0.5211538461538462,0.5384615384615384
Healthy vs AD,Temporal+Frequency+Graph_PLV,Random Forest,2,0.5244755244755245,0.5384615384615384,0.47435897435897434,0.5384615384615384
Healthy vs AD,Temporal+Frequency+Graph_PLV,XGBoost,2,0.4538461538461539,0.46153846153846156,0.455011655011655,0.46153846153846156
Healthy vs AD,Temporal+Frequency+Graph_PLV,Random Forest,3,0.4538461538461539,0.46153846153846156,0.455011655011655,0.46153846153846156
Healthy vs AD,Temporal+Frequency+Graph_PLV,XGBoost,3,0.6307692307692307,0.6153846153846154,0.5852187028657616,0.6153846153846154
Healthy vs AD,Temporal+Frequency+Graph_PLV,Random Forest,4,0.7730769230769231,0.7692307692307693,0.7664335664335665,0.7692307692307693
Healthy vs AD,Temporal+Frequency+Graph_PLV,XGBoost,4,0.6134615384615384,0.6153846153846154,0.6107226107226107,0.6153846153846154
Healthy vs AD,Temporal+Frequency+Graph_PLV,Random Forest,5,0.6923076923076923,0.6923076923076923,0.6923076923076923,0.6923076923076923
Healthy vs AD,Temporal+Frequency+Graph_PLV,XGBoost,5,0.5384615384615384,0.5384615384615384,0.5384615384615384,0.5384615384615384
Healthy vs AD,Temporal+Frequency+Graph_PLV,Random Forest,6,0.8384615384615384,0.7692307692307693,0.7511312217194571,0.7692307692307693
Healthy vs AD,Temporal+Frequency+Graph_PLV,XGBoost,6,0.6134615384615384,0.6153846153846154,0.6107226107226107,0.6153846153846154
Healthy vs AD,Temporal+Frequency+Graph_PLV,Random Forest,7,0.5244755244755245,0.5384615384615384,0.47435897435897434,0.5384615384615384
Healthy vs AD,Temporal+Frequency+Graph_PLV,XGBoost,7,0.6134615384615384,0.6153846153846154,0.6107226107226107,0.6153846153846154
Healthy vs AD,Temporal+Frequency+Graph_PLV,Random Forest,8,0.5244755244755245,0.5384615384615384,0.47435897435897434,0.5384615384615384
Healthy vs AD,Temporal+Frequency+Graph_PLV,XGBoost,8,0.5244755244755245,0.5384615384615384,0.47435897435897434,0.5384615384615384
Healthy vs AD,Temporal+Frequency+Graph_PLV,Random Forest,9,0.5299145299145299,0.5384615384615384,0.5211538461538462,0.5384615384615384
Healthy vs AD,Temporal+Frequency+Graph_PLV,XGBoost,9,0.804195804195804,0.6923076923076923,0.6495726495726496,0.6923076923076923
Healthy vs AD,Temporal+Frequency+Graph_PLV,Random Forest,10,0.8384615384615384,0.7692307692307693,0.7511312217194571,0.7692307692307693
Healthy vs AD,Temporal+Frequency+Graph_PLV,XGBoost,10,0.7051282051282051,0.6923076923076923,0.6807692307692308,0.6923076923076923
Healthy vs AD,Temporal+Frequency+Graph_PLV,Random Forest,11,0.7051282051282051,0.6923076923076923,0.6807692307692308,0.6923076923076923
Healthy vs AD,Temporal+Frequency+Graph_PLV,XGBoost,11,0.804195804195804,0.6923076923076923,0.6495726495726496,0.6923076923076923
Healthy vs AD,Temporal+Frequency+Graph_PLV,Random Forest,12,0.804195804195804,0.6923076923076923,0.6495726495726496,0.6923076923076923
Healthy vs AD,Temporal+Frequency+Graph_PLV,XGBoost,12,0.6307692307692307,0.6153846153846154,0.5852187028657616,0.6153846153846154
Healthy vs AD,Temporal+Frequency+Graph_PLV,Random Forest,13,0.6307692307692307,0.6153846153846154,0.5852187028657616,0.6153846153846154
Healthy vs AD,Temporal+Frequency+Graph_PLV,XGBoost,13,0.8461538461538461,0.8461538461538461,0.8461538461538461,0.8461538461538461
Healthy vs AD,Temporal+Frequency+Graph_PLV,Random Forest,14,0.6134615384615384,0.6153846153846154,0.6107226107226107,0.6153846153846154
Healthy vs AD,Temporal+Frequency+Graph_PLV,XGBoost,14,0.4538461538461539,0.46153846153846156,0.455011655011655,0.46153846153846156
Healthy vs AD,Temporal+Frequency+Graph_PLV,Random Forest,15,0.7051282051282051,0.6923076923076923,0.6807692307692308,0.6923076923076923
Healthy vs AD,Temporal+Frequency+Graph_PLV,XGBoost,15,0.5299145299145299,0.5384615384615384,0.5211538461538462,0.5384615384615384
Healthy vs AD,Temporal+Frequency+Graph_PLV,Random Forest,16,0.8803418803418803,0.8461538461538461,0.8403846153846154,0.8461538461538461
Healthy vs AD,Temporal+Frequency+Graph_PLV,XGBoost,16,0.9340659340659341,0.9230769230769231,0.9230769230769231,0.9230769230769231
Healthy vs AD,Temporal+Frequency+Graph_PLV,Random Forest,17,0.7051282051282051,0.6923076923076923,0.6807692307692308,0.6923076923076923
Healthy vs AD,Temporal+Frequency+Graph_PLV,XGBoost,17,0.6134615384615384,0.6153846153846154,0.6107226107226107,0.6153846153846154
Healthy vs AD,Temporal+Frequency+Graph_PLV,Random Forest,18,0.7051282051282051,0.6923076923076923,0.6807692307692308,0.6923076923076923
Healthy vs AD,Temporal+Frequency+Graph_PLV,XGBoost,18,0.6307692307692307,0.6153846153846154,0.5852187028657616,0.6153846153846154
Healthy vs FTD,Temporal+Frequency+Graph_PLV,Random Forest,0,0.6363636363636364,0.6363636363636364,0.6363636363636364,0.6363636363636364
Healthy vs FTD,Temporal+Frequency+Graph_PLV,XGBoost,0,0.6688311688311688,0.6363636363636364,0.6303030303030303,0.6363636363636364
Healthy vs FTD,Temporal+Frequency+Graph_PLV,Random Forest,1,0.6363636363636364,0.6363636363636364,0.6363636363636364,0.6363636363636364
Healthy vs FTD,Temporal+Frequency+Graph_PLV,XGBoost,1,0.6363636363636364,0.6363636363636364,0.6363636363636364,0.6363636363636364
Healthy vs FTD,Temporal+Frequency+Graph_PLV,Random Forest,2,0.4242424242424242,0.45454545454545453,0.4253246753246753,0.45454545454545453
Healthy vs FTD,Temporal+Frequency+Graph_PLV,XGBoost,2,0.45454545454545453,0.45454545454545453,0.45454545454545453,0.45454545454545453
Healthy vs FTD,Temporal+Frequency+Graph_PLV,Random Forest,3,0.8181818181818182,0.7272727272727273,0.6961038961038961,0.7272727272727273
Healthy vs FTD,Temporal+Frequency+Graph_PLV,XGBoost,3,0.6439393939393939,0.6363636363636364,0.6168831168831169,0.6363636363636364
Healthy vs FTD,Temporal+Frequency+Graph_PLV,Random Forest,4,0.6363636363636364,0.6363636363636364,0.6363636363636364,0.6363636363636364
Healthy vs FTD,Temporal+Frequency+Graph_PLV,XGBoost,4,0.5545454545454546,0.5454545454545454,0.5454545454545454,0.5454545454545454
Healthy vs FTD,Temporal+Frequency+Graph_PLV,Random Forest,5,0.5303030303030304,0.5454545454545454,0.4935064935064935,0.5454545454545454
Healthy vs FTD,Temporal+Frequency+Graph_PLV,XGBoost,5,0.45454545454545453,0.45454545454545453,0.45454545454545453,0.45454545454545453
Healthy vs FTD,Temporal+Frequency+Graph_PLV,Random Forest,6,0.7305194805194805,0.7272727272727273,0.7226107226107227,0.7272727272727273
Healthy vs FTD,Temporal+Frequency+Graph_PLV,XGBoost,6,0.8181818181818182,0.7272727272727273,0.6961038961038961,0.7272727272727273
Healthy vs FTD,Temporal+Frequency+Graph_PLV,Random Forest,7,0.4242424242424242,0.45454545454545453,0.4253246753246753,0.45454545454545453
Healthy vs FTD,Temporal+Frequency+Graph_PLV,XGBoost,7,0.3474025974025974,0.36363636363636365,0.35275835275835277,0.36363636363636365
Healthy vs FTD,Temporal+Frequency+Graph_PLV,Random Forest,8,0.45454545454545453,0.45454545454545453,0.45454545454545453,0.45454545454545453
Healthy vs FTD,Temporal+Frequency+Graph_PLV,XGBoost,8,0.3522727272727273,0.36363636363636365,0.33100233100233106,0.36363636363636365
Healthy vs FTD,Temporal+Frequency+Graph_PLV,Random Forest,9,0.2727272727272727,0.2727272727272727,0.2727272727272727,0.2727272727272727
Healthy vs FTD,Temporal+Frequency+Graph_PLV,XGBoost,9,0.3474025974025974,0.36363636363636365,0.35275835275835277,0.36363636363636365
Healthy vs FTD,Temporal+Frequency+Graph_PLV,Random Forest,10,0.45454545454545453,0.45454545454545453,0.45454545454545453,0.45454545454545453
Healthy vs FTD,Temporal+Frequency+Graph_PLV,XGBoost,10,0.5545454545454546,0.5454545454545454,0.5454545454545454,0.5454545454545454
Healthy vs FTD,Temporal+Frequency+Graph_PLV,Random Forest,11,0.6439393939393939,0.6363636363636364,0.6168831168831169,0.6363636363636364
Healthy vs FTD,Temporal+Frequency+Graph_PLV,XGBoost,11,0.5545454545454546,0.5454545454545454,0.5454545454545454,0.5454545454545454
Healthy vs FTD,Temporal+Frequency+Graph_PLV,Random Forest,12,0.3474025974025974,0.36363636363636365,0.35275835275835277,0.36363636363636365
Healthy vs FTD,Temporal+Frequency+Graph_PLV,XGBoost,12,0.6363636363636364,0.6363636363636364,0.6363636363636364,0.6363636363636364
Healthy vs FTD,Temporal+Frequency+Graph_PLV,Random Forest,13,0.45454545454545453,0.45454545454545453,0.45454545454545453,0.45454545454545453
Healthy vs FTD,Temporal+Frequency+Graph_PLV,XGBoost,13,0.6363636363636364,0.6363636363636364,0.6363636363636364,0.6363636363636364
Healthy vs FTD,Temporal+Frequency+Graph_PLV,Random Forest,14,0.3474025974025974,0.36363636363636365,0.35275835275835277,0.36363636363636365
Healthy vs FTD,Temporal+Frequency+Graph_PLV,XGBoost,14,0.4242424242424242,0.45454545454545453,0.4253246753246753,0.45454545454545453
Healthy vs FTD,Temporal+Frequency+Graph_PLV,Random Forest,15,0.4242424242424242,0.45454545454545453,0.4253246753246753,0.45454545454545453
Healthy vs FTD,Temporal+Frequency+Graph_PLV,XGBoost,15,0.3474025974025974,0.36363636363636365,0.35275835275835277,0.36363636363636365
Healthy vs FTD,Temporal+Frequency+Graph_PLV,Random Forest,16,0.6439393939393939,0.6363636363636364,0.6168831168831169,0.6363636363636364
Healthy vs FTD,Temporal+Frequency+Graph_PLV,XGBoost,16,0.6363636363636364,0.6363636363636364,0.6363636363636364,0.6363636363636364
Healthy vs FTD,Temporal+Frequency+Graph_PLV,Random Forest,17,0.45454545454545453,0.45454545454545453,0.45454545454545453,0.45454545454545453
Healthy vs FTD,Temporal+Frequency+Graph_PLV,XGBoost,17,0.5303030303030304,0.5454545454545454,0.4935064935064935,0.5454545454545454
Healthy vs FTD,Temporal+Frequency+Graph_PLV,Random Forest,18,0.538961038961039,0.5454545454545454,0.5376845376845377,0.5454545454545454
Healthy vs FTD,Temporal+Frequency+Graph_PLV,XGBoost,18,0.46753246753246747,0.45454545454545453,0.4454545454545455,0.45454545454545453
AD vs FTD,Temporal+Frequency+Graph_PLV,Random Forest,0,0.5729166666666666,0.5833333333333334,0.5740740740740741,0.5833333333333334
AD vs FTD,Temporal+Frequency+Graph_PLV,XGBoost,0,0.5972222222222222,0.5833333333333334,0.5862470862470862,0.5833333333333334
AD vs FTD,Temporal+Frequency+Graph_PLV,Random Forest,1,0.5729166666666666,0.5833333333333334,0.5740740740740741,0.5833333333333334
AD vs FTD,Temporal+Frequency+Graph_PLV,XGBoost,1,0.3523809523809524,0.3333333333333333,0.3333333333333333,0.3333333333333333
AD vs FTD,Temporal+Frequency+Graph_PLV,Random Forest,2,0.3181818181818182,0.5,0.38888888888888884,0.5
AD vs FTD,Temporal+Frequency+Graph_PLV,XGBoost,2,0.46296296296296297,0.5,0.46875,0.5
AD vs FTD,Temporal+Frequency+Graph_PLV,Random Forest,3,0.6666666666666666,0.6666666666666666,0.6458333333333334,0.6666666666666666
AD vs FTD,Temporal+Frequency+Graph_PLV,XGBoost,3,0.3958333333333333,0.4166666666666667,0.40370370370370373,0.4166666666666667
AD vs FTD,Temporal+Frequency+Graph_PLV,Random Forest,4,0.8333333333333334,0.8333333333333334,0.8333333333333334,0.8333333333333334
AD vs FTD,Temporal+Frequency+Graph_PLV,XGBoost,4,0.7047619047619048,0.6666666666666666,0.6666666666666666,0.6666666666666666
AD vs FTD,Temporal+Frequency+Graph_PLV,Random Forest,5,0.3958333333333333,0.4166666666666667,0.40370370370370373,0.4166666666666667
AD vs FTD,Temporal+Frequency+Graph_PLV,XGBoost,5,0.3333333333333333,0.3333333333333333,0.3333333333333333,0.3333333333333333
AD vs FTD,Temporal+Frequency+Graph_PLV,Random Forest,6,0.8249999999999998,0.75,0.7184873949579832,0.75
AD vs FTD,Temporal+Frequency+Graph_PLV,XGBoost,6,0.5729166666666666,0.5833333333333334,0.5740740740740741,0.5833333333333334
AD vs FTD,Temporal+Frequency+Graph_PLV,Random Forest,7,0.3523809523809524,0.3333333333333333,0.3333333333333333,0.3333333333333333
AD vs FTD,Temporal+Frequency+Graph_PLV,XGBoost,7,0.3958333333333333,0.4166666666666667,0.40370370370370373,0.4166666666666667
AD vs FTD,Temporal+Frequency+Graph_PLV,Random Forest,8,0.34027777777777785,0.5833333333333334,0.4298245614035088,0.5833333333333334
AD vs FTD,Temporal+Frequency+Graph_PLV,XGBoost,8,0.6666666666666666,0.6666666666666666,0.6458333333333334,0.6666666666666666
AD vs FTD,Temporal+Frequency+Graph_PLV,Random Forest,9,0.5729166666666666,0.5833333333333334,0.5740740740740741,0.5833333333333334
AD vs FTD,Temporal+Frequency+Graph_PLV,XGBoost,9,0.5,0.5,0.5,0.5
AD vs FTD,Temporal+Frequency+Graph_PLV,Random Forest,10,0.2916666666666667,0.4166666666666667,0.34313725490196084,0.4166666666666667
AD vs FTD,Temporal+Frequency+Graph_PLV,XGBoost,10,0.26388888888888884,0.25,0.25524475524475526,0.25
AD vs FTD,Temporal+Frequency+Graph_PLV,Random Forest,11,0.5583333333333333,0.5833333333333334,0.530812324929972,0.5833333333333334
AD vs FTD,Temporal+Frequency+Graph_PLV,XGBoost,11,0.46296296296296297,0.5,0.46875,0.5
AD vs FTD,Temporal+Frequency+Graph_PLV,Random Forest,12,0.75,0.75,0.7444444444444445,0.75
AD vs FTD,Temporal+Frequency+Graph_PLV,XGBoost,12,0.5,0.5,0.5,0.5
AD vs FTD,Temporal+Frequency+Graph_PLV,Random Forest,13,0.2916666666666667,0.4166666666666667,0.34313725490196084,0.4166666666666667
AD vs FTD,Temporal+Frequency+Graph_PLV,XGBoost,13,0.46296296296296297,0.5,0.46875,0.5
AD vs FTD,Temporal+Frequency+Graph_PLV,Random Forest,14,0.8249999999999998,0.75,0.7184873949579832,0.75
AD vs FTD,Temporal+Frequency+Graph_PLV,XGBoost,14,0.6666666666666666,0.6666666666666666,0.6458333333333334,0.6666666666666666
AD vs FTD,Temporal+Frequency+Graph_PLV,Random Forest,15,0.3181818181818182,0.5,0.38888888888888884,0.5
AD vs FTD,Temporal+Frequency+Graph_PLV,XGBoost,15,0.46296296296296297,0.5,0.46875,0.5
AD vs FTD,Temporal+Frequency+Graph_PLV,Random Forest,16,0.5729166666666666,0.5833333333333334,0.5740740740740741,0.5833333333333334
AD vs FTD,Temporal+Frequency+Graph_PLV,XGBoost,16,0.6666666666666666,0.6666666666666666,0.6666666666666666,0.6666666666666666
AD vs FTD,Temporal+Frequency+Graph_PLV,Random Forest,17,0.6666666666666666,0.6666666666666666,0.6458333333333334,0.6666666666666666
AD vs FTD,Temporal+Frequency+Graph_PLV,XGBoost,17,0.3958333333333333,0.4166666666666667,0.40370370370370373,0.4166666666666667
AD vs FTD,Temporal+Frequency+Graph_PLV,Random Forest,18,0.46296296296296297,0.5,0.46875,0.5
AD vs FTD,Temporal+Frequency+Graph_PLV,XGBoost,18,0.5729166666666666,0.5833333333333334,0.5740740740740741,0.5833333333333334
AD Male vs Female,Temporal+Frequency+Graph_PLV,Random Forest,0,0.6041666666666666,0.625,0.6045454545454546,0.625
AD Male vs Female,Temporal+Frequency+Graph_PLV,XGBoost,0,0.6041666666666666,0.625,0.6045454545454546,0.625
AD Male vs Female,Temporal+Frequency+Graph_PLV,Random Forest,1,0.6041666666666666,0.625,0.6045454545454546,0.625
AD Male vs Female,Temporal+Frequency+Graph_PLV,XGBoost,1,0.5,0.5,0.5,0.5
AD Male vs Female,Temporal+Frequency+Graph_PLV,Random Forest,2,0.6041666666666666,0.625,0.6045454545454546,0.625
AD Male vs Female,Temporal+Frequency+Graph_PLV,XGBoost,2,0.3125,0.375,0.3409090909090909,0.375
AD Male vs Female,Temporal+Frequency+Graph_PLV,Random Forest,3,0.8958333333333334,0.875,0.8681818181818182,0.875
AD Male vs Female,Temporal+Frequency+Graph_PLV,XGBoost,3,0.8214285714285714,0.75,0.7083333333333334,0.75
AD Male vs Female,Temporal+Frequency+Graph_PLV,Random Forest,4,0.5,0.5,0.5,0.5
AD Male vs Female,Temporal+Frequency+Graph_PLV,XGBoost,4,0.3571428571428571,0.5,0.41666666666666663,0.5
AD Male vs Female,Temporal+Frequency+Graph_PLV,Random Forest,5,0.5,0.5,0.5,0.5
AD Male vs Female,Temporal+Frequency+Graph_PLV,XGBoost,5,0.3125,0.375,0.3409090909090909,0.375
AD Male vs Female,Temporal+Frequency+Graph_PLV,Random Forest,6,0.6041666666666666,0.625,0.6045454545454546,0.625
AD Male vs Female,Temporal+Frequency+Graph_PLV,XGBoost,6,0.5,0.5,0.5,0.5
AD Male vs Female,Temporal+Frequency+Graph_PLV,Random Forest,7,0.5,0.5,0.5,0.5
AD Male vs Female,Temporal+Frequency+Graph_PLV,XGBoost,7,0.5,0.5,0.5,0.5
AD Male vs Female,Temporal+Frequency+Graph_PLV,Random Forest,8,0.3571428571428571,0.5,0.41666666666666663,0.5
AD Male vs Female,Temporal+Frequency+Graph_PLV,XGBoost,8,0.5,0.5,0.5,0.5
AD Male vs Female,Temporal+Frequency+Graph_PLV,Random Forest,9,0.6041666666666666,0.625,0.6045454545454546,0.625
AD Male vs Female,Temporal+Frequency+Graph_PLV,XGBoost,9,0.5,0.5,0.5,0.5
AD Male vs Female,Temporal+Frequency+Graph_PLV,Random Forest,10,0.75,0.75,0.75,0.75
AD Male vs Female,Temporal+Frequency+Graph_PLV,XGBoost,10,0.8214285714285714,0.75,0.7083333333333334,0.75
AD Male vs Female,Temporal+Frequency+Graph_PLV,Random Forest,11,0.6041666666666666,0.625,0.6045454545454546,0.625
AD Male vs Female,Temporal+Frequency+Graph_PLV,XGBoost,11,0.6041666666666666,0.625,0.6045454545454546,0.625
AD Male vs Female,Temporal+Frequency+Graph_PLV,Random Forest,12,0.75,0.75,0.75,0.75
AD Male vs Female,Temporal+Frequency+Graph_PLV,XGBoost,12,0.75,0.75,0.75,0.75
AD Male vs Female,Temporal+Frequency+Graph_PLV,Random Forest,13,0.6041666666666666,0.625,0.6045454545454546,0.625
AD Male vs Female,Temporal+Frequency+Graph_PLV,XGBoost,13,0.8214285714285714,0.75,0.7083333333333334,0.75
AD Male vs Female,Temporal+Frequency+Graph_PLV,Random Forest,14,0.6041666666666666,0.625,0.6045454545454546,0.625
AD Male vs Female,Temporal+Frequency+Graph_PLV,XGBoost,14,0.6041666666666666,0.625,0.6045454545454546,0.625
AD Male vs Female,Temporal+Frequency+Graph_PLV,Random Forest,15,0.75,0.75,0.75,0.75
AD Male vs Female,Temporal+Frequency+Graph_PLV,XGBoost,15,0.75,0.75,0.75,0.75
AD Male vs Female,Temporal+Frequency+Graph_PLV,Random Forest,16,0.8214285714285714,0.75,0.7083333333333334,0.75
AD Male vs Female,Temporal+Frequency+Graph_PLV,XGBoost,16,0.3125,0.375,0.3409090909090909,0.375
AD Male vs Female,Temporal+Frequency+Graph_PLV,Random Forest,17,0.40625,0.375,0.38492063492063494,0.375
AD Male vs Female,Temporal+Frequency+Graph_PLV,XGBoost,17,0.6041666666666666,0.625,0.6045454545454546,0.625
AD Male vs Female,Temporal+Frequency+Graph_PLV,Random Forest,18,0.6041666666666666,0.625,0.6045454545454546,0.625
AD Male vs Female,Temporal+Frequency+Graph_PLV,XGBoost,18,0.8214285714285714,0.75,0.7083333333333334,0.75
FTD Male vs Female,Temporal+Frequency+Graph_PLV,Random Forest,0,1.0,1.0,1.0,1.0
FTD Male vs Female,Temporal+Frequency+Graph_PLV,XGBoost,0,0.85,0.8,0.7809523809523808,0.8
FTD Male vs Female,Temporal+Frequency+Graph_PLV,Random Forest,1,1.0,1.0,1.0,1.0
FTD Male vs Female,Temporal+Frequency+Graph_PLV,XGBoost,1,1.0,1.0,1.0,1.0
FTD Male vs Female,Temporal+Frequency+Graph_PLV,Random Forest,2,1.0,1.0,1.0,1.0
FTD Male vs Female,Temporal+Frequency+Graph_PLV,XGBoost,2,0.8666666666666666,0.8,0.8,0.8
FTD Male vs Female,Temporal+Frequency+Graph_PLV,Random Forest,3,0.85,0.8,0.7809523809523808,0.8
FTD Male vs Female,Temporal+Frequency+Graph_PLV,XGBoost,3,0.6,0.6,0.6,0.6
FTD Male vs Female,Temporal+Frequency+Graph_PLV,Random Forest,4,0.85,0.8,0.7809523809523808,0.8
FTD Male vs Female,Temporal+Frequency+Graph_PLV,XGBoost,4,0.6,0.6,0.6,0.6
FTD Male vs Female,Temporal+Frequency+Graph_PLV,Random Forest,5,0.4333333333333333,0.4,0.4,0.4
FTD Male vs Female,Temporal+Frequency+Graph_PLV,XGBoost,5,0.4333333333333333,0.4,0.4,0.4
FTD Male vs Female,Temporal+Frequency+Graph_PLV,Random Forest,6,1.0,1.0,1.0,1.0
FTD Male vs Female,Temporal+Frequency+Graph_PLV,XGBoost,6,0.6,0.6,0.6,0.6
FTD Male vs Female,Temporal+Frequency+Graph_PLV,Random Forest,7,1.0,1.0,1.0,1.0
FTD Male vs Female,Temporal+Frequency+Graph_PLV,XGBoost,7,0.8666666666666666,0.8,0.8,0.8
FTD Male vs Female,Temporal+Frequency+Graph_PLV,Random Forest,8,0.85,0.8,0.7809523809523808,0.8
FTD Male vs Female,Temporal+Frequency+Graph_PLV,XGBoost,8,0.36,0.6,0.45,0.6
FTD Male vs Female,Temporal+Frequency+Graph_PLV,Random Forest,9,0.85,0.8,0.7809523809523808,0.8
FTD Male vs Female,Temporal+Frequency+Graph_PLV,XGBoost,9,0.85,0.8,0.7809523809523808,0.8
FTD Male vs Female,Temporal+Frequency+Graph_PLV,Random Forest,10,0.6,0.6,0.6,0.6
FTD Male vs Female,Temporal+Frequency+Graph_PLV,XGBoost,10,1.0,1.0,1.0,1.0
FTD Male vs Female,Temporal+Frequency+Graph_PLV,Random Forest,11,0.6,0.6,0.6,0.6
FTD Male vs Female,Temporal+Frequency+Graph_PLV,XGBoost,11,0.36,0.6,0.45,0.6
FTD Male vs Female,Temporal+Frequency+Graph_PLV,Random Forest,12,0.85,0.8,0.7809523809523808,0.8
FTD Male vs Female,Temporal+Frequency+Graph_PLV,XGBoost,12,0.85,0.8,0.7809523809523808,0.8
FTD Male vs Female,Temporal+Frequency+Graph_PLV,Random Forest,13,0.85,0.8,0.7809523809523808,0.8
FTD Male vs Female,Temporal+Frequency+Graph_PLV,XGBoost,13,0.4333333333333333,0.4,0.4,0.4
FTD Male vs Female,Temporal+Frequency+Graph_PLV,Random Forest,14,0.8,0.6,0.5666666666666667,0.6
FTD Male vs Female,Temporal+Frequency+Graph_PLV,XGBoost,14,0.4333333333333333,0.4,0.4,0.4
FTD Male vs Female,Temporal+Frequency+Graph_PLV,Random Forest,15,0.6,0.6,0.6,0.6
FTD Male vs Female,Temporal+Frequency+Graph_PLV,XGBoost,15,0.6,0.6,0.6,0.6
FTD Male vs Female,Temporal+Frequency+Graph_PLV,Random Forest,16,0.85,0.8,0.7809523809523808,0.8
FTD Male vs Female,Temporal+Frequency+Graph_PLV,XGBoost,16,0.85,0.8,0.7809523809523808,0.8
FTD Male vs Female,Temporal+Frequency+Graph_PLV,Random Forest,17,0.85,0.8,0.7809523809523808,0.8
FTD Male vs Female,Temporal+Frequency+Graph_PLV,XGBoost,17,0.85,0.8,0.7809523809523808,0.8
FTD Male vs Female,Temporal+Frequency+Graph_PLV,Random Forest,18,1.0,1.0,1.0,1.0
FTD Male vs Female,Temporal+Frequency+Graph_PLV,XGBoost,18,0.2,0.2,0.2,0.2
Healthy vs Patient,Temporal+Frequency+Graph_Corr,Random Forest,0,0.6428571428571428,0.6666666666666666,0.6461538461538462,0.6666666666666666
Healthy vs Patient,Temporal+Frequency+Graph_Corr,XGBoost,0,0.711111111111111,0.7222222222222222,0.691358024691358,0.7222222222222222
Healthy vs Patient,Temporal+Frequency+Graph_Corr,Random Forest,1,0.6666666666666666,0.6666666666666666,0.6666666666666666,0.6666666666666666
Healthy vs Patient,Temporal+Frequency+Graph_Corr,XGBoost,1,0.5555555555555556,0.5555555555555556,0.5555555555555556,0.5555555555555556
Healthy vs Patient,Temporal+Frequency+Graph_Corr,Random Forest,2,0.803921568627451,0.7222222222222222,0.6469622331691297,0.7222222222222222
Healthy vs Patient,Temporal+Frequency+Graph_Corr,XGBoost,2,0.6428571428571428,0.6666666666666666,0.6461538461538462,0.6666666666666666
Healthy vs Patient,Temporal+Frequency+Graph_Corr,Random Forest,3,0.5948717948717949,0.6111111111111112,0.6012121212121212,0.6111111111111112
Healthy vs Patient,Temporal+Frequency+Graph_Corr,XGBoost,3,0.6666666666666666,0.6666666666666666,0.6666666666666666,0.6666666666666666
Healthy vs Patient,Temporal+Frequency+Graph_Corr,Random Forest,4,0.6428571428571428,0.6666666666666666,0.6461538461538462,0.6666666666666666
Healthy vs Patient,Temporal+Frequency+Graph_Corr,XGBoost,4,0.7128205128205128,0.7222222222222222,0.7151515151515153,0.7222222222222222
Healthy vs Patient,Temporal+Frequency+Graph_Corr,Random Forest,5,0.625,0.6666666666666666,0.6071428571428572,0.6666666666666666
Healthy vs Patient,Temporal+Frequency+Graph_Corr,XGBoost,5,0.7777777777777778,0.7777777777777778,0.7777777777777778,0.7777777777777778
Healthy vs Patient,Temporal+Frequency+Graph_Corr,Random Forest,6,0.5948717948717949,0.6111111111111112,0.6012121212121212,0.6111111111111112
Healthy vs Patient,Temporal+Frequency+Graph_Corr,XGBoost,6,0.6666666666666666,0.6666666666666666,0.6666666666666666,0.6666666666666666
Healthy vs Patient,Temporal+Frequency+Graph_Corr,Random Forest,7,0.803921568627451,0.7222222222222222,0.6469622331691297,0.7222222222222222
Healthy vs Patient,Temporal+Frequency+Graph_Corr,XGBoost,7,0.625,0.6666666666666666,0.6071428571428572,0.6666666666666666
Healthy vs Patient,Temporal+Frequency+Graph_Corr,Random Forest,8,0.5948717948717949,0.6111111111111112,0.6012121212121212,0.6111111111111112
Healthy vs Patient,Temporal+Frequency+Graph_Corr,XGBoost,8,0.6428571428571428,0.6666666666666666,0.6461538461538462,0.6666666666666666
Healthy vs Patient,Temporal+Frequency+Graph_Corr,Random Forest,9,0.39999999999999997,0.5,0.4444444444444444,0.5
Healthy vs Patient,Temporal+Frequency+Graph_Corr,XGBoost,9,0.39999999999999997,0.5,0.4444444444444444,0.5
Healthy vs Patient,Temporal+Frequency+Graph_Corr,Random Forest,10,0.803921568627451,0.7222222222222222,0.6469622331691297,0.7222222222222222
Healthy vs Patient,Temporal+Frequency+Graph_Corr,XGBoost,10,0.711111111111111,0.7222222222222222,0.691358024691358,0.7222222222222222
Healthy vs Patient,Temporal+Frequency+Graph_Corr,Random Forest,11,0.8307692307692308,0.8333333333333334,0.8290909090909091,0.8333333333333334
Healthy vs Patient,Temporal+Frequency+Graph_Corr,XGBoost,11,0.7128205128205128,0.7222222222222222,0.7151515151515153,0.7222222222222222
Healthy vs Patient,Temporal+Frequency+Graph_Corr,Random Forest,12,0.6428571428571428,0.6666666666666666,0.6461538461538462,0.6666666666666666
Healthy vs Patient,Temporal+Frequency+Graph_Corr,XGBoost,12,0.7738095238095238,0.7777777777777778,0.764102564102564,0.7777777777777778
Healthy vs Patient,Temporal+Frequency+Graph_Corr,Random Forest,13,0.7128205128205128,0.7222222222222222,0.7151515151515153,0.7222222222222222
Healthy vs Patient,Temporal+Frequency+Graph_Corr,XGBoost,13,0.9047619047619047,0.8888888888888888,0.882051282051282,0.8888888888888888
Healthy vs Patient,Temporal+Frequency+Graph_Corr,Random Forest,14,0.711111111111111,0.7222222222222222,0.691358024691358,0.7222222222222222
Healthy vs Patient,Temporal+Frequency+Graph_Corr,XGBoost,14,0.5948717948717949,0.6111111111111112,0.6012121212121212,0.6111111111111112
Healthy vs Patient,Temporal+Frequency+Graph_Corr,Random Forest,15,0.43137254901960786,0.6111111111111112,0.5057471264367815,0.6111111111111112
Healthy vs Patient,Temporal+Frequency+Graph_Corr,XGBoost,15,0.6428571428571428,0.6666666666666666,0.6461538461538462,0.6666666666666666
Healthy vs Patient,Temporal+Frequency+Graph_Corr,Random Forest,16,0.6428571428571428,0.6666666666666666,0.6461538461538462,0.6666666666666666
Healthy vs Patient,Temporal+Frequency+Graph_Corr,XGBoost,16,0.803921568627451,0.7222222222222222,0.6469622331691297,0.7222222222222222
Healthy vs Patient,Temporal+Frequency+Graph_Corr,Random Forest,17,0.711111111111111,0.7222222222222222,0.691358024691358,0.7222222222222222
Healthy vs Patient,Temporal+Frequency+Graph_Corr,XGBoost,17,0.6428571428571428,0.6666666666666666,0.6461538461538462,0.6666666666666666
Healthy vs Patient,Temporal+Frequency+Graph_Corr,Random Forest,18,0.7777777777777778,0.7222222222222222,0.7301587301587301,0.7222222222222222
Healthy vs Patient,Temporal+Frequency+Graph_Corr,XGBoost,18,0.7777777777777778,0.7222222222222222,0.7301587301587301,0.7222222222222222
Healthy vs AD,Temporal+Frequency+Graph_Corr,Random Forest,0,0.6134615384615384,0.6153846153846154,0.6107226107226107,0.6153846153846154
Healthy vs AD,Temporal+Frequency+Graph_Corr,XGBoost,0,0.6307692307692307,0.6153846153846154,0.5852187028657616,0.6153846153846154
Healthy vs AD,Temporal+Frequency+Graph_Corr,Random Forest,1,0.6923076923076923,0.6923076923076923,0.6923076923076923,0.6923076923076923
Healthy vs AD,Temporal+Frequency+Graph_Corr,XGBoost,1,0.6134615384615384,0.6153846153846154,0.6107226107226107,0.6153846153846154
Healthy vs AD,Temporal+Frequency+Graph_Corr,Random Forest,2,0.6307692307692307,0.6153846153846154,0.5852187028657616,0.6153846153846154
Healthy vs AD,Temporal+Frequency+Graph_Corr,XGBoost,2,0.4538461538461539,0.46153846153846156,0.455011655011655,0.46153846153846156
Healthy vs AD,Temporal+Frequency+Graph_Corr,Random Forest,3,0.5299145299145299,0.5384615384615384,0.5211538461538462,0.5384615384615384
Healthy vs AD,Temporal+Frequency+Graph_Corr,XGBoost,3,0.3884615384615385,0.38461538461538464,0.3772893772893772,0.38461538461538464
Healthy vs AD,Temporal+Frequency+Graph_Corr,Random Forest,4,0.5299145299145299,0.5384615384615384,0.5211538461538462,0.5384615384615384
Healthy vs AD,Temporal+Frequency+Graph_Corr,XGBoost,4,0.6134615384615384,0.6153846153846154,0.6107226107226107,0.6153846153846154
Healthy vs AD,Temporal+Frequency+Graph_Corr,Random Forest,5,0.6923076923076923,0.6923076923076923,0.6923076923076923,0.6923076923076923
Healthy vs AD,Temporal+Frequency+Graph_Corr,XGBoost,5,0.6227106227106227,0.6153846153846154,0.6153846153846154,0.6153846153846154
Healthy vs AD,Temporal+Frequency+Graph_Corr,Random Forest,6,0.804195804195804,0.6923076923076923,0.6495726495726496,0.6923076923076923
Healthy vs AD,Temporal+Frequency+Graph_Corr,XGBoost,6,0.5384615384615384,0.5384615384615384,0.5384615384615384,0.5384615384615384
Healthy vs AD,Temporal+Frequency+Graph_Corr,Random Forest,7,0.7756410256410257,0.6153846153846154,0.5286292654713708,0.6153846153846154
Healthy vs AD,Temporal+Frequency+Graph_Corr,XGBoost,7,0.7756410256410257,0.6153846153846154,0.5286292654713708,0.6153846153846154
Healthy vs AD,Temporal+Frequency+Graph_Corr,Random Forest,8,0.6307692307692307,0.6153846153846154,0.5852187028657616,0.6153846153846154
Healthy vs AD,Temporal+Frequency+Graph_Corr,XGBoost,8,0.5299145299145299,0.5384615384615384,0.5211538461538462,0.5384615384615384
Healthy vs AD,Temporal+Frequency+Graph_Corr,Random Forest,9,0.5299145299145299,0.5384615384615384,0.5211538461538462,0.5384615384615384
Healthy vs AD,Temporal+Frequency+Graph_Corr,XGBoost,9,0.6923076923076923,0.6923076923076923,0.6923076923076923,0.6923076923076923
Healthy vs AD,Temporal+Frequency+Graph_Corr,Random Forest,10,0.7756410256410257,0.6153846153846154,0.5286292654713708,0.6153846153846154
Healthy vs AD,Temporal+Frequency+Graph_Corr,XGBoost,10,0.5244755244755245,0.5384615384615384,0.47435897435897434,0.5384615384615384
Healthy vs AD,Temporal+Frequency+Graph_Corr,Random Forest,11,0.8384615384615384,0.7692307692307693,0.7511312217194571,0.7692307692307693
Healthy vs AD,Temporal+Frequency+Graph_Corr,XGBoost,11,0.7051282051282051,0.6923076923076923,0.6807692307692308,0.6923076923076923
Healthy vs AD,Temporal+Frequency+Graph_Corr,Random Forest,12,0.6307692307692307,0.6153846153846154,0.5852187028657616,0.6153846153846154
Healthy vs AD,Temporal+Frequency+Graph_Corr,XGBoost,12,0.804195804195804,0.6923076923076923,0.6495726495726496,0.6923076923076923
Healthy vs AD,Temporal+Frequency+Graph_Corr,Random Forest,13,0.8384615384615384,0.7692307692307693,0.7511312217194571,0.7692307692307693
Healthy vs AD,Temporal+Frequency+Graph_Corr,XGBoost,13,0.7730769230769231,0.7692307692307693,0.7664335664335665,0.7692307692307693
Healthy vs AD,Temporal+Frequency+Graph_Corr,Random Forest,14,0.35470085470085466,0.38461538461538464,0.36153846153846153,0.38461538461538464
Healthy vs AD,Temporal+Frequency+Graph_Corr,XGBoost,14,0.4538461538461539,0.46153846153846156,0.455011655011655,0.46153846153846156
Healthy vs AD,Temporal+Frequency+Graph_Corr,Random Forest,15,0.7051282051282051,0.6923076923076923,0.6807692307692308,0.6923076923076923
Healthy vs AD,Temporal+Frequency+Graph_Corr,XGBoost,15,0.7730769230769231,0.7692307692307693,0.7664335664335665,0.7692307692307693
Healthy vs AD,Temporal+Frequency+Graph_Corr,Random Forest,16,0.8803418803418803,0.8461538461538461,0.8403846153846154,0.8461538461538461
Healthy vs AD,Temporal+Frequency+Graph_Corr,XGBoost,16,0.6923076923076923,0.6923076923076923,0.6923076923076923,0.6923076923076923
Healthy vs AD,Temporal+Frequency+Graph_Corr,Random Forest,17,0.804195804195804,0.6923076923076923,0.6495726495726496,0.6923076923076923
Healthy vs AD,Temporal+Frequency+Graph_Corr,XGBoost,17,0.804195804195804,0.6923076923076923,0.6495726495726496,0.6923076923076923
Healthy vs AD,Temporal+Frequency+Graph_Corr,Random Forest,18,0.6307692307692307,0.6153846153846154,0.5852187028657616,0.6153846153846154
Healthy vs AD,Temporal+Frequency+Graph_Corr,XGBoost,18,0.5384615384615384,0.5384615384615384,0.5384615384615384,0.5384615384615384
Healthy vs FTD,Temporal+Frequency+Graph_Corr,Random Forest,0,0.6363636363636364,0.6363636363636364,0.6363636363636364,0.6363636363636364
Healthy vs FTD,Temporal+Frequency+Graph_Corr,XGBoost,0,0.5909090909090909,0.5454545454545454,0.5221445221445221,0.5454545454545454
Healthy vs FTD,Temporal+Frequency+Graph_Corr,Random Forest,1,0.6363636363636364,0.6363636363636364,0.6363636363636364,0.6363636363636364
Healthy vs FTD,Temporal+Frequency+Graph_Corr,XGBoost,1,0.8181818181818182,0.8181818181818182,0.8181818181818182,0.8181818181818182
Healthy vs FTD,Temporal+Frequency+Graph_Corr,Random Forest,2,0.3474025974025974,0.36363636363636365,0.35275835275835277,0.36363636363636365
Healthy vs FTD,Temporal+Frequency+Graph_Corr,XGBoost,2,0.2727272727272727,0.2727272727272727,0.2727272727272727,0.2727272727272727
Healthy vs FTD,Temporal+Frequency+Graph_Corr,Random Forest,3,0.538961038961039,0.5454545454545454,0.5376845376845377,0.5454545454545454
Healthy vs FTD,Temporal+Frequency+Graph_Corr,XGBoost,3,0.5303030303030304,0.5454545454545454,0.4935064935064935,0.5454545454545454
Healthy vs FTD,Temporal+Frequency+Graph_Corr,Random Forest,4,0.6363636363636364,0.6363636363636364,0.6363636363636364,0.6363636363636364
Healthy vs FTD,Temporal+Frequency+Graph_Corr,XGBoost,4,0.5545454545454546,0.5454545454545454,0.5454545454545454,0.5454545454545454
Healthy vs FTD,Temporal+Frequency+Graph_Corr,Random Forest,5,0.2424242424242424,0.36363636363636365,0.29090909090909095,0.36363636363636365
Healthy vs FTD,Temporal+Frequency+Graph_Corr,XGBoost,5,0.2727272727272727,0.45454545454545453,0.3409090909090909,0.45454545454545453
Healthy vs FTD,Temporal+Frequency+Graph_Corr,Random Forest,6,0.6439393939393939,0.6363636363636364,0.6168831168831169,0.6363636363636364
Healthy vs FTD,Temporal+Frequency+Graph_Corr,XGBoost,6,0.6439393939393939,0.6363636363636364,0.6168831168831169,0.6363636363636364
Healthy vs FTD,Temporal+Frequency+Graph_Corr,Random Forest,7,0.4242424242424242,0.45454545454545453,0.4253246753246753,0.45454545454545453
Healthy vs FTD,Temporal+Frequency+Graph_Corr,XGBoost,7,0.3474025974025974,0.36363636363636365,0.35275835275835277,0.36363636363636365
Healthy vs FTD,Temporal+Frequency+Graph_Corr,Random Forest,8,0.3696969696969697,0.36363636363636365,0.36363636363636365,0.36363636363636365
Healthy vs FTD,Temporal+Frequency+Graph_Corr,XGBoost,8,0.3522727272727273,0.36363636363636365,0.33100233100233106,0.36363636363636365
Healthy vs FTD,Temporal+Frequency+Graph_Corr,Random Forest,9,0.3474025974025974,0.36363636363636365,0.35275835275835277,0.36363636363636365
Healthy vs FTD,Temporal+Frequency+Graph_Corr,XGBoost,9,0.3696969696969697,0.36363636363636365,0.36363636363636365,0.36363636363636365
Healthy vs FTD,Temporal+Frequency+Graph_Corr,Random Forest,10,0.538961038961039,0.5454545454545454,0.5376845376845377,0.5454545454545454
Healthy vs FTD,Temporal+Frequency+Graph_Corr,XGBoost,10,0.3696969696969697,0.36363636363636365,0.36363636363636365,0.36363636363636365
Healthy vs FTD,Temporal+Frequency+Graph_Corr,Random Forest,11,0.6363636363636364,0.6363636363636364,0.6363636363636364,0.6363636363636364
Healthy vs FTD,Temporal+Frequency+Graph_Corr,XGBoost,11,0.6363636363636364,0.6363636363636364,0.6363636363636364,0.6363636363636364
Healthy vs FTD,Temporal+Frequency+Graph_Corr,Random Forest,12,0.4242424242424242,0.45454545454545453,0.4253246753246753,0.45454545454545453
Healthy vs FTD,Temporal+Frequency+Graph_Corr,XGBoost,12,0.6363636363636364,0.6363636363636364,0.6363636363636364,0.6363636363636364
Healthy vs FTD,Temporal+Frequency+Graph_Corr,Random Forest,13,0.45454545454545453,0.45454545454545453,0.45454545454545453,0.45454545454545453
Healthy vs FTD,Temporal+Frequency+Graph_Corr,XGBoost,13,0.45454545454545453,0.45454545454545453,0.45454545454545453,0.45454545454545453
Healthy vs FTD,Temporal+Frequency+Graph_Corr,Random Forest,14,0.2727272727272727,0.2727272727272727,0.2727272727272727,0.2727272727272727
Healthy vs FTD,Temporal+Frequency+Graph_Corr,XGBoost,14,0.45454545454545453,0.45454545454545453,0.45454545454545453,0.45454545454545453
Healthy vs FTD,Temporal+Frequency+Graph_Corr,Random Forest,15,0.538961038961039,0.5454545454545454,0.5376845376845377,0.5454545454545454
Healthy vs FTD,Temporal+Frequency+Graph_Corr,XGBoost,15,0.3474025974025974,0.36363636363636365,0.35275835275835277,0.36363636363636365
Healthy vs FTD,Temporal+Frequency+Graph_Corr,Random Forest,16,0.7305194805194805,0.7272727272727273,0.7226107226107227,0.7272727272727273
Healthy vs FTD,Temporal+Frequency+Graph_Corr,XGBoost,16,0.7305194805194805,0.7272727272727273,0.7226107226107227,0.7272727272727273
Healthy vs FTD,Temporal+Frequency+Graph_Corr,Random Forest,17,0.538961038961039,0.5454545454545454,0.5376845376845377,0.5454545454545454
Healthy vs FTD,Temporal+Frequency+Graph_Corr,XGBoost,17,0.4242424242424242,0.45454545454545453,0.4253246753246753,0.45454545454545453
Healthy vs FTD,Temporal+Frequency+Graph_Corr,Random Forest,18,0.538961038961039,0.5454545454545454,0.5376845376845377,0.5454545454545454
Healthy vs FTD,Temporal+Frequency+Graph_Corr,XGBoost,18,0.8181818181818182,0.8181818181818182,0.8181818181818182,0.8181818181818182
AD vs FTD,Temporal+Frequency+Graph_Corr,Random Forest,0,0.46296296296296297,0.5,0.46875,0.5
AD vs FTD,Temporal+Frequency+Graph_Corr,XGBoost,0,0.3958333333333333,0.4166666666666667,0.40370370370370373,0.4166666666666667
AD vs FTD,Temporal+Frequency+Graph_Corr,Random Forest,1,0.5972222222222222,0.5833333333333334,0.5862470862470862,0.5833333333333334
AD vs FTD,Temporal+Frequency+Graph_Corr,XGBoost,1,0.5972222222222222,0.5833333333333334,0.5862470862470862,0.5833333333333334
AD vs FTD,Temporal+Frequency+Graph_Corr,Random Forest,2,0.5583333333333333,0.5833333333333334,0.530812324929972,0.5833333333333334
AD vs FTD,Temporal+Frequency+Graph_Corr,XGBoost,2,0.46296296296296297,0.5,0.46875,0.5
AD vs FTD,Temporal+Frequency+Graph_Corr,Random Forest,3,0.46296296296296297,0.5,0.46875,0.5
AD vs FTD,Temporal+Frequency+Graph_Corr,XGBoost,3,0.3958333333333333,0.4166666666666667,0.40370370370370373,0.4166666666666667
AD vs FTD,Temporal+Frequency+Graph_Corr,Random Forest,4,0.8703703703703703,0.8333333333333334,0.8229166666666666,0.8333333333333334
AD vs FTD,Temporal+Frequency+Graph_Corr,XGBoost,4,0.763888888888889,0.75,0.7517482517482518,0.75
AD vs FTD,Temporal+Frequency+Graph_Corr,Random Forest,5,0.5729166666666666,0.5833333333333334,0.5740740740740741,0.5833333333333334
AD vs FTD,Temporal+Frequency+Graph_Corr,XGBoost,5,0.3333333333333333,0.3333333333333333,0.3333333333333333,0.3333333333333333
AD vs FTD,Temporal+Frequency+Graph_Corr,Random Forest,6,0.6666666666666666,0.6666666666666666,0.6458333333333334,0.6666666666666666
AD vs FTD,Temporal+Frequency+Graph_Corr,XGBoost,6,0.6666666666666666,0.6666666666666666,0.6666666666666666,0.6666666666666666
AD vs FTD,Temporal+Frequency+Graph_Corr,Random Forest,7,0.3333333333333333,0.3333333333333333,0.3333333333333333,0.3333333333333333
AD vs FTD,Temporal+Frequency+Graph_Corr,XGBoost,7,0.5972222222222222,0.5833333333333334,0.5862470862470862,0.5833333333333334
AD vs FTD,Temporal+Frequency+Graph_Corr,Random Forest,8,0.46296296296296297,0.5,0.46875,0.5
AD vs FTD,Temporal+Frequency+Graph_Corr,XGBoost,8,0.5583333333333333,0.5833333333333334,0.530812324929972,0.5833333333333334
AD vs FTD,Temporal+Frequency+Graph_Corr,Random Forest,9,0.46296296296296297,0.5,0.46875,0.5
AD vs FTD,Temporal+Frequency+Graph_Corr,XGBoost,9,0.6666666666666666,0.6666666666666666,0.6458333333333334,0.6666666666666666
AD vs FTD,Temporal+Frequency+Graph_Corr,Random Forest,10,0.46296296296296297,0.5,0.46875,0.5
AD vs FTD,Temporal+Frequency+Graph_Corr,XGBoost,10,0.5,0.5,0.5,0.5
AD vs FTD,Temporal+Frequency+Graph_Corr,Random Forest,11,0.46296296296296297,0.5,0.46875,0.5
AD vs FTD,Temporal+Frequency+Graph_Corr,XGBoost,11,0.46296296296296297,0.5,0.46875,0.5
AD vs FTD,Temporal+Frequency+Graph_Corr,Random Forest,12,0.5583333333333333,0.5833333333333334,0.530812324929972,0.5833333333333334
AD vs FTD,Temporal+Frequency+Graph_Corr,XGBoost,12,0.25925925925925924,0.3333333333333333,0.2916666666666667,0.3333333333333333
AD vs FTD,Temporal+Frequency+Graph_Corr,Random Forest,13,0.34027777777777785,0.5833333333333334,0.4298245614035088,0.5833333333333334
AD vs FTD,Temporal+Frequency+Graph_Corr,XGBoost,13,0.5583333333333333,0.5833333333333334,0.530812324929972,0.5833333333333334
AD vs FTD,Temporal+Frequency+Graph_Corr,Random Forest,14,0.8703703703703703,0.8333333333333334,0.8229166666666666,0.8333333333333334
AD vs FTD,Temporal+Frequency+Graph_Corr,XGBoost,14,0.5,0.5,0.5,0.5
AD vs FTD,Temporal+Frequency+Graph_Corr,Random Forest,15,0.5583333333333333,0.5833333333333334,0.530812324929972,0.5833333333333334
AD vs FTD,Temporal+Frequency+Graph_Corr,XGBoost,15,0.5583333333333333,0.5833333333333334,0.530812324929972,0.5833333333333334
AD vs FTD,Temporal+Frequency+Graph_Corr,Random Forest,16,0.8703703703703703,0.8333333333333334,0.8229166666666666,0.8333333333333334
AD vs FTD,Temporal+Frequency+Graph_Corr,XGBoost,16,0.5729166666666666,0.5833333333333334,0.5740740740740741,0.5833333333333334
AD vs FTD,Temporal+Frequency+Graph_Corr,Random Forest,17,0.5729166666666666,0.5833333333333334,0.5740740740740741,0.5833333333333334
AD vs FTD,Temporal+Frequency+Graph_Corr,XGBoost,17,0.7878787878787877,0.6666666666666666,0.5925925925925926,0.6666666666666666
AD vs FTD,Temporal+Frequency+Graph_Corr,Random Forest,18,0.5729166666666666,0.5833333333333334,0.5740740740740741,0.5833333333333334
AD vs FTD,Temporal+Frequency+Graph_Corr,XGBoost,18,0.5729166666666666,0.5833333333333334,0.5740740740740741,0.5833333333333334
AD Male vs Female,Temporal+Frequency+Graph_Corr,Random Forest,0,0.5,0.5,0.5,0.5
AD Male vs Female,Temporal+Frequency+Graph_Corr,XGBoost,0,0.6041666666666666,0.625,0.6045454545454546,0.625
AD Male vs Female,Temporal+Frequency+Graph_Corr,Random Forest,1,0.6041666666666666,0.625,0.6045454545454546,0.625
AD Male vs Female,Temporal+Frequency+Graph_Corr,XGBoost,1,0.65625,0.625,0.6309523809523809,0.625
AD Male vs Female,Temporal+Frequency+Graph_Corr,Random Forest,2,0.6041666666666666,0.625,0.6045454545454546,0.625
AD Male vs Female,Temporal+Frequency+Graph_Corr,XGBoost,2,0.25,0.25,0.25,0.25
AD Male vs Female,Temporal+Frequency+Graph_Corr,Random Forest,3,0.8214285714285714,0.75,0.7083333333333334,0.75
AD Male vs Female,Temporal+Frequency+Graph_Corr,XGBoost,3,0.6041666666666666,0.625,0.6045454545454546,0.625
AD Male vs Female,Temporal+Frequency+Graph_Corr,Random Forest,4,0.6041666666666666,0.625,0.6045454545454546,0.625
AD Male vs Female,Temporal+Frequency+Graph_Corr,XGBoost,4,0.6041666666666666,0.625,0.6045454545454546,0.625
AD Male vs Female,Temporal+Frequency+Graph_Corr,Random Forest,5,0.2833333333333333,0.25,0.25,0.25
AD Male vs Female,Temporal+Frequency+Graph_Corr,XGBoost,5,0.3125,0.375,0.3409090909090909,0.375
AD Male vs Female,Temporal+Frequency+Graph_Corr,Random Forest,6,0.6041666666666666,0.625,0.6045454545454546,0.625
AD Male vs Female,Temporal+Frequency+Graph_Corr,XGBoost,6,0.3571428571428571,0.5,0.41666666666666663,0.5
AD Male vs Female,Temporal+Frequency+Graph_Corr,Random Forest,7,0.3125,0.375,0.3409090909090909,0.375
AD Male vs Female,Temporal+Frequency+Graph_Corr,XGBoost,7,0.3125,0.375,0.3409090909090909,0.375
AD Male vs Female,Temporal+Frequency+Graph_Corr,Random Forest,8,0.6041666666666666,0.625,0.6045454545454546,0.625
AD Male vs Female,Temporal+Frequency+Graph_Corr,XGBoost,8,0.5,0.5,0.5,0.5
AD Male vs Female,Temporal+Frequency+Graph_Corr,Random Forest,9,0.6041666666666666,0.625,0.6045454545454546,0.625
AD Male vs Female,Temporal+Frequency+Graph_Corr,XGBoost,9,0.390625,0.625,0.4807692307692308,0.625
AD Male vs Female,Temporal+Frequency+Graph_Corr,Random Forest,10,0.6041666666666666,0.625,0.6045454545454546,0.625
AD Male vs Female,Temporal+Frequency+Graph_Corr,XGBoost,10,0.390625,0.625,0.4807692307692308,0.625
AD Male vs Female,Temporal+Frequency+Graph_Corr,Random Forest,11,0.6041666666666666,0.625,0.6045454545454546,0.625
AD Male vs Female,Temporal+Frequency+Graph_Corr,XGBoost,11,0.6041666666666666,0.625,0.6045454545454546,0.625
AD Male vs Female,Temporal+Frequency+Graph_Corr,Random Forest,12,0.90625,0.875,0.876984126984127,0.875
AD Male vs Female,Temporal+Frequency+Graph_Corr,XGBoost,12,0.8958333333333334,0.875,0.8681818181818182,0.875
AD Male vs Female,Temporal+Frequency+Graph_Corr,Random Forest,13,0.6041666666666666,0.625,0.6045454545454546,0.625
AD Male vs Female,Temporal+Frequency+Graph_Corr,XGBoost,13,0.5,0.5,0.5,0.5
AD Male vs Female,Temporal+Frequency+Graph_Corr,Random Forest,14,0.8214285714285714,0.75,0.7083333333333334,0.75
AD Male vs Female,Temporal+Frequency+Graph_Corr,XGBoost,14,0.8214285714285714,0.75,0.7083333333333334,0.75
AD Male vs Female,Temporal+Frequency+Graph_Corr,Random Forest,15,0.5,0.5,0.5,0.5
AD Male vs Female,Temporal+Frequency+Graph_Corr,XGBoost,15,0.6041666666666666,0.625,0.6045454545454546,0.625
AD Male vs Female,Temporal+Frequency+Graph_Corr,Random Forest,16,0.5,0.5,0.5,0.5
AD Male vs Female,Temporal+Frequency+Graph_Corr,XGBoost,16,0.25,0.25,0.25,0.25
AD Male vs Female,Temporal+Frequency+Graph_Corr,Random Forest,17,0.5,0.5,0.5,0.5
AD Male vs Female,Temporal+Frequency+Graph_Corr,XGBoost,17,0.6041666666666666,0.625,0.6045454545454546,0.625
AD Male vs Female,Temporal+Frequency+Graph_Corr,Random Forest,18,0.6041666666666666,0.625,0.6045454545454546,0.625
AD Male vs Female,Temporal+Frequency+Graph_Corr,XGBoost,18,0.6041666666666666,0.625,0.6045454545454546,0.625
FTD Male vs Female,Temporal+Frequency+Graph_Corr,Random Forest,0,0.85,0.8,0.7809523809523808,0.8
FTD Male vs Female,Temporal+Frequency+Graph_Corr,XGBoost,0,0.85,0.8,0.7809523809523808,0.8
FTD Male vs Female,Temporal+Frequency+Graph_Corr,Random Forest,1,1.0,1.0,1.0,1.0
FTD Male vs Female,Temporal+Frequency+Graph_Corr,XGBoost,1,1.0,1.0,1.0,1.0
FTD Male vs Female,Temporal+Frequency+Graph_Corr,Random Forest,2,1.0,1.0,1.0,1.0
FTD Male vs Female,Temporal+Frequency+Graph_Corr,XGBoost,2,0.8,0.6,0.5666666666666667,0.6
FTD Male vs Female,Temporal+Frequency+Graph_Corr,Random Forest,3,0.85,0.8,0.7809523809523808,0.8
FTD Male vs Female,Temporal+Frequency+Graph_Corr,XGBoost,3,0.85,0.8,0.7809523809523808,0.8
FTD Male vs Female,Temporal+Frequency+Graph_Corr,Random Forest,4,0.6,0.6,0.6,0.6
FTD Male vs Female,Temporal+Frequency+Graph_Corr,XGBoost,4,0.6,0.6,0.6,0.6
FTD Male vs Female,Temporal+Frequency+Graph_Corr,Random Forest,5,0.6,0.6,0.6,0.6
FTD Male vs Female,Temporal+Frequency+Graph_Corr,XGBoost,5,0.8,0.6,0.5666666666666667,0.6
FTD Male vs Female,Temporal+Frequency+Graph_Corr,Random Forest,6,0.8666666666666666,0.8,0.8,0.8
FTD Male vs Female,Temporal+Frequency+Graph_Corr,XGBoost,6,0.4333333333333333,0.4,0.4,0.4
FTD Male vs Female,Temporal+Frequency+Graph_Corr,Random Forest,7,0.8,0.6,0.5666666666666667,0.6
FTD Male vs Female,Temporal+Frequency+Graph_Corr,XGBoost,7,0.6,0.6,0.6,0.6
FTD Male vs Female,Temporal+Frequency+Graph_Corr,Random Forest,8,0.36,0.6,0.45,0.6
FTD Male vs Female,Temporal+Frequency+Graph_Corr,XGBoost,8,0.36,0.6,0.45,0.6
FTD Male vs Female,Temporal+Frequency+Graph_Corr,Random Forest,9,0.85,0.8,0.7809523809523808,0.8
FTD Male vs Female,Temporal+Frequency+Graph_Corr,XGBoost,9,0.85,0.8,0.7809523809523808,0.8
FTD Male vs Female,Temporal+Frequency+Graph_Corr,Random Forest,10,0.85,0.8,0.7809523809523808,0.8
FTD Male vs Female,Temporal+Frequency+Graph_Corr,XGBoost,10,0.85,0.8,0.7809523809523808,0.8
FTD Male vs Female,Temporal+Frequency+Graph_Corr,Random Forest,11,0.6,0.6,0.6,0.6
FTD Male vs Female,Temporal+Frequency+Graph_Corr,XGBoost,11,0.3,0.4,0.34285714285714286,0.4
FTD Male vs Female,Temporal+Frequency+Graph_Corr,Random Forest,12,0.85,0.8,0.7809523809523808,0.8
FTD Male vs Female,Temporal+Frequency+Graph_Corr,XGBoost,12,0.6,0.6,0.6,0.6
FTD Male vs Female,Temporal+Frequency+Graph_Corr,Random Forest,13,0.85,0.8,0.7809523809523808,0.8
FTD Male vs Female,Temporal+Frequency+Graph_Corr,XGBoost,13,0.85,0.8,0.7809523809523808,0.8
FTD Male vs Female,Temporal+Frequency+Graph_Corr,Random Forest,14,0.6,0.6,0.6,0.6
FTD Male vs Female,Temporal+Frequency+Graph_Corr,XGBoost,14,0.6,0.6,0.6,0.6
FTD Male vs Female,Temporal+Frequency+Graph_Corr,Random Forest,15,0.6,0.6,0.6,0.6
FTD Male vs Female,Temporal+Frequency+Graph_Corr,XGBoost,15,0.6,0.6,0.6,0.6
FTD Male vs Female,Temporal+Frequency+Graph_Corr,Random Forest,16,0.4333333333333333,0.4,0.4,0.4
FTD Male vs Female,Temporal+Frequency+Graph_Corr,XGBoost,16,0.6,0.6,0.6,0.6
FTD Male vs Female,Temporal+Frequency+Graph_Corr,Random Forest,17,1.0,1.0,1.0,1.0
FTD Male vs Female,Temporal+Frequency+Graph_Corr,XGBoost,17,1.0,1.0,1.0,1.0
FTD Male vs Female,Temporal+Frequency+Graph_Corr,Random Forest,18,0.85,0.8,0.7809523809523808,0.8
FTD Male vs Female,Temporal+Frequency+Graph_Corr,XGBoost,18,0.4333333333333333,0.4,0.4,0.4
Healthy vs Patient,Temporal+Graph_MI+Graph_PLV,Random Forest,0,0.476923076923077,0.5,0.4872727272727272,0.5
Healthy vs Patient,Temporal+Graph_MI+Graph_PLV,XGBoost,0,0.4444444444444444,0.4444444444444444,0.4444444444444444,0.4444444444444444
Healthy vs Patient,Temporal+Graph_MI+Graph_PLV,Random Forest,1,0.5948717948717949,0.6111111111111112,0.6012121212121212,0.6111111111111112
Healthy vs Patient,Temporal+Graph_MI+Graph_PLV,XGBoost,1,0.5555555555555556,0.5,0.5142857142857142,0.5
Healthy vs Patient,Temporal+Graph_MI+Graph_PLV,Random Forest,2,0.803921568627451,0.7222222222222222,0.6469622331691297,0.7222222222222222
Healthy vs Patient,Temporal+Graph_MI+Graph_PLV,XGBoost,2,0.625,0.6666666666666666,0.6071428571428572,0.6666666666666666
Healthy vs Patient,Temporal+Graph_MI+Graph_PLV,Random Forest,3,0.39999999999999997,0.5,0.4444444444444444,0.5
Healthy vs Patient,Temporal+Graph_MI+Graph_PLV,XGBoost,3,0.5948717948717949,0.6111111111111112,0.6012121212121212,0.6111111111111112
Healthy vs Patient,Temporal+Graph_MI+Graph_PLV,Random Forest,4,0.8307692307692308,0.8333333333333334,0.8290909090909091,0.8333333333333334
Healthy vs Patient,Temporal+Graph_MI+Graph_PLV,XGBoost,4,0.7777777777777778,0.7777777777777778,0.7777777777777778,0.7777777777777778
Healthy vs Patient,Temporal+Graph_MI+Graph_PLV,Random Forest,5,0.8333333333333334,0.7777777777777778,0.738095238095238,0.7777777777777778
Healthy vs Patient,Temporal+Graph_MI+Graph_PLV,XGBoost,5,0.5948717948717949,0.6111111111111112,0.6012121212121212,0.6111111111111112
Healthy vs Patient,Temporal+Graph_MI+Graph_PLV,Random Forest,6,0.38095238095238093,0.4444444444444444,0.4102564102564103,0.4444444444444444
Healthy vs Patient,Temporal+Graph_MI+Graph_PLV,XGBoost,6,0.4444444444444444,0.4444444444444444,0.4444444444444444,0.4444444444444444
Healthy vs Patient,Temporal+Graph_MI+Graph_PLV,Random Forest,7,0.43137254901960786,0.6111111111111112,0.5057471264367815,0.6111111111111112
Healthy vs Patient,Temporal+Graph_MI+Graph_PLV,XGBoost,7,0.8666666666666667,0.8333333333333334,0.8148148148148148,0.8333333333333334
Healthy vs Patient,Temporal+Graph_MI+Graph_PLV,Random Forest,8,0.43137254901960786,0.6111111111111112,0.5057471264367815,0.6111111111111112
Healthy vs Patient,Temporal+Graph_MI+Graph_PLV,XGBoost,8,0.5555555555555556,0.6111111111111112,0.5679012345679013,0.6111111111111112
Healthy vs Patient,Temporal+Graph_MI+Graph_PLV,Random Forest,9,0.43137254901960786,0.6111111111111112,0.5057471264367815,0.6111111111111112
Healthy vs Patient,Temporal+Graph_MI+Graph_PLV,XGBoost,9,0.5948717948717949,0.6111111111111112,0.6012121212121212,0.6111111111111112
Healthy vs Patient,Temporal+Graph_MI+Graph_PLV,Random Forest,10,0.625,0.6666666666666666,0.6071428571428572,0.6666666666666666
Healthy vs Patient,Temporal+Graph_MI+Graph_PLV,XGBoost,10,0.6666666666666666,0.6666666666666666,0.6666666666666666,0.6666666666666666
Healthy vs Patient,Temporal+Graph_MI+Graph_PLV,Random Forest,11,0.4166666666666667,0.5555555555555556,0.47619047619047616,0.5555555555555556
Healthy vs Patient,Temporal+Graph_MI+Graph_PLV,XGBoost,11,0.6428571428571428,0.6666666666666666,0.6461538461538462,0.6666666666666666
Healthy vs Patient,Temporal+Graph_MI+Graph_PLV,Random Forest,12,0.625,0.6666666666666666,0.6071428571428572,0.6666666666666666
Healthy vs Patient,Temporal+Graph_MI+Graph_PLV,XGBoost,12,0.511904761904762,0.5555555555555556,0.5282051282051281,0.5555555555555556
Healthy vs Patient,Temporal+Graph_MI+Graph_PLV,Random Forest,13,0.5555555555555556,0.6111111111111112,0.5679012345679013,0.6111111111111112
Healthy vs Patient,Temporal+Graph_MI+Graph_PLV,XGBoost,13,0.6277056277056277,0.6111111111111112,0.6176142697881828,0.6111111111111112
Healthy vs Patient,Temporal+Graph_MI+Graph_PLV,Random Forest,14,0.4444444444444444,0.6666666666666666,0.5333333333333334,0.6666666666666666
Healthy vs Patient,Temporal+Graph_MI+Graph_PLV,XGBoost,14,0.511904761904762,0.5555555555555556,0.5282051282051281,0.5555555555555556
Healthy vs Patient,Temporal+Graph_MI+Graph_PLV,Random Forest,15,0.43137254901960786,0.6111111111111112,0.5057471264367815,0.6111111111111112
Healthy vs Patient,Temporal+Graph_MI+Graph_PLV,XGBoost,15,0.4166666666666667,0.5555555555555556,0.47619047619047616,0.5555555555555556
Healthy vs Patient,Temporal+Graph_MI+Graph_PLV,Random Forest,16,0.5555555555555556,0.6111111111111112,0.5679012345679013,0.6111111111111112
Healthy vs Patient,Temporal+Graph_MI+Graph_PLV,XGBoost,16,0.5555555555555556,0.6111111111111112,0.5679012345679013,0.6111111111111112
Healthy vs Patient,Temporal+Graph_MI+Graph_PLV,Random Forest,17,0.39999999999999997,0.5,0.4444444444444444,0.5
Healthy vs Patient,Temporal+Graph_MI+Graph_PLV,XGBoost,17,0.6277056277056277,0.6111111111111112,0.6176142697881828,0.6111111111111112
Healthy vs Patient,Temporal+Graph_MI+Graph_PLV,Random Forest,18,0.511904761904762,0.5555555555555556,0.5282051282051281,0.5555555555555556
Healthy vs Patient,Temporal+Graph_MI+Graph_PLV,XGBoost,18,0.735930735930736,0.7222222222222222,0.7268673355629878,0.7222222222222222
Healthy vs AD,Temporal+Graph_MI+Graph_PLV,Random Forest,0,0.6602564102564104,0.6153846153846154,0.6013986013986015,0.6153846153846154
Healthy vs AD,Temporal+Graph_MI+Graph_PLV,XGBoost,0,0.5538461538461539,0.5384615384615384,0.532967032967033,0.5384615384615384
Healthy vs AD,Temporal+Graph_MI+Graph_PLV,Random Forest,1,0.6134615384615384,0.6153846153846154,0.6107226107226107,0.6153846153846154
Healthy vs AD,Temporal+Graph_MI+Graph_PLV,XGBoost,1,0.5384615384615384,0.5384615384615384,0.5384615384615384,0.5384615384615384
Healthy vs AD,Temporal+Graph_MI+Graph_PLV,Random Forest,2,0.2153846153846154,0.3076923076923077,0.25339366515837103,0.3076923076923077
Healthy vs AD,Temporal+Graph_MI+Graph_PLV,XGBoost,2,0.29423076923076924,0.3076923076923077,0.2993006993006993,0.3076923076923077
Healthy vs AD,Temporal+Graph_MI+Graph_PLV,Random Forest,3,0.24475524475524474,0.38461538461538464,0.2991452991452992,0.38461538461538464
Healthy vs AD,Temporal+Graph_MI+Graph_PLV,XGBoost,3,0.29423076923076924,0.3076923076923077,0.2993006993006993,0.3076923076923077
Healthy vs AD,Temporal+Graph_MI+Graph_PLV,Random Forest,4,0.5244755244755245,0.5384615384615384,0.47435897435897434,0.5384615384615384
Healthy vs AD,Temporal+Graph_MI+Graph_PLV,XGBoost,4,0.5384615384615384,0.5384615384615384,0.5384615384615384,0.5384615384615384
Healthy vs AD,Temporal+Graph_MI+Graph_PLV,Random Forest,5,0.7730769230769231,0.7692307692307693,0.7664335664335665,0.7692307692307693
Healthy vs AD,Temporal+Graph_MI+Graph_PLV,XGBoost,5,0.6307692307692307,0.6153846153846154,0.5852187028657616,0.6153846153846154
Healthy vs AD,Temporal+Graph_MI+Graph_PLV,Random Forest,6,0.6307692307692307,0.6153846153846154,0.5852187028657616,0.6153846153846154
Healthy vs AD,Temporal+Graph_MI+Graph_PLV,XGBoost,6,0.35470085470085466,0.38461538461538464,0.36153846153846153,0.38461538461538464
Healthy vs AD,Temporal+Graph_MI+Graph_PLV,Random Forest,7,0.28994082840236685,0.5384615384615384,0.37692307692307686,0.5384615384615384
Healthy vs AD,Temporal+Graph_MI+Graph_PLV,XGBoost,7,0.5244755244755245,0.5384615384615384,0.47435897435897434,0.5384615384615384
Healthy vs AD,Temporal+Graph_MI+Graph_PLV,Random Forest,8,0.3884615384615385,0.38461538461538464,0.3772893772893772,0.38461538461538464
Healthy vs AD,Temporal+Graph_MI+Graph_PLV,XGBoost,8,0.47435897435897434,0.46153846153846156,0.441958041958042,0.46153846153846156
Healthy vs AD,Temporal+Graph_MI+Graph_PLV,Random Forest,9,0.5384615384615384,0.5384615384615384,0.5384615384615384,0.5384615384615384
Healthy vs AD,Temporal+Graph_MI+Graph_PLV,XGBoost,9,0.7730769230769231,0.7692307692307693,0.7664335664335665,0.7692307692307693
Healthy vs AD,Temporal+Graph_MI+Graph_PLV,Random Forest,10,0.5384615384615384,0.5384615384615384,0.5384615384615384,0.5384615384615384
Healthy vs AD,Temporal+Graph_MI+Graph_PLV,XGBoost,10,0.5384615384615384,0.5384615384615384,0.5384615384615384,0.5384615384615384
Healthy vs AD,Temporal+Graph_MI+Graph_PLV,Random Forest,11,0.4230769230769231,0.46153846153846156,0.4193061840120664,0.46153846153846156
Healthy vs AD,Temporal+Graph_MI+Graph_PLV,XGBoost,11,0.7051282051282051,0.6923076923076923,0.6807692307692308,0.6923076923076923
Healthy vs AD,Temporal+Graph_MI+Graph_PLV,Random Forest,12,0.5244755244755245,0.5384615384615384,0.47435897435897434,0.5384615384615384
Healthy vs AD,Temporal+Graph_MI+Graph_PLV,XGBoost,12,0.4230769230769231,0.46153846153846156,0.4193061840120664,0.46153846153846156
Healthy vs AD,Temporal+Graph_MI+Graph_PLV,Random Forest,13,0.6307692307692307,0.6153846153846154,0.5852187028657616,0.6153846153846154
Healthy vs AD,Temporal+Graph_MI+Graph_PLV,XGBoost,13,0.8846153846153846,0.8461538461538461,0.8443223443223443,0.8461538461538461
Healthy vs AD,Temporal+Graph_MI+Graph_PLV,Random Forest,14,0.5384615384615384,0.5384615384615384,0.5384615384615384,0.5384615384615384
Healthy vs AD,Temporal+Graph_MI+Graph_PLV,XGBoost,14,0.3884615384615385,0.38461538461538464,0.3772893772893772,0.38461538461538464
Healthy vs AD,Temporal+Graph_MI+Graph_PLV,Random Forest,15,0.6307692307692307,0.6153846153846154,0.5852187028657616,0.6153846153846154
Healthy vs AD,Temporal+Graph_MI+Graph_PLV,XGBoost,15,0.38461538461538464,0.38461538461538464,0.38461538461538464,0.38461538461538464
Healthy vs AD,Temporal+Graph_MI+Graph_PLV,Random Forest,16,0.46703296703296704,0.46153846153846156,0.46153846153846156,0.46153846153846156
Healthy vs AD,Temporal+Graph_MI+Graph_PLV,XGBoost,16,0.6923076923076923,0.6923076923076923,0.6923076923076923,0.6923076923076923
Healthy vs AD,Temporal+Graph_MI+Graph_PLV,Random Forest,17,0.4538461538461539,0.46153846153846156,0.455011655011655,0.46153846153846156
Healthy vs AD,Temporal+Graph_MI+Graph_PLV,XGBoost,17,0.5384615384615384,0.5384615384615384,0.5384615384615384,0.5384615384615384
Healthy vs AD,Temporal+Graph_MI+Graph_PLV,Random Forest,18,0.5384615384615384,0.5384615384615384,0.5384615384615384,0.5384615384615384
Healthy vs AD,Temporal+Graph_MI+Graph_PLV,XGBoost,18,0.46703296703296704,0.46153846153846156,0.46153846153846156,0.46153846153846156
Healthy vs FTD,Temporal+Graph_MI+Graph_PLV,Random Forest,0,0.6363636363636364,0.6363636363636364,0.6363636363636364,0.6363636363636364
Healthy vs FTD,Temporal+Graph_MI+Graph_PLV,XGBoost,0,0.46753246753246747,0.45454545454545453,0.4454545454545455,0.45454545454545453
Healthy vs FTD,Temporal+Graph_MI+Graph_PLV,Random Forest,1,0.538961038961039,0.5454545454545454,0.5376845376845377,0.5454545454545454
Healthy vs FTD,Temporal+Graph_MI+Graph_PLV,XGBoost,1,0.3696969696969697,0.36363636363636365,0.36363636363636365,0.36363636363636365
Healthy vs FTD,Temporal+Graph_MI+Graph_PLV,Random Forest,2,0.3474025974025974,0.36363636363636365,0.35275835275835277,0.36363636363636365
Healthy vs FTD,Temporal+Graph_MI+Graph_PLV,XGBoost,2,0.4242424242424242,0.45454545454545453,0.4253246753246753,0.45454545454545453
Healthy vs FTD,Temporal+Graph_MI+Graph_PLV,Random Forest,3,0.6439393939393939,0.6363636363636364,0.6168831168831169,0.6363636363636364
Healthy vs FTD,Temporal+Graph_MI+Graph_PLV,XGBoost,3,0.5303030303030304,0.5454545454545454,0.4935064935064935,0.5454545454545454
Healthy vs FTD,Temporal+Graph_MI+Graph_PLV,Random Forest,4,0.5545454545454546,0.5454545454545454,0.5454545454545454,0.5454545454545454
Healthy vs FTD,Temporal+Graph_MI+Graph_PLV,XGBoost,4,0.5545454545454546,0.5454545454545454,0.5454545454545454,0.5454545454545454
Healthy vs FTD,Temporal+Graph_MI+Graph_PLV,Random Forest,5,0.29752066115702475,0.5454545454545454,0.3850267379679144,0.5454545454545454
Healthy vs FTD,Temporal+Graph_MI+Graph_PLV,XGBoost,5,0.2727272727272727,0.45454545454545453,0.3409090909090909,0.45454545454545453
Healthy vs FTD,Temporal+Graph_MI+Graph_PLV,Random Forest,6,0.7818181818181817,0.6363636363636364,0.5606060606060606,0.6363636363636364
Healthy vs FTD,Temporal+Graph_MI+Graph_PLV,XGBoost,6,0.8181818181818182,0.7272727272727273,0.6961038961038961,0.7272727272727273
Healthy vs FTD,Temporal+Graph_MI+Graph_PLV,Random Forest,7,0.5303030303030304,0.5454545454545454,0.4935064935064935,0.5454545454545454
Healthy vs FTD,Temporal+Graph_MI+Graph_PLV,XGBoost,7,0.6439393939393939,0.6363636363636364,0.6168831168831169,0.6363636363636364
Healthy vs FTD,Temporal+Graph_MI+Graph_PLV,Random Forest,8,0.45454545454545453,0.45454545454545453,0.45454545454545453,0.45454545454545453
Healthy vs FTD,Temporal+Graph_MI+Graph_PLV,XGBoost,8,0.3474025974025974,0.36363636363636365,0.35275835275835277,0.36363636363636365
Healthy vs FTD,Temporal+Graph_MI+Graph_PLV,Random Forest,9,0.4242424242424242,0.45454545454545453,0.4253246753246753,0.45454545454545453
Healthy vs FTD,Temporal+Graph_MI+Graph_PLV,XGBoost,9,0.45454545454545453,0.45454545454545453,0.45454545454545453,0.45454545454545453
Healthy vs FTD,Temporal+Graph_MI+Graph_PLV,Random Forest,10,0.46753246753246747,0.45454545454545453,0.4454545454545455,0.45454545454545453
Healthy vs FTD,Temporal+Graph_MI+Graph_PLV,XGBoost,10,0.45454545454545453,0.45454545454545453,0.45454545454545453,0.45454545454545453
Healthy vs FTD,Temporal+Graph_MI+Graph_PLV,Random Forest,11,0.6688311688311688,0.6363636363636364,0.6303030303030303,0.6363636363636364
Healthy vs FTD,Temporal+Graph_MI+Graph_PLV,XGBoost,11,0.7393939393939394,0.7272727272727273,0.7272727272727273,0.7272727272727273
Healthy vs FTD,Temporal+Graph_MI+Graph_PLV,Random Forest,12,0.5303030303030304,0.5454545454545454,0.4935064935064935,0.5454545454545454
Healthy vs FTD,Temporal+Graph_MI+Graph_PLV,XGBoost,12,0.538961038961039,0.5454545454545454,0.5376845376845377,0.5454545454545454
Healthy vs FTD,Temporal+Graph_MI+Graph_PLV,Random Forest,13,0.4242424242424242,0.45454545454545453,0.4253246753246753,0.45454545454545453
Healthy vs FTD,Temporal+Graph_MI+Graph_PLV,XGBoost,13,0.6363636363636364,0.6363636363636364,0.6363636363636364,0.6363636363636364
Healthy vs FTD,Temporal+Graph_MI+Graph_PLV,Random Forest,14,0.2727272727272727,0.2727272727272727,0.2727272727272727,0.2727272727272727
Healthy vs FTD,Temporal+Graph_MI+Graph_PLV,XGBoost,14,0.2727272727272727,0.2727272727272727,0.2727272727272727,0.2727272727272727
Healthy vs FTD,Temporal+Graph_MI+Graph_PLV,Random Forest,15,0.2727272727272727,0.45454545454545453,0.3409090909090909,0.45454545454545453
Healthy vs FTD,Temporal+Graph_MI+Graph_PLV,XGBoost,15,0.4242424242424242,0.45454545454545453,0.4253246753246753,0.45454545454545453
Healthy vs FTD,Temporal+Graph_MI+Graph_PLV,Random Forest,16,0.4242424242424242,0.45454545454545453,0.4253246753246753,0.45454545454545453
Healthy vs FTD,Temporal+Graph_MI+Graph_PLV,XGBoost,16,0.6439393939393939,0.6363636363636364,0.6168831168831169,0.6363636363636364
Healthy vs FTD,Temporal+Graph_MI+Graph_PLV,Random Forest,17,0.4242424242424242,0.45454545454545453,0.4253246753246753,0.45454545454545453
Healthy vs FTD,Temporal+Graph_MI+Graph_PLV,XGBoost,17,0.5303030303030304,0.5454545454545454,0.4935064935064935,0.5454545454545454
Healthy vs FTD,Temporal+Graph_MI+Graph_PLV,Random Forest,18,0.3474025974025974,0.36363636363636365,0.35275835275835277,0.36363636363636365
Healthy vs FTD,Temporal+Graph_MI+Graph_PLV,XGBoost,18,0.3474025974025974,0.36363636363636365,0.35275835275835277,0.36363636363636365
AD vs FTD,Temporal+Graph_MI+Graph_PLV,Random Forest,0,0.25925925925925924,0.3333333333333333,0.2916666666666667,0.3333333333333333
AD vs FTD,Temporal+Graph_MI+Graph_PLV,XGBoost,0,0.6666666666666666,0.6666666666666666,0.6666666666666666,0.6666666666666666
AD vs FTD,Temporal+Graph_MI+Graph_PLV,Random Forest,1,0.3333333333333333,0.3333333333333333,0.3333333333333333,0.3333333333333333
AD vs FTD,Temporal+Graph_MI+Graph_PLV,XGBoost,1,0.26388888888888884,0.25,0.25524475524475526,0.25
AD vs FTD,Temporal+Graph_MI+Graph_PLV,Random Forest,2,0.46296296296296297,0.5,0.46875,0.5
AD vs FTD,Temporal+Graph_MI+Graph_PLV,XGBoost,2,0.3958333333333333,0.4166666666666667,0.40370370370370373,0.4166666666666667
AD vs FTD,Temporal+Graph_MI+Graph_PLV,Random Forest,3,0.25925925925925924,0.3333333333333333,0.2916666666666667,0.3333333333333333
AD vs FTD,Temporal+Graph_MI+Graph_PLV,XGBoost,3,0.5729166666666666,0.5833333333333334,0.5740740740740741,0.5833333333333334
AD vs FTD,Temporal+Graph_MI+Graph_PLV,Random Forest,4,0.7878787878787877,0.6666666666666666,0.5925925925925926,0.6666666666666666
AD vs FTD,Temporal+Graph_MI+Graph_PLV,XGBoost,4,0.7878787878787877,0.6666666666666666,0.5925925925925926,0.6666666666666666
AD vs FTD,Temporal+Graph_MI+Graph_PLV,Random Forest,5,0.21875,0.25,0.23333333333333336,0.25
AD vs FTD,Temporal+Graph_MI+Graph_PLV,XGBoost,5,0.4305555555555555,0.4166666666666667,0.42074592074592077,0.4166666666666667
AD vs FTD,Temporal+Graph_MI+Graph_PLV,Random Forest,6,0.6666666666666666,0.6666666666666666,0.6458333333333334,0.6666666666666666
AD vs FTD,Temporal+Graph_MI+Graph_PLV,XGBoost,6,0.6666666666666666,0.6666666666666666,0.6666666666666666,0.6666666666666666
AD vs FTD,Temporal+Graph_MI+Graph_PLV,Random Forest,7,0.25925925925925924,0.3333333333333333,0.2916666666666667,0.3333333333333333
AD vs FTD,Temporal+Graph_MI+Graph_PLV,XGBoost,7,0.3333333333333333,0.3333333333333333,0.3333333333333333,0.3333333333333333
AD vs FTD,Temporal+Graph_MI+Graph_PLV,Random Forest,8,0.5583333333333333,0.5833333333333334,0.530812324929972,0.5833333333333334
AD vs FTD,Temporal+Graph_MI+Graph_PLV,XGBoost,8,0.46296296296296297,0.5,0.46875,0.5
AD vs FTD,Temporal+Graph_MI+Graph_PLV,Random Forest,9,0.34027777777777785,0.5833333333333334,0.4298245614035088,0.5833333333333334
AD vs FTD,Temporal+Graph_MI+Graph_PLV,XGBoost,9,0.5583333333333333,0.5833333333333334,0.530812324929972,0.5833333333333334
AD vs FTD,Temporal+Graph_MI+Graph_PLV,Random Forest,10,0.46296296296296297,0.5,0.46875,0.5
AD vs FTD,Temporal+Graph_MI+Graph_PLV,XGBoost,10,0.5,0.5,0.5,0.5
AD vs FTD,Temporal+Graph_MI+Graph_PLV,Random Forest,11,0.46296296296296297,0.5,0.46875,0.5
AD vs FTD,Temporal+Graph_MI+Graph_PLV,XGBoost,11,0.5729166666666666,0.5833333333333334,0.5740740740740741,0.5833333333333334
AD vs FTD,Temporal+Graph_MI+Graph_PLV,Random Forest,12,0.763888888888889,0.75,0.7517482517482518,0.75
AD vs FTD,Temporal+Graph_MI+Graph_PLV,XGBoost,12,0.763888888888889,0.75,0.7517482517482518,0.75
AD vs FTD,Temporal+Graph_MI+Graph_PLV,Random Forest,13,0.46296296296296297,0.5,0.46875,0.5
AD vs FTD,Temporal+Graph_MI+Graph_PLV,XGBoost,13,0.3958333333333333,0.4166666666666667,0.40370370370370373,0.4166666666666667
AD vs FTD,Temporal+Graph_MI+Graph_PLV,Random Forest,14,0.5729166666666666,0.5833333333333334,0.5740740740740741,0.5833333333333334
AD vs FTD,Temporal+Graph_MI+Graph_PLV,XGBoost,14,0.6666666666666666,0.6666666666666666,0.6458333333333334,0.6666666666666666
AD vs FTD,Temporal+Graph_MI+Graph_PLV,Random Forest,15,0.6666666666666666,0.6666666666666666,0.6458333333333334,0.6666666666666666
AD vs FTD,Temporal+Graph_MI+Graph_PLV,XGBoost,15,0.5972222222222222,0.5833333333333334,0.5862470862470862,0.5833333333333334
AD vs FTD,Temporal+Graph_MI+Graph_PLV,Random Forest,16,0.5583333333333333,0.5833333333333334,0.530812324929972,0.5833333333333334
AD vs FTD,Temporal+Graph_MI+Graph_PLV,XGBoost,16,0.5729166666666666,0.5833333333333334,0.5740740740740741,0.5833333333333334
AD vs FTD,Temporal+Graph_MI+Graph_PLV,Random Forest,17,0.46296296296296297,0.5,0.46875,0.5
AD vs FTD,Temporal+Graph_MI+Graph_PLV,XGBoost,17,0.8703703703703703,0.8333333333333334,0.8229166666666666,0.8333333333333334
AD vs FTD,Temporal+Graph_MI+Graph_PLV,Random Forest,18,0.3181818181818182,0.5,0.38888888888888884,0.5
AD vs FTD,Temporal+Graph_MI+Graph_PLV,XGBoost,18,0.3181818181818182,0.5,0.38888888888888884,0.5
AD Male vs Female,Temporal+Graph_MI+Graph_PLV,Random Forest,0,0.8214285714285714,0.75,0.7083333333333334,0.75
AD Male vs Female,Temporal+Graph_MI+Graph_PLV,XGBoost,0,0.8214285714285714,0.75,0.7083333333333334,0.75
AD Male vs Female,Temporal+Graph_MI+Graph_PLV,Random Forest,1,0.6041666666666666,0.625,0.6045454545454546,0.625
AD Male vs Female,Temporal+Graph_MI+Graph_PLV,XGBoost,1,0.5,0.5,0.5,0.5
AD Male vs Female,Temporal+Graph_MI+Graph_PLV,Random Forest,2,0.390625,0.625,0.4807692307692308,0.625
AD Male vs Female,Temporal+Graph_MI+Graph_PLV,XGBoost,2,0.3125,0.375,0.3409090909090909,0.375
AD Male vs Female,Temporal+Graph_MI+Graph_PLV,Random Forest,3,0.8214285714285714,0.75,0.7083333333333334,0.75
AD Male vs Female,Temporal+Graph_MI+Graph_PLV,XGBoost,3,0.8214285714285714,0.75,0.7083333333333334,0.75
AD Male vs Female,Temporal+Graph_MI+Graph_PLV,Random Forest,4,0.6041666666666666,0.625,0.6045454545454546,0.625
AD Male vs Female,Temporal+Graph_MI+Graph_PLV,XGBoost,4,0.3571428571428571,0.5,0.41666666666666663,0.5
AD Male vs Female,Temporal+Graph_MI+Graph_PLV,Random Forest,5,0.25,0.25,0.25,0.25
AD Male vs Female,Temporal+Graph_MI+Graph_PLV,XGBoost,5,0.3125,0.375,0.3409090909090909,0.375
AD Male vs Female,Temporal+Graph_MI+Graph_PLV,Random Forest,6,0.5,0.5,0.5,0.5
AD Male vs Female,Temporal+Graph_MI+Graph_PLV,XGBoost,6,0.3571428571428571,0.5,0.41666666666666663,0.5
AD Male vs Female,Temporal+Graph_MI+Graph_PLV,Random Forest,7,0.3125,0.375,0.3409090909090909,0.375
AD Male vs Female,Temporal+Graph_MI+Graph_PLV,XGBoost,7,0.3125,0.375,0.3409090909090909,0.375
AD Male vs Female,Temporal+Graph_MI+Graph_PLV,Random Forest,8,0.3571428571428571,0.5,0.41666666666666663,0.5
AD Male vs Female,Temporal+Graph_MI+Graph_PLV,XGBoost,8,0.6041666666666666,0.625,0.6045454545454546,0.625
AD Male vs Female,Temporal+Graph_MI+Graph_PLV,Random Forest,9,0.65625,0.625,0.6309523809523809,0.625
AD Male vs Female,Temporal+Graph_MI+Graph_PLV,XGBoost,9,0.5,0.5,0.5,0.5
AD Male vs Female,Temporal+Graph_MI+Graph_PLV,Random Forest,10,0.8214285714285714,0.75,0.7083333333333334,0.75
AD Male vs Female,Temporal+Graph_MI+Graph_PLV,XGBoost,10,0.3571428571428571,0.5,0.41666666666666663,0.5
AD Male vs Female,Temporal+Graph_MI+Graph_PLV,Random Forest,11,0.6041666666666666,0.625,0.6045454545454546,0.625
AD Male vs Female,Temporal+Graph_MI+Graph_PLV,XGBoost,11,0.40625,0.375,0.38492063492063494,0.375
AD Male vs Female,Temporal+Graph_MI+Graph_PLV,Random Forest,12,0.5,0.5,0.5,0.5
AD Male vs Female,Temporal+Graph_MI+Graph_PLV,XGBoost,12,0.75,0.75,0.75,0.75
AD Male vs Female,Temporal+Graph_MI+Graph_PLV,Random Forest,13,0.3571428571428571,0.5,0.41666666666666663,0.5
AD Male vs Female,Temporal+Graph_MI+Graph_PLV,XGBoost,13,0.6041666666666666,0.625,0.6045454545454546,0.625
AD Male vs Female,Temporal+Graph_MI+Graph_PLV,Random Forest,14,0.40625,0.375,0.38492063492063494,0.375
AD Male vs Female,Temporal+Graph_MI+Graph_PLV,XGBoost,14,0.5,0.5,0.5,0.5
AD Male vs Female,Temporal+Graph_MI+Graph_PLV,Random Forest,15,0.65625,0.625,0.6309523809523809,0.625
AD Male vs Female,Temporal+Graph_MI+Graph_PLV,XGBoost,15,0.5666666666666667,0.5,0.5,0.5
AD Male vs Female,Temporal+Graph_MI+Graph_PLV,Random Forest,16,0.5,0.5,0.5,0.5
AD Male vs Female,Temporal+Graph_MI+Graph_PLV,XGBoost,16,0.3571428571428571,0.5,0.41666666666666663,0.5
AD Male vs Female,Temporal+Graph_MI+Graph_PLV,Random Forest,17,0.390625,0.625,0.4807692307692308,0.625
AD Male vs Female,Temporal+Graph_MI+Graph_PLV,XGBoost,17,0.3571428571428571,0.5,0.41666666666666663,0.5
AD Male vs Female,Temporal+Graph_MI+Graph_PLV,Random Forest,18,0.390625,0.625,0.4807692307692308,0.625
AD Male vs Female,Temporal+Graph_MI+Graph_PLV,XGBoost,18,0.65625,0.625,0.6309523809523809,0.625
FTD Male vs Female,Temporal+Graph_MI+Graph_PLV,Random Forest,0,0.85,0.8,0.7809523809523808,0.8
FTD Male vs Female,Temporal+Graph_MI+Graph_PLV,XGBoost,0,0.85,0.8,0.7809523809523808,0.8
FTD Male vs Female,Temporal+Graph_MI+Graph_PLV,Random Forest,1,0.6,0.6,0.6,0.6
FTD Male vs Female,Temporal+Graph_MI+Graph_PLV,XGBoost,1,0.85,0.8,0.7809523809523808,0.8
FTD Male vs Female,Temporal+Graph_MI+Graph_PLV,Random Forest,2,0.8666666666666666,0.8,0.8,0.8
FTD Male vs Female,Temporal+Graph_MI+Graph_PLV,XGBoost,2,0.8,0.6,0.5666666666666667,0.6
FTD Male vs Female,Temporal+Graph_MI+Graph_PLV,Random Forest,3,1.0,1.0,1.0,1.0
FTD Male vs Female,Temporal+Graph_MI+Graph_PLV,XGBoost,3,0.85,0.8,0.7809523809523808,0.8
FTD Male vs Female,Temporal+Graph_MI+Graph_PLV,Random Forest,4,0.6,0.6,0.6,0.6
FTD Male vs Female,Temporal+Graph_MI+Graph_PLV,XGBoost,4,0.6,0.6,0.6,0.6
FTD Male vs Female,Temporal+Graph_MI+Graph_PLV,Random Forest,5,0.4333333333333333,0.4,0.4,0.4
FTD Male vs Female,Temporal+Graph_MI+Graph_PLV,XGBoost,5,0.6,0.6,0.6,0.6
FTD Male vs Female,Temporal+Graph_MI+Graph_PLV,Random Forest,6,0.85,0.8,0.7809523809523808,0.8
FTD Male vs Female,Temporal+Graph_MI+Graph_PLV,XGBoost,6,0.6,0.6,0.6,0.6
FTD Male vs Female,Temporal+Graph_MI+Graph_PLV,Random Forest,7,0.8666666666666666,0.8,0.8,0.8
FTD Male vs Female,Temporal+Graph_MI+Graph_PLV,XGBoost,7,0.8666666666666666,0.8,0.8,0.8
FTD Male vs Female,Temporal+Graph_MI+Graph_PLV,Random Forest,8,0.36,0.6,0.45,0.6
FTD Male vs Female,Temporal+Graph_MI+Graph_PLV,XGBoost,8,0.36,0.6,0.45,0.6
FTD Male vs Female,Temporal+Graph_MI+Graph_PLV,Random Forest,9,0.85,0.8,0.7809523809523808,0.8
FTD Male vs Female,Temporal+Graph_MI+Graph_PLV,XGBoost,9,0.85,0.8,0.7809523809523808,0.8
FTD Male vs Female,Temporal+Graph_MI+Graph_PLV,Random Forest,10,0.6,0.6,0.6,0.6
FTD Male vs Female,Temporal+Graph_MI+Graph_PLV,XGBoost,10,0.6,0.6,0.6,0.6
FTD Male vs Female,Temporal+Graph_MI+Graph_PLV,Random Forest,11,0.6,0.6,0.6,0.6
FTD Male vs Female,Temporal+Graph_MI+Graph_PLV,XGBoost,11,0.3,0.4,0.34285714285714286,0.4
FTD Male vs Female,Temporal+Graph_MI+Graph_PLV,Random Forest,12,0.85,0.8,0.7809523809523808,0.8
FTD Male vs Female,Temporal+Graph_MI+Graph_PLV,XGBoost,12,0.85,0.8,0.7809523809523808,0.8
FTD Male vs Female,Temporal+Graph_MI+Graph_PLV,Random Forest,13,0.85,0.8,0.7809523809523808,0.8
FTD Male vs Female,Temporal+Graph_MI+Graph_PLV,XGBoost,13,1.0,1.0,1.0,1.0
FTD Male vs Female,Temporal+Graph_MI+Graph_PLV,Random Forest,14,1.0,1.0,1.0,1.0
FTD Male vs Female,Temporal+Graph_MI+Graph_PLV,XGBoost,14,0.4333333333333333,0.4,0.4,0.4
FTD Male vs Female,Temporal+Graph_MI+Graph_PLV,Random Forest,15,0.6,0.6,0.6,0.6
FTD Male vs Female,Temporal+Graph_MI+Graph_PLV,XGBoost,15,0.6,0.6,0.6,0.6
FTD Male vs Female,Temporal+Graph_MI+Graph_PLV,Random Forest,16,0.6,0.6,0.6,0.6
FTD Male vs Female,Temporal+Graph_MI+Graph_PLV,XGBoost,16,0.85,0.8,0.7809523809523808,0.8
FTD Male vs Female,Temporal+Graph_MI+Graph_PLV,Random Forest,17,0.85,0.8,0.7809523809523808,0.8
FTD Male vs Female,Temporal+Graph_MI+Graph_PLV,XGBoost,17,0.85,0.8,0.7809523809523808,0.8
FTD Male vs Female,Temporal+Graph_MI+Graph_PLV,Random Forest,18,0.6,0.6,0.6,0.6
FTD Male vs Female,Temporal+Graph_MI+Graph_PLV,XGBoost,18,0.4333333333333333,0.4,0.4,0.4
Healthy vs Patient,Temporal+Graph_MI+Graph_Corr,Random Forest,0,0.5194805194805194,0.5,0.508361204013378,0.5
Healthy vs Patient,Temporal+Graph_MI+Graph_Corr,XGBoost,0,0.4833333333333333,0.4444444444444444,0.4588744588744588,0.4444444444444444
Healthy vs Patient,Temporal+Graph_MI+Graph_Corr,Random Forest,1,0.6428571428571428,0.6666666666666666,0.6461538461538462,0.6666666666666666
Healthy vs Patient,Temporal+Graph_MI+Graph_Corr,XGBoost,1,0.5948717948717949,0.6111111111111112,0.6012121212121212,0.6111111111111112
Healthy vs Patient,Temporal+Graph_MI+Graph_Corr,Random Forest,2,0.803921568627451,0.7222222222222222,0.6469622331691297,0.7222222222222222
Healthy vs Patient,Temporal+Graph_MI+Graph_Corr,XGBoost,2,0.8333333333333334,0.7777777777777778,0.738095238095238,0.7777777777777778
Healthy vs Patient,Temporal+Graph_MI+Graph_Corr,Random Forest,3,0.803921568627451,0.7222222222222222,0.6469622331691297,0.7222222222222222
Healthy vs Patient,Temporal+Graph_MI+Graph_Corr,XGBoost,3,0.5916666666666666,0.5555555555555556,0.5670995670995671,0.5555555555555556
Healthy vs Patient,Temporal+Graph_MI+Graph_Corr,Random Forest,4,0.625,0.6666666666666666,0.6071428571428572,0.6666666666666666
Healthy vs Patient,Temporal+Graph_MI+Graph_Corr,XGBoost,4,0.711111111111111,0.7222222222222222,0.691358024691358,0.7222222222222222
Healthy vs Patient,Temporal+Graph_MI+Graph_Corr,Random Forest,5,0.625,0.6666666666666666,0.6071428571428572,0.6666666666666666
Healthy vs Patient,Temporal+Graph_MI+Graph_Corr,XGBoost,5,0.5948717948717949,0.6111111111111112,0.6012121212121212,0.6111111111111112
Healthy vs Patient,Temporal+Graph_MI+Graph_Corr,Random Forest,6,0.4112554112554112,0.3888888888888889,0.399108138238573,0.3888888888888889
Healthy vs Patient,Temporal+Graph_MI+Graph_Corr,XGBoost,6,0.4444444444444444,0.4444444444444444,0.4444444444444444,0.4444444444444444
Healthy vs Patient,Temporal+Graph_MI+Graph_Corr,Random Forest,7,0.4444444444444444,0.6666666666666666,0.5333333333333334,0.6666666666666666
Healthy vs Patient,Temporal+Graph_MI+Graph_Corr,XGBoost,7,0.803921568627451,0.7222222222222222,0.6469622331691297,0.7222222222222222
Healthy vs Patient,Temporal+Graph_MI+Graph_Corr,Random Forest,8,0.5948717948717949,0.6111111111111112,0.6012121212121212,0.6111111111111112
Healthy vs Patient,Temporal+Graph_MI+Graph_Corr,XGBoost,8,0.5194805194805194,0.5,0.508361204013378,0.5
Healthy vs Patient,Temporal+Graph_MI+Graph_Corr,Random Forest,9,0.5555555555555556,0.6111111111111112,0.5679012345679013,0.6111111111111112
Healthy vs Patient,Temporal+Graph_MI+Graph_Corr,XGBoost,9,0.38095238095238093,0.4444444444444444,0.4102564102564103,0.4444444444444444
Healthy vs Patient,Temporal+Graph_MI+Graph_Corr,Random Forest,10,0.39999999999999997,0.5,0.4444444444444444,0.5
Healthy vs Patient,Temporal+Graph_MI+Graph_Corr,XGBoost,10,0.476923076923077,0.5,0.4872727272727272,0.5
Healthy vs Patient,Temporal+Graph_MI+Graph_Corr,Random Forest,11,0.43137254901960786,0.6111111111111112,0.5057471264367815,0.6111111111111112
Healthy vs Patient,Temporal+Graph_MI+Graph_Corr,XGBoost,11,0.5948717948717949,0.6111111111111112,0.6012121212121212,0.6111111111111112
Healthy vs Patient,Temporal+Graph_MI+Graph_Corr,Random Forest,12,0.625,0.6666666666666666,0.6071428571428572,0.6666666666666666
Healthy vs Patient,Temporal+Graph_MI+Graph_Corr,XGBoost,12,0.476923076923077,0.5,0.4872727272727272,0.5
Healthy vs Patient,Temporal+Graph_MI+Graph_Corr,Random Forest,13,0.711111111111111,0.7222222222222222,0.691358024691358,0.7222222222222222
Healthy vs Patient,Temporal+Graph_MI+Graph_Corr,XGBoost,13,0.7128205128205128,0.7222222222222222,0.7151515151515153,0.7222222222222222
Healthy vs Patient,Temporal+Graph_MI+Graph_Corr,Random Forest,14,0.43137254901960786,0.6111111111111112,0.5057471264367815,0.6111111111111112
Healthy vs Patient,Temporal+Graph_MI+Graph_Corr,XGBoost,14,0.511904761904762,0.5555555555555556,0.5282051282051281,0.5555555555555556
Healthy vs Patient,Temporal+Graph_MI+Graph_Corr,Random Forest,15,0.43137254901960786,0.6111111111111112,0.5057471264367815,0.6111111111111112
Healthy vs Patient,Temporal+Graph_MI+Graph_Corr,XGBoost,15,0.5555555555555556,0.6111111111111112,0.5679012345679013,0.6111111111111112
Healthy vs Patient,Temporal+Graph_MI+Graph_Corr,Random Forest,16,0.5555555555555556,0.6111111111111112,0.5679012345679013,0.6111111111111112
Healthy vs Patient,Temporal+Graph_MI+Graph_Corr,XGBoost,16,0.6666666666666666,0.6666666666666666,0.6666666666666666,0.6666666666666666
Healthy vs Patient,Temporal+Graph_MI+Graph_Corr,Random Forest,17,0.5948717948717949,0.6111111111111112,0.6012121212121212,0.6111111111111112
Healthy vs Patient,Temporal+Graph_MI+Graph_Corr,XGBoost,17,0.5555555555555556,0.5555555555555556,0.5555555555555556,0.5555555555555556
Healthy vs Patient,Temporal+Graph_MI+Graph_Corr,Random Forest,18,0.7777777777777778,0.7222222222222222,0.7301587301587301,0.7222222222222222
Healthy vs Patient,Temporal+Graph_MI+Graph_Corr,XGBoost,18,0.7000000000000001,0.6666666666666666,0.6753246753246753,0.6666666666666666
Healthy vs AD,Temporal+Graph_MI+Graph_Corr,Random Forest,0,0.6227106227106227,0.6153846153846154,0.6153846153846154,0.6153846153846154
Healthy vs AD,Temporal+Graph_MI+Graph_Corr,XGBoost,0,0.38461538461538464,0.38461538461538464,0.38461538461538464,0.38461538461538464
Healthy vs AD,Temporal+Graph_MI+Graph_Corr,Random Forest,1,0.5299145299145299,0.5384615384615384,0.5211538461538462,0.5384615384615384
Healthy vs AD,Temporal+Graph_MI+Graph_Corr,XGBoost,1,0.5384615384615384,0.5384615384615384,0.5384615384615384,0.5384615384615384
Healthy vs AD,Temporal+Graph_MI+Graph_Corr,Random Forest,2,0.4230769230769231,0.46153846153846156,0.4193061840120664,0.46153846153846156
Healthy vs AD,Temporal+Graph_MI+Graph_Corr,XGBoost,2,0.17948717948717946,0.23076923076923078,0.20192307692307693,0.23076923076923078
Healthy vs AD,Temporal+Graph_MI+Graph_Corr,Random Forest,3,0.29423076923076924,0.3076923076923077,0.2993006993006993,0.3076923076923077
Healthy vs AD,Temporal+Graph_MI+Graph_Corr,XGBoost,3,0.23076923076923078,0.23076923076923078,0.23076923076923078,0.23076923076923078
Healthy vs AD,Temporal+Graph_MI+Graph_Corr,Random Forest,4,0.7756410256410257,0.6153846153846154,0.5286292654713708,0.6153846153846154
Healthy vs AD,Temporal+Graph_MI+Graph_Corr,XGBoost,4,0.4538461538461539,0.46153846153846156,0.455011655011655,0.46153846153846156
Healthy vs AD,Temporal+Graph_MI+Graph_Corr,Random Forest,5,0.6307692307692307,0.6153846153846154,0.5852187028657616,0.6153846153846154
Healthy vs AD,Temporal+Graph_MI+Graph_Corr,XGBoost,5,0.6923076923076923,0.6923076923076923,0.6923076923076923,0.6923076923076923
Healthy vs AD,Temporal+Graph_MI+Graph_Corr,Random Forest,6,0.24475524475524474,0.38461538461538464,0.2991452991452992,0.38461538461538464
Healthy vs AD,Temporal+Graph_MI+Graph_Corr,XGBoost,6,0.2153846153846154,0.3076923076923077,0.25339366515837103,0.3076923076923077
Healthy vs AD,Temporal+Graph_MI+Graph_Corr,Random Forest,7,0.2692307692307692,0.46153846153846156,0.340080971659919,0.46153846153846156
Healthy vs AD,Temporal+Graph_MI+Graph_Corr,XGBoost,7,0.5244755244755245,0.5384615384615384,0.47435897435897434,0.5384615384615384
Healthy vs AD,Temporal+Graph_MI+Graph_Corr,Random Forest,8,0.6134615384615384,0.6153846153846154,0.6107226107226107,0.6153846153846154
Healthy vs AD,Temporal+Graph_MI+Graph_Corr,XGBoost,8,0.5384615384615384,0.5384615384615384,0.5384615384615384,0.5384615384615384
Healthy vs AD,Temporal+Graph_MI+Graph_Corr,Random Forest,9,0.6923076923076923,0.6923076923076923,0.6923076923076923,0.6923076923076923
Healthy vs AD,Temporal+Graph_MI+Graph_Corr,XGBoost,9,0.6227106227106227,0.6153846153846154,0.6153846153846154,0.6153846153846154
Healthy vs AD,Temporal+Graph_MI+Graph_Corr,Random Forest,10,0.6307692307692307,0.6153846153846154,0.5852187028657616,0.6153846153846154
Healthy vs AD,Temporal+Graph_MI+Graph_Corr,XGBoost,10,0.6134615384615384,0.6153846153846154,0.6107226107226107,0.6153846153846154
Healthy vs AD,Temporal+Graph_MI+Graph_Corr,Random Forest,11,0.6134615384615384,0.6153846153846154,0.6107226107226107,0.6153846153846154
Healthy vs AD,Temporal+Graph_MI+Graph_Corr,XGBoost,11,0.6307692307692307,0.6153846153846154,0.5852187028657616,0.6153846153846154
Healthy vs AD,Temporal+Graph_MI+Graph_Corr,Random Forest,12,0.5299145299145299,0.5384615384615384,0.5211538461538462,0.5384615384615384
Healthy vs AD,Temporal+Graph_MI+Graph_Corr,XGBoost,12,0.4538461538461539,0.46153846153846156,0.455011655011655,0.46153846153846156
Healthy vs AD,Temporal+Graph_MI+Graph_Corr,Random Forest,13,0.6307692307692307,0.6153846153846154,0.5852187028657616,0.6153846153846154
Healthy vs AD,Temporal+Graph_MI+Graph_Corr,XGBoost,13,0.6134615384615384,0.6153846153846154,0.6107226107226107,0.6153846153846154
Healthy vs AD,Temporal+Graph_MI+Graph_Corr,Random Forest,14,0.2692307692307692,0.46153846153846156,0.340080971659919,0.46153846153846156
Healthy vs AD,Temporal+Graph_MI+Graph_Corr,XGBoost,14,0.23076923076923078,0.23076923076923078,0.23076923076923078,0.23076923076923078
Healthy vs AD,Temporal+Graph_MI+Graph_Corr,Random Forest,15,0.5384615384615384,0.5384615384615384,0.5384615384615384,0.5384615384615384
Healthy vs AD,Temporal+Graph_MI+Graph_Corr,XGBoost,15,0.6227106227106227,0.6153846153846154,0.6153846153846154,0.6153846153846154
Healthy vs AD,Temporal+Graph_MI+Graph_Corr,Random Forest,16,0.29423076923076924,0.3076923076923077,0.2993006993006993,0.3076923076923077
Healthy vs AD,Temporal+Graph_MI+Graph_Corr,XGBoost,16,0.6134615384615384,0.6153846153846154,0.6107226107226107,0.6153846153846154
Healthy vs AD,Temporal+Graph_MI+Graph_Corr,Random Forest,17,0.5384615384615384,0.5384615384615384,0.5384615384615384,0.5384615384615384
Healthy vs AD,Temporal+Graph_MI+Graph_Corr,XGBoost,17,0.5384615384615384,0.5384615384615384,0.5384615384615384,0.5384615384615384
Healthy vs AD,Temporal+Graph_MI+Graph_Corr,Random Forest,18,0.5384615384615384,0.5384615384615384,0.5384615384615384,0.5384615384615384
Healthy vs AD,Temporal+Graph_MI+Graph_Corr,XGBoost,18,0.3884615384615385,0.38461538461538464,0.3772893772893772,0.38461538461538464
Healthy vs FTD,Temporal+Graph_MI+Graph_Corr,Random Forest,0,0.6688311688311688,0.6363636363636364,0.6303030303030303,0.6363636363636364
Healthy vs FTD,Temporal+Graph_MI+Graph_Corr,XGBoost,0,0.3522727272727273,0.36363636363636365,0.33100233100233106,0.36363636363636365
Healthy vs FTD,Temporal+Graph_MI+Graph_Corr,Random Forest,1,0.538961038961039,0.5454545454545454,0.5376845376845377,0.5454545454545454
Healthy vs FTD,Temporal+Graph_MI+Graph_Corr,XGBoost,1,0.6363636363636364,0.6363636363636364,0.6363636363636364,0.6363636363636364
Healthy vs FTD,Temporal+Graph_MI+Graph_Corr,Random Forest,2,0.4242424242424242,0.45454545454545453,0.4253246753246753,0.45454545454545453
Healthy vs FTD,Temporal+Graph_MI+Graph_Corr,XGBoost,2,0.2424242424242424,0.36363636363636365,0.29090909090909095,0.36363636363636365
Healthy vs FTD,Temporal+Graph_MI+Graph_Corr,Random Forest,3,0.7818181818181817,0.6363636363636364,0.5606060606060606,0.6363636363636364
Healthy vs FTD,Temporal+Graph_MI+Graph_Corr,XGBoost,3,0.5303030303030304,0.5454545454545454,0.4935064935064935,0.5454545454545454
Healthy vs FTD,Temporal+Graph_MI+Graph_Corr,Random Forest,4,0.7393939393939394,0.7272727272727273,0.7272727272727273,0.7272727272727273
Healthy vs FTD,Temporal+Graph_MI+Graph_Corr,XGBoost,4,0.5545454545454546,0.5454545454545454,0.5454545454545454,0.5454545454545454
Healthy vs FTD,Temporal+Graph_MI+Graph_Corr,Random Forest,5,0.7818181818181817,0.6363636363636364,0.5606060606060606,0.6363636363636364
Healthy vs FTD,Temporal+Graph_MI+Graph_Corr,XGBoost,5,0.29752066115702475,0.5454545454545454,0.3850267379679144,0.5454545454545454
Healthy vs FTD,Temporal+Graph_MI+Graph_Corr,Random Forest,6,0.6439393939393939,0.6363636363636364,0.6168831168831169,0.6363636363636364
Healthy vs FTD,Temporal+Graph_MI+Graph_Corr,XGBoost,6,0.8181818181818182,0.7272727272727273,0.6961038961038961,0.7272727272727273
Healthy vs FTD,Temporal+Graph_MI+Graph_Corr,Random Forest,7,0.6439393939393939,0.6363636363636364,0.6168831168831169,0.6363636363636364
Healthy vs FTD,Temporal+Graph_MI+Graph_Corr,XGBoost,7,0.6439393939393939,0.6363636363636364,0.6168831168831169,0.6363636363636364
Healthy vs FTD,Temporal+Graph_MI+Graph_Corr,Random Forest,8,0.3696969696969697,0.36363636363636365,0.36363636363636365,0.36363636363636365
Healthy vs FTD,Temporal+Graph_MI+Graph_Corr,XGBoost,8,0.3474025974025974,0.36363636363636365,0.35275835275835277,0.36363636363636365
Healthy vs FTD,Temporal+Graph_MI+Graph_Corr,Random Forest,9,0.538961038961039,0.5454545454545454,0.5376845376845377,0.5454545454545454
Healthy vs FTD,Temporal+Graph_MI+Graph_Corr,XGBoost,9,0.3696969696969697,0.36363636363636365,0.36363636363636365,0.36363636363636365
Healthy vs FTD,Temporal+Graph_MI+Graph_Corr,Random Forest,10,0.5545454545454546,0.5454545454545454,0.5454545454545454,0.5454545454545454
Healthy vs FTD,Temporal+Graph_MI+Graph_Corr,XGBoost,10,0.3696969696969697,0.36363636363636365,0.36363636363636365,0.36363636363636365
Healthy vs FTD,Temporal+Graph_MI+Graph_Corr,Random Forest,11,0.6688311688311688,0.6363636363636364,0.6303030303030303,0.6363636363636364
Healthy vs FTD,Temporal+Graph_MI+Graph_Corr,XGBoost,11,0.6363636363636364,0.6363636363636364,0.6363636363636364,0.6363636363636364
Healthy vs FTD,Temporal+Graph_MI+Graph_Corr,Random Forest,12,0.5303030303030304,0.5454545454545454,0.4935064935064935,0.5454545454545454
Healthy vs FTD,Temporal+Graph_MI+Graph_Corr,XGBoost,12,0.5303030303030304,0.5454545454545454,0.4935064935064935,0.5454545454545454
Healthy vs FTD,Temporal+Graph_MI+Graph_Corr,Random Forest,13,0.5545454545454546,0.5454545454545454,0.5454545454545454,0.5454545454545454
Healthy vs FTD,Temporal+Graph_MI+Graph_Corr,XGBoost,13,0.6363636363636364,0.6363636363636364,0.6363636363636364,0.6363636363636364
Healthy vs FTD,Temporal+Graph_MI+Graph_Corr,Random Forest,14,0.2727272727272727,0.2727272727272727,0.2727272727272727,0.2727272727272727
Healthy vs FTD,Temporal+Graph_MI+Graph_Corr,XGBoost,14,0.2727272727272727,0.2727272727272727,0.2727272727272727,0.2727272727272727
Healthy vs FTD,Temporal+Graph_MI+Graph_Corr,Random Forest,15,0.6439393939393939,0.6363636363636364,0.6168831168831169,0.6363636363636364
Healthy vs FTD,Temporal+Graph_MI+Graph_Corr,XGBoost,15,0.5303030303030304,0.5454545454545454,0.4935064935064935,0.5454545454545454
Healthy vs FTD,Temporal+Graph_MI+Graph_Corr,Random Forest,16,0.7305194805194805,0.7272727272727273,0.7226107226107227,0.7272727272727273
Healthy vs FTD,Temporal+Graph_MI+Graph_Corr,XGBoost,16,0.5303030303030304,0.5454545454545454,0.4935064935064935,0.5454545454545454
Healthy vs FTD,Temporal+Graph_MI+Graph_Corr,Random Forest,17,0.2424242424242424,0.36363636363636365,0.29090909090909095,0.36363636363636365
Healthy vs FTD,Temporal+Graph_MI+Graph_Corr,XGBoost,17,0.2727272727272727,0.45454545454545453,0.3409090909090909,0.45454545454545453
Healthy vs FTD,Temporal+Graph_MI+Graph_Corr,Random Forest,18,0.922077922077922,0.9090909090909091,0.9075369075369075,0.9090909090909091
Healthy vs FTD,Temporal+Graph_MI+Graph_Corr,XGBoost,18,0.5545454545454546,0.5454545454545454,0.5454545454545454,0.5454545454545454
AD vs FTD,Temporal+Graph_MI+Graph_Corr,Random Forest,0,0.3958333333333333,0.4166666666666667,0.40370370370370373,0.4166666666666667
AD vs FTD,Temporal+Graph_MI+Graph_Corr,XGBoost,0,0.46296296296296297,0.5,0.46875,0.5
AD vs FTD,Temporal+Graph_MI+Graph_Corr,Random Forest,1,0.3958333333333333,0.4166666666666667,0.40370370370370373,0.4166666666666667
AD vs FTD,Temporal+Graph_MI+Graph_Corr,XGBoost,1,0.3523809523809524,0.3333333333333333,0.3333333333333333,0.3333333333333333
AD vs FTD,Temporal+Graph_MI+Graph_Corr,Random Forest,2,0.3958333333333333,0.4166666666666667,0.40370370370370373,0.4166666666666667
AD vs FTD,Temporal+Graph_MI+Graph_Corr,XGBoost,2,0.3958333333333333,0.4166666666666667,0.40370370370370373,0.4166666666666667
AD vs FTD,Temporal+Graph_MI+Graph_Corr,Random Forest,3,0.46296296296296297,0.5,0.46875,0.5
AD vs FTD,Temporal+Graph_MI+Graph_Corr,XGBoost,3,0.5583333333333333,0.5833333333333334,0.530812324929972,0.5833333333333334
AD vs FTD,Temporal+Graph_MI+Graph_Corr,Random Forest,4,0.7878787878787877,0.6666666666666666,0.5925925925925926,0.6666666666666666
AD vs FTD,Temporal+Graph_MI+Graph_Corr,XGBoost,4,0.75,0.75,0.7444444444444445,0.75
AD vs FTD,Temporal+Graph_MI+Graph_Corr,Random Forest,5,0.5729166666666666,0.5833333333333334,0.5740740740740741,0.5833333333333334
AD vs FTD,Temporal+Graph_MI+Graph_Corr,XGBoost,5,0.8249999999999998,0.75,0.7184873949579832,0.75
AD vs FTD,Temporal+Graph_MI+Graph_Corr,Random Forest,6,0.46296296296296297,0.5,0.46875,0.5
AD vs FTD,Temporal+Graph_MI+Graph_Corr,XGBoost,6,0.4305555555555555,0.4166666666666667,0.42074592074592077,0.4166666666666667
AD vs FTD,Temporal+Graph_MI+Graph_Corr,Random Forest,7,0.3181818181818182,0.5,0.38888888888888884,0.5
AD vs FTD,Temporal+Graph_MI+Graph_Corr,XGBoost,7,0.3958333333333333,0.4166666666666667,0.40370370370370373,0.4166666666666667
AD vs FTD,Temporal+Graph_MI+Graph_Corr,Random Forest,8,0.3958333333333333,0.4166666666666667,0.40370370370370373,0.4166666666666667
AD vs FTD,Temporal+Graph_MI+Graph_Corr,XGBoost,8,0.3958333333333333,0.4166666666666667,0.40370370370370373,0.4166666666666667
AD vs FTD,Temporal+Graph_MI+Graph_Corr,Random Forest,9,0.34027777777777785,0.5833333333333334,0.4298245614035088,0.5833333333333334
AD vs FTD,Temporal+Graph_MI+Graph_Corr,XGBoost,9,0.5729166666666666,0.5833333333333334,0.5740740740740741,0.5833333333333334
AD vs FTD,Temporal+Graph_MI+Graph_Corr,Random Forest,10,0.5729166666666666,0.5833333333333334,0.5740740740740741,0.5833333333333334
AD vs FTD,Temporal+Graph_MI+Graph_Corr,XGBoost,10,0.3958333333333333,0.4166666666666667,0.40370370370370373,0.4166666666666667
AD vs FTD,Temporal+Graph_MI+Graph_Corr,Random Forest,11,0.46296296296296297,0.5,0.46875,0.5
AD vs FTD,Temporal+Graph_MI+Graph_Corr,XGBoost,11,0.5729166666666666,0.5833333333333334,0.5740740740740741,0.5833333333333334
AD vs FTD,Temporal+Graph_MI+Graph_Corr,Random Forest,12,0.5285714285714286,0.5,0.5,0.5
AD vs FTD,Temporal+Graph_MI+Graph_Corr,XGBoost,12,0.21875,0.25,0.23333333333333336,0.25
AD vs FTD,Temporal+Graph_MI+Graph_Corr,Random Forest,13,0.34027777777777785,0.5833333333333334,0.4298245614035088,0.5833333333333334
AD vs FTD,Temporal+Graph_MI+Graph_Corr,XGBoost,13,0.6666666666666666,0.6666666666666666,0.6458333333333334,0.6666666666666666
AD vs FTD,Temporal+Graph_MI+Graph_Corr,Random Forest,14,0.6666666666666666,0.6666666666666666,0.6458333333333334,0.6666666666666666
AD vs FTD,Temporal+Graph_MI+Graph_Corr,XGBoost,14,0.6666666666666666,0.6666666666666666,0.6458333333333334,0.6666666666666666
AD vs FTD,Temporal+Graph_MI+Graph_Corr,Random Forest,15,0.5,0.5,0.5,0.5
AD vs FTD,Temporal+Graph_MI+Graph_Corr,XGBoost,15,0.5972222222222222,0.5833333333333334,0.5862470862470862,0.5833333333333334
AD vs FTD,Temporal+Graph_MI+Graph_Corr,Random Forest,16,0.6666666666666666,0.6666666666666666,0.6458333333333334,0.6666666666666666
AD vs FTD,Temporal+Graph_MI+Graph_Corr,XGBoost,16,0.75,0.75,0.7444444444444445,0.75
AD vs FTD,Temporal+Graph_MI+Graph_Corr,Random Forest,17,0.46296296296296297,0.5,0.46875,0.5
AD vs FTD,Temporal+Graph_MI+Graph_Corr,XGBoost,17,0.46296296296296297,0.5,0.46875,0.5
AD vs FTD,Temporal+Graph_MI+Graph_Corr,Random Forest,18,0.5,0.5,0.5,0.5
AD vs FTD,Temporal+Graph_MI+Graph_Corr,XGBoost,18,0.5972222222222222,0.5833333333333334,0.5862470862470862,0.5833333333333334
AD Male vs Female,Temporal+Graph_MI+Graph_Corr,Random Forest,0,0.6041666666666666,0.625,0.6045454545454546,0.625
AD Male vs Female,Temporal+Graph_MI+Graph_Corr,XGBoost,0,0.6041666666666666,0.625,0.6045454545454546,0.625
AD Male vs Female,Temporal+Graph_MI+Graph_Corr,Random Forest,1,0.6041666666666666,0.625,0.6045454545454546,0.625
AD Male vs Female,Temporal+Graph_MI+Graph_Corr,XGBoost,1,0.5,0.5,0.5,0.5
AD Male vs Female,Temporal+Graph_MI+Graph_Corr,Random Forest,2,0.390625,0.625,0.4807692307692308,0.625
AD Male vs Female,Temporal+Graph_MI+Graph_Corr,XGBoost,2,0.25,0.25,0.25,0.25
AD Male vs Female,Temporal+Graph_MI+Graph_Corr,Random Forest,3,0.8214285714285714,0.75,0.7083333333333334,0.75
AD Male vs Female,Temporal+Graph_MI+Graph_Corr,XGBoost,3,0.6041666666666666,0.625,0.6045454545454546,0.625
AD Male vs Female,Temporal+Graph_MI+Graph_Corr,Random Forest,4,0.5,0.5,0.5,0.5
AD Male vs Female,Temporal+Graph_MI+Graph_Corr,XGBoost,4,0.5,0.5,0.5,0.5
AD Male vs Female,Temporal+Graph_MI+Graph_Corr,Random Forest,5,0.25,0.25,0.25,0.25
AD Male vs Female,Temporal+Graph_MI+Graph_Corr,XGBoost,5,0.3125,0.375,0.3409090909090909,0.375
AD Male vs Female,Temporal+Graph_MI+Graph_Corr,Random Forest,6,0.3571428571428571,0.5,0.41666666666666663,0.5
AD Male vs Female,Temporal+Graph_MI+Graph_Corr,XGBoost,6,0.3571428571428571,0.5,0.41666666666666663,0.5
AD Male vs Female,Temporal+Graph_MI+Graph_Corr,Random Forest,7,0.3125,0.375,0.3409090909090909,0.375
AD Male vs Female,Temporal+Graph_MI+Graph_Corr,XGBoost,7,0.3125,0.375,0.3409090909090909,0.375
AD Male vs Female,Temporal+Graph_MI+Graph_Corr,Random Forest,8,0.3125,0.375,0.3409090909090909,0.375
AD Male vs Female,Temporal+Graph_MI+Graph_Corr,XGBoost,8,0.5,0.5,0.5,0.5
AD Male vs Female,Temporal+Graph_MI+Graph_Corr,Random Forest,9,0.5,0.5,0.5,0.5
AD Male vs Female,Temporal+Graph_MI+Graph_Corr,XGBoost,9,0.6041666666666666,0.625,0.6045454545454546,0.625
AD Male vs Female,Temporal+Graph_MI+Graph_Corr,Random Forest,10,0.390625,0.625,0.4807692307692308,0.625
AD Male vs Female,Temporal+Graph_MI+Graph_Corr,XGBoost,10,0.3571428571428571,0.5,0.41666666666666663,0.5
AD Male vs Female,Temporal+Graph_MI+Graph_Corr,Random Forest,11,0.3571428571428571,0.5,0.41666666666666663,0.5
AD Male vs Female,Temporal+Graph_MI+Graph_Corr,XGBoost,11,0.15625,0.125,0.1388888888888889,0.125
AD Male vs Female,Temporal+Graph_MI+Graph_Corr,Random Forest,12,0.8214285714285714,0.75,0.7083333333333334,0.75
AD Male vs Female,Temporal+Graph_MI+Graph_Corr,XGBoost,12,0.8958333333333334,0.875,0.8681818181818182,0.875
AD Male vs Female,Temporal+Graph_MI+Graph_Corr,Random Forest,13,0.390625,0.625,0.4807692307692308,0.625
AD Male vs Female,Temporal+Graph_MI+Graph_Corr,XGBoost,13,0.6041666666666666,0.625,0.6045454545454546,0.625
AD Male vs Female,Temporal+Graph_MI+Graph_Corr,Random Forest,14,0.3125,0.375,0.3409090909090909,0.375
AD Male vs Female,Temporal+Graph_MI+Graph_Corr,XGBoost,14,0.5,0.5,0.5,0.5
AD Male vs Female,Temporal+Graph_MI+Graph_Corr,Random Forest,15,0.390625,0.625,0.4807692307692308,0.625
AD Male vs Female,Temporal+Graph_MI+Graph_Corr,XGBoost,15,0.390625,0.625,0.4807692307692308,0.625
AD Male vs Female,Temporal+Graph_MI+Graph_Corr,Random Forest,16,0.6041666666666666,0.625,0.6045454545454546,0.625
AD Male vs Female,Temporal+Graph_MI+Graph_Corr,XGBoost,16,0.25,0.25,0.25,0.25
AD Male vs Female,Temporal+Graph_MI+Graph_Corr,Random Forest,17,0.390625,0.625,0.4807692307692308,0.625
AD Male vs Female,Temporal+Graph_MI+Graph_Corr,XGBoost,17,0.3571428571428571,0.5,0.41666666666666663,0.5
AD Male vs Female,Temporal+Graph_MI+Graph_Corr,Random Forest,18,0.8214285714285714,0.75,0.7083333333333334,0.75
AD Male vs Female,Temporal+Graph_MI+Graph_Corr,XGBoost,18,0.3125,0.375,0.3409090909090909,0.375
FTD Male vs Female,Temporal+Graph_MI+Graph_Corr,Random Forest,0,0.85,0.8,0.7809523809523808,0.8
FTD Male vs Female,Temporal+Graph_MI+Graph_Corr,XGBoost,0,0.85,0.8,0.7809523809523808,0.8
FTD Male vs Female,Temporal+Graph_MI+Graph_Corr,Random Forest,1,0.6,0.6,0.6,0.6
FTD Male vs Female,Temporal+Graph_MI+Graph_Corr,XGBoost,1,1.0,1.0,1.0,1.0
FTD Male vs Female,Temporal+Graph_MI+Graph_Corr,Random Forest,2,0.8666666666666666,0.8,0.8,0.8
FTD Male vs Female,Temporal+Graph_MI+Graph_Corr,XGBoost,2,0.8,0.6,0.5666666666666667,0.6
FTD Male vs Female,Temporal+Graph_MI+Graph_Corr,Random Forest,3,0.85,0.8,0.7809523809523808,0.8
FTD Male vs Female,Temporal+Graph_MI+Graph_Corr,XGBoost,3,0.4333333333333333,0.4,0.4,0.4
FTD Male vs Female,Temporal+Graph_MI+Graph_Corr,Random Forest,4,0.6,0.6,0.6,0.6
FTD Male vs Female,Temporal+Graph_MI+Graph_Corr,XGBoost,4,0.6,0.6,0.6,0.6
FTD Male vs Female,Temporal+Graph_MI+Graph_Corr,Random Forest,5,0.6,0.6,0.6,0.6
FTD Male vs Female,Temporal+Graph_MI+Graph_Corr,XGBoost,5,0.8,0.6,0.5666666666666667,0.6
FTD Male vs Female,Temporal+Graph_MI+Graph_Corr,Random Forest,6,0.85,0.8,0.7809523809523808,0.8
FTD Male vs Female,Temporal+Graph_MI+Graph_Corr,XGBoost,6,0.6,0.6,0.6,0.6
FTD Male vs Female,Temporal+Graph_MI+Graph_Corr,Random Forest,7,0.85,0.8,0.7809523809523808,0.8
FTD Male vs Female,Temporal+Graph_MI+Graph_Corr,XGBoost,7,0.6,0.6,0.6,0.6
FTD Male vs Female,Temporal+Graph_MI+Graph_Corr,Random Forest,8,0.36,0.6,0.45,0.6
FTD Male vs Female,Temporal+Graph_MI+Graph_Corr,XGBoost,8,0.36,0.6,0.45,0.6
FTD Male vs Female,Temporal+Graph_MI+Graph_Corr,Random Forest,9,0.85,0.8,0.7809523809523808,0.8
FTD Male vs Female,Temporal+Graph_MI+Graph_Corr,XGBoost,9,0.85,0.8,0.7809523809523808,0.8
FTD Male vs Female,Temporal+Graph_MI+Graph_Corr,Random Forest,10,0.4333333333333333,0.4,0.4,0.4
FTD Male vs Female,Temporal+Graph_MI+Graph_Corr,XGBoost,10,0.6,0.6,0.6,0.6
FTD Male vs Female,Temporal+Graph_MI+Graph_Corr,Random Forest,11,0.6,0.6,0.6,0.6
FTD Male vs Female,Temporal+Graph_MI+Graph_Corr,XGBoost,11,0.4333333333333333,0.4,0.4,0.4
FTD Male vs Female,Temporal+Graph_MI+Graph_Corr,Random Forest,12,0.6,0.6,0.6,0.6
FTD Male vs Female,Temporal+Graph_MI+Graph_Corr,XGBoost,12,0.85,0.8,0.7809523809523808,0.8
FTD Male vs Female,Temporal+Graph_MI+Graph_Corr,Random Forest,13,0.85,0.8,0.7809523809523808,0.8
FTD Male vs Female,Temporal+Graph_MI+Graph_Corr,XGBoost,13,1.0,1.0,1.0,1.0
FTD Male vs Female,Temporal+Graph_MI+Graph_Corr,Random Forest,14,0.3,0.4,0.34285714285714286,0.4
FTD Male vs Female,Temporal+Graph_MI+Graph_Corr,XGBoost,14,0.36,0.6,0.45,0.6
FTD Male vs Female,Temporal+Graph_MI+Graph_Corr,Random Forest,15,0.6,0.6,0.6,0.6
FTD Male vs Female,Temporal+Graph_MI+Graph_Corr,XGBoost,15,0.6,0.6,0.6,0.6
FTD Male vs Female,Temporal+Graph_MI+Graph_Corr,Random Forest,16,0.4333333333333333,0.4,0.4,0.4
FTD Male vs Female,Temporal+Graph_MI+Graph_Corr,XGBoost,16,0.85,0.8,0.7809523809523808,0.8
FTD Male vs Female,Temporal+Graph_MI+Graph_Corr,Random Forest,17,1.0,1.0,1.0,1.0
FTD Male vs Female,Temporal+Graph_MI+Graph_Corr,XGBoost,17,1.0,1.0,1.0,1.0
FTD Male vs Female,Temporal+Graph_MI+Graph_Corr,Random Forest,18,0.6,0.6,0.6,0.6
FTD Male vs Female,Temporal+Graph_MI+Graph_Corr,XGBoost,18,0.2,0.2,0.2,0.2
Healthy vs Patient,Temporal+Graph_PLV+Graph_Corr,Random Forest,0,0.5948717948717949,0.6111111111111112,0.6012121212121212,0.6111111111111112
Healthy vs Patient,Temporal+Graph_PLV+Graph_Corr,XGBoost,0,0.5555555555555556,0.5555555555555556,0.5555555555555556,0.5555555555555556
Healthy vs Patient,Temporal+Graph_PLV+Graph_Corr,Random Forest,1,0.5194805194805194,0.5,0.508361204013378,0.5
Healthy vs Patient,Temporal+Graph_PLV+Graph_Corr,XGBoost,1,0.4833333333333333,0.4444444444444444,0.4588744588744588,0.4444444444444444
Healthy vs Patient,Temporal+Graph_PLV+Graph_Corr,Random Forest,2,0.4444444444444444,0.6666666666666666,0.5333333333333334,0.6666666666666666
Healthy vs Patient,Temporal+Graph_PLV+Graph_Corr,XGBoost,2,0.6428571428571428,0.6666666666666666,0.6461538461538462,0.6666666666666666
Healthy vs Patient,Temporal+Graph_PLV+Graph_Corr,Random Forest,3,0.5555555555555556,0.6111111111111112,0.5679012345679013,0.6111111111111112
Healthy vs Patient,Temporal+Graph_PLV+Graph_Corr,XGBoost,3,0.5948717948717949,0.6111111111111112,0.6012121212121212,0.6111111111111112
Healthy vs Patient,Temporal+Graph_PLV+Graph_Corr,Random Forest,4,0.711111111111111,0.7222222222222222,0.691358024691358,0.7222222222222222
Healthy vs Patient,Temporal+Graph_PLV+Graph_Corr,XGBoost,4,0.7738095238095238,0.7777777777777778,0.764102564102564,0.7777777777777778
Healthy vs Patient,Temporal+Graph_PLV+Graph_Corr,Random Forest,5,0.8333333333333334,0.7777777777777778,0.738095238095238,0.7777777777777778
Healthy vs Patient,Temporal+Graph_PLV+Graph_Corr,XGBoost,5,0.5555555555555556,0.5555555555555556,0.5555555555555556,0.5555555555555556
Healthy vs Patient,Temporal+Graph_PLV+Graph_Corr,Random Forest,6,0.476923076923077,0.5,0.4872727272727272,0.5
Healthy vs Patient,Temporal+Graph_PLV+Graph_Corr,XGBoost,6,0.4444444444444444,0.4444444444444444,0.4444444444444444,0.4444444444444444
Healthy vs Patient,Temporal+Graph_PLV+Graph_Corr,Random Forest,7,0.6428571428571428,0.6666666666666666,0.6461538461538462,0.6666666666666666
Healthy vs Patient,Temporal+Graph_PLV+Graph_Corr,XGBoost,7,0.711111111111111,0.7222222222222222,0.691358024691358,0.7222222222222222
Healthy vs Patient,Temporal+Graph_PLV+Graph_Corr,Random Forest,8,0.43137254901960786,0.6111111111111112,0.5057471264367815,0.6111111111111112
Healthy vs Patient,Temporal+Graph_PLV+Graph_Corr,XGBoost,8,0.5555555555555556,0.6111111111111112,0.5679012345679013,0.6111111111111112
Healthy vs Patient,Temporal+Graph_PLV+Graph_Corr,Random Forest,9,0.4444444444444444,0.6666666666666666,0.5333333333333334,0.6666666666666666
Healthy vs Patient,Temporal+Graph_PLV+Graph_Corr,XGBoost,9,0.5948717948717949,0.6111111111111112,0.6012121212121212,0.6111111111111112
Healthy vs Patient,Temporal+Graph_PLV+Graph_Corr,Random Forest,10,0.625,0.6666666666666666,0.6071428571428572,0.6666666666666666
Healthy vs Patient,Temporal+Graph_PLV+Graph_Corr,XGBoost,10,0.5948717948717949,0.6111111111111112,0.6012121212121212,0.6111111111111112
Healthy vs Patient,Temporal+Graph_PLV+Graph_Corr,Random Forest,11,0.43137254901960786,0.6111111111111112,0.5057471264367815,0.6111111111111112
Healthy vs Patient,Temporal+Graph_PLV+Graph_Corr,XGBoost,11,0.6428571428571428,0.6666666666666666,0.6461538461538462,0.6666666666666666
Healthy vs Patient,Temporal+Graph_PLV+Graph_Corr,Random Forest,12,0.6428571428571428,0.6666666666666666,0.6461538461538462,0.6666666666666666
Healthy vs Patient,Temporal+Graph_PLV+Graph_Corr,XGBoost,12,0.476923076923077,0.5,0.4872727272727272,0.5
Healthy vs Patient,Temporal+Graph_PLV+Graph_Corr,Random Forest,13,0.5555555555555556,0.6111111111111112,0.5679012345679013,0.6111111111111112
Healthy vs Patient,Temporal+Graph_PLV+Graph_Corr,XGBoost,13,0.6666666666666666,0.6666666666666666,0.6666666666666666,0.6666666666666666
Healthy vs Patient,Temporal+Graph_PLV+Graph_Corr,Random Forest,14,0.43137254901960786,0.6111111111111112,0.5057471264367815,0.6111111111111112
Healthy vs Patient,Temporal+Graph_PLV+Graph_Corr,XGBoost,14,0.39999999999999997,0.5,0.4444444444444444,0.5
Healthy vs Patient,Temporal+Graph_PLV+Graph_Corr,Random Forest,15,0.43137254901960786,0.6111111111111112,0.5057471264367815,0.6111111111111112
Healthy vs Patient,Temporal+Graph_PLV+Graph_Corr,XGBoost,15,0.43137254901960786,0.6111111111111112,0.5057471264367815,0.6111111111111112
Healthy vs Patient,Temporal+Graph_PLV+Graph_Corr,Random Forest,16,0.4166666666666667,0.5555555555555556,0.47619047619047616,0.5555555555555556
Healthy vs Patient,Temporal+Graph_PLV+Graph_Corr,XGBoost,16,0.5555555555555556,0.6111111111111112,0.5679012345679013,0.6111111111111112
Healthy vs Patient,Temporal+Graph_PLV+Graph_Corr,Random Forest,17,0.6428571428571428,0.6666666666666666,0.6461538461538462,0.6666666666666666
Healthy vs Patient,Temporal+Graph_PLV+Graph_Corr,XGBoost,17,0.5916666666666666,0.5555555555555556,0.5670995670995671,0.5555555555555556
Healthy vs Patient,Temporal+Graph_PLV+Graph_Corr,Random Forest,18,0.8441558441558441,0.8333333333333334,0.8361204013377928,0.8333333333333334
Healthy vs Patient,Temporal+Graph_PLV+Graph_Corr,XGBoost,18,0.7000000000000001,0.6666666666666666,0.6753246753246753,0.6666666666666666
Healthy vs AD,Temporal+Graph_PLV+Graph_Corr,Random Forest,0,0.6602564102564104,0.6153846153846154,0.6013986013986015,0.6153846153846154
Healthy vs AD,Temporal+Graph_PLV+Graph_Corr,XGBoost,0,0.5538461538461539,0.5384615384615384,0.532967032967033,0.5384615384615384
Healthy vs AD,Temporal+Graph_PLV+Graph_Corr,Random Forest,1,0.4538461538461539,0.46153846153846156,0.455011655011655,0.46153846153846156
Healthy vs AD,Temporal+Graph_PLV+Graph_Corr,XGBoost,1,0.5384615384615384,0.5384615384615384,0.5384615384615384,0.5384615384615384
Healthy vs AD,Temporal+Graph_PLV+Graph_Corr,Random Forest,2,0.35470085470085466,0.38461538461538464,0.36153846153846153,0.38461538461538464
Healthy vs AD,Temporal+Graph_PLV+Graph_Corr,XGBoost,2,0.35470085470085466,0.38461538461538464,0.36153846153846153,0.38461538461538464
Healthy vs AD,Temporal+Graph_PLV+Graph_Corr,Random Forest,3,0.35470085470085466,0.38461538461538464,0.36153846153846153,0.38461538461538464
Healthy vs AD,Temporal+Graph_PLV+Graph_Corr,XGBoost,3,0.24475524475524474,0.38461538461538464,0.2991452991452992,0.38461538461538464
Healthy vs AD,Temporal+Graph_PLV+Graph_Corr,Random Forest,4,0.804195804195804,0.6923076923076923,0.6495726495726496,0.6923076923076923
Healthy vs AD,Temporal+Graph_PLV+Graph_Corr,XGBoost,4,0.5384615384615384,0.5384615384615384,0.5384615384615384,0.5384615384615384
Healthy vs AD,Temporal+Graph_PLV+Graph_Corr,Random Forest,5,0.5299145299145299,0.5384615384615384,0.5211538461538462,0.5384615384615384
Healthy vs AD,Temporal+Graph_PLV+Graph_Corr,XGBoost,5,0.7730769230769231,0.7692307692307693,0.7664335664335665,0.7692307692307693
Healthy vs AD,Temporal+Graph_PLV+Graph_Corr,Random Forest,6,0.6307692307692307,0.6153846153846154,0.5852187028657616,0.6153846153846154
Healthy vs AD,Temporal+Graph_PLV+Graph_Corr,XGBoost,6,0.35470085470085466,0.38461538461538464,0.36153846153846153,0.38461538461538464
Healthy vs AD,Temporal+Graph_PLV+Graph_Corr,Random Forest,7,0.28994082840236685,0.5384615384615384,0.37692307692307686,0.5384615384615384
Healthy vs AD,Temporal+Graph_PLV+Graph_Corr,XGBoost,7,0.4230769230769231,0.46153846153846156,0.4193061840120664,0.46153846153846156
Healthy vs AD,Temporal+Graph_PLV+Graph_Corr,Random Forest,8,0.3884615384615385,0.38461538461538464,0.3772893772893772,0.38461538461538464
Healthy vs AD,Temporal+Graph_PLV+Graph_Corr,XGBoost,8,0.5538461538461539,0.5384615384615384,0.532967032967033,0.5384615384615384
Healthy vs AD,Temporal+Graph_PLV+Graph_Corr,Random Forest,9,0.7051282051282051,0.6923076923076923,0.6807692307692308,0.6923076923076923
Healthy vs AD,Temporal+Graph_PLV+Graph_Corr,XGBoost,9,0.7051282051282051,0.6923076923076923,0.6807692307692308,0.6923076923076923
Healthy vs AD,Temporal+Graph_PLV+Graph_Corr,Random Forest,10,0.7730769230769231,0.7692307692307693,0.7664335664335665,0.7692307692307693
Healthy vs AD,Temporal+Graph_PLV+Graph_Corr,XGBoost,10,0.46703296703296704,0.46153846153846156,0.46153846153846156,0.46153846153846156
Healthy vs AD,Temporal+Graph_PLV+Graph_Corr,Random Forest,11,0.6307692307692307,0.6153846153846154,0.5852187028657616,0.6153846153846154
Healthy vs AD,Temporal+Graph_PLV+Graph_Corr,XGBoost,11,0.6307692307692307,0.6153846153846154,0.5852187028657616,0.6153846153846154
Healthy vs AD,Temporal+Graph_PLV+Graph_Corr,Random Forest,12,0.4538461538461539,0.46153846153846156,0.455011655011655,0.46153846153846156
Healthy vs AD,Temporal+Graph_PLV+Graph_Corr,XGBoost,12,0.35470085470085466,0.38461538461538464,0.36153846153846153,0.38461538461538464
Healthy vs AD,Temporal+Graph_PLV+Graph_Corr,Random Forest,13,0.7730769230769231,0.7692307692307693,0.7664335664335665,0.7692307692307693
Healthy vs AD,Temporal+Graph_PLV+Graph_Corr,XGBoost,13,0.7783882783882785,0.7692307692307693,0.7692307692307693,0.7692307692307693
Healthy vs AD,Temporal+Graph_PLV+Graph_Corr,Random Forest,14,0.5384615384615384,0.5384615384615384,0.5384615384615384,0.5384615384615384
Healthy vs AD,Temporal+Graph_PLV+Graph_Corr,XGBoost,14,0.38461538461538464,0.38461538461538464,0.38461538461538464,0.38461538461538464
Healthy vs AD,Temporal+Graph_PLV+Graph_Corr,Random Forest,15,0.4230769230769231,0.46153846153846156,0.4193061840120664,0.46153846153846156
Healthy vs AD,Temporal+Graph_PLV+Graph_Corr,XGBoost,15,0.38461538461538464,0.38461538461538464,0.38461538461538464,0.38461538461538464
Healthy vs AD,Temporal+Graph_PLV+Graph_Corr,Random Forest,16,0.29423076923076924,0.3076923076923077,0.2993006993006993,0.3076923076923077
Healthy vs AD,Temporal+Graph_PLV+Graph_Corr,XGBoost,16,0.6227106227106227,0.6153846153846154,0.6153846153846154,0.6153846153846154
Healthy vs AD,Temporal+Graph_PLV+Graph_Corr,Random Forest,17,0.4538461538461539,0.46153846153846156,0.455011655011655,0.46153846153846156
Healthy vs AD,Temporal+Graph_PLV+Graph_Corr,XGBoost,17,0.5384615384615384,0.5384615384615384,0.5384615384615384,0.5384615384615384
Healthy vs AD,Temporal+Graph_PLV+Graph_Corr,Random Forest,18,0.5384615384615384,0.5384615384615384,0.5384615384615384,0.5384615384615384
Healthy vs AD,Temporal+Graph_PLV+Graph_Corr,XGBoost,18,0.46703296703296704,0.46153846153846156,0.46153846153846156,0.46153846153846156
Healthy vs FTD,Temporal+Graph_PLV+Graph_Corr,Random Forest,0,0.8181818181818182,0.8181818181818182,0.8181818181818182,0.8181818181818182
Healthy vs FTD,Temporal+Graph_PLV+Graph_Corr,XGBoost,0,0.46753246753246747,0.45454545454545453,0.4454545454545455,0.45454545454545453
Healthy vs FTD,Temporal+Graph_PLV+Graph_Corr,Random Forest,1,0.538961038961039,0.5454545454545454,0.5376845376845377,0.5454545454545454
Healthy vs FTD,Temporal+Graph_PLV+Graph_Corr,XGBoost,1,0.3696969696969697,0.36363636363636365,0.36363636363636365,0.36363636363636365
Healthy vs FTD,Temporal+Graph_PLV+Graph_Corr,Random Forest,2,0.3474025974025974,0.36363636363636365,0.35275835275835277,0.36363636363636365
Healthy vs FTD,Temporal+Graph_PLV+Graph_Corr,XGBoost,2,0.4242424242424242,0.45454545454545453,0.4253246753246753,0.45454545454545453
Healthy vs FTD,Temporal+Graph_PLV+Graph_Corr,Random Forest,3,0.8181818181818182,0.7272727272727273,0.6961038961038961,0.7272727272727273
Healthy vs FTD,Temporal+Graph_PLV+Graph_Corr,XGBoost,3,0.5303030303030304,0.5454545454545454,0.4935064935064935,0.5454545454545454
Healthy vs FTD,Temporal+Graph_PLV+Graph_Corr,Random Forest,4,0.6688311688311688,0.6363636363636364,0.6303030303030303,0.6363636363636364
Healthy vs FTD,Temporal+Graph_PLV+Graph_Corr,XGBoost,4,0.538961038961039,0.5454545454545454,0.5376845376845377,0.5454545454545454
Healthy vs FTD,Temporal+Graph_PLV+Graph_Corr,Random Forest,5,0.29752066115702475,0.5454545454545454,0.3850267379679144,0.5454545454545454
Healthy vs FTD,Temporal+Graph_PLV+Graph_Corr,XGBoost,5,0.7818181818181817,0.6363636363636364,0.5606060606060606,0.6363636363636364
Healthy vs FTD,Temporal+Graph_PLV+Graph_Corr,Random Forest,6,0.8181818181818182,0.7272727272727273,0.6961038961038961,0.7272727272727273
Healthy vs FTD,Temporal+Graph_PLV+Graph_Corr,XGBoost,6,0.8181818181818182,0.7272727272727273,0.6961038961038961,0.7272727272727273
Healthy vs FTD,Temporal+Graph_PLV+Graph_Corr,Random Forest,7,0.5303030303030304,0.5454545454545454,0.4935064935064935,0.5454545454545454
Healthy vs FTD,Temporal+Graph_PLV+Graph_Corr,XGBoost,7,0.6439393939393939,0.6363636363636364,0.6168831168831169,0.6363636363636364
Healthy vs FTD,Temporal+Graph_PLV+Graph_Corr,Random Forest,8,0.2727272727272727,0.2727272727272727,0.2727272727272727,0.2727272727272727
Healthy vs FTD,Temporal+Graph_PLV+Graph_Corr,XGBoost,8,0.4242424242424242,0.45454545454545453,0.4253246753246753,0.45454545454545453
Healthy vs FTD,Temporal+Graph_PLV+Graph_Corr,Random Forest,9,0.5303030303030304,0.5454545454545454,0.4935064935064935,0.5454545454545454
Healthy vs FTD,Temporal+Graph_PLV+Graph_Corr,XGBoost,9,0.45454545454545453,0.45454545454545453,0.45454545454545453,0.45454545454545453
Healthy vs FTD,Temporal+Graph_PLV+Graph_Corr,Random Forest,10,0.46753246753246747,0.45454545454545453,0.4454545454545455,0.45454545454545453
Healthy vs FTD,Temporal+Graph_PLV+Graph_Corr,XGBoost,10,0.45454545454545453,0.45454545454545453,0.45454545454545453,0.45454545454545453
Healthy vs FTD,Temporal+Graph_PLV+Graph_Corr,Random Forest,11,0.5909090909090909,0.5454545454545454,0.5221445221445221,0.5454545454545454
Healthy vs FTD,Temporal+Graph_PLV+Graph_Corr,XGBoost,11,0.6688311688311688,0.6363636363636364,0.6303030303030303,0.6363636363636364
Healthy vs FTD,Temporal+Graph_PLV+Graph_Corr,Random Forest,12,0.5303030303030304,0.5454545454545454,0.4935064935064935,0.5454545454545454
Healthy vs FTD,Temporal+Graph_PLV+Graph_Corr,XGBoost,12,0.3474025974025974,0.36363636363636365,0.35275835275835277,0.36363636363636365
Healthy vs FTD,Temporal+Graph_PLV+Graph_Corr,Random Forest,13,0.538961038961039,0.5454545454545454,0.5376845376845377,0.5454545454545454
Healthy vs FTD,Temporal+Graph_PLV+Graph_Corr,XGBoost,13,0.45454545454545453,0.45454545454545453,0.45454545454545453,0.45454545454545453
Healthy vs FTD,Temporal+Graph_PLV+Graph_Corr,Random Forest,14,0.2727272727272727,0.2727272727272727,0.2727272727272727,0.2727272727272727
Healthy vs FTD,Temporal+Graph_PLV+Graph_Corr,XGBoost,14,0.2727272727272727,0.2727272727272727,0.2727272727272727,0.2727272727272727
Healthy vs FTD,Temporal+Graph_PLV+Graph_Corr,Random Forest,15,0.4242424242424242,0.45454545454545453,0.4253246753246753,0.45454545454545453
Healthy vs FTD,Temporal+Graph_PLV+Graph_Corr,XGBoost,15,0.4242424242424242,0.45454545454545453,0.4253246753246753,0.45454545454545453
Healthy vs FTD,Temporal+Graph_PLV+Graph_Corr,Random Forest,16,0.538961038961039,0.5454545454545454,0.5376845376845377,0.5454545454545454
Healthy vs FTD,Temporal+Graph_PLV+Graph_Corr,XGBoost,16,0.5303030303030304,0.5454545454545454,0.4935064935064935,0.5454545454545454
Healthy vs FTD,Temporal+Graph_PLV+Graph_Corr,Random Forest,17,0.5303030303030304,0.5454545454545454,0.4935064935064935,0.5454545454545454
Healthy vs FTD,Temporal+Graph_PLV+Graph_Corr,XGBoost,17,0.5303030303030304,0.5454545454545454,0.4935064935064935,0.5454545454545454
Healthy vs FTD,Temporal+Graph_PLV+Graph_Corr,Random Forest,18,0.538961038961039,0.5454545454545454,0.5376845376845377,0.5454545454545454
Healthy vs FTD,Temporal+Graph_PLV+Graph_Corr,XGBoost,18,0.20454545454545456,0.2727272727272727,0.23376623376623373,0.2727272727272727
AD vs FTD,Temporal+Graph_PLV+Graph_Corr,Random Forest,0,0.2916666666666667,0.4166666666666667,0.34313725490196084,0.4166666666666667
AD vs FTD,Temporal+Graph_PLV+Graph_Corr,XGBoost,0,0.6666666666666666,0.6666666666666666,0.6666666666666666,0.6666666666666666
AD vs FTD,Temporal+Graph_PLV+Graph_Corr,Random Forest,1,0.46296296296296297,0.5,0.46875,0.5
AD vs FTD,Temporal+Graph_PLV+Graph_Corr,XGBoost,1,0.26388888888888884,0.25,0.25524475524475526,0.25
AD vs FTD,Temporal+Graph_PLV+Graph_Corr,Random Forest,2,0.2916666666666667,0.4166666666666667,0.34313725490196084,0.4166666666666667
AD vs FTD,Temporal+Graph_PLV+Graph_Corr,XGBoost,2,0.3958333333333333,0.4166666666666667,0.40370370370370373,0.4166666666666667
AD vs FTD,Temporal+Graph_PLV+Graph_Corr,Random Forest,3,0.46296296296296297,0.5,0.46875,0.5
AD vs FTD,Temporal+Graph_PLV+Graph_Corr,XGBoost,3,0.6666666666666666,0.6666666666666666,0.6458333333333334,0.6666666666666666
AD vs FTD,Temporal+Graph_PLV+Graph_Corr,Random Forest,4,0.7878787878787877,0.6666666666666666,0.5925925925925926,0.6666666666666666
AD vs FTD,Temporal+Graph_PLV+Graph_Corr,XGBoost,4,0.46296296296296297,0.5,0.46875,0.5
AD vs FTD,Temporal+Graph_PLV+Graph_Corr,Random Forest,5,0.2916666666666667,0.4166666666666667,0.34313725490196084,0.4166666666666667
AD vs FTD,Temporal+Graph_PLV+Graph_Corr,XGBoost,5,0.3958333333333333,0.4166666666666667,0.40370370370370373,0.4166666666666667
AD vs FTD,Temporal+Graph_PLV+Graph_Corr,Random Forest,6,0.3181818181818182,0.5,0.38888888888888884,0.5
AD vs FTD,Temporal+Graph_PLV+Graph_Corr,XGBoost,6,0.6666666666666666,0.6666666666666666,0.6666666666666666,0.6666666666666666
AD vs FTD,Temporal+Graph_PLV+Graph_Corr,Random Forest,7,0.3958333333333333,0.4166666666666667,0.40370370370370373,0.4166666666666667
AD vs FTD,Temporal+Graph_PLV+Graph_Corr,XGBoost,7,0.3333333333333333,0.3333333333333333,0.3333333333333333,0.3333333333333333
AD vs FTD,Temporal+Graph_PLV+Graph_Corr,Random Forest,8,0.5583333333333333,0.5833333333333334,0.530812324929972,0.5833333333333334
AD vs FTD,Temporal+Graph_PLV+Graph_Corr,XGBoost,8,0.46296296296296297,0.5,0.46875,0.5
AD vs FTD,Temporal+Graph_PLV+Graph_Corr,Random Forest,9,0.34027777777777785,0.5833333333333334,0.4298245614035088,0.5833333333333334
AD vs FTD,Temporal+Graph_PLV+Graph_Corr,XGBoost,9,0.5729166666666666,0.5833333333333334,0.5740740740740741,0.5833333333333334
AD vs FTD,Temporal+Graph_PLV+Graph_Corr,Random Forest,10,0.5729166666666666,0.5833333333333334,0.5740740740740741,0.5833333333333334
AD vs FTD,Temporal+Graph_PLV+Graph_Corr,XGBoost,10,0.5,0.5,0.5,0.5
AD vs FTD,Temporal+Graph_PLV+Graph_Corr,Random Forest,11,0.3958333333333333,0.4166666666666667,0.40370370370370373,0.4166666666666667
AD vs FTD,Temporal+Graph_PLV+Graph_Corr,XGBoost,11,0.5729166666666666,0.5833333333333334,0.5740740740740741,0.5833333333333334
AD vs FTD,Temporal+Graph_PLV+Graph_Corr,Random Forest,12,0.763888888888889,0.75,0.7517482517482518,0.75
AD vs FTD,Temporal+Graph_PLV+Graph_Corr,XGBoost,12,0.8809523809523809,0.8333333333333334,0.8333333333333334,0.8333333333333334
AD vs FTD,Temporal+Graph_PLV+Graph_Corr,Random Forest,13,0.46296296296296297,0.5,0.46875,0.5
AD vs FTD,Temporal+Graph_PLV+Graph_Corr,XGBoost,13,0.3958333333333333,0.4166666666666667,0.40370370370370373,0.4166666666666667
AD vs FTD,Temporal+Graph_PLV+Graph_Corr,Random Forest,14,0.8249999999999998,0.75,0.7184873949579832,0.75
AD vs FTD,Temporal+Graph_PLV+Graph_Corr,XGBoost,14,0.6666666666666666,0.6666666666666666,0.6458333333333334,0.6666666666666666
AD vs FTD,Temporal+Graph_PLV+Graph_Corr,Random Forest,15,0.46296296296296297,0.5,0.46875,0.5
AD vs FTD,Temporal+Graph_PLV+Graph_Corr,XGBoost,15,0.5,0.5,0.5,0.5
AD vs FTD,Temporal+Graph_PLV+Graph_Corr,Random Forest,16,0.6666666666666666,0.6666666666666666,0.6458333333333334,0.6666666666666666
AD vs FTD,Temporal+Graph_PLV+Graph_Corr,XGBoost,16,0.6666666666666666,0.6666666666666666,0.6666666666666666,0.6666666666666666
AD vs FTD,Temporal+Graph_PLV+Graph_Corr,Random Forest,17,0.6666666666666666,0.6666666666666666,0.6666666666666666,0.6666666666666666
AD vs FTD,Temporal+Graph_PLV+Graph_Corr,XGBoost,17,0.6666666666666666,0.6666666666666666,0.6666666666666666,0.6666666666666666
AD vs FTD,Temporal+Graph_PLV+Graph_Corr,Random Forest,18,0.2916666666666667,0.4166666666666667,0.34313725490196084,0.4166666666666667
AD vs FTD,Temporal+Graph_PLV+Graph_Corr,XGBoost,18,0.3181818181818182,0.5,0.38888888888888884,0.5
AD Male vs Female,Temporal+Graph_PLV+Graph_Corr,Random Forest,0,0.6041666666666666,0.625,0.6045454545454546,0.625
AD Male vs Female,Temporal+Graph_PLV+Graph_Corr,XGBoost,0,0.8214285714285714,0.75,0.7083333333333334,0.75
AD Male vs Female,Temporal+Graph_PLV+Graph_Corr,Random Forest,1,0.6041666666666666,0.625,0.6045454545454546,0.625
AD Male vs Female,Temporal+Graph_PLV+Graph_Corr,XGBoost,1,0.5,0.5,0.5,0.5
AD Male vs Female,Temporal+Graph_PLV+Graph_Corr,Random Forest,2,0.390625,0.625,0.4807692307692308,0.625
AD Male vs Female,Temporal+Graph_PLV+Graph_Corr,XGBoost,2,0.3125,0.375,0.3409090909090909,0.375
AD Male vs Female,Temporal+Graph_PLV+Graph_Corr,Random Forest,3,0.8958333333333334,0.875,0.8681818181818182,0.875
AD Male vs Female,Temporal+Graph_PLV+Graph_Corr,XGBoost,3,0.8214285714285714,0.75,0.7083333333333334,0.75
AD Male vs Female,Temporal+Graph_PLV+Graph_Corr,Random Forest,4,0.6041666666666666,0.625,0.6045454545454546,0.625
AD Male vs Female,Temporal+Graph_PLV+Graph_Corr,XGBoost,4,0.3571428571428571,0.5,0.41666666666666663,0.5
AD Male vs Female,Temporal+Graph_PLV+Graph_Corr,Random Forest,5,0.25,0.25,0.25,0.25
AD Male vs Female,Temporal+Graph_PLV+Graph_Corr,XGBoost,5,0.3125,0.375,0.3409090909090909,0.375
AD Male vs Female,Temporal+Graph_PLV+Graph_Corr,Random Forest,6,0.390625,0.625,0.4807692307692308,0.625
AD Male vs Female,Temporal+Graph_PLV+Graph_Corr,XGBoost,6,0.3125,0.375,0.3409090909090909,0.375
AD Male vs Female,Temporal+Graph_PLV+Graph_Corr,Random Forest,7,0.3125,0.375,0.3409090909090909,0.375
AD Male vs Female,Temporal+Graph_PLV+Graph_Corr,XGBoost,7,0.3125,0.375,0.3409090909090909,0.375
AD Male vs Female,Temporal+Graph_PLV+Graph_Corr,Random Forest,8,0.3571428571428571,0.5,0.41666666666666663,0.5
AD Male vs Female,Temporal+Graph_PLV+Graph_Corr,XGBoost,8,0.6041666666666666,0.625,0.6045454545454546,0.625
AD Male vs Female,Temporal+Graph_PLV+Graph_Corr,Random Forest,9,0.6041666666666666,0.625,0.6045454545454546,0.625
AD Male vs Female,Temporal+Graph_PLV+Graph_Corr,XGBoost,9,0.5,0.5,0.5,0.5
AD Male vs Female,Temporal+Graph_PLV+Graph_Corr,Random Forest,10,0.390625,0.625,0.4807692307692308,0.625
AD Male vs Female,Temporal+Graph_PLV+Graph_Corr,XGBoost,10,0.390625,0.625,0.4807692307692308,0.625
AD Male vs Female,Temporal+Graph_PLV+Graph_Corr,Random Forest,11,0.6041666666666666,0.625,0.6045454545454546,0.625
AD Male vs Female,Temporal+Graph_PLV+Graph_Corr,XGBoost,11,0.40625,0.375,0.38492063492063494,0.375
AD Male vs Female,Temporal+Graph_PLV+Graph_Corr,Random Forest,12,0.5,0.5,0.5,0.5
AD Male vs Female,Temporal+Graph_PLV+Graph_Corr,XGBoost,12,0.75,0.75,0.75,0.75
AD Male vs Female,Temporal+Graph_PLV+Graph_Corr,Random Forest,13,0.6041666666666666,0.625,0.6045454545454546,0.625
AD Male vs Female,Temporal+Graph_PLV+Graph_Corr,XGBoost,13,0.6041666666666666,0.625,0.6045454545454546,0.625
AD Male vs Female,Temporal+Graph_PLV+Graph_Corr,Random Forest,14,0.3125,0.375,0.3409090909090909,0.375
AD Male vs Female,Temporal+Graph_PLV+Graph_Corr,XGBoost,14,0.8958333333333334,0.875,0.8681818181818182,0.875
AD Male vs Female,Temporal+Graph_PLV+Graph_Corr,Random Forest,15,0.75,0.75,0.75,0.75
AD Male vs Female,Temporal+Graph_PLV+Graph_Corr,XGBoost,15,0.8125,0.625,0.6071428571428571,0.625
AD Male vs Female,Temporal+Graph_PLV+Graph_Corr,Random Forest,16,0.5,0.5,0.5,0.5
AD Male vs Female,Temporal+Graph_PLV+Graph_Corr,XGBoost,16,0.390625,0.625,0.4807692307692308,0.625
AD Male vs Female,Temporal+Graph_PLV+Graph_Corr,Random Forest,17,0.6041666666666666,0.625,0.6045454545454546,0.625
AD Male vs Female,Temporal+Graph_PLV+Graph_Corr,XGBoost,17,0.3571428571428571,0.5,0.41666666666666663,0.5
AD Male vs Female,Temporal+Graph_PLV+Graph_Corr,Random Forest,18,0.390625,0.625,0.4807692307692308,0.625
AD Male vs Female,Temporal+Graph_PLV+Graph_Corr,XGBoost,18,0.75,0.75,0.75,0.75
FTD Male vs Female,Temporal+Graph_PLV+Graph_Corr,Random Forest,0,0.85,0.8,0.7809523809523808,0.8
FTD Male vs Female,Temporal+Graph_PLV+Graph_Corr,XGBoost,0,0.85,0.8,0.7809523809523808,0.8
FTD Male vs Female,Temporal+Graph_PLV+Graph_Corr,Random Forest,1,0.6,0.6,0.6,0.6
FTD Male vs Female,Temporal+Graph_PLV+Graph_Corr,XGBoost,1,0.85,0.8,0.7809523809523808,0.8
FTD Male vs Female,Temporal+Graph_PLV+Graph_Corr,Random Forest,2,0.8666666666666666,0.8,0.8,0.8
FTD Male vs Female,Temporal+Graph_PLV+Graph_Corr,XGBoost,2,0.8,0.6,0.5666666666666667,0.6
FTD Male vs Female,Temporal+Graph_PLV+Graph_Corr,Random Forest,3,1.0,1.0,1.0,1.0
FTD Male vs Female,Temporal+Graph_PLV+Graph_Corr,XGBoost,3,0.85,0.8,0.7809523809523808,0.8
FTD Male vs Female,Temporal+Graph_PLV+Graph_Corr,Random Forest,4,0.6,0.6,0.6,0.6
FTD Male vs Female,Temporal+Graph_PLV+Graph_Corr,XGBoost,4,0.6,0.6,0.6,0.6
FTD Male vs Female,Temporal+Graph_PLV+Graph_Corr,Random Forest,5,0.4333333333333333,0.4,0.4,0.4
FTD Male vs Female,Temporal+Graph_PLV+Graph_Corr,XGBoost,5,0.6,0.6,0.6,0.6
FTD Male vs Female,Temporal+Graph_PLV+Graph_Corr,Random Forest,6,0.85,0.8,0.7809523809523808,0.8
FTD Male vs Female,Temporal+Graph_PLV+Graph_Corr,XGBoost,6,0.6,0.6,0.6,0.6
FTD Male vs Female,Temporal+Graph_PLV+Graph_Corr,Random Forest,7,0.8666666666666666,0.8,0.8,0.8
FTD Male vs Female,Temporal+Graph_PLV+Graph_Corr,XGBoost,7,0.8666666666666666,0.8,0.8,0.8
FTD Male vs Female,Temporal+Graph_PLV+Graph_Corr,Random Forest,8,0.36,0.6,0.45,0.6
FTD Male vs Female,Temporal+Graph_PLV+Graph_Corr,XGBoost,8,0.36,0.6,0.45,0.6
FTD Male vs Female,Temporal+Graph_PLV+Graph_Corr,Random Forest,9,0.6,0.6,0.6,0.6
FTD Male vs Female,Temporal+Graph_PLV+Graph_Corr,XGBoost,9,0.85,0.8,0.7809523809523808,0.8
FTD Male vs Female,Temporal+Graph_PLV+Graph_Corr,Random Forest,10,0.6,0.6,0.6,0.6
FTD Male vs Female,Temporal+Graph_PLV+Graph_Corr,XGBoost,10,0.6,0.6,0.6,0.6
FTD Male vs Female,Temporal+Graph_PLV+Graph_Corr,Random Forest,11,0.6,0.6,0.6,0.6
FTD Male vs Female,Temporal+Graph_PLV+Graph_Corr,XGBoost,11,0.3,0.4,0.34285714285714286,0.4
FTD Male vs Female,Temporal+Graph_PLV+Graph_Corr,Random Forest,12,0.85,0.8,0.7809523809523808,0.8
FTD Male vs Female,Temporal+Graph_PLV+Graph_Corr,XGBoost,12,0.85,0.8,0.7809523809523808,0.8
FTD Male vs Female,Temporal+Graph_PLV+Graph_Corr,Random Forest,13,0.85,0.8,0.7809523809523808,0.8
FTD Male vs Female,Temporal+Graph_PLV+Graph_Corr,XGBoost,13,1.0,1.0,1.0,1.0
FTD Male vs Female,Temporal+Graph_PLV+Graph_Corr,Random Forest,14,0.36,0.6,0.45,0.6
FTD Male vs Female,Temporal+Graph_PLV+Graph_Corr,XGBoost,14,0.4333333333333333,0.4,0.4,0.4
FTD Male vs Female,Temporal+Graph_PLV+Graph_Corr,Random Forest,15,0.6,0.6,0.6,0.6
FTD Male vs Female,Temporal+Graph_PLV+Graph_Corr,XGBoost,15,0.6,0.6,0.6,0.6
FTD Male vs Female,Temporal+Graph_PLV+Graph_Corr,Random Forest,16,0.6,0.6,0.6,0.6
FTD Male vs Female,Temporal+Graph_PLV+Graph_Corr,XGBoost,16,0.85,0.8,0.7809523809523808,0.8
FTD Male vs Female,Temporal+Graph_PLV+Graph_Corr,Random Forest,17,0.85,0.8,0.7809523809523808,0.8
FTD Male vs Female,Temporal+Graph_PLV+Graph_Corr,XGBoost,17,0.85,0.8,0.7809523809523808,0.8
FTD Male vs Female,Temporal+Graph_PLV+Graph_Corr,Random Forest,18,0.4333333333333333,0.4,0.4,0.4
FTD Male vs Female,Temporal+Graph_PLV+Graph_Corr,XGBoost,18,0.4333333333333333,0.4,0.4,0.4
Healthy vs Patient,Frequency+Graph_MI+Graph_PLV,Random Forest,0,0.6666666666666666,0.6666666666666666,0.6666666666666666,0.6666666666666666
Healthy vs Patient,Frequency+Graph_MI+Graph_PLV,XGBoost,0,0.625,0.6666666666666666,0.6071428571428572,0.6666666666666666
Healthy vs Patient,Frequency+Graph_MI+Graph_PLV,Random Forest,1,0.6277056277056277,0.6111111111111112,0.6176142697881828,0.6111111111111112
Healthy vs Patient,Frequency+Graph_MI+Graph_PLV,XGBoost,1,0.5555555555555556,0.5555555555555556,0.5555555555555556,0.5555555555555556
Healthy vs Patient,Frequency+Graph_MI+Graph_PLV,Random Forest,2,0.6428571428571428,0.6666666666666666,0.6461538461538462,0.6666666666666666
Healthy vs Patient,Frequency+Graph_MI+Graph_PLV,XGBoost,2,0.6428571428571428,0.6666666666666666,0.6461538461538462,0.6666666666666666
Healthy vs Patient,Frequency+Graph_MI+Graph_PLV,Random Forest,3,0.5948717948717949,0.6111111111111112,0.6012121212121212,0.6111111111111112
Healthy vs Patient,Frequency+Graph_MI+Graph_PLV,XGBoost,3,0.7128205128205128,0.7222222222222222,0.7151515151515153,0.7222222222222222
Healthy vs Patient,Frequency+Graph_MI+Graph_PLV,Random Forest,4,0.735930735930736,0.7222222222222222,0.7268673355629878,0.7222222222222222
Healthy vs Patient,Frequency+Graph_MI+Graph_PLV,XGBoost,4,0.735930735930736,0.7222222222222222,0.7268673355629878,0.7222222222222222
Healthy vs Patient,Frequency+Graph_MI+Graph_PLV,Random Forest,5,0.4166666666666667,0.5555555555555556,0.47619047619047616,0.5555555555555556
Healthy vs Patient,Frequency+Graph_MI+Graph_PLV,XGBoost,5,0.7738095238095238,0.7777777777777778,0.764102564102564,0.7777777777777778
Healthy vs Patient,Frequency+Graph_MI+Graph_PLV,Random Forest,6,0.5948717948717949,0.6111111111111112,0.6012121212121212,0.6111111111111112
Healthy vs Patient,Frequency+Graph_MI+Graph_PLV,XGBoost,6,0.6666666666666666,0.6666666666666666,0.6666666666666666,0.6666666666666666
Healthy vs Patient,Frequency+Graph_MI+Graph_PLV,Random Forest,7,0.511904761904762,0.5555555555555556,0.5282051282051281,0.5555555555555556
Healthy vs Patient,Frequency+Graph_MI+Graph_PLV,XGBoost,7,0.5948717948717949,0.6111111111111112,0.6012121212121212,0.6111111111111112
Healthy vs Patient,Frequency+Graph_MI+Graph_PLV,Random Forest,8,0.625,0.6666666666666666,0.6071428571428572,0.6666666666666666
Healthy vs Patient,Frequency+Graph_MI+Graph_PLV,XGBoost,8,0.5555555555555556,0.6111111111111112,0.5679012345679013,0.6111111111111112
Healthy vs Patient,Frequency+Graph_MI+Graph_PLV,Random Forest,9,0.9047619047619047,0.8888888888888888,0.882051282051282,0.8888888888888888
Healthy vs Patient,Frequency+Graph_MI+Graph_PLV,XGBoost,9,0.7738095238095238,0.7777777777777778,0.764102564102564,0.7777777777777778
Healthy vs Patient,Frequency+Graph_MI+Graph_PLV,Random Forest,10,0.803921568627451,0.7222222222222222,0.6469622331691297,0.7222222222222222
Healthy vs Patient,Frequency+Graph_MI+Graph_PLV,XGBoost,10,0.6428571428571428,0.6666666666666666,0.6461538461538462,0.6666666666666666
Healthy vs Patient,Frequency+Graph_MI+Graph_PLV,Random Forest,11,0.711111111111111,0.7222222222222222,0.691358024691358,0.7222222222222222
Healthy vs Patient,Frequency+Graph_MI+Graph_PLV,XGBoost,11,0.8307692307692308,0.8333333333333334,0.8290909090909091,0.8333333333333334
Healthy vs Patient,Frequency+Graph_MI+Graph_PLV,Random Forest,12,0.711111111111111,0.7222222222222222,0.691358024691358,0.7222222222222222
Healthy vs Patient,Frequency+Graph_MI+Graph_PLV,XGBoost,12,0.7738095238095238,0.7777777777777778,0.764102564102564,0.7777777777777778
Healthy vs Patient,Frequency+Graph_MI+Graph_PLV,Random Forest,13,0.5555555555555556,0.6111111111111112,0.5679012345679013,0.6111111111111112
Healthy vs Patient,Frequency+Graph_MI+Graph_PLV,XGBoost,13,0.8441558441558441,0.8333333333333334,0.8361204013377928,0.8333333333333334
Healthy vs Patient,Frequency+Graph_MI+Graph_PLV,Random Forest,14,0.5555555555555556,0.6111111111111112,0.5679012345679013,0.6111111111111112
Healthy vs Patient,Frequency+Graph_MI+Graph_PLV,XGBoost,14,0.5916666666666666,0.5555555555555556,0.5670995670995671,0.5555555555555556
Healthy vs Patient,Frequency+Graph_MI+Graph_PLV,Random Forest,15,0.5948717948717949,0.6111111111111112,0.6012121212121212,0.6111111111111112
Healthy vs Patient,Frequency+Graph_MI+Graph_PLV,XGBoost,15,0.6666666666666666,0.6666666666666666,0.6666666666666666,0.6666666666666666
Healthy vs Patient,Frequency+Graph_MI+Graph_PLV,Random Forest,16,0.803921568627451,0.7222222222222222,0.6469622331691297,0.7222222222222222
Healthy vs Patient,Frequency+Graph_MI+Graph_PLV,XGBoost,16,0.8333333333333334,0.7777777777777778,0.738095238095238,0.7777777777777778
Healthy vs Patient,Frequency+Graph_MI+Graph_PLV,Random Forest,17,0.7128205128205128,0.7222222222222222,0.7151515151515153,0.7222222222222222
Healthy vs Patient,Frequency+Graph_MI+Graph_PLV,XGBoost,17,0.7000000000000001,0.6666666666666666,0.6753246753246753,0.6666666666666666
Healthy vs Patient,Frequency+Graph_MI+Graph_PLV,Random Forest,18,0.7777777777777778,0.7222222222222222,0.7301587301587301,0.7222222222222222
Healthy vs Patient,Frequency+Graph_MI+Graph_PLV,XGBoost,18,0.8441558441558441,0.8333333333333334,0.8361204013377928,0.8333333333333334
Healthy vs AD,Frequency+Graph_MI+Graph_PLV,Random Forest,0,0.7783882783882785,0.7692307692307693,0.7692307692307693,0.7692307692307693
Healthy vs AD,Frequency+Graph_MI+Graph_PLV,XGBoost,0,0.6134615384615384,0.6153846153846154,0.6107226107226107,0.6153846153846154
Healthy vs AD,Frequency+Graph_MI+Graph_PLV,Random Forest,1,0.7730769230769231,0.7692307692307693,0.7664335664335665,0.7692307692307693
Healthy vs AD,Frequency+Graph_MI+Graph_PLV,XGBoost,1,0.6134615384615384,0.6153846153846154,0.6107226107226107,0.6153846153846154
Healthy vs AD,Frequency+Graph_MI+Graph_PLV,Random Forest,2,0.35470085470085466,0.38461538461538464,0.36153846153846153,0.38461538461538464
Healthy vs AD,Frequency+Graph_MI+Graph_PLV,XGBoost,2,0.35470085470085466,0.38461538461538464,0.36153846153846153,0.38461538461538464
Healthy vs AD,Frequency+Graph_MI+Graph_PLV,Random Forest,3,0.5384615384615384,0.5384615384615384,0.5384615384615384,0.5384615384615384
Healthy vs AD,Frequency+Graph_MI+Graph_PLV,XGBoost,3,0.46703296703296704,0.46153846153846156,0.46153846153846156,0.46153846153846156
Healthy vs AD,Frequency+Graph_MI+Graph_PLV,Random Forest,4,0.5299145299145299,0.5384615384615384,0.5211538461538462,0.5384615384615384
Healthy vs AD,Frequency+Graph_MI+Graph_PLV,XGBoost,4,0.7051282051282051,0.6923076923076923,0.6807692307692308,0.6923076923076923
Healthy vs AD,Frequency+Graph_MI+Graph_PLV,Random Forest,5,0.5384615384615384,0.5384615384615384,0.5384615384615384,0.5384615384615384
Healthy vs AD,Frequency+Graph_MI+Graph_PLV,XGBoost,5,0.5384615384615384,0.5384615384615384,0.5384615384615384,0.5384615384615384
Healthy vs AD,Frequency+Graph_MI+Graph_PLV,Random Forest,6,0.35470085470085466,0.38461538461538464,0.36153846153846153,0.38461538461538464
Healthy vs AD,Frequency+Graph_MI+Graph_PLV,XGBoost,6,0.5384615384615384,0.5384615384615384,0.5384615384615384,0.5384615384615384
Healthy vs AD,Frequency+Graph_MI+Graph_PLV,Random Forest,7,0.7756410256410257,0.6153846153846154,0.5286292654713708,0.6153846153846154
Healthy vs AD,Frequency+Graph_MI+Graph_PLV,XGBoost,7,0.5244755244755245,0.5384615384615384,0.47435897435897434,0.5384615384615384
Healthy vs AD,Frequency+Graph_MI+Graph_PLV,Random Forest,8,0.4230769230769231,0.46153846153846156,0.4193061840120664,0.46153846153846156
Healthy vs AD,Frequency+Graph_MI+Graph_PLV,XGBoost,8,0.5244755244755245,0.5384615384615384,0.47435897435897434,0.5384615384615384
Healthy vs AD,Frequency+Graph_MI+Graph_PLV,Random Forest,9,0.5299145299145299,0.5384615384615384,0.5211538461538462,0.5384615384615384
Healthy vs AD,Frequency+Graph_MI+Graph_PLV,XGBoost,9,0.7730769230769231,0.7692307692307693,0.7664335664335665,0.7692307692307693
Healthy vs AD,Frequency+Graph_MI+Graph_PLV,Random Forest,10,0.804195804195804,0.6923076923076923,0.6495726495726496,0.6923076923076923
Healthy vs AD,Frequency+Graph_MI+Graph_PLV,XGBoost,10,0.5244755244755245,0.5384615384615384,0.47435897435897434,0.5384615384615384
Healthy vs AD,Frequency+Graph_MI+Graph_PLV,Random Forest,11,0.7051282051282051,0.6923076923076923,0.6807692307692308,0.6923076923076923
Healthy vs AD,Frequency+Graph_MI+Graph_PLV,XGBoost,11,0.8803418803418803,0.8461538461538461,0.8403846153846154,0.8461538461538461
Healthy vs AD,Frequency+Graph_MI+Graph_PLV,Random Forest,12,0.804195804195804,0.6923076923076923,0.6495726495726496,0.6923076923076923
Healthy vs AD,Frequency+Graph_MI+Graph_PLV,XGBoost,12,0.804195804195804,0.6923076923076923,0.6495726495726496,0.6923076923076923
Healthy vs AD,Frequency+Graph_MI+Graph_PLV,Random Forest,13,0.5299145299145299,0.5384615384615384,0.5211538461538462,0.5384615384615384
Healthy vs AD,Frequency+Graph_MI+Graph_PLV,XGBoost,13,0.6307692307692307,0.6153846153846154,0.5852187028657616,0.6153846153846154
Healthy vs AD,Frequency+Graph_MI+Graph_PLV,Random Forest,14,0.4230769230769231,0.46153846153846156,0.4193061840120664,0.46153846153846156
Healthy vs AD,Frequency+Graph_MI+Graph_PLV,XGBoost,14,0.6307692307692307,0.6153846153846154,0.5852187028657616,0.6153846153846154
Healthy vs AD,Frequency+Graph_MI+Graph_PLV,Random Forest,15,0.5299145299145299,0.5384615384615384,0.5211538461538462,0.5384615384615384
Healthy vs AD,Frequency+Graph_MI+Graph_PLV,XGBoost,15,0.6134615384615384,0.6153846153846154,0.6107226107226107,0.6153846153846154
Healthy vs AD,Frequency+Graph_MI+Graph_PLV,Random Forest,16,0.7051282051282051,0.6923076923076923,0.6807692307692308,0.6923076923076923
Healthy vs AD,Frequency+Graph_MI+Graph_PLV,XGBoost,16,0.9340659340659341,0.9230769230769231,0.9230769230769231,0.9230769230769231
Healthy vs AD,Frequency+Graph_MI+Graph_PLV,Random Forest,17,0.6923076923076923,0.6923076923076923,0.6923076923076923,0.6923076923076923
Healthy vs AD,Frequency+Graph_MI+Graph_PLV,XGBoost,17,0.6134615384615384,0.6153846153846154,0.6107226107226107,0.6153846153846154
Healthy vs AD,Frequency+Graph_MI+Graph_PLV,Random Forest,18,0.6307692307692307,0.6153846153846154,0.5852187028657616,0.6153846153846154
Healthy vs AD,Frequency+Graph_MI+Graph_PLV,XGBoost,18,0.5299145299145299,0.5384615384615384,0.5211538461538462,0.5384615384615384
Healthy vs FTD,Frequency+Graph_MI+Graph_PLV,Random Forest,0,0.7393939393939394,0.7272727272727273,0.7272727272727273,0.7272727272727273
Healthy vs FTD,Frequency+Graph_MI+Graph_PLV,XGBoost,0,0.7393939393939394,0.7272727272727273,0.7272727272727273,0.7272727272727273
Healthy vs FTD,Frequency+Graph_MI+Graph_PLV,Random Forest,1,0.7305194805194805,0.7272727272727273,0.7226107226107227,0.7272727272727273
Healthy vs FTD,Frequency+Graph_MI+Graph_PLV,XGBoost,1,0.7305194805194805,0.7272727272727273,0.7226107226107227,0.7272727272727273
Healthy vs FTD,Frequency+Graph_MI+Graph_PLV,Random Forest,2,0.538961038961039,0.5454545454545454,0.5376845376845377,0.5454545454545454
Healthy vs FTD,Frequency+Graph_MI+Graph_PLV,XGBoost,2,0.4242424242424242,0.45454545454545453,0.4253246753246753,0.45454545454545453
Healthy vs FTD,Frequency+Graph_MI+Graph_PLV,Random Forest,3,0.8181818181818182,0.7272727272727273,0.6961038961038961,0.7272727272727273
Healthy vs FTD,Frequency+Graph_MI+Graph_PLV,XGBoost,3,0.8181818181818182,0.7272727272727273,0.6961038961038961,0.7272727272727273
Healthy vs FTD,Frequency+Graph_MI+Graph_PLV,Random Forest,4,0.5545454545454546,0.5454545454545454,0.5454545454545454,0.5454545454545454
Healthy vs FTD,Frequency+Graph_MI+Graph_PLV,XGBoost,4,0.5545454545454546,0.5454545454545454,0.5454545454545454,0.5454545454545454
Healthy vs FTD,Frequency+Graph_MI+Graph_PLV,Random Forest,5,0.45454545454545453,0.45454545454545453,0.45454545454545453,0.45454545454545453
Healthy vs FTD,Frequency+Graph_MI+Graph_PLV,XGBoost,5,0.3474025974025974,0.36363636363636365,0.35275835275835277,0.36363636363636365
Healthy vs FTD,Frequency+Graph_MI+Graph_PLV,Random Forest,6,0.7305194805194805,0.7272727272727273,0.7226107226107227,0.7272727272727273
Healthy vs FTD,Frequency+Graph_MI+Graph_PLV,XGBoost,6,0.538961038961039,0.5454545454545454,0.5376845376845377,0.5454545454545454
Healthy vs FTD,Frequency+Graph_MI+Graph_PLV,Random Forest,7,0.2727272727272727,0.45454545454545453,0.3409090909090909,0.45454545454545453
Healthy vs FTD,Frequency+Graph_MI+Graph_PLV,XGBoost,7,0.45454545454545453,0.45454545454545453,0.45454545454545453,0.45454545454545453
Healthy vs FTD,Frequency+Graph_MI+Graph_PLV,Random Forest,8,0.6363636363636364,0.6363636363636364,0.6363636363636364,0.6363636363636364
Healthy vs FTD,Frequency+Graph_MI+Graph_PLV,XGBoost,8,0.46753246753246747,0.45454545454545453,0.4454545454545455,0.45454545454545453
Healthy vs FTD,Frequency+Graph_MI+Graph_PLV,Random Forest,9,0.3474025974025974,0.36363636363636365,0.35275835275835277,0.36363636363636365
Healthy vs FTD,Frequency+Graph_MI+Graph_PLV,XGBoost,9,0.45454545454545453,0.45454545454545453,0.45454545454545453,0.45454545454545453
Healthy vs FTD,Frequency+Graph_MI+Graph_PLV,Random Forest,10,0.5545454545454546,0.5454545454545454,0.5454545454545454,0.5454545454545454
Healthy vs FTD,Frequency+Graph_MI+Graph_PLV,XGBoost,10,0.6688311688311688,0.6363636363636364,0.6303030303030303,0.6363636363636364
Healthy vs FTD,Frequency+Graph_MI+Graph_PLV,Random Forest,11,0.45454545454545453,0.45454545454545453,0.45454545454545453,0.45454545454545453
Healthy vs FTD,Frequency+Graph_MI+Graph_PLV,XGBoost,11,0.538961038961039,0.5454545454545454,0.5376845376845377,0.5454545454545454
Healthy vs FTD,Frequency+Graph_MI+Graph_PLV,Random Forest,12,0.4242424242424242,0.45454545454545453,0.4253246753246753,0.45454545454545453
Healthy vs FTD,Frequency+Graph_MI+Graph_PLV,XGBoost,12,0.6439393939393939,0.6363636363636364,0.6168831168831169,0.6363636363636364
Healthy vs FTD,Frequency+Graph_MI+Graph_PLV,Random Forest,13,0.45454545454545453,0.45454545454545453,0.45454545454545453,0.45454545454545453
Healthy vs FTD,Frequency+Graph_MI+Graph_PLV,XGBoost,13,0.538961038961039,0.5454545454545454,0.5376845376845377,0.5454545454545454
Healthy vs FTD,Frequency+Graph_MI+Graph_PLV,Random Forest,14,0.538961038961039,0.5454545454545454,0.5376845376845377,0.5454545454545454
Healthy vs FTD,Frequency+Graph_MI+Graph_PLV,XGBoost,14,0.45454545454545453,0.45454545454545453,0.45454545454545453,0.45454545454545453
Healthy vs FTD,Frequency+Graph_MI+Graph_PLV,Random Forest,15,0.5303030303030304,0.5454545454545454,0.4935064935064935,0.5454545454545454
Healthy vs FTD,Frequency+Graph_MI+Graph_PLV,XGBoost,15,0.5545454545454546,0.5454545454545454,0.5454545454545454,0.5454545454545454
Healthy vs FTD,Frequency+Graph_MI+Graph_PLV,Random Forest,16,0.6439393939393939,0.6363636363636364,0.6168831168831169,0.6363636363636364
Healthy vs FTD,Frequency+Graph_MI+Graph_PLV,XGBoost,16,0.6363636363636364,0.6363636363636364,0.6363636363636364,0.6363636363636364
Healthy vs FTD,Frequency+Graph_MI+Graph_PLV,Random Forest,17,0.6439393939393939,0.6363636363636364,0.6168831168831169,0.6363636363636364
Healthy vs FTD,Frequency+Graph_MI+Graph_PLV,XGBoost,17,0.7305194805194805,0.7272727272727273,0.7226107226107227,0.7272727272727273
Healthy vs FTD,Frequency+Graph_MI+Graph_PLV,Random Forest,18,0.538961038961039,0.5454545454545454,0.5376845376845377,0.5454545454545454
Healthy vs FTD,Frequency+Graph_MI+Graph_PLV,XGBoost,18,0.6363636363636364,0.6363636363636364,0.6363636363636364,0.6363636363636364
AD vs FTD,Frequency+Graph_MI+Graph_PLV,Random Forest,0,0.25925925925925924,0.3333333333333333,0.2916666666666667,0.3333333333333333
AD vs FTD,Frequency+Graph_MI+Graph_PLV,XGBoost,0,0.2916666666666667,0.4166666666666667,0.34313725490196084,0.4166666666666667
AD vs FTD,Frequency+Graph_MI+Graph_PLV,Random Forest,1,0.46296296296296297,0.5,0.46875,0.5
AD vs FTD,Frequency+Graph_MI+Graph_PLV,XGBoost,1,0.25925925925925924,0.3333333333333333,0.2916666666666667,0.3333333333333333
AD vs FTD,Frequency+Graph_MI+Graph_PLV,Random Forest,2,0.6666666666666666,0.6666666666666666,0.6666666666666666,0.6666666666666666
AD vs FTD,Frequency+Graph_MI+Graph_PLV,XGBoost,2,0.5972222222222222,0.5833333333333334,0.5862470862470862,0.5833333333333334
AD vs FTD,Frequency+Graph_MI+Graph_PLV,Random Forest,3,0.3958333333333333,0.4166666666666667,0.40370370370370373,0.4166666666666667
AD vs FTD,Frequency+Graph_MI+Graph_PLV,XGBoost,3,0.5285714285714286,0.5,0.5,0.5
AD vs FTD,Frequency+Graph_MI+Graph_PLV,Random Forest,4,0.2916666666666667,0.4166666666666667,0.34313725490196084,0.4166666666666667
AD vs FTD,Frequency+Graph_MI+Graph_PLV,XGBoost,4,0.46296296296296297,0.5,0.46875,0.5
AD vs FTD,Frequency+Graph_MI+Graph_PLV,Random Forest,5,0.5,0.5,0.5,0.5
AD vs FTD,Frequency+Graph_MI+Graph_PLV,XGBoost,5,0.26388888888888884,0.25,0.25524475524475526,0.25
AD vs FTD,Frequency+Graph_MI+Graph_PLV,Random Forest,6,0.6666666666666666,0.6666666666666666,0.6458333333333334,0.6666666666666666
AD vs FTD,Frequency+Graph_MI+Graph_PLV,XGBoost,6,0.5285714285714286,0.5,0.5,0.5
AD vs FTD,Frequency+Graph_MI+Graph_PLV,Random Forest,7,0.25925925925925924,0.3333333333333333,0.2916666666666667,0.3333333333333333
AD vs FTD,Frequency+Graph_MI+Graph_PLV,XGBoost,7,0.09722222222222221,0.08333333333333333,0.08974358974358976,0.08333333333333333
AD vs FTD,Frequency+Graph_MI+Graph_PLV,Random Forest,8,0.5583333333333333,0.5833333333333334,0.530812324929972,0.5833333333333334
AD vs FTD,Frequency+Graph_MI+Graph_PLV,XGBoost,8,0.6666666666666666,0.6666666666666666,0.6458333333333334,0.6666666666666666
AD vs FTD,Frequency+Graph_MI+Graph_PLV,Random Forest,9,0.8249999999999998,0.75,0.7184873949579832,0.75
AD vs FTD,Frequency+Graph_MI+Graph_PLV,XGBoost,9,0.34027777777777785,0.5833333333333334,0.4298245614035088,0.5833333333333334
AD vs FTD,Frequency+Graph_MI+Graph_PLV,Random Forest,10,0.46296296296296297,0.5,0.46875,0.5
AD vs FTD,Frequency+Graph_MI+Graph_PLV,XGBoost,10,0.6666666666666666,0.6666666666666666,0.6666666666666666,0.6666666666666666
AD vs FTD,Frequency+Graph_MI+Graph_PLV,Random Forest,11,0.25925925925925924,0.3333333333333333,0.2916666666666667,0.3333333333333333
AD vs FTD,Frequency+Graph_MI+Graph_PLV,XGBoost,11,0.46296296296296297,0.5,0.46875,0.5
AD vs FTD,Frequency+Graph_MI+Graph_PLV,Random Forest,12,0.75,0.75,0.7444444444444445,0.75
AD vs FTD,Frequency+Graph_MI+Graph_PLV,XGBoost,12,0.5,0.5,0.5,0.5
AD vs FTD,Frequency+Graph_MI+Graph_PLV,Random Forest,13,0.2916666666666667,0.4166666666666667,0.34313725490196084,0.4166666666666667
AD vs FTD,Frequency+Graph_MI+Graph_PLV,XGBoost,13,0.25925925925925924,0.3333333333333333,0.2916666666666667,0.3333333333333333
AD vs FTD,Frequency+Graph_MI+Graph_PLV,Random Forest,14,0.46296296296296297,0.5,0.46875,0.5
AD vs FTD,Frequency+Graph_MI+Graph_PLV,XGBoost,14,0.7047619047619048,0.6666666666666666,0.6666666666666666,0.6666666666666666
AD vs FTD,Frequency+Graph_MI+Graph_PLV,Random Forest,15,0.6666666666666666,0.6666666666666666,0.6666666666666666,0.6666666666666666
AD vs FTD,Frequency+Graph_MI+Graph_PLV,XGBoost,15,0.75,0.75,0.7444444444444445,0.75
AD vs FTD,Frequency+Graph_MI+Graph_PLV,Random Forest,16,0.6666666666666666,0.6666666666666666,0.6458333333333334,0.6666666666666666
AD vs FTD,Frequency+Graph_MI+Graph_PLV,XGBoost,16,0.5583333333333333,0.5833333333333334,0.530812324929972,0.5833333333333334
AD vs FTD,Frequency+Graph_MI+Graph_PLV,Random Forest,17,0.5729166666666666,0.5833333333333334,0.5740740740740741,0.5833333333333334
AD vs FTD,Frequency+Graph_MI+Graph_PLV,XGBoost,17,0.8333333333333334,0.8333333333333334,0.8333333333333334,0.8333333333333334
AD vs FTD,Frequency+Graph_MI+Graph_PLV,Random Forest,18,0.75,0.75,0.7444444444444445,0.75
AD vs FTD,Frequency+Graph_MI+Graph_PLV,XGBoost,18,0.5583333333333333,0.5833333333333334,0.530812324929972,0.5833333333333334
AD Male vs Female,Frequency+Graph_MI+Graph_PLV,Random Forest,0,0.6041666666666666,0.625,0.6045454545454546,0.625
AD Male vs Female,Frequency+Graph_MI+Graph_PLV,XGBoost,0,0.75,0.75,0.75,0.75
AD Male vs Female,Frequency+Graph_MI+Graph_PLV,Random Forest,1,0.6041666666666666,0.625,0.6045454545454546,0.625
AD Male vs Female,Frequency+Graph_MI+Graph_PLV,XGBoost,1,0.6041666666666666,0.625,0.6045454545454546,0.625
AD Male vs Female,Frequency+Graph_MI+Graph_PLV,Random Forest,2,0.6041666666666666,0.625,0.6045454545454546,0.625
AD Male vs Female,Frequency+Graph_MI+Graph_PLV,XGBoost,2,0.8214285714285714,0.75,0.7083333333333334,0.75
AD Male vs Female,Frequency+Graph_MI+Graph_PLV,Random Forest,3,0.8958333333333334,0.875,0.8681818181818182,0.875
AD Male vs Female,Frequency+Graph_MI+Graph_PLV,XGBoost,3,0.8214285714285714,0.75,0.7083333333333334,0.75
AD Male vs Female,Frequency+Graph_MI+Graph_PLV,Random Forest,4,0.6041666666666666,0.625,0.6045454545454546,0.625
AD Male vs Female,Frequency+Graph_MI+Graph_PLV,XGBoost,4,0.6041666666666666,0.625,0.6045454545454546,0.625
AD Male vs Female,Frequency+Graph_MI+Graph_PLV,Random Forest,5,0.3571428571428571,0.5,0.41666666666666663,0.5
AD Male vs Female,Frequency+Graph_MI+Graph_PLV,XGBoost,5,0.3571428571428571,0.5,0.41666666666666663,0.5
AD Male vs Female,Frequency+Graph_MI+Graph_PLV,Random Forest,6,0.5,0.5,0.5,0.5
AD Male vs Female,Frequency+Graph_MI+Graph_PLV,XGBoost,6,0.3571428571428571,0.5,0.41666666666666663,0.5
AD Male vs Female,Frequency+Graph_MI+Graph_PLV,Random Forest,7,0.6041666666666666,0.625,0.6045454545454546,0.625
AD Male vs Female,Frequency+Graph_MI+Graph_PLV,XGBoost,7,0.3571428571428571,0.5,0.41666666666666663,0.5
AD Male vs Female,Frequency+Graph_MI+Graph_PLV,Random Forest,8,0.3571428571428571,0.5,0.41666666666666663,0.5
AD Male vs Female,Frequency+Graph_MI+Graph_PLV,XGBoost,8,0.6041666666666666,0.625,0.6045454545454546,0.625
AD Male vs Female,Frequency+Graph_MI+Graph_PLV,Random Forest,9,0.5,0.5,0.5,0.5
AD Male vs Female,Frequency+Graph_MI+Graph_PLV,XGBoost,9,0.5666666666666667,0.5,0.5,0.5
AD Male vs Female,Frequency+Graph_MI+Graph_PLV,Random Forest,10,0.6041666666666666,0.625,0.6045454545454546,0.625
AD Male vs Female,Frequency+Graph_MI+Graph_PLV,XGBoost,10,0.390625,0.625,0.4807692307692308,0.625
AD Male vs Female,Frequency+Graph_MI+Graph_PLV,Random Forest,11,0.6041666666666666,0.625,0.6045454545454546,0.625
AD Male vs Female,Frequency+Graph_MI+Graph_PLV,XGBoost,11,0.5,0.5,0.5,0.5
AD Male vs Female,Frequency+Graph_MI+Graph_PLV,Random Forest,12,0.75,0.75,0.75,0.75
AD Male vs Female,Frequency+Graph_MI+Graph_PLV,XGBoost,12,0.40625,0.375,0.38492063492063494,0.375
AD Male vs Female,Frequency+Graph_MI+Graph_PLV,Random Forest,13,0.6041666666666666,0.625,0.6045454545454546,0.625
AD Male vs Female,Frequency+Graph_MI+Graph_PLV,XGBoost,13,0.8214285714285714,0.75,0.7083333333333334,0.75
AD Male vs Female,Frequency+Graph_MI+Graph_PLV,Random Forest,14,0.6041666666666666,0.625,0.6045454545454546,0.625
AD Male vs Female,Frequency+Graph_MI+Graph_PLV,XGBoost,14,0.6041666666666666,0.625,0.6045454545454546,0.625
AD Male vs Female,Frequency+Graph_MI+Graph_PLV,Random Forest,15,0.6041666666666666,0.625,0.6045454545454546,0.625
AD Male vs Female,Frequency+Graph_MI+Graph_PLV,XGBoost,15,0.6041666666666666,0.625,0.6045454545454546,0.625
AD Male vs Female,Frequency+Graph_MI+Graph_PLV,Random Forest,16,0.5,0.5,0.5,0.5
AD Male vs Female,Frequency+Graph_MI+Graph_PLV,XGBoost,16,0.3125,0.375,0.3409090909090909,0.375
AD Male vs Female,Frequency+Graph_MI+Graph_PLV,Random Forest,17,0.5,0.5,0.5,0.5
AD Male vs Female,Frequency+Graph_MI+Graph_PLV,XGBoost,17,0.25,0.25,0.25,0.25
AD Male vs Female,Frequency+Graph_MI+Graph_PLV,Random Forest,18,0.6041666666666666,0.625,0.6045454545454546,0.625
AD Male vs Female,Frequency+Graph_MI+Graph_PLV,XGBoost,18,0.8214285714285714,0.75,0.7083333333333334,0.75
FTD Male vs Female,Frequency+Graph_MI+Graph_PLV,Random Forest,0,0.36,0.6,0.45,0.6
FTD Male vs Female,Frequency+Graph_MI+Graph_PLV,XGBoost,0,0.3,0.4,0.34285714285714286,0.4
FTD Male vs Female,Frequency+Graph_MI+Graph_PLV,Random Forest,1,0.8666666666666666,0.8,0.8,0.8
FTD Male vs Female,Frequency+Graph_MI+Graph_PLV,XGBoost,1,0.4333333333333333,0.4,0.4,0.4
FTD Male vs Female,Frequency+Graph_MI+Graph_PLV,Random Forest,2,0.3,0.4,0.34285714285714286,0.4
FTD Male vs Female,Frequency+Graph_MI+Graph_PLV,XGBoost,2,0.6,0.6,0.6,0.6
FTD Male vs Female,Frequency+Graph_MI+Graph_PLV,Random Forest,3,0.6,0.6,0.6,0.6
FTD Male vs Female,Frequency+Graph_MI+Graph_PLV,XGBoost,3,0.6,0.6,0.6,0.6
FTD Male vs Female,Frequency+Graph_MI+Graph_PLV,Random Forest,4,0.6,0.6,0.6,0.6
FTD Male vs Female,Frequency+Graph_MI+Graph_PLV,XGBoost,4,0.36,0.6,0.45,0.6
FTD Male vs Female,Frequency+Graph_MI+Graph_PLV,Random Forest,5,0.8,0.6,0.5666666666666667,0.6
FTD Male vs Female,Frequency+Graph_MI+Graph_PLV,XGBoost,5,0.3,0.4,0.34285714285714286,0.4
FTD Male vs Female,Frequency+Graph_MI+Graph_PLV,Random Forest,6,0.4333333333333333,0.4,0.4,0.4
FTD Male vs Female,Frequency+Graph_MI+Graph_PLV,XGBoost,6,0.36,0.6,0.45,0.6
FTD Male vs Female,Frequency+Graph_MI+Graph_PLV,Random Forest,7,0.6,0.6,0.6,0.6
FTD Male vs Female,Frequency+Graph_MI+Graph_PLV,XGBoost,7,0.6,0.6,0.6,0.6
FTD Male vs Female,Frequency+Graph_MI+Graph_PLV,Random Forest,8,0.36,0.6,0.45,0.6
FTD Male vs Female,Frequency+Graph_MI+Graph_PLV,XGBoost,8,0.36,0.6,0.45,0.6
FTD Male vs Female,Frequency+Graph_MI+Graph_PLV,Random Forest,9,0.8,0.6,0.5666666666666667,0.6
FTD Male vs Female,Frequency+Graph_MI+Graph_PLV,XGBoost,9,0.4333333333333333,0.4,0.4,0.4
FTD Male vs Female,Frequency+Graph_MI+Graph_PLV,Random Forest,10,0.3,0.4,0.34285714285714286,0.4
FTD Male vs Female,Frequency+Graph_MI+Graph_PLV,XGBoost,10,0.6,0.6,0.6,0.6
FTD Male vs Female,Frequency+Graph_MI+Graph_PLV,Random Forest,11,0.3,0.4,0.34285714285714286,0.4
FTD Male vs Female,Frequency+Graph_MI+Graph_PLV,XGBoost,11,0.36,0.6,0.45,0.6
FTD Male vs Female,Frequency+Graph_MI+Graph_PLV,Random Forest,12,0.85,0.8,0.7809523809523808,0.8
FTD Male vs Female,Frequency+Graph_MI+Graph_PLV,XGBoost,12,0.2,0.2,0.2,0.2
FTD Male vs Female,Frequency+Graph_MI+Graph_PLV,Random Forest,13,0.85,0.8,0.7809523809523808,0.8
FTD Male vs Female,Frequency+Graph_MI+Graph_PLV,XGBoost,13,0.85,0.8,0.7809523809523808,0.8
FTD Male vs Female,Frequency+Graph_MI+Graph_PLV,Random Forest,14,0.85,0.8,0.7809523809523808,0.8
FTD Male vs Female,Frequency+Graph_MI+Graph_PLV,XGBoost,14,0.85,0.8,0.7809523809523808,0.8
FTD Male vs Female,Frequency+Graph_MI+Graph_PLV,Random Forest,15,0.36,0.6,0.45,0.6
FTD Male vs Female,Frequency+Graph_MI+Graph_PLV,XGBoost,15,0.2,0.2,0.2,0.2
FTD Male vs Female,Frequency+Graph_MI+Graph_PLV,Random Forest,16,0.85,0.8,0.7809523809523808,0.8
FTD Male vs Female,Frequency+Graph_MI+Graph_PLV,XGBoost,16,0.85,0.8,0.7809523809523808,0.8
FTD Male vs Female,Frequency+Graph_MI+Graph_PLV,Random Forest,17,0.85,0.8,0.7809523809523808,0.8
FTD Male vs Female,Frequency+Graph_MI+Graph_PLV,XGBoost,17,0.85,0.8,0.7809523809523808,0.8
FTD Male vs Female,Frequency+Graph_MI+Graph_PLV,Random Forest,18,1.0,1.0,1.0,1.0
FTD Male vs Female,Frequency+Graph_MI+Graph_PLV,XGBoost,18,0.36,0.6,0.45,0.6
Healthy vs Patient,Frequency+Graph_MI+Graph_Corr,Random Forest,0,0.7738095238095238,0.7777777777777778,0.764102564102564,0.7777777777777778
Healthy vs Patient,Frequency+Graph_MI+Graph_Corr,XGBoost,0,0.625,0.6666666666666666,0.6071428571428572,0.6666666666666666
Healthy vs Patient,Frequency+Graph_MI+Graph_Corr,Random Forest,1,0.735930735930736,0.7222222222222222,0.7268673355629878,0.7222222222222222
Healthy vs Patient,Frequency+Graph_MI+Graph_Corr,XGBoost,1,0.5948717948717949,0.6111111111111112,0.6012121212121212,0.6111111111111112
Healthy vs Patient,Frequency+Graph_MI+Graph_Corr,Random Forest,2,0.511904761904762,0.5555555555555556,0.5282051282051281,0.5555555555555556
Healthy vs Patient,Frequency+Graph_MI+Graph_Corr,XGBoost,2,0.6666666666666666,0.6666666666666666,0.6666666666666666,0.6666666666666666
Healthy vs Patient,Frequency+Graph_MI+Graph_Corr,Random Forest,3,0.6428571428571428,0.6666666666666666,0.6461538461538462,0.6666666666666666
Healthy vs Patient,Frequency+Graph_MI+Graph_Corr,XGBoost,3,0.6428571428571428,0.6666666666666666,0.6461538461538462,0.6666666666666666
Healthy vs Patient,Frequency+Graph_MI+Graph_Corr,Random Forest,4,0.6666666666666666,0.6666666666666666,0.6666666666666666,0.6666666666666666
Healthy vs Patient,Frequency+Graph_MI+Graph_Corr,XGBoost,4,0.8083333333333333,0.7777777777777778,0.7835497835497836,0.7777777777777778
Healthy vs Patient,Frequency+Graph_MI+Graph_Corr,Random Forest,5,0.6428571428571428,0.6666666666666666,0.6461538461538462,0.6666666666666666
Healthy vs Patient,Frequency+Graph_MI+Graph_Corr,XGBoost,5,0.7738095238095238,0.7777777777777778,0.764102564102564,0.7777777777777778
Healthy vs Patient,Frequency+Graph_MI+Graph_Corr,Random Forest,6,0.511904761904762,0.5555555555555556,0.5282051282051281,0.5555555555555556
Healthy vs Patient,Frequency+Graph_MI+Graph_Corr,XGBoost,6,0.7738095238095238,0.7777777777777778,0.764102564102564,0.7777777777777778
Healthy vs Patient,Frequency+Graph_MI+Graph_Corr,Random Forest,7,0.5555555555555556,0.6111111111111112,0.5679012345679013,0.6111111111111112
Healthy vs Patient,Frequency+Graph_MI+Graph_Corr,XGBoost,7,0.711111111111111,0.7222222222222222,0.691358024691358,0.7222222222222222
Healthy vs Patient,Frequency+Graph_MI+Graph_Corr,Random Forest,8,0.5948717948717949,0.6111111111111112,0.6012121212121212,0.6111111111111112
Healthy vs Patient,Frequency+Graph_MI+Graph_Corr,XGBoost,8,0.6666666666666666,0.6666666666666666,0.6666666666666666,0.6666666666666666
Healthy vs Patient,Frequency+Graph_MI+Graph_Corr,Random Forest,9,0.7738095238095238,0.7777777777777778,0.764102564102564,0.7777777777777778
Healthy vs Patient,Frequency+Graph_MI+Graph_Corr,XGBoost,9,0.7777777777777778,0.7777777777777778,0.7777777777777778,0.7777777777777778
Healthy vs Patient,Frequency+Graph_MI+Graph_Corr,Random Forest,10,0.5555555555555556,0.6111111111111112,0.5679012345679013,0.6111111111111112
Healthy vs Patient,Frequency+Graph_MI+Graph_Corr,XGBoost,10,0.6428571428571428,0.6666666666666666,0.6461538461538462,0.6666666666666666
Healthy vs Patient,Frequency+Graph_MI+Graph_Corr,Random Forest,11,0.711111111111111,0.7222222222222222,0.691358024691358,0.7222222222222222
Healthy vs Patient,Frequency+Graph_MI+Graph_Corr,XGBoost,11,0.7738095238095238,0.7777777777777778,0.764102564102564,0.7777777777777778
Healthy vs Patient,Frequency+Graph_MI+Graph_Corr,Random Forest,12,0.625,0.6666666666666666,0.6071428571428572,0.6666666666666666
Healthy vs Patient,Frequency+Graph_MI+Graph_Corr,XGBoost,12,0.711111111111111,0.7222222222222222,0.691358024691358,0.7222222222222222
Healthy vs Patient,Frequency+Graph_MI+Graph_Corr,Random Forest,13,0.6428571428571428,0.6666666666666666,0.6461538461538462,0.6666666666666666
Healthy vs Patient,Frequency+Graph_MI+Graph_Corr,XGBoost,13,0.9487179487179487,0.9444444444444444,0.9430303030303029,0.9444444444444444
Healthy vs Patient,Frequency+Graph_MI+Graph_Corr,Random Forest,14,0.711111111111111,0.7222222222222222,0.691358024691358,0.7222222222222222
Healthy vs Patient,Frequency+Graph_MI+Graph_Corr,XGBoost,14,0.6428571428571428,0.6666666666666666,0.6461538461538462,0.6666666666666666
Healthy vs Patient,Frequency+Graph_MI+Graph_Corr,Random Forest,15,0.511904761904762,0.5555555555555556,0.5282051282051281,0.5555555555555556
Healthy vs Patient,Frequency+Graph_MI+Graph_Corr,XGBoost,15,0.7128205128205128,0.7222222222222222,0.7151515151515153,0.7222222222222222
Healthy vs Patient,Frequency+Graph_MI+Graph_Corr,Random Forest,16,0.8333333333333334,0.7777777777777778,0.738095238095238,0.7777777777777778
Healthy vs Patient,Frequency+Graph_MI+Graph_Corr,XGBoost,16,0.7738095238095238,0.7777777777777778,0.764102564102564,0.7777777777777778
Healthy vs Patient,Frequency+Graph_MI+Graph_Corr,Random Forest,17,0.711111111111111,0.7222222222222222,0.691358024691358,0.7222222222222222
Healthy vs Patient,Frequency+Graph_MI+Graph_Corr,XGBoost,17,0.7128205128205128,0.7222222222222222,0.7151515151515153,0.7222222222222222
Healthy vs Patient,Frequency+Graph_MI+Graph_Corr,Random Forest,18,0.8441558441558441,0.8333333333333334,0.8361204013377928,0.8333333333333334
Healthy vs Patient,Frequency+Graph_MI+Graph_Corr,XGBoost,18,0.7777777777777778,0.7777777777777778,0.7777777777777778,0.7777777777777778
Healthy vs AD,Frequency+Graph_MI+Graph_Corr,Random Forest,0,0.7783882783882785,0.7692307692307693,0.7692307692307693,0.7692307692307693
Healthy vs AD,Frequency+Graph_MI+Graph_Corr,XGBoost,0,0.5384615384615384,0.5384615384615384,0.5384615384615384,0.5384615384615384
Healthy vs AD,Frequency+Graph_MI+Graph_Corr,Random Forest,1,0.7730769230769231,0.7692307692307693,0.7664335664335665,0.7692307692307693
Healthy vs AD,Frequency+Graph_MI+Graph_Corr,XGBoost,1,0.6923076923076923,0.6923076923076923,0.6923076923076923,0.6923076923076923
Healthy vs AD,Frequency+Graph_MI+Graph_Corr,Random Forest,2,0.5299145299145299,0.5384615384615384,0.5211538461538462,0.5384615384615384
Healthy vs AD,Frequency+Graph_MI+Graph_Corr,XGBoost,2,0.5299145299145299,0.5384615384615384,0.5211538461538462,0.5384615384615384
Healthy vs AD,Frequency+Graph_MI+Graph_Corr,Random Forest,3,0.4538461538461539,0.46153846153846156,0.455011655011655,0.46153846153846156
Healthy vs AD,Frequency+Graph_MI+Graph_Corr,XGBoost,3,0.3884615384615385,0.38461538461538464,0.3772893772893772,0.38461538461538464
Healthy vs AD,Frequency+Graph_MI+Graph_Corr,Random Forest,4,0.6307692307692307,0.6153846153846154,0.5852187028657616,0.6153846153846154
Healthy vs AD,Frequency+Graph_MI+Graph_Corr,XGBoost,4,0.6227106227106227,0.6153846153846154,0.6153846153846154,0.6153846153846154
Healthy vs AD,Frequency+Graph_MI+Graph_Corr,Random Forest,5,0.6134615384615384,0.6153846153846154,0.6107226107226107,0.6153846153846154
Healthy vs AD,Frequency+Graph_MI+Graph_Corr,XGBoost,5,0.5384615384615384,0.5384615384615384,0.5384615384615384,0.5384615384615384
Healthy vs AD,Frequency+Graph_MI+Graph_Corr,Random Forest,6,0.5299145299145299,0.5384615384615384,0.5211538461538462,0.5384615384615384
Healthy vs AD,Frequency+Graph_MI+Graph_Corr,XGBoost,6,0.6227106227106227,0.6153846153846154,0.6153846153846154,0.6153846153846154
Healthy vs AD,Frequency+Graph_MI+Graph_Corr,Random Forest,7,0.28994082840236685,0.5384615384615384,0.37692307692307686,0.5384615384615384
Healthy vs AD,Frequency+Graph_MI+Graph_Corr,XGBoost,7,0.7756410256410257,0.6153846153846154,0.5286292654713708,0.6153846153846154
Healthy vs AD,Frequency+Graph_MI+Graph_Corr,Random Forest,8,0.6307692307692307,0.6153846153846154,0.5852187028657616,0.6153846153846154
Healthy vs AD,Frequency+Graph_MI+Graph_Corr,XGBoost,8,0.5299145299145299,0.5384615384615384,0.5211538461538462,0.5384615384615384
Healthy vs AD,Frequency+Graph_MI+Graph_Corr,Random Forest,9,0.6134615384615384,0.6153846153846154,0.6107226107226107,0.6153846153846154
Healthy vs AD,Frequency+Graph_MI+Graph_Corr,XGBoost,9,0.7730769230769231,0.7692307692307693,0.7664335664335665,0.7692307692307693
Healthy vs AD,Frequency+Graph_MI+Graph_Corr,Random Forest,10,0.804195804195804,0.6923076923076923,0.6495726495726496,0.6923076923076923
Healthy vs AD,Frequency+Graph_MI+Graph_Corr,XGBoost,10,0.6307692307692307,0.6153846153846154,0.5852187028657616,0.6153846153846154
Healthy vs AD,Frequency+Graph_MI+Graph_Corr,Random Forest,11,0.7051282051282051,0.6923076923076923,0.6807692307692308,0.6923076923076923
Healthy vs AD,Frequency+Graph_MI+Graph_Corr,XGBoost,11,0.7051282051282051,0.6923076923076923,0.6807692307692308,0.6923076923076923
Healthy vs AD,Frequency+Graph_MI+Graph_Corr,Random Forest,12,0.804195804195804,0.6923076923076923,0.6495726495726496,0.6923076923076923
Healthy vs AD,Frequency+Graph_MI+Graph_Corr,XGBoost,12,0.804195804195804,0.6923076923076923,0.6495726495726496,0.6923076923076923
Healthy vs AD,Frequency+Graph_MI+Graph_Corr,Random Forest,13,0.7051282051282051,0.6923076923076923,0.6807692307692308,0.6923076923076923
Healthy vs AD,Frequency+Graph_MI+Graph_Corr,XGBoost,13,0.7051282051282051,0.6923076923076923,0.6807692307692308,0.6923076923076923
Healthy vs AD,Frequency+Graph_MI+Graph_Corr,Random Forest,14,0.4230769230769231,0.46153846153846156,0.4193061840120664,0.46153846153846156
Healthy vs AD,Frequency+Graph_MI+Graph_Corr,XGBoost,14,0.6134615384615384,0.6153846153846154,0.6107226107226107,0.6153846153846154
Healthy vs AD,Frequency+Graph_MI+Graph_Corr,Random Forest,15,0.5299145299145299,0.5384615384615384,0.5211538461538462,0.5384615384615384
Healthy vs AD,Frequency+Graph_MI+Graph_Corr,XGBoost,15,0.6134615384615384,0.6153846153846154,0.6107226107226107,0.6153846153846154
Healthy vs AD,Frequency+Graph_MI+Graph_Corr,Random Forest,16,0.7051282051282051,0.6923076923076923,0.6807692307692308,0.6923076923076923
Healthy vs AD,Frequency+Graph_MI+Graph_Corr,XGBoost,16,0.6923076923076923,0.6923076923076923,0.6923076923076923,0.6923076923076923
Healthy vs AD,Frequency+Graph_MI+Graph_Corr,Random Forest,17,0.5299145299145299,0.5384615384615384,0.5211538461538462,0.5384615384615384
Healthy vs AD,Frequency+Graph_MI+Graph_Corr,XGBoost,17,0.5299145299145299,0.5384615384615384,0.5211538461538462,0.5384615384615384
Healthy vs AD,Frequency+Graph_MI+Graph_Corr,Random Forest,18,0.6134615384615384,0.6153846153846154,0.6107226107226107,0.6153846153846154
Healthy vs AD,Frequency+Graph_MI+Graph_Corr,XGBoost,18,0.6307692307692307,0.6153846153846154,0.5852187028657616,0.6153846153846154
Healthy vs FTD,Frequency+Graph_MI+Graph_Corr,Random Forest,0,0.8295454545454546,0.7272727272727273,0.7132867132867133,0.7272727272727273
Healthy vs FTD,Frequency+Graph_MI+Graph_Corr,XGBoost,0,0.6363636363636364,0.6363636363636364,0.6363636363636364,0.6363636363636364
Healthy vs FTD,Frequency+Graph_MI+Graph_Corr,Random Forest,1,0.6363636363636364,0.6363636363636364,0.6363636363636364,0.6363636363636364
Healthy vs FTD,Frequency+Graph_MI+Graph_Corr,XGBoost,1,0.8181818181818182,0.8181818181818182,0.8181818181818182,0.8181818181818182
Healthy vs FTD,Frequency+Graph_MI+Graph_Corr,Random Forest,2,0.4242424242424242,0.45454545454545453,0.4253246753246753,0.45454545454545453
Healthy vs FTD,Frequency+Graph_MI+Graph_Corr,XGBoost,2,0.4242424242424242,0.45454545454545453,0.4253246753246753,0.45454545454545453
Healthy vs FTD,Frequency+Graph_MI+Graph_Corr,Random Forest,3,0.4242424242424242,0.45454545454545453,0.4253246753246753,0.45454545454545453
Healthy vs FTD,Frequency+Graph_MI+Graph_Corr,XGBoost,3,0.3474025974025974,0.36363636363636365,0.35275835275835277,0.36363636363636365
Healthy vs FTD,Frequency+Graph_MI+Graph_Corr,Random Forest,4,0.5545454545454546,0.5454545454545454,0.5454545454545454,0.5454545454545454
Healthy vs FTD,Frequency+Graph_MI+Graph_Corr,XGBoost,4,0.5545454545454546,0.5454545454545454,0.5454545454545454,0.5454545454545454
Healthy vs FTD,Frequency+Graph_MI+Graph_Corr,Random Forest,5,0.45454545454545453,0.45454545454545453,0.45454545454545453,0.45454545454545453
Healthy vs FTD,Frequency+Graph_MI+Graph_Corr,XGBoost,5,0.538961038961039,0.5454545454545454,0.5376845376845377,0.5454545454545454
Healthy vs FTD,Frequency+Graph_MI+Graph_Corr,Random Forest,6,0.538961038961039,0.5454545454545454,0.5376845376845377,0.5454545454545454
Healthy vs FTD,Frequency+Graph_MI+Graph_Corr,XGBoost,6,0.538961038961039,0.5454545454545454,0.5376845376845377,0.5454545454545454
Healthy vs FTD,Frequency+Graph_MI+Graph_Corr,Random Forest,7,0.4242424242424242,0.45454545454545453,0.4253246753246753,0.45454545454545453
Healthy vs FTD,Frequency+Graph_MI+Graph_Corr,XGBoost,7,0.45454545454545453,0.45454545454545453,0.45454545454545453,0.45454545454545453
Healthy vs FTD,Frequency+Graph_MI+Graph_Corr,Random Forest,8,0.5545454545454546,0.5454545454545454,0.5454545454545454,0.5454545454545454
Healthy vs FTD,Frequency+Graph_MI+Graph_Corr,XGBoost,8,0.538961038961039,0.5454545454545454,0.5376845376845377,0.5454545454545454
Healthy vs FTD,Frequency+Graph_MI+Graph_Corr,Random Forest,9,0.5545454545454546,0.5454545454545454,0.5454545454545454,0.5454545454545454
Healthy vs FTD,Frequency+Graph_MI+Graph_Corr,XGBoost,9,0.45454545454545453,0.45454545454545453,0.45454545454545453,0.45454545454545453
Healthy vs FTD,Frequency+Graph_MI+Graph_Corr,Random Forest,10,0.6363636363636364,0.6363636363636364,0.6363636363636364,0.6363636363636364
Healthy vs FTD,Frequency+Graph_MI+Graph_Corr,XGBoost,10,0.5909090909090909,0.5454545454545454,0.5221445221445221,0.5454545454545454
Healthy vs FTD,Frequency+Graph_MI+Graph_Corr,Random Forest,11,0.6439393939393939,0.6363636363636364,0.6168831168831169,0.6363636363636364
Healthy vs FTD,Frequency+Graph_MI+Graph_Corr,XGBoost,11,0.6363636363636364,0.6363636363636364,0.6363636363636364,0.6363636363636364
Healthy vs FTD,Frequency+Graph_MI+Graph_Corr,Random Forest,12,0.5303030303030304,0.5454545454545454,0.4935064935064935,0.5454545454545454
Healthy vs FTD,Frequency+Graph_MI+Graph_Corr,XGBoost,12,0.7305194805194805,0.7272727272727273,0.7226107226107227,0.7272727272727273
Healthy vs FTD,Frequency+Graph_MI+Graph_Corr,Random Forest,13,0.45454545454545453,0.45454545454545453,0.45454545454545453,0.45454545454545453
Healthy vs FTD,Frequency+Graph_MI+Graph_Corr,XGBoost,13,0.45454545454545453,0.45454545454545453,0.45454545454545453,0.45454545454545453
Healthy vs FTD,Frequency+Graph_MI+Graph_Corr,Random Forest,14,0.3696969696969697,0.36363636363636365,0.36363636363636365,0.36363636363636365
Healthy vs FTD,Frequency+Graph_MI+Graph_Corr,XGBoost,14,0.45454545454545453,0.45454545454545453,0.45454545454545453,0.45454545454545453
Healthy vs FTD,Frequency+Graph_MI+Graph_Corr,Random Forest,15,0.6363636363636364,0.6363636363636364,0.6363636363636364,0.6363636363636364
Healthy vs FTD,Frequency+Graph_MI+Graph_Corr,XGBoost,15,0.5545454545454546,0.5454545454545454,0.5454545454545454,0.5454545454545454
Healthy vs FTD,Frequency+Graph_MI+Graph_Corr,Random Forest,16,0.538961038961039,0.5454545454545454,0.5376845376845377,0.5454545454545454
Healthy vs FTD,Frequency+Graph_MI+Graph_Corr,XGBoost,16,0.7305194805194805,0.7272727272727273,0.7226107226107227,0.7272727272727273
Healthy vs FTD,Frequency+Graph_MI+Graph_Corr,Random Forest,17,0.6439393939393939,0.6363636363636364,0.6168831168831169,0.6363636363636364
Healthy vs FTD,Frequency+Graph_MI+Graph_Corr,XGBoost,17,0.538961038961039,0.5454545454545454,0.5376845376845377,0.5454545454545454
Healthy vs FTD,Frequency+Graph_MI+Graph_Corr,Random Forest,18,0.538961038961039,0.5454545454545454,0.5376845376845377,0.5454545454545454
Healthy vs FTD,Frequency+Graph_MI+Graph_Corr,XGBoost,18,0.7305194805194805,0.7272727272727273,0.7226107226107227,0.7272727272727273
AD vs FTD,Frequency+Graph_MI+Graph_Corr,Random Forest,0,0.3958333333333333,0.4166666666666667,0.40370370370370373,0.4166666666666667
AD vs FTD,Frequency+Graph_MI+Graph_Corr,XGBoost,0,0.6666666666666666,0.6666666666666666,0.6458333333333334,0.6666666666666666
AD vs FTD,Frequency+Graph_MI+Graph_Corr,Random Forest,1,0.6666666666666666,0.6666666666666666,0.6666666666666666,0.6666666666666666
AD vs FTD,Frequency+Graph_MI+Graph_Corr,XGBoost,1,0.5,0.5,0.5,0.5
AD vs FTD,Frequency+Graph_MI+Graph_Corr,Random Forest,2,0.46296296296296297,0.5,0.46875,0.5
AD vs FTD,Frequency+Graph_MI+Graph_Corr,XGBoost,2,0.3958333333333333,0.4166666666666667,0.40370370370370373,0.4166666666666667
AD vs FTD,Frequency+Graph_MI+Graph_Corr,Random Forest,3,0.3958333333333333,0.4166666666666667,0.40370370370370373,0.4166666666666667
AD vs FTD,Frequency+Graph_MI+Graph_Corr,XGBoost,3,0.75,0.75,0.7444444444444445,0.75
AD vs FTD,Frequency+Graph_MI+Graph_Corr,Random Forest,4,0.5583333333333333,0.5833333333333334,0.530812324929972,0.5833333333333334
AD vs FTD,Frequency+Graph_MI+Graph_Corr,XGBoost,4,0.8333333333333334,0.8333333333333334,0.8333333333333334,0.8333333333333334
AD vs FTD,Frequency+Graph_MI+Graph_Corr,Random Forest,5,0.5729166666666666,0.5833333333333334,0.5740740740740741,0.5833333333333334
AD vs FTD,Frequency+Graph_MI+Graph_Corr,XGBoost,5,0.46296296296296297,0.5,0.46875,0.5
AD vs FTD,Frequency+Graph_MI+Graph_Corr,Random Forest,6,0.5583333333333333,0.5833333333333334,0.530812324929972,0.5833333333333334
AD vs FTD,Frequency+Graph_MI+Graph_Corr,XGBoost,6,0.6666666666666666,0.6666666666666666,0.6666666666666666,0.6666666666666666
AD vs FTD,Frequency+Graph_MI+Graph_Corr,Random Forest,7,0.34027777777777785,0.5833333333333334,0.4298245614035088,0.5833333333333334
AD vs FTD,Frequency+Graph_MI+Graph_Corr,XGBoost,7,0.2916666666666667,0.4166666666666667,0.34313725490196084,0.4166666666666667
AD vs FTD,Frequency+Graph_MI+Graph_Corr,Random Forest,8,0.5583333333333333,0.5833333333333334,0.530812324929972,0.5833333333333334
AD vs FTD,Frequency+Graph_MI+Graph_Corr,XGBoost,8,0.7878787878787877,0.6666666666666666,0.5925925925925926,0.6666666666666666
AD vs FTD,Frequency+Graph_MI+Graph_Corr,Random Forest,9,0.5583333333333333,0.5833333333333334,0.530812324929972,0.5833333333333334
AD vs FTD,Frequency+Graph_MI+Graph_Corr,XGBoost,9,0.8703703703703703,0.8333333333333334,0.8229166666666666,0.8333333333333334
AD vs FTD,Frequency+Graph_MI+Graph_Corr,Random Forest,10,0.6666666666666666,0.6666666666666666,0.6458333333333334,0.6666666666666666
AD vs FTD,Frequency+Graph_MI+Graph_Corr,XGBoost,10,0.46296296296296297,0.5,0.46875,0.5
AD vs FTD,Frequency+Graph_MI+Graph_Corr,Random Forest,11,0.5,0.5,0.5,0.5
AD vs FTD,Frequency+Graph_MI+Graph_Corr,XGBoost,11,0.3958333333333333,0.4166666666666667,0.40370370370370373,0.4166666666666667
AD vs FTD,Frequency+Graph_MI+Graph_Corr,Random Forest,12,0.4305555555555555,0.4166666666666667,0.42074592074592077,0.4166666666666667
AD vs FTD,Frequency+Graph_MI+Graph_Corr,XGBoost,12,0.46296296296296297,0.5,0.46875,0.5
AD vs FTD,Frequency+Graph_MI+Graph_Corr,Random Forest,13,0.3181818181818182,0.5,0.38888888888888884,0.5
AD vs FTD,Frequency+Graph_MI+Graph_Corr,XGBoost,13,0.2916666666666667,0.4166666666666667,0.34313725490196084,0.4166666666666667
AD vs FTD,Frequency+Graph_MI+Graph_Corr,Random Forest,14,0.5,0.5,0.5,0.5
AD vs FTD,Frequency+Graph_MI+Graph_Corr,XGBoost,14,0.8333333333333334,0.8333333333333334,0.8333333333333334,0.8333333333333334
AD vs FTD,Frequency+Graph_MI+Graph_Corr,Random Forest,15,0.763888888888889,0.75,0.7517482517482518,0.75
AD vs FTD,Frequency+Graph_MI+Graph_Corr,XGBoost,15,0.8703703703703703,0.8333333333333334,0.8229166666666666,0.8333333333333334
AD vs FTD,Frequency+Graph_MI+Graph_Corr,Random Forest,16,0.6666666666666666,0.6666666666666666,0.6666666666666666,0.6666666666666666
AD vs FTD,Frequency+Graph_MI+Graph_Corr,XGBoost,16,0.5583333333333333,0.5833333333333334,0.530812324929972,0.5833333333333334
AD vs FTD,Frequency+Graph_MI+Graph_Corr,Random Forest,17,0.6666666666666666,0.6666666666666666,0.6666666666666666,0.6666666666666666
AD vs FTD,Frequency+Graph_MI+Graph_Corr,XGBoost,17,0.75,0.75,0.7444444444444445,0.75
AD vs FTD,Frequency+Graph_MI+Graph_Corr,Random Forest,18,0.4479166666666667,0.4166666666666667,0.40442890442890445,0.4166666666666667
AD vs FTD,Frequency+Graph_MI+Graph_Corr,XGBoost,18,0.7047619047619048,0.6666666666666666,0.6666666666666666,0.6666666666666666
AD Male vs Female,Frequency+Graph_MI+Graph_Corr,Random Forest,0,0.5,0.5,0.5,0.5
AD Male vs Female,Frequency+Graph_MI+Graph_Corr,XGBoost,0,0.6041666666666666,0.625,0.6045454545454546,0.625
AD Male vs Female,Frequency+Graph_MI+Graph_Corr,Random Forest,1,0.6041666666666666,0.625,0.6045454545454546,0.625
AD Male vs Female,Frequency+Graph_MI+Graph_Corr,XGBoost,1,0.3571428571428571,0.5,0.41666666666666663,0.5
AD Male vs Female,Frequency+Graph_MI+Graph_Corr,Random Forest,2,0.6041666666666666,0.625,0.6045454545454546,0.625
AD Male vs Female,Frequency+Graph_MI+Graph_Corr,XGBoost,2,0.390625,0.625,0.4807692307692308,0.625
AD Male vs Female,Frequency+Graph_MI+Graph_Corr,Random Forest,3,0.75,0.75,0.75,0.75
AD Male vs Female,Frequency+Graph_MI+Graph_Corr,XGBoost,3,0.8958333333333334,0.875,0.8681818181818182,0.875
AD Male vs Female,Frequency+Graph_MI+Graph_Corr,Random Forest,4,0.6041666666666666,0.625,0.6045454545454546,0.625
AD Male vs Female,Frequency+Graph_MI+Graph_Corr,XGBoost,4,0.75,0.75,0.75,0.75
AD Male vs Female,Frequency+Graph_MI+Graph_Corr,Random Forest,5,0.5,0.5,0.5,0.5
AD Male vs Female,Frequency+Graph_MI+Graph_Corr,XGBoost,5,0.6041666666666666,0.625,0.6045454545454546,0.625
AD Male vs Female,Frequency+Graph_MI+Graph_Corr,Random Forest,6,0.3571428571428571,0.5,0.41666666666666663,0.5
AD Male vs Female,Frequency+Graph_MI+Graph_Corr,XGBoost,6,0.3571428571428571,0.5,0.41666666666666663,0.5
AD Male vs Female,Frequency+Graph_MI+Graph_Corr,Random Forest,7,0.6041666666666666,0.625,0.6045454545454546,0.625
AD Male vs Female,Frequency+Graph_MI+Graph_Corr,XGBoost,7,0.6041666666666666,0.625,0.6045454545454546,0.625
AD Male vs Female,Frequency+Graph_MI+Graph_Corr,Random Forest,8,0.6041666666666666,0.625,0.6045454545454546,0.625
AD Male vs Female,Frequency+Graph_MI+Graph_Corr,XGBoost,8,0.75,0.75,0.75,0.75
AD Male vs Female,Frequency+Graph_MI+Graph_Corr,Random Forest,9,0.6041666666666666,0.625,0.6045454545454546,0.625
AD Male vs Female,Frequency+Graph_MI+Graph_Corr,XGBoost,9,0.65625,0.625,0.6309523809523809,0.625
AD Male vs Female,Frequency+Graph_MI+Graph_Corr,Random Forest,10,0.6041666666666666,0.625,0.6045454545454546,0.625
AD Male vs Female,Frequency+Graph_MI+Graph_Corr,XGBoost,10,0.6041666666666666,0.625,0.6045454545454546,0.625
AD Male vs Female,Frequency+Graph_MI+Graph_Corr,Random Forest,11,0.75,0.75,0.75,0.75
AD Male vs Female,Frequency+Graph_MI+Graph_Corr,XGBoost,11,0.3125,0.375,0.3409090909090909,0.375
AD Male vs Female,Frequency+Graph_MI+Graph_Corr,Random Forest,12,0.6041666666666666,0.625,0.6045454545454546,0.625
AD Male vs Female,Frequency+Graph_MI+Graph_Corr,XGBoost,12,0.6041666666666666,0.625,0.6045454545454546,0.625
AD Male vs Female,Frequency+Graph_MI+Graph_Corr,Random Forest,13,0.6041666666666666,0.625,0.6045454545454546,0.625
AD Male vs Female,Frequency+Graph_MI+Graph_Corr,XGBoost,13,0.6041666666666666,0.625,0.6045454545454546,0.625
AD Male vs Female,Frequency+Graph_MI+Graph_Corr,Random Forest,14,0.5,0.5,0.5,0.5
AD Male vs Female,Frequency+Graph_MI+Graph_Corr,XGBoost,14,0.6041666666666666,0.625,0.6045454545454546,0.625
AD Male vs Female,Frequency+Graph_MI+Graph_Corr,Random Forest,15,0.6041666666666666,0.625,0.6045454545454546,0.625
AD Male vs Female,Frequency+Graph_MI+Graph_Corr,XGBoost,15,0.390625,0.625,0.4807692307692308,0.625
AD Male vs Female,Frequency+Graph_MI+Graph_Corr,Random Forest,16,0.40625,0.375,0.38492063492063494,0.375
AD Male vs Female,Frequency+Graph_MI+Graph_Corr,XGBoost,16,0.40625,0.375,0.38492063492063494,0.375
AD Male vs Female,Frequency+Graph_MI+Graph_Corr,Random Forest,17,0.40625,0.375,0.38492063492063494,0.375
AD Male vs Female,Frequency+Graph_MI+Graph_Corr,XGBoost,17,0.5,0.5,0.5,0.5
AD Male vs Female,Frequency+Graph_MI+Graph_Corr,Random Forest,18,0.6041666666666666,0.625,0.6045454545454546,0.625
AD Male vs Female,Frequency+Graph_MI+Graph_Corr,XGBoost,18,0.6041666666666666,0.625,0.6045454545454546,0.625
FTD Male vs Female,Frequency+Graph_MI+Graph_Corr,Random Forest,0,0.85,0.8,0.7809523809523808,0.8
FTD Male vs Female,Frequency+Graph_MI+Graph_Corr,XGBoost,0,0.36,0.6,0.45,0.6
FTD Male vs Female,Frequency+Graph_MI+Graph_Corr,Random Forest,1,0.8,0.6,0.5666666666666667,0.6
FTD Male vs Female,Frequency+Graph_MI+Graph_Corr,XGBoost,1,0.8,0.6,0.5666666666666667,0.6
FTD Male vs Female,Frequency+Graph_MI+Graph_Corr,Random Forest,2,0.3,0.4,0.34285714285714286,0.4
FTD Male vs Female,Frequency+Graph_MI+Graph_Corr,XGBoost,2,0.6,0.6,0.6,0.6
FTD Male vs Female,Frequency+Graph_MI+Graph_Corr,Random Forest,3,0.85,0.8,0.7809523809523808,0.8
FTD Male vs Female,Frequency+Graph_MI+Graph_Corr,XGBoost,3,0.4333333333333333,0.4,0.4,0.4
FTD Male vs Female,Frequency+Graph_MI+Graph_Corr,Random Forest,4,0.3,0.4,0.34285714285714286,0.4
FTD Male vs Female,Frequency+Graph_MI+Graph_Corr,XGBoost,4,0.36,0.6,0.45,0.6
FTD Male vs Female,Frequency+Graph_MI+Graph_Corr,Random Forest,5,0.8666666666666666,0.8,0.8,0.8
FTD Male vs Female,Frequency+Graph_MI+Graph_Corr,XGBoost,5,1.0,1.0,1.0,1.0
FTD Male vs Female,Frequency+Graph_MI+Graph_Corr,Random Forest,6,0.6,0.6,0.6,0.6
FTD Male vs Female,Frequency+Graph_MI+Graph_Corr,XGBoost,6,0.4333333333333333,0.4,0.4,0.4
FTD Male vs Female,Frequency+Graph_MI+Graph_Corr,Random Forest,7,0.6,0.6,0.6,0.6
FTD Male vs Female,Frequency+Graph_MI+Graph_Corr,XGBoost,7,1.0,1.0,1.0,1.0
FTD Male vs Female,Frequency+Graph_MI+Graph_Corr,Random Forest,8,0.36,0.6,0.45,0.6
FTD Male vs Female,Frequency+Graph_MI+Graph_Corr,XGBoost,8,0.36,0.6,0.45,0.6
FTD Male vs Female,Frequency+Graph_MI+Graph_Corr,Random Forest,9,0.85,0.8,0.7809523809523808,0.8
FTD Male vs Female,Frequency+Graph_MI+Graph_Corr,XGBoost,9,0.1,0.2,0.13333333333333333,0.2
FTD Male vs Female,Frequency+Graph_MI+Graph_Corr,Random Forest,10,0.36,0.6,0.45,0.6
FTD Male vs Female,Frequency+Graph_MI+Graph_Corr,XGBoost,10,0.3,0.4,0.34285714285714286,0.4
FTD Male vs Female,Frequency+Graph_MI+Graph_Corr,Random Forest,11,0.6,0.6,0.6,0.6
FTD Male vs Female,Frequency+Graph_MI+Graph_Corr,XGBoost,11,0.4333333333333333,0.4,0.4,0.4
FTD Male vs Female,Frequency+Graph_MI+Graph_Corr,Random Forest,12,0.85,0.8,0.7809523809523808,0.8
FTD Male vs Female,Frequency+Graph_MI+Graph_Corr,XGBoost,12,0.2,0.2,0.2,0.2
FTD Male vs Female,Frequency+Graph_MI+Graph_Corr,Random Forest,13,0.85,0.8,0.7809523809523808,0.8
FTD Male vs Female,Frequency+Graph_MI+Graph_Corr,XGBoost,13,0.85,0.8,0.7809523809523808,0.8
FTD Male vs Female,Frequency+Graph_MI+Graph_Corr,Random Forest,14,0.3,0.4,0.34285714285714286,0.4
FTD Male vs Female,Frequency+Graph_MI+Graph_Corr,XGBoost,14,0.6,0.6,0.6,0.6
FTD Male vs Female,Frequency+Graph_MI+Graph_Corr,Random Forest,15,0.36,0.6,0.45,0.6
FTD Male vs Female,Frequency+Graph_MI+Graph_Corr,XGBoost,15,0.3,0.4,0.34285714285714286,0.4
FTD Male vs Female,Frequency+Graph_MI+Graph_Corr,Random Forest,16,0.85,0.8,0.7809523809523808,0.8
FTD Male vs Female,Frequency+Graph_MI+Graph_Corr,XGBoost,16,0.85,0.8,0.7809523809523808,0.8
FTD Male vs Female,Frequency+Graph_MI+Graph_Corr,Random Forest,17,1.0,1.0,1.0,1.0
FTD Male vs Female,Frequency+Graph_MI+Graph_Corr,XGBoost,17,0.85,0.8,0.7809523809523808,0.8
FTD Male vs Female,Frequency+Graph_MI+Graph_Corr,Random Forest,18,1.0,1.0,1.0,1.0
FTD Male vs Female,Frequency+Graph_MI+Graph_Corr,XGBoost,18,0.8,0.6,0.5666666666666667,0.6
Healthy vs Patient,Frequency+Graph_PLV+Graph_Corr,Random Forest,0,0.6666666666666666,0.6666666666666666,0.6666666666666666,0.6666666666666666
Healthy vs Patient,Frequency+Graph_PLV+Graph_Corr,XGBoost,0,0.625,0.6666666666666666,0.6071428571428572,0.6666666666666666
Healthy vs Patient,Frequency+Graph_PLV+Graph_Corr,Random Forest,1,0.6277056277056277,0.6111111111111112,0.6176142697881828,0.6111111111111112
Healthy vs Patient,Frequency+Graph_PLV+Graph_Corr,XGBoost,1,0.5555555555555556,0.5555555555555556,0.5555555555555556,0.5555555555555556
Healthy vs Patient,Frequency+Graph_PLV+Graph_Corr,Random Forest,2,0.5555555555555556,0.6111111111111112,0.5679012345679013,0.6111111111111112
Healthy vs Patient,Frequency+Graph_PLV+Graph_Corr,XGBoost,2,0.5948717948717949,0.6111111111111112,0.6012121212121212,0.6111111111111112
Healthy vs Patient,Frequency+Graph_PLV+Graph_Corr,Random Forest,3,0.7128205128205128,0.7222222222222222,0.7151515151515153,0.7222222222222222
Healthy vs Patient,Frequency+Graph_PLV+Graph_Corr,XGBoost,3,0.7777777777777778,0.7777777777777778,0.7777777777777778,0.7777777777777778
Healthy vs Patient,Frequency+Graph_PLV+Graph_Corr,Random Forest,4,0.735930735930736,0.7222222222222222,0.7268673355629878,0.7222222222222222
Healthy vs Patient,Frequency+Graph_PLV+Graph_Corr,XGBoost,4,0.7777777777777778,0.7777777777777778,0.7777777777777778,0.7777777777777778
Healthy vs Patient,Frequency+Graph_PLV+Graph_Corr,Random Forest,5,0.511904761904762,0.5555555555555556,0.5282051282051281,0.5555555555555556
Healthy vs Patient,Frequency+Graph_PLV+Graph_Corr,XGBoost,5,0.7738095238095238,0.7777777777777778,0.764102564102564,0.7777777777777778
Healthy vs Patient,Frequency+Graph_PLV+Graph_Corr,Random Forest,6,0.511904761904762,0.5555555555555556,0.5282051282051281,0.5555555555555556
Healthy vs Patient,Frequency+Graph_PLV+Graph_Corr,XGBoost,6,0.7128205128205128,0.7222222222222222,0.7151515151515153,0.7222222222222222
Healthy vs Patient,Frequency+Graph_PLV+Graph_Corr,Random Forest,7,0.476923076923077,0.5,0.4872727272727272,0.5
Healthy vs Patient,Frequency+Graph_PLV+Graph_Corr,XGBoost,7,0.511904761904762,0.5555555555555556,0.5282051282051281,0.5555555555555556
Healthy vs Patient,Frequency+Graph_PLV+Graph_Corr,Random Forest,8,0.4444444444444444,0.6666666666666666,0.5333333333333334,0.6666666666666666
Healthy vs Patient,Frequency+Graph_PLV+Graph_Corr,XGBoost,8,0.511904761904762,0.5555555555555556,0.5282051282051281,0.5555555555555556
Healthy vs Patient,Frequency+Graph_PLV+Graph_Corr,Random Forest,9,0.8333333333333334,0.7777777777777778,0.738095238095238,0.7777777777777778
Healthy vs Patient,Frequency+Graph_PLV+Graph_Corr,XGBoost,9,0.7738095238095238,0.7777777777777778,0.764102564102564,0.7777777777777778
Healthy vs Patient,Frequency+Graph_PLV+Graph_Corr,Random Forest,10,0.5555555555555556,0.6111111111111112,0.5679012345679013,0.6111111111111112
Healthy vs Patient,Frequency+Graph_PLV+Graph_Corr,XGBoost,10,0.711111111111111,0.7222222222222222,0.691358024691358,0.7222222222222222
Healthy vs Patient,Frequency+Graph_PLV+Graph_Corr,Random Forest,11,0.711111111111111,0.7222222222222222,0.691358024691358,0.7222222222222222
Healthy vs Patient,Frequency+Graph_PLV+Graph_Corr,XGBoost,11,0.7738095238095238,0.7777777777777778,0.764102564102564,0.7777777777777778
Healthy vs Patient,Frequency+Graph_PLV+Graph_Corr,Random Forest,12,0.5948717948717949,0.6111111111111112,0.6012121212121212,0.6111111111111112
Healthy vs Patient,Frequency+Graph_PLV+Graph_Corr,XGBoost,12,0.7738095238095238,0.7777777777777778,0.764102564102564,0.7777777777777778
Healthy vs Patient,Frequency+Graph_PLV+Graph_Corr,Random Forest,13,0.6428571428571428,0.6666666666666666,0.6461538461538462,0.6666666666666666
Healthy vs Patient,Frequency+Graph_PLV+Graph_Corr,XGBoost,13,0.8888888888888888,0.8888888888888888,0.8888888888888888,0.8888888888888888
Healthy vs Patient,Frequency+Graph_PLV+Graph_Corr,Random Forest,14,0.5555555555555556,0.6111111111111112,0.5679012345679013,0.6111111111111112
Healthy vs Patient,Frequency+Graph_PLV+Graph_Corr,XGBoost,14,0.4833333333333333,0.4444444444444444,0.4588744588744588,0.4444444444444444
Healthy vs Patient,Frequency+Graph_PLV+Graph_Corr,Random Forest,15,0.5948717948717949,0.6111111111111112,0.6012121212121212,0.6111111111111112
Healthy vs Patient,Frequency+Graph_PLV+Graph_Corr,XGBoost,15,0.6666666666666666,0.6666666666666666,0.6666666666666666,0.6666666666666666
Healthy vs Patient,Frequency+Graph_PLV+Graph_Corr,Random Forest,16,0.8333333333333334,0.7777777777777778,0.738095238095238,0.7777777777777778
Healthy vs Patient,Frequency+Graph_PLV+Graph_Corr,XGBoost,16,0.8333333333333334,0.7777777777777778,0.738095238095238,0.7777777777777778
Healthy vs Patient,Frequency+Graph_PLV+Graph_Corr,Random Forest,17,0.8441558441558441,0.8333333333333334,0.8361204013377928,0.8333333333333334
Healthy vs Patient,Frequency+Graph_PLV+Graph_Corr,XGBoost,17,0.6277056277056277,0.6111111111111112,0.6176142697881828,0.6111111111111112
Healthy vs Patient,Frequency+Graph_PLV+Graph_Corr,Random Forest,18,0.8441558441558441,0.8333333333333334,0.8361204013377928,0.8333333333333334
Healthy vs Patient,Frequency+Graph_PLV+Graph_Corr,XGBoost,18,0.7777777777777778,0.7777777777777778,0.7777777777777778,0.7777777777777778
Healthy vs AD,Frequency+Graph_PLV+Graph_Corr,Random Forest,0,0.7783882783882785,0.7692307692307693,0.7692307692307693,0.7692307692307693
Healthy vs AD,Frequency+Graph_PLV+Graph_Corr,XGBoost,0,0.7730769230769231,0.7692307692307693,0.7664335664335665,0.7692307692307693
Healthy vs AD,Frequency+Graph_PLV+Graph_Corr,Random Forest,1,0.6923076923076923,0.6923076923076923,0.6923076923076923,0.6923076923076923
Healthy vs AD,Frequency+Graph_PLV+Graph_Corr,XGBoost,1,0.6134615384615384,0.6153846153846154,0.6107226107226107,0.6153846153846154
Healthy vs AD,Frequency+Graph_PLV+Graph_Corr,Random Forest,2,0.4230769230769231,0.46153846153846156,0.4193061840120664,0.46153846153846156
Healthy vs AD,Frequency+Graph_PLV+Graph_Corr,XGBoost,2,0.35470085470085466,0.38461538461538464,0.36153846153846153,0.38461538461538464
Healthy vs AD,Frequency+Graph_PLV+Graph_Corr,Random Forest,3,0.5384615384615384,0.5384615384615384,0.5384615384615384,0.5384615384615384
Healthy vs AD,Frequency+Graph_PLV+Graph_Corr,XGBoost,3,0.46703296703296704,0.46153846153846156,0.46153846153846156,0.46153846153846156
Healthy vs AD,Frequency+Graph_PLV+Graph_Corr,Random Forest,4,0.6134615384615384,0.6153846153846154,0.6107226107226107,0.6153846153846154
Healthy vs AD,Frequency+Graph_PLV+Graph_Corr,XGBoost,4,0.8384615384615384,0.7692307692307693,0.7511312217194571,0.7692307692307693
Healthy vs AD,Frequency+Graph_PLV+Graph_Corr,Random Forest,5,0.6134615384615384,0.6153846153846154,0.6107226107226107,0.6153846153846154
Healthy vs AD,Frequency+Graph_PLV+Graph_Corr,XGBoost,5,0.5384615384615384,0.5384615384615384,0.5384615384615384,0.5384615384615384
Healthy vs AD,Frequency+Graph_PLV+Graph_Corr,Random Forest,6,0.5299145299145299,0.5384615384615384,0.5211538461538462,0.5384615384615384
Healthy vs AD,Frequency+Graph_PLV+Graph_Corr,XGBoost,6,0.5384615384615384,0.5384615384615384,0.5384615384615384,0.5384615384615384
Healthy vs AD,Frequency+Graph_PLV+Graph_Corr,Random Forest,7,0.2692307692307692,0.46153846153846156,0.340080971659919,0.46153846153846156
Healthy vs AD,Frequency+Graph_PLV+Graph_Corr,XGBoost,7,0.7756410256410257,0.6153846153846154,0.5286292654713708,0.6153846153846154
Healthy vs AD,Frequency+Graph_PLV+Graph_Corr,Random Forest,8,0.7756410256410257,0.6153846153846154,0.5286292654713708,0.6153846153846154
Healthy vs AD,Frequency+Graph_PLV+Graph_Corr,XGBoost,8,0.7756410256410257,0.6153846153846154,0.5286292654713708,0.6153846153846154
Healthy vs AD,Frequency+Graph_PLV+Graph_Corr,Random Forest,9,0.5299145299145299,0.5384615384615384,0.5211538461538462,0.5384615384615384
Healthy vs AD,Frequency+Graph_PLV+Graph_Corr,XGBoost,9,0.7730769230769231,0.7692307692307693,0.7664335664335665,0.7692307692307693
Healthy vs AD,Frequency+Graph_PLV+Graph_Corr,Random Forest,10,0.8384615384615384,0.7692307692307693,0.7511312217194571,0.7692307692307693
Healthy vs AD,Frequency+Graph_PLV+Graph_Corr,XGBoost,10,0.5244755244755245,0.5384615384615384,0.47435897435897434,0.5384615384615384
Healthy vs AD,Frequency+Graph_PLV+Graph_Corr,Random Forest,11,0.8384615384615384,0.7692307692307693,0.7511312217194571,0.7692307692307693
Healthy vs AD,Frequency+Graph_PLV+Graph_Corr,XGBoost,11,0.8803418803418803,0.8461538461538461,0.8403846153846154,0.8461538461538461
Healthy vs AD,Frequency+Graph_PLV+Graph_Corr,Random Forest,12,0.804195804195804,0.6923076923076923,0.6495726495726496,0.6923076923076923
Healthy vs AD,Frequency+Graph_PLV+Graph_Corr,XGBoost,12,0.804195804195804,0.6923076923076923,0.6495726495726496,0.6923076923076923
Healthy vs AD,Frequency+Graph_PLV+Graph_Corr,Random Forest,13,0.6134615384615384,0.6153846153846154,0.6107226107226107,0.6153846153846154
Healthy vs AD,Frequency+Graph_PLV+Graph_Corr,XGBoost,13,0.6307692307692307,0.6153846153846154,0.5852187028657616,0.6153846153846154
Healthy vs AD,Frequency+Graph_PLV+Graph_Corr,Random Forest,14,0.5244755244755245,0.5384615384615384,0.47435897435897434,0.5384615384615384
Healthy vs AD,Frequency+Graph_PLV+Graph_Corr,XGBoost,14,0.4230769230769231,0.46153846153846156,0.4193061840120664,0.46153846153846156
Healthy vs AD,Frequency+Graph_PLV+Graph_Corr,Random Forest,15,0.6134615384615384,0.6153846153846154,0.6107226107226107,0.6153846153846154
Healthy vs AD,Frequency+Graph_PLV+Graph_Corr,XGBoost,15,0.5384615384615384,0.5384615384615384,0.5384615384615384,0.5384615384615384
Healthy vs AD,Frequency+Graph_PLV+Graph_Corr,Random Forest,16,0.7051282051282051,0.6923076923076923,0.6807692307692308,0.6923076923076923
Healthy vs AD,Frequency+Graph_PLV+Graph_Corr,XGBoost,16,0.8846153846153846,0.8461538461538461,0.8443223443223443,0.8461538461538461
Healthy vs AD,Frequency+Graph_PLV+Graph_Corr,Random Forest,17,0.8803418803418803,0.8461538461538461,0.8403846153846154,0.8461538461538461
Healthy vs AD,Frequency+Graph_PLV+Graph_Corr,XGBoost,17,0.6134615384615384,0.6153846153846154,0.6107226107226107,0.6153846153846154
Healthy vs AD,Frequency+Graph_PLV+Graph_Corr,Random Forest,18,0.5299145299145299,0.5384615384615384,0.5211538461538462,0.5384615384615384
Healthy vs AD,Frequency+Graph_PLV+Graph_Corr,XGBoost,18,0.4230769230769231,0.46153846153846156,0.4193061840120664,0.46153846153846156
Healthy vs FTD,Frequency+Graph_PLV+Graph_Corr,Random Forest,0,0.7393939393939394,0.7272727272727273,0.7272727272727273,0.7272727272727273
Healthy vs FTD,Frequency+Graph_PLV+Graph_Corr,XGBoost,0,0.7393939393939394,0.7272727272727273,0.7272727272727273,0.7272727272727273
Healthy vs FTD,Frequency+Graph_PLV+Graph_Corr,Random Forest,1,0.7305194805194805,0.7272727272727273,0.7226107226107227,0.7272727272727273
Healthy vs FTD,Frequency+Graph_PLV+Graph_Corr,XGBoost,1,0.7305194805194805,0.7272727272727273,0.7226107226107227,0.7272727272727273
Healthy vs FTD,Frequency+Graph_PLV+Graph_Corr,Random Forest,2,0.538961038961039,0.5454545454545454,0.5376845376845377,0.5454545454545454
Healthy vs FTD,Frequency+Graph_PLV+Graph_Corr,XGBoost,2,0.538961038961039,0.5454545454545454,0.5376845376845377,0.5454545454545454
Healthy vs FTD,Frequency+Graph_PLV+Graph_Corr,Random Forest,3,0.8181818181818182,0.7272727272727273,0.6961038961038961,0.7272727272727273
Healthy vs FTD,Frequency+Graph_PLV+Graph_Corr,XGBoost,3,0.6439393939393939,0.6363636363636364,0.6168831168831169,0.6363636363636364
Healthy vs FTD,Frequency+Graph_PLV+Graph_Corr,Random Forest,4,0.5545454545454546,0.5454545454545454,0.5454545454545454,0.5454545454545454
Healthy vs FTD,Frequency+Graph_PLV+Graph_Corr,XGBoost,4,0.5545454545454546,0.5454545454545454,0.5454545454545454,0.5454545454545454
Healthy vs FTD,Frequency+Graph_PLV+Graph_Corr,Random Forest,5,0.45454545454545453,0.45454545454545453,0.45454545454545453,0.45454545454545453
Healthy vs FTD,Frequency+Graph_PLV+Graph_Corr,XGBoost,5,0.4242424242424242,0.45454545454545453,0.4253246753246753,0.45454545454545453
Healthy vs FTD,Frequency+Graph_PLV+Graph_Corr,Random Forest,6,0.7305194805194805,0.7272727272727273,0.7226107226107227,0.7272727272727273
Healthy vs FTD,Frequency+Graph_PLV+Graph_Corr,XGBoost,6,0.6439393939393939,0.6363636363636364,0.6168831168831169,0.6363636363636364
Healthy vs FTD,Frequency+Graph_PLV+Graph_Corr,Random Forest,7,0.2424242424242424,0.36363636363636365,0.29090909090909095,0.36363636363636365
Healthy vs FTD,Frequency+Graph_PLV+Graph_Corr,XGBoost,7,0.45454545454545453,0.45454545454545453,0.45454545454545453,0.45454545454545453
Healthy vs FTD,Frequency+Graph_PLV+Graph_Corr,Random Forest,8,0.6363636363636364,0.6363636363636364,0.6363636363636364,0.6363636363636364
Healthy vs FTD,Frequency+Graph_PLV+Graph_Corr,XGBoost,8,0.46753246753246747,0.45454545454545453,0.4454545454545455,0.45454545454545453
Healthy vs FTD,Frequency+Graph_PLV+Graph_Corr,Random Forest,9,0.45454545454545453,0.45454545454545453,0.45454545454545453,0.45454545454545453
Healthy vs FTD,Frequency+Graph_PLV+Graph_Corr,XGBoost,9,0.45454545454545453,0.45454545454545453,0.45454545454545453,0.45454545454545453
Healthy vs FTD,Frequency+Graph_PLV+Graph_Corr,Random Forest,10,0.8636363636363636,0.8181818181818182,0.8084415584415584,0.8181818181818182
Healthy vs FTD,Frequency+Graph_PLV+Graph_Corr,XGBoost,10,0.5545454545454546,0.5454545454545454,0.5454545454545454,0.5454545454545454
Healthy vs FTD,Frequency+Graph_PLV+Graph_Corr,Random Forest,11,0.6439393939393939,0.6363636363636364,0.6168831168831169,0.6363636363636364
Healthy vs FTD,Frequency+Graph_PLV+Graph_Corr,XGBoost,11,0.538961038961039,0.5454545454545454,0.5376845376845377,0.5454545454545454
Healthy vs FTD,Frequency+Graph_PLV+Graph_Corr,Random Forest,12,0.4242424242424242,0.45454545454545453,0.4253246753246753,0.45454545454545453
Healthy vs FTD,Frequency+Graph_PLV+Graph_Corr,XGBoost,12,0.8181818181818182,0.8181818181818182,0.8181818181818182,0.8181818181818182
Healthy vs FTD,Frequency+Graph_PLV+Graph_Corr,Random Forest,13,0.45454545454545453,0.45454545454545453,0.45454545454545453,0.45454545454545453
Healthy vs FTD,Frequency+Graph_PLV+Graph_Corr,XGBoost,13,0.538961038961039,0.5454545454545454,0.5376845376845377,0.5454545454545454
Healthy vs FTD,Frequency+Graph_PLV+Graph_Corr,Random Forest,14,0.6363636363636364,0.6363636363636364,0.6363636363636364,0.6363636363636364
Healthy vs FTD,Frequency+Graph_PLV+Graph_Corr,XGBoost,14,0.3696969696969697,0.36363636363636365,0.36363636363636365,0.36363636363636365
Healthy vs FTD,Frequency+Graph_PLV+Graph_Corr,Random Forest,15,0.5303030303030304,0.5454545454545454,0.4935064935064935,0.5454545454545454
Healthy vs FTD,Frequency+Graph_PLV+Graph_Corr,XGBoost,15,0.5545454545454546,0.5454545454545454,0.5454545454545454,0.5454545454545454
Healthy vs FTD,Frequency+Graph_PLV+Graph_Corr,Random Forest,16,0.6439393939393939,0.6363636363636364,0.6168831168831169,0.6363636363636364
Healthy vs FTD,Frequency+Graph_PLV+Graph_Corr,XGBoost,16,0.6363636363636364,0.6363636363636364,0.6363636363636364,0.6363636363636364
Healthy vs FTD,Frequency+Graph_PLV+Graph_Corr,Random Forest,17,0.6439393939393939,0.6363636363636364,0.6168831168831169,0.6363636363636364
Healthy vs FTD,Frequency+Graph_PLV+Graph_Corr,XGBoost,17,0.7305194805194805,0.7272727272727273,0.7226107226107227,0.7272727272727273
Healthy vs FTD,Frequency+Graph_PLV+Graph_Corr,Random Forest,18,0.538961038961039,0.5454545454545454,0.5376845376845377,0.5454545454545454
Healthy vs FTD,Frequency+Graph_PLV+Graph_Corr,XGBoost,18,0.538961038961039,0.5454545454545454,0.5376845376845377,0.5454545454545454
AD vs FTD,Frequency+Graph_PLV+Graph_Corr,Random Forest,0,0.34027777777777785,0.5833333333333334,0.4298245614035088,0.5833333333333334
AD vs FTD,Frequency+Graph_PLV+Graph_Corr,XGBoost,0,0.46296296296296297,0.5,0.46875,0.5
AD vs FTD,Frequency+Graph_PLV+Graph_Corr,Random Forest,1,0.5583333333333333,0.5833333333333334,0.530812324929972,0.5833333333333334
AD vs FTD,Frequency+Graph_PLV+Graph_Corr,XGBoost,1,0.25925925925925924,0.3333333333333333,0.2916666666666667,0.3333333333333333
AD vs FTD,Frequency+Graph_PLV+Graph_Corr,Random Forest,2,0.6458333333333334,0.5833333333333334,0.5745920745920746,0.5833333333333334
AD vs FTD,Frequency+Graph_PLV+Graph_Corr,XGBoost,2,0.3333333333333333,0.3333333333333333,0.3333333333333333,0.3333333333333333
AD vs FTD,Frequency+Graph_PLV+Graph_Corr,Random Forest,3,0.3958333333333333,0.4166666666666667,0.40370370370370373,0.4166666666666667
AD vs FTD,Frequency+Graph_PLV+Graph_Corr,XGBoost,3,0.5972222222222222,0.5833333333333334,0.5862470862470862,0.5833333333333334
AD vs FTD,Frequency+Graph_PLV+Graph_Corr,Random Forest,4,0.5729166666666666,0.5833333333333334,0.5740740740740741,0.5833333333333334
AD vs FTD,Frequency+Graph_PLV+Graph_Corr,XGBoost,4,0.46296296296296297,0.5,0.46875,0.5
AD vs FTD,Frequency+Graph_PLV+Graph_Corr,Random Forest,5,0.5,0.5,0.5,0.5
AD vs FTD,Frequency+Graph_PLV+Graph_Corr,XGBoost,5,0.3333333333333333,0.3333333333333333,0.3333333333333333,0.3333333333333333
AD vs FTD,Frequency+Graph_PLV+Graph_Corr,Random Forest,6,0.6666666666666666,0.6666666666666666,0.6458333333333334,0.6666666666666666
AD vs FTD,Frequency+Graph_PLV+Graph_Corr,XGBoost,6,0.5972222222222222,0.5833333333333334,0.5862470862470862,0.5833333333333334
AD vs FTD,Frequency+Graph_PLV+Graph_Corr,Random Forest,7,0.16666666666666666,0.16666666666666666,0.16666666666666666,0.16666666666666666
AD vs FTD,Frequency+Graph_PLV+Graph_Corr,XGBoost,7,0.09722222222222221,0.08333333333333333,0.08974358974358976,0.08333333333333333
AD vs FTD,Frequency+Graph_PLV+Graph_Corr,Random Forest,8,0.3181818181818182,0.5,0.38888888888888884,0.5
AD vs FTD,Frequency+Graph_PLV+Graph_Corr,XGBoost,8,0.5583333333333333,0.5833333333333334,0.530812324929972,0.5833333333333334
AD vs FTD,Frequency+Graph_PLV+Graph_Corr,Random Forest,9,0.7878787878787877,0.6666666666666666,0.5925925925925926,0.6666666666666666
AD vs FTD,Frequency+Graph_PLV+Graph_Corr,XGBoost,9,0.34027777777777785,0.5833333333333334,0.4298245614035088,0.5833333333333334
AD vs FTD,Frequency+Graph_PLV+Graph_Corr,Random Forest,10,0.5729166666666666,0.5833333333333334,0.5740740740740741,0.5833333333333334
AD vs FTD,Frequency+Graph_PLV+Graph_Corr,XGBoost,10,0.5729166666666666,0.5833333333333334,0.5740740740740741,0.5833333333333334
AD vs FTD,Frequency+Graph_PLV+Graph_Corr,Random Forest,11,0.2916666666666667,0.4166666666666667,0.34313725490196084,0.4166666666666667
AD vs FTD,Frequency+Graph_PLV+Graph_Corr,XGBoost,11,0.46296296296296297,0.5,0.46875,0.5
AD vs FTD,Frequency+Graph_PLV+Graph_Corr,Random Forest,12,0.7047619047619048,0.6666666666666666,0.6666666666666666,0.6666666666666666
AD vs FTD,Frequency+Graph_PLV+Graph_Corr,XGBoost,12,0.5729166666666666,0.5833333333333334,0.5740740740740741,0.5833333333333334
AD vs FTD,Frequency+Graph_PLV+Graph_Corr,Random Forest,13,0.25925925925925924,0.3333333333333333,0.2916666666666667,0.3333333333333333
AD vs FTD,Frequency+Graph_PLV+Graph_Corr,XGBoost,13,0.25925925925925924,0.3333333333333333,0.2916666666666667,0.3333333333333333
AD vs FTD,Frequency+Graph_PLV+Graph_Corr,Random Forest,14,0.46296296296296297,0.5,0.46875,0.5
AD vs FTD,Frequency+Graph_PLV+Graph_Corr,XGBoost,14,0.7047619047619048,0.6666666666666666,0.6666666666666666,0.6666666666666666
AD vs FTD,Frequency+Graph_PLV+Graph_Corr,Random Forest,15,0.5729166666666666,0.5833333333333334,0.5740740740740741,0.5833333333333334
AD vs FTD,Frequency+Graph_PLV+Graph_Corr,XGBoost,15,0.8703703703703703,0.8333333333333334,0.8229166666666666,0.8333333333333334
AD vs FTD,Frequency+Graph_PLV+Graph_Corr,Random Forest,16,0.6666666666666666,0.6666666666666666,0.6458333333333334,0.6666666666666666
AD vs FTD,Frequency+Graph_PLV+Graph_Corr,XGBoost,16,0.5583333333333333,0.5833333333333334,0.530812324929972,0.5833333333333334
AD vs FTD,Frequency+Graph_PLV+Graph_Corr,Random Forest,17,0.6666666666666666,0.6666666666666666,0.6666666666666666,0.6666666666666666
AD vs FTD,Frequency+Graph_PLV+Graph_Corr,XGBoost,17,0.8333333333333334,0.8333333333333334,0.8333333333333334,0.8333333333333334
AD vs FTD,Frequency+Graph_PLV+Graph_Corr,Random Forest,18,0.5729166666666666,0.5833333333333334,0.5740740740740741,0.5833333333333334
AD vs FTD,Frequency+Graph_PLV+Graph_Corr,XGBoost,18,0.5729166666666666,0.5833333333333334,0.5740740740740741,0.5833333333333334
AD Male vs Female,Frequency+Graph_PLV+Graph_Corr,Random Forest,0,0.5,0.5,0.5,0.5
AD Male vs Female,Frequency+Graph_PLV+Graph_Corr,XGBoost,0,0.75,0.75,0.75,0.75
AD Male vs Female,Frequency+Graph_PLV+Graph_Corr,Random Forest,1,0.6041666666666666,0.625,0.6045454545454546,0.625
AD Male vs Female,Frequency+Graph_PLV+Graph_Corr,XGBoost,1,0.6041666666666666,0.625,0.6045454545454546,0.625
AD Male vs Female,Frequency+Graph_PLV+Graph_Corr,Random Forest,2,0.6041666666666666,0.625,0.6045454545454546,0.625
AD Male vs Female,Frequency+Graph_PLV+Graph_Corr,XGBoost,2,0.8214285714285714,0.75,0.7083333333333334,0.75
AD Male vs Female,Frequency+Graph_PLV+Graph_Corr,Random Forest,3,0.8958333333333334,0.875,0.8681818181818182,0.875
AD Male vs Female,Frequency+Graph_PLV+Graph_Corr,XGBoost,3,0.8214285714285714,0.75,0.7083333333333334,0.75
AD Male vs Female,Frequency+Graph_PLV+Graph_Corr,Random Forest,4,0.6041666666666666,0.625,0.6045454545454546,0.625
AD Male vs Female,Frequency+Graph_PLV+Graph_Corr,XGBoost,4,0.5,0.5,0.5,0.5
AD Male vs Female,Frequency+Graph_PLV+Graph_Corr,Random Forest,5,0.6041666666666666,0.625,0.6045454545454546,0.625
AD Male vs Female,Frequency+Graph_PLV+Graph_Corr,XGBoost,5,0.6041666666666666,0.625,0.6045454545454546,0.625
AD Male vs Female,Frequency+Graph_PLV+Graph_Corr,Random Forest,6,0.6041666666666666,0.625,0.6045454545454546,0.625
AD Male vs Female,Frequency+Graph_PLV+Graph_Corr,XGBoost,6,0.3571428571428571,0.5,0.41666666666666663,0.5
AD Male vs Female,Frequency+Graph_PLV+Graph_Corr,Random Forest,7,0.6041666666666666,0.625,0.6045454545454546,0.625
AD Male vs Female,Frequency+Graph_PLV+Graph_Corr,XGBoost,7,0.3571428571428571,0.5,0.41666666666666663,0.5
AD Male vs Female,Frequency+Graph_PLV+Graph_Corr,Random Forest,8,0.3571428571428571,0.5,0.41666666666666663,0.5
AD Male vs Female,Frequency+Graph_PLV+Graph_Corr,XGBoost,8,0.6041666666666666,0.625,0.6045454545454546,0.625
AD Male vs Female,Frequency+Graph_PLV+Graph_Corr,Random Forest,9,0.5,0.5,0.5,0.5
AD Male vs Female,Frequency+Graph_PLV+Graph_Corr,XGBoost,9,0.5666666666666667,0.5,0.5,0.5
AD Male vs Female,Frequency+Graph_PLV+Graph_Corr,Random Forest,10,0.75,0.75,0.75,0.75
AD Male vs Female,Frequency+Graph_PLV+Graph_Corr,XGBoost,10,0.390625,0.625,0.4807692307692308,0.625
AD Male vs Female,Frequency+Graph_PLV+Graph_Corr,Random Forest,11,0.6041666666666666,0.625,0.6045454545454546,0.625
AD Male vs Female,Frequency+Graph_PLV+Graph_Corr,XGBoost,11,0.5,0.5,0.5,0.5
AD Male vs Female,Frequency+Graph_PLV+Graph_Corr,Random Forest,12,0.75,0.75,0.75,0.75
AD Male vs Female,Frequency+Graph_PLV+Graph_Corr,XGBoost,12,0.40625,0.375,0.38492063492063494,0.375
AD Male vs Female,Frequency+Graph_PLV+Graph_Corr,Random Forest,13,0.5,0.5,0.5,0.5
AD Male vs Female,Frequency+Graph_PLV+Graph_Corr,XGBoost,13,0.6041666666666666,0.625,0.6045454545454546,0.625
AD Male vs Female,Frequency+Graph_PLV+Graph_Corr,Random Forest,14,0.6041666666666666,0.625,0.6045454545454546,0.625
AD Male vs Female,Frequency+Graph_PLV+Graph_Corr,XGBoost,14,0.6041666666666666,0.625,0.6045454545454546,0.625
AD Male vs Female,Frequency+Graph_PLV+Graph_Corr,Random Forest,15,0.75,0.75,0.75,0.75
AD Male vs Female,Frequency+Graph_PLV+Graph_Corr,XGBoost,15,0.6041666666666666,0.625,0.6045454545454546,0.625
AD Male vs Female,Frequency+Graph_PLV+Graph_Corr,Random Forest,16,0.5,0.5,0.5,0.5
AD Male vs Female,Frequency+Graph_PLV+Graph_Corr,XGBoost,16,0.5,0.5,0.5,0.5
AD Male vs Female,Frequency+Graph_PLV+Graph_Corr,Random Forest,17,0.5,0.5,0.5,0.5
AD Male vs Female,Frequency+Graph_PLV+Graph_Corr,XGBoost,17,0.3125,0.375,0.3409090909090909,0.375
AD Male vs Female,Frequency+Graph_PLV+Graph_Corr,Random Forest,18,0.6041666666666666,0.625,0.6045454545454546,0.625
AD Male vs Female,Frequency+Graph_PLV+Graph_Corr,XGBoost,18,0.8214285714285714,0.75,0.7083333333333334,0.75
FTD Male vs Female,Frequency+Graph_PLV+Graph_Corr,Random Forest,0,0.85,0.8,0.7809523809523808,0.8
FTD Male vs Female,Frequency+Graph_PLV+Graph_Corr,XGBoost,0,0.3,0.4,0.34285714285714286,0.4
FTD Male vs Female,Frequency+Graph_PLV+Graph_Corr,Random Forest,1,0.8,0.6,0.5666666666666667,0.6
FTD Male vs Female,Frequency+Graph_PLV+Graph_Corr,XGBoost,1,0.4333333333333333,0.4,0.4,0.4
FTD Male vs Female,Frequency+Graph_PLV+Graph_Corr,Random Forest,2,0.3,0.4,0.34285714285714286,0.4
FTD Male vs Female,Frequency+Graph_PLV+Graph_Corr,XGBoost,2,0.6,0.6,0.6,0.6
FTD Male vs Female,Frequency+Graph_PLV+Graph_Corr,Random Forest,3,0.6,0.6,0.6,0.6
FTD Male vs Female,Frequency+Graph_PLV+Graph_Corr,XGBoost,3,0.6,0.6,0.6,0.6
FTD Male vs Female,Frequency+Graph_PLV+Graph_Corr,Random Forest,4,0.6,0.6,0.6,0.6
FTD Male vs Female,Frequency+Graph_PLV+Graph_Corr,XGBoost,4,0.36,0.6,0.45,0.6
FTD Male vs Female,Frequency+Graph_PLV+Graph_Corr,Random Forest,5,0.4333333333333333,0.4,0.4,0.4
FTD Male vs Female,Frequency+Graph_PLV+Graph_Corr,XGBoost,5,0.2,0.2,0.2,0.2
FTD Male vs Female,Frequency+Graph_PLV+Graph_Corr,Random Forest,6,0.8,0.6,0.5666666666666667,0.6
FTD Male vs Female,Frequency+Graph_PLV+Graph_Corr,XGBoost,6,0.36,0.6,0.45,0.6
FTD Male vs Female,Frequency+Graph_PLV+Graph_Corr,Random Forest,7,0.6,0.6,0.6,0.6
FTD Male vs Female,Frequency+Graph_PLV+Graph_Corr,XGBoost,7,0.6,0.6,0.6,0.6
FTD Male vs Female,Frequency+Graph_PLV+Graph_Corr,Random Forest,8,0.36,0.6,0.45,0.6
FTD Male vs Female,Frequency+Graph_PLV+Graph_Corr,XGBoost,8,0.36,0.6,0.45,0.6
FTD Male vs Female,Frequency+Graph_PLV+Graph_Corr,Random Forest,9,0.6,0.6,0.6,0.6
FTD Male vs Female,Frequency+Graph_PLV+Graph_Corr,XGBoost,9,0.4333333333333333,0.4,0.4,0.4
FTD Male vs Female,Frequency+Graph_PLV+Graph_Corr,Random Forest,10,0.6,0.6,0.6,0.6
FTD Male vs Female,Frequency+Graph_PLV+Graph_Corr,XGBoost,10,0.6,0.6,0.6,0.6
FTD Male vs Female,Frequency+Graph_PLV+Graph_Corr,Random Forest,11,0.3,0.4,0.34285714285714286,0.4
FTD Male vs Female,Frequency+Graph_PLV+Graph_Corr,XGBoost,11,0.36,0.6,0.45,0.6
FTD Male vs Female,Frequency+Graph_PLV+Graph_Corr,Random Forest,12,0.85,0.8,0.7809523809523808,0.8
FTD Male vs Female,Frequency+Graph_PLV+Graph_Corr,XGBoost,12,0.2,0.2,0.2,0.2
FTD Male vs Female,Frequency+Graph_PLV+Graph_Corr,Random Forest,13,0.85,0.8,0.7809523809523808,0.8
FTD Male vs Female,Frequency+Graph_PLV+Graph_Corr,XGBoost,13,0.85,0.8,0.7809523809523808,0.8
FTD Male vs Female,Frequency+Graph_PLV+Graph_Corr,Random Forest,14,0.3,0.4,0.34285714285714286,0.4
FTD Male vs Female,Frequency+Graph_PLV+Graph_Corr,XGBoost,14,0.85,0.8,0.7809523809523808,0.8
FTD Male vs Female,Frequency+Graph_PLV+Graph_Corr,Random Forest,15,0.36,0.6,0.45,0.6
FTD Male vs Female,Frequency+Graph_PLV+Graph_Corr,XGBoost,15,0.2,0.2,0.2,0.2
FTD Male vs Female,Frequency+Graph_PLV+Graph_Corr,Random Forest,16,0.85,0.8,0.7809523809523808,0.8
FTD Male vs Female,Frequency+Graph_PLV+Graph_Corr,XGBoost,16,0.85,0.8,0.7809523809523808,0.8
FTD Male vs Female,Frequency+Graph_PLV+Graph_Corr,Random Forest,17,0.85,0.8,0.7809523809523808,0.8
FTD Male vs Female,Frequency+Graph_PLV+Graph_Corr,XGBoost,17,0.85,0.8,0.7809523809523808,0.8
FTD Male vs Female,Frequency+Graph_PLV+Graph_Corr,Random Forest,18,1.0,1.0,1.0,1.0
FTD Male vs Female,Frequency+Graph_PLV+Graph_Corr,XGBoost,18,0.36,0.6,0.45,0.6
Healthy vs Patient,Graph_MI+Graph_PLV+Graph_Corr,Random Forest,0,0.7000000000000001,0.6666666666666666,0.6753246753246753,0.6666666666666666
Healthy vs Patient,Graph_MI+Graph_PLV+Graph_Corr,XGBoost,0,0.5948717948717949,0.6111111111111112,0.6012121212121212,0.6111111111111112
Healthy vs Patient,Graph_MI+Graph_PLV+Graph_Corr,Random Forest,1,0.5555555555555556,0.5555555555555556,0.5555555555555556,0.5555555555555556
Healthy vs Patient,Graph_MI+Graph_PLV+Graph_Corr,XGBoost,1,0.5555555555555556,0.6111111111111112,0.5679012345679013,0.6111111111111112
Healthy vs Patient,Graph_MI+Graph_PLV+Graph_Corr,Random Forest,2,0.4166666666666667,0.5555555555555556,0.47619047619047616,0.5555555555555556
Healthy vs Patient,Graph_MI+Graph_PLV+Graph_Corr,XGBoost,2,0.5948717948717949,0.6111111111111112,0.6012121212121212,0.6111111111111112
Healthy vs Patient,Graph_MI+Graph_PLV+Graph_Corr,Random Forest,3,0.39999999999999997,0.5,0.4444444444444444,0.5
Healthy vs Patient,Graph_MI+Graph_PLV+Graph_Corr,XGBoost,3,0.511904761904762,0.5555555555555556,0.5282051282051281,0.5555555555555556
Healthy vs Patient,Graph_MI+Graph_PLV+Graph_Corr,Random Forest,4,0.8333333333333334,0.7777777777777778,0.738095238095238,0.7777777777777778
Healthy vs Patient,Graph_MI+Graph_PLV+Graph_Corr,XGBoost,4,0.7128205128205128,0.7222222222222222,0.7151515151515153,0.7222222222222222
Healthy vs Patient,Graph_MI+Graph_PLV+Graph_Corr,Random Forest,5,0.7738095238095238,0.7777777777777778,0.764102564102564,0.7777777777777778
Healthy vs Patient,Graph_MI+Graph_PLV+Graph_Corr,XGBoost,5,0.6277056277056277,0.6111111111111112,0.6176142697881828,0.6111111111111112
Healthy vs Patient,Graph_MI+Graph_PLV+Graph_Corr,Random Forest,6,0.6428571428571428,0.6666666666666666,0.6461538461538462,0.6666666666666666
Healthy vs Patient,Graph_MI+Graph_PLV+Graph_Corr,XGBoost,6,0.476923076923077,0.5,0.4872727272727272,0.5
Healthy vs Patient,Graph_MI+Graph_PLV+Graph_Corr,Random Forest,7,0.5555555555555556,0.5555555555555556,0.5555555555555556,0.5555555555555556
Healthy vs Patient,Graph_MI+Graph_PLV+Graph_Corr,XGBoost,7,0.6277056277056277,0.6111111111111112,0.6176142697881828,0.6111111111111112
Healthy vs Patient,Graph_MI+Graph_PLV+Graph_Corr,Random Forest,8,0.476923076923077,0.5,0.4872727272727272,0.5
Healthy vs Patient,Graph_MI+Graph_PLV+Graph_Corr,XGBoost,8,0.4444444444444444,0.4444444444444444,0.4444444444444444,0.4444444444444444
Healthy vs Patient,Graph_MI+Graph_PLV+Graph_Corr,Random Forest,9,0.6428571428571428,0.6666666666666666,0.6461538461538462,0.6666666666666666
Healthy vs Patient,Graph_MI+Graph_PLV+Graph_Corr,XGBoost,9,0.5948717948717949,0.6111111111111112,0.6012121212121212,0.6111111111111112
Healthy vs Patient,Graph_MI+Graph_PLV+Graph_Corr,Random Forest,10,0.5555555555555556,0.6111111111111112,0.5679012345679013,0.6111111111111112
Healthy vs Patient,Graph_MI+Graph_PLV+Graph_Corr,XGBoost,10,0.511904761904762,0.5555555555555556,0.5282051282051281,0.5555555555555556
Healthy vs Patient,Graph_MI+Graph_PLV+Graph_Corr,Random Forest,11,0.5194805194805194,0.5,0.508361204013378,0.5
Healthy vs Patient,Graph_MI+Graph_PLV+Graph_Corr,XGBoost,11,0.7000000000000001,0.6666666666666666,0.6753246753246753,0.6666666666666666
Healthy vs Patient,Graph_MI+Graph_PLV+Graph_Corr,Random Forest,12,0.4166666666666667,0.5555555555555556,0.47619047619047616,0.5555555555555556
Healthy vs Patient,Graph_MI+Graph_PLV+Graph_Corr,XGBoost,12,0.6428571428571428,0.6666666666666666,0.6461538461538462,0.6666666666666666
Healthy vs Patient,Graph_MI+Graph_PLV+Graph_Corr,Random Forest,13,0.4166666666666667,0.5555555555555556,0.47619047619047616,0.5555555555555556
Healthy vs Patient,Graph_MI+Graph_PLV+Graph_Corr,XGBoost,13,0.39999999999999997,0.5,0.4444444444444444,0.5
Healthy vs Patient,Graph_MI+Graph_PLV+Graph_Corr,Random Forest,14,0.4166666666666667,0.5555555555555556,0.47619047619047616,0.5555555555555556
Healthy vs Patient,Graph_MI+Graph_PLV+Graph_Corr,XGBoost,14,0.358974358974359,0.3888888888888889,0.37333333333333335,0.3888888888888889
Healthy vs Patient,Graph_MI+Graph_PLV+Graph_Corr,Random Forest,15,0.6428571428571428,0.6666666666666666,0.6461538461538462,0.6666666666666666
Healthy vs Patient,Graph_MI+Graph_PLV+Graph_Corr,XGBoost,15,0.4166666666666667,0.5555555555555556,0.47619047619047616,0.5555555555555556
Healthy vs Patient,Graph_MI+Graph_PLV+Graph_Corr,Random Forest,16,0.511904761904762,0.5555555555555556,0.5282051282051281,0.5555555555555556
Healthy vs Patient,Graph_MI+Graph_PLV+Graph_Corr,XGBoost,16,0.43137254901960786,0.6111111111111112,0.5057471264367815,0.6111111111111112
Healthy vs Patient,Graph_MI+Graph_PLV+Graph_Corr,Random Forest,17,0.39999999999999997,0.5,0.4444444444444444,0.5
Healthy vs Patient,Graph_MI+Graph_PLV+Graph_Corr,XGBoost,17,0.5194805194805194,0.5,0.508361204013378,0.5
Healthy vs Patient,Graph_MI+Graph_PLV+Graph_Corr,Random Forest,18,0.5194805194805194,0.5,0.508361204013378,0.5
Healthy vs Patient,Graph_MI+Graph_PLV+Graph_Corr,XGBoost,18,0.6277056277056277,0.6111111111111112,0.6176142697881828,0.6111111111111112
Healthy vs AD,Graph_MI+Graph_PLV+Graph_Corr,Random Forest,0,0.5897435897435896,0.5384615384615384,0.5038461538461539,0.5384615384615384
Healthy vs AD,Graph_MI+Graph_PLV+Graph_Corr,XGBoost,0,0.46703296703296704,0.46153846153846156,0.46153846153846156,0.46153846153846156
Healthy vs AD,Graph_MI+Graph_PLV+Graph_Corr,Random Forest,1,0.6134615384615384,0.6153846153846154,0.6107226107226107,0.6153846153846154
Healthy vs AD,Graph_MI+Graph_PLV+Graph_Corr,XGBoost,1,0.6923076923076923,0.6923076923076923,0.6923076923076923,0.6923076923076923
Healthy vs AD,Graph_MI+Graph_PLV+Graph_Corr,Random Forest,2,0.29423076923076924,0.3076923076923077,0.2993006993006993,0.3076923076923077
Healthy vs AD,Graph_MI+Graph_PLV+Graph_Corr,XGBoost,2,0.35470085470085466,0.38461538461538464,0.36153846153846153,0.38461538461538464
Healthy vs AD,Graph_MI+Graph_PLV+Graph_Corr,Random Forest,3,0.4538461538461539,0.46153846153846156,0.455011655011655,0.46153846153846156
Healthy vs AD,Graph_MI+Graph_PLV+Graph_Corr,XGBoost,3,0.4538461538461539,0.46153846153846156,0.455011655011655,0.46153846153846156
Healthy vs AD,Graph_MI+Graph_PLV+Graph_Corr,Random Forest,4,0.6307692307692307,0.6153846153846154,0.5852187028657616,0.6153846153846154
Healthy vs AD,Graph_MI+Graph_PLV+Graph_Corr,XGBoost,4,0.5244755244755245,0.5384615384615384,0.47435897435897434,0.5384615384615384
Healthy vs AD,Graph_MI+Graph_PLV+Graph_Corr,Random Forest,5,0.6923076923076923,0.6923076923076923,0.6923076923076923,0.6923076923076923
Healthy vs AD,Graph_MI+Graph_PLV+Graph_Corr,XGBoost,5,0.5897435897435896,0.5384615384615384,0.5038461538461539,0.5384615384615384
Healthy vs AD,Graph_MI+Graph_PLV+Graph_Corr,Random Forest,6,0.4538461538461539,0.46153846153846156,0.455011655011655,0.46153846153846156
Healthy vs AD,Graph_MI+Graph_PLV+Graph_Corr,XGBoost,6,0.46703296703296704,0.46153846153846156,0.46153846153846156,0.46153846153846156
Healthy vs AD,Graph_MI+Graph_PLV+Graph_Corr,Random Forest,7,0.28994082840236685,0.5384615384615384,0.37692307692307686,0.5384615384615384
Healthy vs AD,Graph_MI+Graph_PLV+Graph_Corr,XGBoost,7,0.28994082840236685,0.5384615384615384,0.37692307692307686,0.5384615384615384
Healthy vs AD,Graph_MI+Graph_PLV+Graph_Corr,Random Forest,8,0.5538461538461539,0.5384615384615384,0.532967032967033,0.5384615384615384
Healthy vs AD,Graph_MI+Graph_PLV+Graph_Corr,XGBoost,8,0.5538461538461539,0.5384615384615384,0.532967032967033,0.5384615384615384
Healthy vs AD,Graph_MI+Graph_PLV+Graph_Corr,Random Forest,9,0.6923076923076923,0.6923076923076923,0.6923076923076923,0.6923076923076923
Healthy vs AD,Graph_MI+Graph_PLV+Graph_Corr,XGBoost,9,0.5384615384615384,0.5384615384615384,0.5384615384615384,0.5384615384615384
Healthy vs AD,Graph_MI+Graph_PLV+Graph_Corr,Random Forest,10,0.4538461538461539,0.46153846153846156,0.455011655011655,0.46153846153846156
Healthy vs AD,Graph_MI+Graph_PLV+Graph_Corr,XGBoost,10,0.35470085470085466,0.38461538461538464,0.36153846153846153,0.38461538461538464
Healthy vs AD,Graph_MI+Graph_PLV+Graph_Corr,Random Forest,11,0.7192307692307693,0.6923076923076923,0.6886446886446886,0.6923076923076923
Healthy vs AD,Graph_MI+Graph_PLV+Graph_Corr,XGBoost,11,0.7192307692307693,0.6923076923076923,0.6886446886446886,0.6923076923076923
Healthy vs AD,Graph_MI+Graph_PLV+Graph_Corr,Random Forest,12,0.35470085470085466,0.38461538461538464,0.36153846153846153,0.38461538461538464
Healthy vs AD,Graph_MI+Graph_PLV+Graph_Corr,XGBoost,12,0.35470085470085466,0.38461538461538464,0.36153846153846153,0.38461538461538464
Healthy vs AD,Graph_MI+Graph_PLV+Graph_Corr,Random Forest,13,0.46703296703296704,0.46153846153846156,0.46153846153846156,0.46153846153846156
Healthy vs AD,Graph_MI+Graph_PLV+Graph_Corr,XGBoost,13,0.5384615384615384,0.5384615384615384,0.5384615384615384,0.5384615384615384
Healthy vs AD,Graph_MI+Graph_PLV+Graph_Corr,Random Forest,14,0.5299145299145299,0.5384615384615384,0.5211538461538462,0.5384615384615384
Healthy vs AD,Graph_MI+Graph_PLV+Graph_Corr,XGBoost,14,0.47435897435897434,0.46153846153846156,0.441958041958042,0.46153846153846156
Healthy vs AD,Graph_MI+Graph_PLV+Graph_Corr,Random Forest,15,0.2153846153846154,0.3076923076923077,0.25339366515837103,0.3076923076923077
Healthy vs AD,Graph_MI+Graph_PLV+Graph_Corr,XGBoost,15,0.23076923076923078,0.23076923076923078,0.23076923076923078,0.23076923076923078
Healthy vs AD,Graph_MI+Graph_PLV+Graph_Corr,Random Forest,16,0.46703296703296704,0.46153846153846156,0.46153846153846156,0.46153846153846156
Healthy vs AD,Graph_MI+Graph_PLV+Graph_Corr,XGBoost,16,0.38461538461538464,0.38461538461538464,0.38461538461538464,0.38461538461538464
Healthy vs AD,Graph_MI+Graph_PLV+Graph_Corr,Random Forest,17,0.4538461538461539,0.46153846153846156,0.455011655011655,0.46153846153846156
Healthy vs AD,Graph_MI+Graph_PLV+Graph_Corr,XGBoost,17,0.35470085470085466,0.38461538461538464,0.36153846153846153,0.38461538461538464
Healthy vs AD,Graph_MI+Graph_PLV+Graph_Corr,Random Forest,18,0.5384615384615384,0.5384615384615384,0.5384615384615384,0.5384615384615384
Healthy vs AD,Graph_MI+Graph_PLV+Graph_Corr,XGBoost,18,0.46703296703296704,0.46153846153846156,0.46153846153846156,0.46153846153846156
Healthy vs FTD,Graph_MI+Graph_PLV+Graph_Corr,Random Forest,0,0.5909090909090909,0.5454545454545454,0.5221445221445221,0.5454545454545454
Healthy vs FTD,Graph_MI+Graph_PLV+Graph_Corr,XGBoost,0,0.5909090909090909,0.5454545454545454,0.5221445221445221,0.5454545454545454
Healthy vs FTD,Graph_MI+Graph_PLV+Graph_Corr,Random Forest,1,0.4242424242424242,0.45454545454545453,0.4253246753246753,0.45454545454545453
Healthy vs FTD,Graph_MI+Graph_PLV+Graph_Corr,XGBoost,1,0.6363636363636364,0.6363636363636364,0.6363636363636364,0.6363636363636364
Healthy vs FTD,Graph_MI+Graph_PLV+Graph_Corr,Random Forest,2,0.4242424242424242,0.45454545454545453,0.4253246753246753,0.45454545454545453
Healthy vs FTD,Graph_MI+Graph_PLV+Graph_Corr,XGBoost,2,0.2424242424242424,0.36363636363636365,0.29090909090909095,0.36363636363636365
Healthy vs FTD,Graph_MI+Graph_PLV+Graph_Corr,Random Forest,3,0.8181818181818182,0.7272727272727273,0.6961038961038961,0.7272727272727273
Healthy vs FTD,Graph_MI+Graph_PLV+Graph_Corr,XGBoost,3,0.7305194805194805,0.7272727272727273,0.7226107226107227,0.7272727272727273
Healthy vs FTD,Graph_MI+Graph_PLV+Graph_Corr,Random Forest,4,0.45454545454545453,0.45454545454545453,0.45454545454545453,0.45454545454545453
Healthy vs FTD,Graph_MI+Graph_PLV+Graph_Corr,XGBoost,4,0.538961038961039,0.5454545454545454,0.5376845376845377,0.5454545454545454
Healthy vs FTD,Graph_MI+Graph_PLV+Graph_Corr,Random Forest,5,0.2727272727272727,0.45454545454545453,0.3409090909090909,0.45454545454545453
Healthy vs FTD,Graph_MI+Graph_PLV+Graph_Corr,XGBoost,5,0.3474025974025974,0.36363636363636365,0.35275835275835277,0.36363636363636365
Healthy vs FTD,Graph_MI+Graph_PLV+Graph_Corr,Random Forest,6,0.6439393939393939,0.6363636363636364,0.6168831168831169,0.6363636363636364
Healthy vs FTD,Graph_MI+Graph_PLV+Graph_Corr,XGBoost,6,0.6439393939393939,0.6363636363636364,0.6168831168831169,0.6363636363636364
Healthy vs FTD,Graph_MI+Graph_PLV+Graph_Corr,Random Forest,7,0.2424242424242424,0.36363636363636365,0.29090909090909095,0.36363636363636365
Healthy vs FTD,Graph_MI+Graph_PLV+Graph_Corr,XGBoost,7,0.2424242424242424,0.36363636363636365,0.29090909090909095,0.36363636363636365
Healthy vs FTD,Graph_MI+Graph_PLV+Graph_Corr,Random Forest,8,0.45454545454545453,0.45454545454545453,0.45454545454545453,0.45454545454545453
Healthy vs FTD,Graph_MI+Graph_PLV+Graph_Corr,XGBoost,8,0.538961038961039,0.5454545454545454,0.5376845376845377,0.5454545454545454
Healthy vs FTD,Graph_MI+Graph_PLV+Graph_Corr,Random Forest,9,0.5545454545454546,0.5454545454545454,0.5454545454545454,0.5454545454545454
Healthy vs FTD,Graph_MI+Graph_PLV+Graph_Corr,XGBoost,9,0.2727272727272727,0.2727272727272727,0.2727272727272727,0.2727272727272727
Healthy vs FTD,Graph_MI+Graph_PLV+Graph_Corr,Random Forest,10,0.45454545454545453,0.45454545454545453,0.45454545454545453,0.45454545454545453
Healthy vs FTD,Graph_MI+Graph_PLV+Graph_Corr,XGBoost,10,0.3696969696969697,0.36363636363636365,0.36363636363636365,0.36363636363636365
Healthy vs FTD,Graph_MI+Graph_PLV+Graph_Corr,Random Forest,11,0.6439393939393939,0.6363636363636364,0.6168831168831169,0.6363636363636364
Healthy vs FTD,Graph_MI+Graph_PLV+Graph_Corr,XGBoost,11,0.538961038961039,0.5454545454545454,0.5376845376845377,0.5454545454545454
Healthy vs FTD,Graph_MI+Graph_PLV+Graph_Corr,Random Forest,12,0.7818181818181817,0.6363636363636364,0.5606060606060606,0.6363636363636364
Healthy vs FTD,Graph_MI+Graph_PLV+Graph_Corr,XGBoost,12,0.8636363636363636,0.8181818181818182,0.8084415584415584,0.8181818181818182
Healthy vs FTD,Graph_MI+Graph_PLV+Graph_Corr,Random Forest,13,0.4242424242424242,0.45454545454545453,0.4253246753246753,0.45454545454545453
Healthy vs FTD,Graph_MI+Graph_PLV+Graph_Corr,XGBoost,13,0.4242424242424242,0.45454545454545453,0.4253246753246753,0.45454545454545453
Healthy vs FTD,Graph_MI+Graph_PLV+Graph_Corr,Random Forest,14,0.45454545454545453,0.45454545454545453,0.45454545454545453,0.45454545454545453
Healthy vs FTD,Graph_MI+Graph_PLV+Graph_Corr,XGBoost,14,0.45454545454545453,0.45454545454545453,0.45454545454545453,0.45454545454545453
Healthy vs FTD,Graph_MI+Graph_PLV+Graph_Corr,Random Forest,15,0.6439393939393939,0.6363636363636364,0.6168831168831169,0.6363636363636364
Healthy vs FTD,Graph_MI+Graph_PLV+Graph_Corr,XGBoost,15,0.538961038961039,0.5454545454545454,0.5376845376845377,0.5454545454545454
Healthy vs FTD,Graph_MI+Graph_PLV+Graph_Corr,Random Forest,16,0.2662337662337662,0.2727272727272727,0.2606060606060606,0.2727272727272727
Healthy vs FTD,Graph_MI+Graph_PLV+Graph_Corr,XGBoost,16,0.7305194805194805,0.7272727272727273,0.7226107226107227,0.7272727272727273
Healthy vs FTD,Graph_MI+Graph_PLV+Graph_Corr,Random Forest,17,0.6439393939393939,0.6363636363636364,0.6168831168831169,0.6363636363636364
Healthy vs FTD,Graph_MI+Graph_PLV+Graph_Corr,XGBoost,17,0.6439393939393939,0.6363636363636364,0.6168831168831169,0.6363636363636364
Healthy vs FTD,Graph_MI+Graph_PLV+Graph_Corr,Random Forest,18,0.8181818181818182,0.7272727272727273,0.6961038961038961,0.7272727272727273
Healthy vs FTD,Graph_MI+Graph_PLV+Graph_Corr,XGBoost,18,0.29752066115702475,0.5454545454545454,0.3850267379679144,0.5454545454545454
AD vs FTD,Graph_MI+Graph_PLV+Graph_Corr,Random Forest,0,0.25925925925925924,0.3333333333333333,0.2916666666666667,0.3333333333333333
AD vs FTD,Graph_MI+Graph_PLV+Graph_Corr,XGBoost,0,0.2916666666666667,0.4166666666666667,0.34313725490196084,0.4166666666666667
AD vs FTD,Graph_MI+Graph_PLV+Graph_Corr,Random Forest,1,0.3958333333333333,0.4166666666666667,0.40370370370370373,0.4166666666666667
AD vs FTD,Graph_MI+Graph_PLV+Graph_Corr,XGBoost,1,0.2916666666666667,0.4166666666666667,0.34313725490196084,0.4166666666666667
AD vs FTD,Graph_MI+Graph_PLV+Graph_Corr,Random Forest,2,0.5972222222222222,0.5833333333333334,0.5862470862470862,0.5833333333333334
AD vs FTD,Graph_MI+Graph_PLV+Graph_Corr,XGBoost,2,0.5,0.5,0.5,0.5
AD vs FTD,Graph_MI+Graph_PLV+Graph_Corr,Random Forest,3,0.5729166666666666,0.5833333333333334,0.5740740740740741,0.5833333333333334
AD vs FTD,Graph_MI+Graph_PLV+Graph_Corr,XGBoost,3,0.6666666666666666,0.6666666666666666,0.6458333333333334,0.6666666666666666
AD vs FTD,Graph_MI+Graph_PLV+Graph_Corr,Random Forest,4,0.3181818181818182,0.5,0.38888888888888884,0.5
AD vs FTD,Graph_MI+Graph_PLV+Graph_Corr,XGBoost,4,0.3181818181818182,0.5,0.38888888888888884,0.5
AD vs FTD,Graph_MI+Graph_PLV+Graph_Corr,Random Forest,5,0.34027777777777785,0.5833333333333334,0.4298245614035088,0.5833333333333334
AD vs FTD,Graph_MI+Graph_PLV+Graph_Corr,XGBoost,5,0.3333333333333333,0.3333333333333333,0.3333333333333333,0.3333333333333333
AD vs FTD,Graph_MI+Graph_PLV+Graph_Corr,Random Forest,6,0.5583333333333333,0.5833333333333334,0.530812324929972,0.5833333333333334
AD vs FTD,Graph_MI+Graph_PLV+Graph_Corr,XGBoost,6,0.6666666666666666,0.6666666666666666,0.6458333333333334,0.6666666666666666
AD vs FTD,Graph_MI+Graph_PLV+Graph_Corr,Random Forest,7,0.5729166666666666,0.5833333333333334,0.5740740740740741,0.5833333333333334
AD vs FTD,Graph_MI+Graph_PLV+Graph_Corr,XGBoost,7,0.4305555555555555,0.4166666666666667,0.42074592074592077,0.4166666666666667
AD vs FTD,Graph_MI+Graph_PLV+Graph_Corr,Random Forest,8,0.5583333333333333,0.5833333333333334,0.530812324929972,0.5833333333333334
AD vs FTD,Graph_MI+Graph_PLV+Graph_Corr,XGBoost,8,0.2916666666666667,0.4166666666666667,0.34313725490196084,0.4166666666666667
AD vs FTD,Graph_MI+Graph_PLV+Graph_Corr,Random Forest,9,0.34027777777777785,0.5833333333333334,0.4298245614035088,0.5833333333333334
AD vs FTD,Graph_MI+Graph_PLV+Graph_Corr,XGBoost,9,0.3181818181818182,0.5,0.38888888888888884,0.5
AD vs FTD,Graph_MI+Graph_PLV+Graph_Corr,Random Forest,10,0.5972222222222222,0.5833333333333334,0.5862470862470862,0.5833333333333334
AD vs FTD,Graph_MI+Graph_PLV+Graph_Corr,XGBoost,10,0.5972222222222222,0.5833333333333334,0.5862470862470862,0.5833333333333334
AD vs FTD,Graph_MI+Graph_PLV+Graph_Corr,Random Forest,11,0.2916666666666667,0.4166666666666667,0.34313725490196084,0.4166666666666667
AD vs FTD,Graph_MI+Graph_PLV+Graph_Corr,XGBoost,11,0.46296296296296297,0.5,0.46875,0.5
AD vs FTD,Graph_MI+Graph_PLV+Graph_Corr,Random Forest,12,0.84375,0.75,0.7447552447552447,0.75
AD vs FTD,Graph_MI+Graph_PLV+Graph_Corr,XGBoost,12,0.8333333333333334,0.8333333333333334,0.8333333333333334,0.8333333333333334
AD vs FTD,Graph_MI+Graph_PLV+Graph_Corr,Random Forest,13,0.34027777777777785,0.5833333333333334,0.4298245614035088,0.5833333333333334
AD vs FTD,Graph_MI+Graph_PLV+Graph_Corr,XGBoost,13,0.3181818181818182,0.5,0.38888888888888884,0.5
AD vs FTD,Graph_MI+Graph_PLV+Graph_Corr,Random Forest,14,0.5,0.5,0.5,0.5
AD vs FTD,Graph_MI+Graph_PLV+Graph_Corr,XGBoost,14,0.4305555555555555,0.4166666666666667,0.42074592074592077,0.4166666666666667
AD vs FTD,Graph_MI+Graph_PLV+Graph_Corr,Random Forest,15,0.6666666666666666,0.6666666666666666,0.6458333333333334,0.6666666666666666
AD vs FTD,Graph_MI+Graph_PLV+Graph_Corr,XGBoost,15,0.6666666666666666,0.6666666666666666,0.6458333333333334,0.6666666666666666
AD vs FTD,Graph_MI+Graph_PLV+Graph_Corr,Random Forest,16,0.6666666666666666,0.6666666666666666,0.6666666666666666,0.6666666666666666
AD vs FTD,Graph_MI+Graph_PLV+Graph_Corr,XGBoost,16,0.75,0.75,0.7444444444444445,0.75
AD vs FTD,Graph_MI+Graph_PLV+Graph_Corr,Random Forest,17,0.6666666666666666,0.6666666666666666,0.6666666666666666,0.6666666666666666
AD vs FTD,Graph_MI+Graph_PLV+Graph_Corr,XGBoost,17,0.763888888888889,0.75,0.7517482517482518,0.75
AD vs FTD,Graph_MI+Graph_PLV+Graph_Corr,Random Forest,18,0.5583333333333333,0.5833333333333334,0.530812324929972,0.5833333333333334
AD vs FTD,Graph_MI+Graph_PLV+Graph_Corr,XGBoost,18,0.3181818181818182,0.5,0.38888888888888884,0.5
AD Male vs Female,Graph_MI+Graph_PLV+Graph_Corr,Random Forest,0,0.6041666666666666,0.625,0.6045454545454546,0.625
AD Male vs Female,Graph_MI+Graph_PLV+Graph_Corr,XGBoost,0,0.6041666666666666,0.625,0.6045454545454546,0.625
AD Male vs Female,Graph_MI+Graph_PLV+Graph_Corr,Random Forest,1,0.390625,0.625,0.4807692307692308,0.625
AD Male vs Female,Graph_MI+Graph_PLV+Graph_Corr,XGBoost,1,0.8214285714285714,0.75,0.7083333333333334,0.75
AD Male vs Female,Graph_MI+Graph_PLV+Graph_Corr,Random Forest,2,0.3571428571428571,0.5,0.41666666666666663,0.5
AD Male vs Female,Graph_MI+Graph_PLV+Graph_Corr,XGBoost,2,0.6041666666666666,0.625,0.6045454545454546,0.625
AD Male vs Female,Graph_MI+Graph_PLV+Graph_Corr,Random Forest,3,0.390625,0.625,0.4807692307692308,0.625
AD Male vs Female,Graph_MI+Graph_PLV+Graph_Corr,XGBoost,3,0.3125,0.375,0.3409090909090909,0.375
AD Male vs Female,Graph_MI+Graph_PLV+Graph_Corr,Random Forest,4,0.3125,0.375,0.3409090909090909,0.375
AD Male vs Female,Graph_MI+Graph_PLV+Graph_Corr,XGBoost,4,0.3571428571428571,0.5,0.41666666666666663,0.5
AD Male vs Female,Graph_MI+Graph_PLV+Graph_Corr,Random Forest,5,0.3571428571428571,0.5,0.41666666666666663,0.5
AD Male vs Female,Graph_MI+Graph_PLV+Graph_Corr,XGBoost,5,0.3571428571428571,0.5,0.41666666666666663,0.5
AD Male vs Female,Graph_MI+Graph_PLV+Graph_Corr,Random Forest,6,0.6041666666666666,0.625,0.6045454545454546,0.625
AD Male vs Female,Graph_MI+Graph_PLV+Graph_Corr,XGBoost,6,0.3571428571428571,0.5,0.41666666666666663,0.5
AD Male vs Female,Graph_MI+Graph_PLV+Graph_Corr,Random Forest,7,0.75,0.75,0.75,0.75
AD Male vs Female,Graph_MI+Graph_PLV+Graph_Corr,XGBoost,7,0.8214285714285714,0.75,0.7083333333333334,0.75
AD Male vs Female,Graph_MI+Graph_PLV+Graph_Corr,Random Forest,8,0.8214285714285714,0.75,0.7083333333333334,0.75
AD Male vs Female,Graph_MI+Graph_PLV+Graph_Corr,XGBoost,8,0.6041666666666666,0.625,0.6045454545454546,0.625
AD Male vs Female,Graph_MI+Graph_PLV+Graph_Corr,Random Forest,9,0.8214285714285714,0.75,0.7083333333333334,0.75
AD Male vs Female,Graph_MI+Graph_PLV+Graph_Corr,XGBoost,9,0.6041666666666666,0.625,0.6045454545454546,0.625
AD Male vs Female,Graph_MI+Graph_PLV+Graph_Corr,Random Forest,10,0.3571428571428571,0.5,0.41666666666666663,0.5
AD Male vs Female,Graph_MI+Graph_PLV+Graph_Corr,XGBoost,10,0.5,0.5,0.5,0.5
AD Male vs Female,Graph_MI+Graph_PLV+Graph_Corr,Random Forest,11,0.3571428571428571,0.5,0.41666666666666663,0.5
AD Male vs Female,Graph_MI+Graph_PLV+Graph_Corr,XGBoost,11,0.75,0.75,0.75,0.75
AD Male vs Female,Graph_MI+Graph_PLV+Graph_Corr,Random Forest,12,0.6041666666666666,0.625,0.6045454545454546,0.625
AD Male vs Female,Graph_MI+Graph_PLV+Graph_Corr,XGBoost,12,0.6041666666666666,0.625,0.6045454545454546,0.625
AD Male vs Female,Graph_MI+Graph_PLV+Graph_Corr,Random Forest,13,0.390625,0.625,0.4807692307692308,0.625
AD Male vs Female,Graph_MI+Graph_PLV+Graph_Corr,XGBoost,13,0.3571428571428571,0.5,0.41666666666666663,0.5
AD Male vs Female,Graph_MI+Graph_PLV+Graph_Corr,Random Forest,14,0.3571428571428571,0.5,0.41666666666666663,0.5
AD Male vs Female,Graph_MI+Graph_PLV+Graph_Corr,XGBoost,14,1.0,1.0,1.0,1.0
AD Male vs Female,Graph_MI+Graph_PLV+Graph_Corr,Random Forest,15,0.90625,0.875,0.876984126984127,0.875
AD Male vs Female,Graph_MI+Graph_PLV+Graph_Corr,XGBoost,15,0.65625,0.625,0.6309523809523809,0.625
AD Male vs Female,Graph_MI+Graph_PLV+Graph_Corr,Random Forest,16,0.3571428571428571,0.5,0.41666666666666663,0.5
AD Male vs Female,Graph_MI+Graph_PLV+Graph_Corr,XGBoost,16,0.6041666666666666,0.625,0.6045454545454546,0.625
AD Male vs Female,Graph_MI+Graph_PLV+Graph_Corr,Random Forest,17,0.390625,0.625,0.4807692307692308,0.625
AD Male vs Female,Graph_MI+Graph_PLV+Graph_Corr,XGBoost,17,0.6041666666666666,0.625,0.6045454545454546,0.625
AD Male vs Female,Graph_MI+Graph_PLV+Graph_Corr,Random Forest,18,0.390625,0.625,0.4807692307692308,0.625
AD Male vs Female,Graph_MI+Graph_PLV+Graph_Corr,XGBoost,18,0.3571428571428571,0.5,0.41666666666666663,0.5
FTD Male vs Female,Graph_MI+Graph_PLV+Graph_Corr,Random Forest,0,0.3,0.4,0.34285714285714286,0.4
FTD Male vs Female,Graph_MI+Graph_PLV+Graph_Corr,XGBoost,0,0.6,0.6,0.6,0.6
FTD Male vs Female,Graph_MI+Graph_PLV+Graph_Corr,Random Forest,1,0.2,0.2,0.2,0.2
FTD Male vs Female,Graph_MI+Graph_PLV+Graph_Corr,XGBoost,1,0.3,0.4,0.34285714285714286,0.4
FTD Male vs Female,Graph_MI+Graph_PLV+Graph_Corr,Random Forest,2,0.3,0.4,0.34285714285714286,0.4
FTD Male vs Female,Graph_MI+Graph_PLV+Graph_Corr,XGBoost,2,0.36,0.6,0.45,0.6
FTD Male vs Female,Graph_MI+Graph_PLV+Graph_Corr,Random Forest,3,0.6,0.6,0.6,0.6
FTD Male vs Female,Graph_MI+Graph_PLV+Graph_Corr,XGBoost,3,0.8666666666666666,0.8,0.8,0.8
FTD Male vs Female,Graph_MI+Graph_PLV+Graph_Corr,Random Forest,4,0.8666666666666666,0.8,0.8,0.8
FTD Male vs Female,Graph_MI+Graph_PLV+Graph_Corr,XGBoost,4,1.0,1.0,1.0,1.0
FTD Male vs Female,Graph_MI+Graph_PLV+Graph_Corr,Random Forest,5,0.3,0.4,0.34285714285714286,0.4
FTD Male vs Female,Graph_MI+Graph_PLV+Graph_Corr,XGBoost,5,0.2,0.2,0.2,0.2
FTD Male vs Female,Graph_MI+Graph_PLV+Graph_Corr,Random Forest,6,0.6,0.6,0.6,0.6
FTD Male vs Female,Graph_MI+Graph_PLV+Graph_Corr,XGBoost,6,0.3,0.4,0.34285714285714286,0.4
FTD Male vs Female,Graph_MI+Graph_PLV+Graph_Corr,Random Forest,7,0.8,0.6,0.5666666666666667,0.6
FTD Male vs Female,Graph_MI+Graph_PLV+Graph_Corr,XGBoost,7,0.85,0.8,0.7809523809523808,0.8
FTD Male vs Female,Graph_MI+Graph_PLV+Graph_Corr,Random Forest,8,0.36,0.6,0.45,0.6
FTD Male vs Female,Graph_MI+Graph_PLV+Graph_Corr,XGBoost,8,0.36,0.6,0.45,0.6
FTD Male vs Female,Graph_MI+Graph_PLV+Graph_Corr,Random Forest,9,0.8,0.6,0.5666666666666667,0.6
FTD Male vs Female,Graph_MI+Graph_PLV+Graph_Corr,XGBoost,9,0.6,0.6,0.6,0.6
FTD Male vs Female,Graph_MI+Graph_PLV+Graph_Corr,Random Forest,10,0.6,0.6,0.6,0.6
FTD Male vs Female,Graph_MI+Graph_PLV+Graph_Corr,XGBoost,10,0.3,0.4,0.34285714285714286,0.4
FTD Male vs Female,Graph_MI+Graph_PLV+Graph_Corr,Random Forest,11,0.3,0.4,0.34285714285714286,0.4
FTD Male vs Female,Graph_MI+Graph_PLV+Graph_Corr,XGBoost,11,0.36,0.6,0.45,0.6
FTD Male vs Female,Graph_MI+Graph_PLV+Graph_Corr,Random Forest,12,0.36,0.6,0.45,0.6
FTD Male vs Female,Graph_MI+Graph_PLV+Graph_Corr,XGBoost,12,0.3,0.4,0.34285714285714286,0.4
FTD Male vs Female,Graph_MI+Graph_PLV+Graph_Corr,Random Forest,13,0.85,0.8,0.7809523809523808,0.8
FTD Male vs Female,Graph_MI+Graph_PLV+Graph_Corr,XGBoost,13,0.85,0.8,0.7809523809523808,0.8
FTD Male vs Female,Graph_MI+Graph_PLV+Graph_Corr,Random Forest,14,0.3,0.4,0.34285714285714286,0.4
FTD Male vs Female,Graph_MI+Graph_PLV+Graph_Corr,XGBoost,14,0.85,0.8,0.7809523809523808,0.8
FTD Male vs Female,Graph_MI+Graph_PLV+Graph_Corr,Random Forest,15,0.3,0.4,0.34285714285714286,0.4
FTD Male vs Female,Graph_MI+Graph_PLV+Graph_Corr,XGBoost,15,0.2,0.2,0.2,0.2
FTD Male vs Female,Graph_MI+Graph_PLV+Graph_Corr,Random Forest,16,0.85,0.8,0.7809523809523808,0.8
FTD Male vs Female,Graph_MI+Graph_PLV+Graph_Corr,XGBoost,16,0.6,0.6,0.6,0.6
FTD Male vs Female,Graph_MI+Graph_PLV+Graph_Corr,Random Forest,17,0.85,0.8,0.7809523809523808,0.8
FTD Male vs Female,Graph_MI+Graph_PLV+Graph_Corr,XGBoost,17,0.85,0.8,0.7809523809523808,0.8
FTD Male vs Female,Graph_MI+Graph_PLV+Graph_Corr,Random Forest,18,1.0,1.0,1.0,1.0
FTD Male vs Female,Graph_MI+Graph_PLV+Graph_Corr,XGBoost,18,0.85,0.8,0.7809523809523808,0.8
