Subject,Channel,Delta,Theta,Alpha,Beta,Gamma
sub-001,7,3.659614834284506e-10,5.391588334146256e-11,1.1679201733502902e-11,1.5672931247991857e-11,7.637401389310778e-12
sub-001,8,4.4563814958572066e-10,5.538836342248327e-11,1.2590717336540152e-11,1.7528626803630107e-11,9.336563683889771e-12
sub-001,3,2.5423506467763276e-10,3.324192589801658e-11,9.052014093741939e-12,1.1300434949853256e-11,4.161431612206341e-12
sub-001,4,2.4800231322132924e-10,3.109524208670433e-11,8.87196543773829e-12,1.1183598104365202e-11,4.299522404554407e-12
sub-001,0,2.401555286073024e-10,2.6416832211387167e-11,7.553886372124401e-12,8.94230663879539e-12,2.2006450914895174e-12
sub-001,1,2.410306996472309e-10,2.6562944574356144e-11,7.612257462758987e-12,9.001075579811452e-12,2.219267846492713e-12
sub-001,12,2.4402637638503217e-10,2.8278251011777078e-11,7.801501672125171e-12,8.819847242839439e-12,2.1509305383315608e-12
sub-001,13,2.4888408767644386e-10,2.969945663594726e-11,8.282631242849678e-12,9.147440522497446e-12,2.155332566257769e-12
sub-001,10,2.5376483871091e-10,3.257759477482706e-11,9.346849102176831e-12,1.1556963273978244e-11,4.297564779414578e-12
sub-001,11,2.5679473212055823e-10,3.291907856789975e-11,9.381218179681232e-12,1.0739332113320051e-11,3.1070154852719487e-12
sub-001,5,2.7951265831320715e-10,3.9094007538629503e-11,9.883358138877192e-12,1.290050226525634e-11,5.292528286113117e-12
sub-001,6,2.788155564097261e-10,3.8815074814244957e-11,1.0418957618776278e-11,1.2839994106060679e-11,4.962525180414909e-12
sub-001,15,2.4693127035412343e-10,3.023195536770627e-11,8.49501391942235e-12,1.078303646883949e-11,3.749744348825055e-12
sub-001,16,2.47820366555911e-10,3.0427690748612564e-11,8.61300635942879e-12,1.1655969888561588e-11,5.3923020266916776e-12
sub-001,17,2.5201203092222903e-10,3.240520119008711e-11,9.952086716117029e-12,1.3556209184401487e-11,6.292564548835283e-12
sub-001,18,2.5227397852861195e-10,3.116321892045779e-11,9.146375261598265e-12,1.0547513481838895e-11,2.9854838026541577e-12
sub-001,9,2.4995577684718543e-10,3.177607461641294e-11,8.680956703847321e-12,9.872136642953671e-12,2.636504755235761e-12
sub-001,2,2.4219948327497013e-10,2.7217338930857775e-11,7.578915341224099e-12,9.218390782019604e-12,2.420498277931883e-12
sub-001,14,2.4937059728784514e-10,3.052508357613435e-11,8.040965566206409e-12,8.704148221868607e-12,2.016799489986742e-12
sub-002,7,3.1632639558120936e-10,4.303635126251252e-11,1.853368100629002e-11,1.601136977676105e-11,5.187891471487134e-12
sub-002,8,2.6985037508790967e-10,4.281803848770477e-11,1.9539749788629e-11,1.8299352429717693e-11,6.9162790112751175e-12
sub-002,3,2.3277951265933176e-10,3.2509185344686104e-11,1.3300553400896932e-11,1.368463697149788e-11,4.064128272996116e-12
sub-002,4,2.2977212233137364e-10,3.57516965496947e-11,1.5610411945172815e-11,1.556190568350429e-11,6.153874821226953e-12
sub-002,0,2.2556476254058809e-10,2.5975216238006143e-11,9.029290237581254e-12,9.519248887717606e-12,2.3222159287583224e-12
sub-002,1,2.2457188533647092e-10,2.5857918066034376e-11,8.806512066990637e-12,9.527266108369388e-12,2.3249033327848627e-12
sub-002,12,2.3009175912768775e-10,4.305213334317434e-11,1.965438943304961e-11,1.1890748521116512e-11,2.3449127691217e-12
sub-002,13,2.2932798898313466e-10,4.0630775991050295e-11,1.7452428814821046e-11,1.1357214522609502e-11,2.352942625140173e-12
sub-002,10,2.335034314599428e-10,6.182038465797495e-11,3.082877845005e-11,1.346269858639749e-11,2.721376168739498e-12
sub-002,11,2.321605437112293e-10,5.763232538452951e-11,2.762680821281196e-11,1.2849205763844911e-11,2.710684811347575e-12
sub-002,5,2.380191762288946e-10,4.259426053866818e-11,1.854306325088008e-11,1.6962862577271342e-11,6.8744152949908735e-12
sub-002,6,2.3144518101350583e-10,3.81445294834811e-11,1.5699080394367198e-11,1.4986893940258798e-11,6.3253683840654665e-12
sub-002,15,2.3596080499797227e-10,4.121340110115984e-11,1.9201847233829948e-11,1.5894960311931906e-11,6.3989180287974336e-12
sub-002,16,2.3185023545022008e-10,3.3886351401788745e-11,1.3594544331019024e-11,1.4848757897418343e-11,7.197700619402939e-12
sub-002,17,2.347499193222017e-10,5.830338173625712e-11,2.882301029385951e-11,1.4517555703294807e-11,2.961385106640304e-12
sub-002,18,2.3441237074706184e-10,5.859432903714475e-11,2.74409833144968e-11,1.3675883827223186e-11,3.03343244446303e-12
sub-002,9,2.3178577486795166e-10,3.4983596133105077e-11,1.6242603959536225e-11,1.2530401609013611e-11,2.522046373397624e-12
sub-002,2,2.2746091053884577e-10,2.768896659786993e-11,1.1081254213244159e-11,1.0749518488227658e-11,2.18116765474425e-12
sub-002,14,2.2907173549469812e-10,4.297220504256056e-11,1.8444414648973124e-11,1.1882570772785623e-11,2.3712263266024557e-12
sub-003,7,2.1226254907594918e-10,5.701036722262403e-11,2.4994451602110377e-11,1.0927951265284344e-11,2.537972250630506e-12
sub-003,8,2.1450439343021318e-10,5.6710808194837435e-11,2.3919064724955864e-11,1.0851096206158488e-11,2.414916920117877e-12
sub-003,3,2.0331044140481719e-10,4.292322542317609e-11,1.870300132194613e-11,1.0535892715957875e-11,2.6468731082551965e-12
sub-003,4,2.0345602481446022e-10,4.181354633621347e-11,1.599003947570921e-11,1.012992623195133e-11,2.178258423710541e-12
sub-003,0,1.9215970015853262e-10,3.130899562981329e-11,1.3848218004716984e-11,9.243831413147002e-12,1.7520802149976717e-12
sub-003,1,1.941080948295525e-10,3.1808902701987154e-11,1.4394910488253122e-11,9.16922705984593e-12,1.7609069054298004e-12
sub-003,12,2.0225773122007742e-10,4.842397626555972e-11,2.234333383219924e-11,1.0961381831602283e-11,1.9891537007773312e-12
sub-003,13,2.0001945050488484e-10,5.5032303931093575e-11,3.326938563357585e-11,1.0959544993941659e-11,1.902115486114583e-12
sub-003,10,2.1784268002703486e-10,6.986501996540027e-11,3.3087327511788594e-11,1.1713759193250118e-11,2.063143174925438e-12
sub-003,11,2.1851855084741967e-10,7.035058440369734e-11,3.954103874587765e-11,1.2450757543348263e-11,2.148729644245087e-12
sub-003,5,2.1271988079345116e-10,5.5236665415961324e-11,2.4729979338059904e-11,1.1175975516752838e-11,2.5764179085873214e-12
sub-003,6,2.119907023417609e-10,5.515737547701496e-11,2.3241840734139345e-11,1.1240071635931796e-11,2.606730304079406e-12
sub-003,15,2.0428470024194748e-10,4.737244149878913e-11,2.1189571707224545e-11,1.031938293174572e-11,2.1176119768145825e-12
sub-003,16,2.0099355763449734e-10,4.608450969672292e-11,1.920069750684267e-11,1.0288639885324151e-11,2.3865791090130448e-12
sub-003,17,2.1959849486811547e-10,8.226846738456469e-11,3.773441529613122e-11,1.1896523709489218e-11,2.440481869398923e-12
sub-003,18,2.164633870081019e-10,9.972978259258965e-11,5.970770622528755e-11,1.2577067025871988e-11,2.153256788764801e-12
sub-003,9,2.0554910570614917e-10,4.9261628053185583e-11,2.0242157618366897e-11,9.98116707953504e-12,2.057414109446732e-12
sub-003,2,1.995168553004169e-10,3.2853959049244556e-11,1.2609693443836674e-11,9.574426321223467e-12,2.033001384330078e-12
sub-003,14,1.9990666515162447e-10,4.607536946412062e-11,2.4115673710570703e-11,1.0187799786910602e-11,1.8969192053873832e-12
sub-004,7,6.24096578504679e-10,4.5310509090691565e-11,1.1319552827140923e-11,2.962685331048585e-11,2.056081106111818e-11
sub-004,8,3.4174421132395074e-10,3.873135235110947e-11,1.0720502525694184e-11,2.7271122240186943e-11,1.8116707736837387e-11
sub-004,3,2.6310630807641194e-10,3.3921623814583864e-11,9.597804287253187e-12,2.608995609850725e-11,2.5468940968410534e-11
sub-004,4,2.580257634001094e-10,3.2175606853573286e-11,9.055431932227771e-12,1.5526232584382055e-11,8.467310720148229e-12
sub-004,0,2.4803202179591786e-10,2.979284749355139e-11,7.797189953256479e-12,9.83905553244235e-12,3.86346358727503e-12
sub-004,1,2.4670476115208485e-10,2.897223260552468e-11,7.675899280670963e-12,9.675012641750068e-12,3.646329100247442e-12
sub-004,12,2.5804028261708435e-10,2.9733922811638185e-11,8.057085486144166e-12,9.477921008089995e-12,3.1847996793416014e-12
sub-004,13,2.5781203201789775e-10,2.997946776400044e-11,8.044778517834673e-12,1.0414736489318156e-11,4.3720409537990206e-12
sub-004,10,2.7786735346127686e-10,3.124853915766041e-11,8.621251752939522e-12,1.0982451264348183e-11,4.74053261702958e-12
sub-004,11,2.720830113479882e-10,3.108028698814728e-11,8.347647882615967e-12,1.1175592180864436e-11,5.321719008607203e-12
sub-004,5,2.897503890319403e-10,4.359827658927708e-11,1.0688627478774487e-11,2.4033651951667822e-11,2.0795074480210507e-11
sub-004,6,2.6472953264336706e-10,3.918831390873048e-11,1.0378098003569723e-11,1.615989889178059e-11,9.180090874754092e-12
sub-004,15,2.6710214918178613e-10,4.016440792648232e-11,9.321344592691047e-12,1.6369911223464314e-11,9.790224621972406e-12
sub-004,16,2.562330397460312e-10,3.442563113085739e-11,9.33239466795405e-12,2.058834835932796e-11,1.3335255866660056e-11
sub-004,17,2.57994508841472e-10,3.133681035628433e-11,8.191577655524509e-12,1.0645773016495508e-11,4.585796679335575e-12
sub-004,18,2.6007142116249376e-10,3.086075963568102e-11,8.257835403404968e-12,1.1252699384397403e-11,5.597153830651647e-12
sub-004,9,2.674094680520675e-10,3.3334227846912076e-11,8.670597401664334e-12,1.0640882102950578e-11,3.649892713701415e-12
sub-004,2,2.5410211811327983e-10,2.7952181942128338e-11,7.883971163012723e-12,9.935650035566889e-12,2.875560845920104e-12
sub-004,14,2.539533074602994e-10,2.8414984504515492e-11,7.789140897001103e-12,9.367221173589114e-12,3.3504418348935138e-12
sub-005,7,5.17496994178545e-10,3.94598438519184e-11,1.2232935513813243e-11,2.4969774397361427e-11,1.222655765725727e-11
sub-005,8,4.0530254847845107e-10,3.967408291760265e-11,1.228203144175298e-11,2.4159598921440223e-11,1.4080000433826322e-11
sub-005,3,3.073820057479088e-10,3.727232702326857e-11,1.2221172202025347e-11,1.6648171684343458e-11,6.0335498734027375e-12
sub-005,4,3.5229568746788227e-10,3.99400556533181e-11,1.2750494546921538e-11,1.6643621883237676e-11,5.687980562597108e-12
sub-005,0,2.6049493971397576e-10,3.066034693398351e-11,9.37043123583934e-12,1.0501920204739189e-11,2.7337881063417057e-12
sub-005,1,2.592395221976027e-10,3.081449701984151e-11,9.208622472886664e-12,1.0231795213286504e-11,2.669973249747948e-12
sub-005,12,2.8070437742435344e-10,3.2368235776150906e-11,1.0941432022458644e-11,1.1848723974234452e-11,3.158315475791051e-12
sub-005,13,2.675463083743256e-10,3.1674408998177305e-11,1.068321895403122e-11,1.215702018750902e-11,2.914994674317453e-12
sub-005,10,2.8539265410753423e-10,3.5066415837794464e-11,1.345171416262126e-11,1.6060659482189063e-11,4.621697139745154e-12
sub-005,11,2.7151689798066126e-10,3.3725106105006057e-11,1.363670282450652e-11,1.7044144473069062e-11,5.097136685764543e-12
sub-005,5,3.5414939419838615e-10,3.8939782465866015e-11,1.2521179821047076e-11,2.188113890917305e-11,1.4061204826464389e-11
sub-005,6,3.218979855971703e-10,4.164426209143878e-11,1.3071698061477454e-11,1.7328315017545357e-11,7.308280023682435e-12
sub-005,15,2.7498057104142e-10,3.8430532413444425e-11,1.2058455264640295e-11,2.135796908480525e-11,1.4822990238383156e-11
sub-005,16,2.677969461746737e-10,3.7381600575685715e-11,1.1720934370316305e-11,1.5343558924756247e-11,6.3422149305580025e-12
sub-005,17,2.7362229726708696e-10,3.7342838283569806e-11,1.3924953567030027e-11,1.550397431898073e-11,4.720729497077703e-12
sub-005,18,2.6483656929161267e-10,3.4302389416317155e-11,1.2807240945220666e-11,1.569907291037826e-11,4.651946675541897e-12
sub-005,9,2.7088743060846125e-10,3.123905137893714e-11,9.868658858539344e-12,1.1661610072611613e-11,2.678551480301081e-12
sub-005,2,2.6697349252874557e-10,2.9816877958147195e-11,8.974860801396047e-12,1.0149435297481896e-11,2.124453024182396e-12
sub-005,14,2.653296979042562e-10,3.0561233894829294e-11,1.0110458011361468e-11,1.1252543248453351e-11,2.7772193265215864e-12
sub-006,7,2.9734889825196613e-10,3.1143532559727477e-11,5.896941199188458e-11,2.841910971558072e-11,8.917604150237189e-12
sub-006,8,2.8491978990961235e-10,3.0358638352715456e-11,5.916105757787828e-11,2.6443661835407623e-11,5.740275428405296e-12
sub-006,3,2.539101467063779e-10,2.7150630352909176e-11,4.043980114866791e-11,2.4030138817314835e-11,8.917875811735706e-12
sub-006,4,2.5094201817529837e-10,2.7067079118058607e-11,3.6776202532102126e-11,2.1987260085975684e-11,4.427487185466261e-12
sub-006,0,2.463085122983872e-10,2.423472280734011e-11,1.2426127253323838e-11,1.3928499657256257e-11,2.4659753771920465e-12
sub-006,1,2.4499893034370835e-10,2.4558014362096627e-11,1.2854557940768096e-11,1.4067674218168687e-11,2.407966156208056e-12
sub-006,12,2.4991481579691507e-10,2.7278951516815048e-11,5.812489471370447e-11,1.908547769353695e-11,2.5311056521515368e-12
sub-006,13,2.4895564680750537e-10,3.0460429686287946e-11,6.041629888025e-11,1.897675491966615e-11,3.026152322592014e-12
sub-006,10,2.5299813769444724e-10,3.2281778438299267e-11,7.933595463073319e-11,2.169118214228568e-11,3.946862927849814e-12
sub-006,11,2.5443794956938794e-10,3.1169781354722134e-11,5.286609112862309e-11,1.820381800480305e-11,4.133476076426724e-12
sub-006,5,2.6405517556258464e-10,3.085163280683812e-11,5.607771647968896e-11,2.863212108846281e-11,1.6301430380262423e-11
sub-006,6,2.631641346568464e-10,2.9554404428481057e-11,5.7521622155794006e-11,2.2996956702340058e-11,5.432522385908944e-12
sub-006,15,2.5405738038950866e-10,2.7396874954773935e-11,3.336106146130776e-11,2.2154183079580598e-11,8.521190390239969e-12
sub-006,16,2.539080503826852e-10,2.700394443759082e-11,3.175973372315826e-11,1.813665255008194e-11,4.247289656492434e-12
sub-006,17,2.5210520033846007e-10,2.911317388065859e-11,3.912469118340395e-11,1.9317005373328476e-11,4.355663290851848e-12
sub-006,18,2.5135281696479704e-10,3.1021509872949936e-11,4.0696551264538956e-11,1.9540362289507705e-11,4.304952515928739e-12
sub-006,9,2.525686977614905e-10,2.6718491628018137e-11,3.9085194440734356e-11,2.0376244690457133e-11,2.7773972217931664e-12
sub-006,2,2.4714717153045446e-10,2.417230151647999e-11,9.200335873864543e-12,1.2004850087276179e-11,2.128169511572487e-12
sub-006,14,2.4805891351619323e-10,2.609287298244565e-11,5.3023158739821585e-11,1.5982250522803156e-11,2.254024685773924e-12
sub-007,7,3.466889891726892e-10,4.4552868829983655e-11,1.1305190417791098e-11,1.4179265549940823e-11,5.560591355624457e-12
sub-007,8,3.594653589016418e-10,4.3794939263135077e-11,1.1519965596052346e-11,1.5585834855110932e-11,6.48935453876761e-12
sub-007,3,2.5496008386388116e-10,3.422308910855522e-11,1.0072601514424534e-11,1.2898928016847703e-11,5.2566905917196206e-12
sub-007,4,2.4870014746371905e-10,3.039722323877608e-11,9.19501107953302e-12,1.1592086505222196e-11,3.7581517250843024e-12
sub-007,0,2.3354104288049377e-10,2.7641022735564543e-11,8.452761629129291e-12,9.537085219980894e-12,2.4467346205262973e-12
sub-007,1,2.3675477029511316e-10,2.716638011025957e-11,8.212938464050556e-12,9.709021493861406e-12,2.4001094453865112e-12
sub-007,12,2.437974100637732e-10,3.392840830331131e-11,9.898235649743568e-12,1.016836518753626e-11,2.4089304463474004e-12
sub-007,13,2.4321135969693606e-10,3.004872750812506e-11,9.181860284985044e-12,1.0360617670764004e-11,3.0941300014194466e-12
sub-007,10,2.4633433883718477e-10,3.417524535301969e-11,1.0236790935406484e-11,1.0553825189779014e-11,2.833549743598596e-12
sub-007,11,2.475214315349062e-10,3.21487089706002e-11,9.90209843994695e-12,1.109573430696685e-11,3.925755457906664e-12
sub-007,5,2.7392837495243407e-10,3.759020153816378e-11,1.114542587808546e-11,1.298187793571436e-11,5.373960816411454e-12
sub-007,6,2.7243533429643635e-10,3.552863296125758e-11,1.1050216532380076e-11,1.2447916759788791e-11,3.917455287398636e-12
sub-007,15,2.5730231692677016e-10,3.657195555731466e-11,1.0878095239665438e-11,1.1931867102038098e-11,4.1954891748620025e-12
sub-007,16,2.5333123707251665e-10,3.345047606395357e-11,1.0255687589118726e-11,1.2196907193984412e-11,4.377523267147219e-12
sub-007,17,2.5252979790855793e-10,3.766174820496933e-11,1.1280861218322275e-11,1.17400987794808e-11,3.571859867569782e-12
sub-007,18,2.4679490921877117e-10,3.39420197407378e-11,1.045642486393724e-11,1.2228502137976376e-11,5.0867995334815516e-12
sub-007,9,2.6239210799789877e-10,3.697227098288577e-11,9.871725636454265e-12,1.0982928128458547e-11,2.715310408976147e-12
sub-007,2,2.376387141611598e-10,2.7645548779244257e-11,8.672701654601496e-12,9.752313023200697e-12,2.2658533681061237e-12
sub-007,14,2.399579127184054e-10,2.7420589154926196e-11,8.318530146575142e-12,8.976946216146636e-12,2.1809954105413808e-12
sub-008,7,9.126410981257704e-09,1.5811796180600415e-09,6.396126195564497e-10,4.594095943745825e-10,1.2334270057328318e-10
sub-008,8,8.67631971844319e-09,1.5728223823160346e-09,6.352019942480275e-10,4.538422187699637e-10,1.200147518944982e-10
sub-008,3,8.526539090907696e-09,1.5405513724487043e-09,6.263647645321401e-10,4.5594217616424477e-10,1.1852714341828038e-10
sub-008,4,8.541311065116212e-09,1.5626038375293502e-09,6.295304832361643e-10,4.4306859090708334e-10,1.1353728513248332e-10
sub-008,0,8.423377971764883e-09,1.5193816336181486e-09,6.1891392123751e-10,4.55789417107938e-10,1.1923053450897558e-10
sub-008,1,8.4473759291186e-09,1.528594522835778e-09,6.21757837816137e-10,4.5548165556392076e-10,1.1815674464500508e-10
sub-008,12,8.437767894859693e-09,1.526894701311913e-09,6.182257378627541e-10,4.4858017574107666e-10,1.1374356329426672e-10
sub-008,13,1.5198392227201812e-08,5.073396382421759e-09,1.9219099607871367e-09,1.950117631714569e-09,1.7475245261944076e-09
sub-008,10,8.783556914603562e-09,1.5443583472653359e-09,6.199542865382964e-10,4.4189117051335997e-10,1.0727116874712983e-10
sub-008,11,8.591017053852126e-09,1.5414534455967815e-09,6.111215620499142e-10,4.1943167386790866e-10,9.975528264116221e-11
sub-008,5,9.040127867348296e-09,1.6521678802938424e-09,6.645017453455004e-10,4.863402393342949e-10,1.179019747265377e-10
sub-008,6,8.635510814754844e-09,1.5971823849825387e-09,6.407289040250624e-10,4.3827576717280357e-10,1.1959930952514628e-10
sub-008,15,8.652200913004963e-09,1.5744989641587e-09,6.239201599940629e-10,4.231842663662774e-10,1.0096828763157123e-10
sub-008,16,1.0527412873747329e-08,2.349351816424511e-09,7.584770183029351e-10,5.144613589517127e-10,1.2693524446528726e-10
sub-008,17,8.5135485001959e-09,1.5309121858846982e-09,6.116486424044825e-10,4.3296981781042384e-10,1.0476429950967687e-10
sub-008,18,8.867705957961223e-09,1.5587511468103326e-09,6.246011705617358e-10,4.3339373603880814e-10,1.0778291042220948e-10
sub-008,9,8.63177545646785e-09,1.5607936731443242e-09,6.33648254559817e-10,4.5872757032481207e-10,1.1826355130296984e-10
sub-008,2,8.513233945708318e-09,1.5322321150742635e-09,6.233269123735905e-10,4.5682286765555916e-10,1.1748059135349794e-10
sub-008,14,8.562847487101787e-09,1.535677979297355e-09,6.208369107076387e-10,4.4513281708710595e-10,1.114153010966054e-10
sub-009,7,3.4344041168558675e-10,4.606500076711325e-11,3.249738394976446e-11,2.270863576406996e-11,6.1807339187483995e-12
sub-009,8,3.4479753968473437e-10,4.5286486874422235e-11,3.069678986570163e-11,2.4548946249226492e-11,6.435769818771234e-12
sub-009,3,2.5426504424487157e-10,4.095317691454397e-11,2.4882668397901182e-11,1.7484809850560644e-11,3.066572578277136e-12
sub-009,4,2.5204673167148917e-10,3.715683579243149e-11,1.97494414198806e-11,1.9434371740831045e-11,6.127371439379644e-12
sub-009,0,2.442386578336054e-10,2.8295168989684022e-11,1.1899356683267244e-11,1.166246321806635e-11,2.3343799473261968e-12
sub-009,1,2.4492197788889616e-10,2.8920376452651577e-11,1.2579093561866966e-11,1.205177562446458e-11,2.404017533662274e-12
sub-009,12,2.4669483289786247e-10,3.0253655793867466e-11,1.6864782134861755e-11,1.3073049488850878e-11,2.4080638437821507e-12
sub-009,13,2.485924965071322e-10,3.2669516756004856e-11,2.9735149485584265e-11,1.4912973148860506e-11,2.636578809810698e-12
sub-009,10,2.498961968583538e-10,3.255322490046817e-11,2.4913684084116696e-11,1.6485556920423652e-11,3.103996245986961e-12
sub-009,11,2.481325237441782e-10,3.2198017867473054e-11,3.4495641751808905e-11,1.6871086153636458e-11,2.866923465234429e-12
sub-009,5,2.671161659141997e-10,3.807662992154752e-11,3.329562500886576e-11,2.032802122243282e-11,5.163875435298644e-12
sub-009,6,2.6891983466013917e-10,3.7582883056687487e-11,2.8870979210681738e-11,2.2496053000897658e-11,7.157535295140691e-12
sub-009,15,2.5402302699431043e-10,3.7246233742561927e-11,2.7443865902431436e-11,1.5519150519430142e-11,3.0696038830610653e-12
sub-009,16,2.52000980855433e-10,3.340368378616873e-11,1.9901589094448148e-11,3.311372288012979e-11,2.1593312043401736e-11
sub-009,17,2.5197043536731305e-10,3.516084062478059e-11,2.4822862575606068e-11,1.7452876511066053e-11,3.61207119938862e-12
sub-009,18,2.5177546290941887e-10,3.6019749341562966e-11,2.9436645964743016e-11,1.8092366469504205e-11,3.8766602094986716e-12
sub-009,9,2.543096338900908e-10,5.082358882342324e-11,2.646799197960447e-11,1.771663138623666e-11,2.7408632965815824e-12
sub-009,2,2.4725014270700057e-10,3.6039284242457054e-11,1.557892401932843e-11,1.2824217423622717e-11,2.242659984486033e-12
sub-009,14,2.4526981637467277e-10,2.7608250994155908e-11,1.5529800478598548e-11,1.117421194967934e-11,1.952632195400622e-12
sub-010,7,2.4576076902268766e-10,2.4922656453872805e-11,9.314555166453525e-12,1.2807176464887602e-11,5.3224316418279416e-12
sub-010,8,2.422880619596586e-10,2.4635968721523816e-11,9.030525271894908e-12,1.22425557148048e-11,4.995746701815103e-12
sub-010,3,2.1893113084939479e-10,2.338349556266704e-11,8.208917982352579e-12,1.049653028805176e-11,3.691472568070563e-12
sub-010,4,2.1843923187255966e-10,2.3437113347988204e-11,8.22340071206723e-12,1.0599611984759506e-11,3.94072269636111e-12
sub-010,0,2.1451965355634798e-10,2.2767998222382665e-11,7.397133428636496e-12,9.488464295312209e-12,3.320670876676603e-12
sub-010,1,2.1441921569356182e-10,2.2716547495168184e-11,7.578481955907715e-12,9.621112699687268e-12,3.5467588634827466e-12
sub-010,12,2.1711837450208188e-10,2.3173557714919754e-11,9.706286428439128e-12,1.08191569680641e-11,3.1716010431731558e-12
sub-010,13,2.1682702497275484e-10,2.337336239785387e-11,1.2141579237047371e-11,1.2185837834771644e-11,2.9899905581020045e-12
sub-010,10,2.1762074724026155e-10,2.3943871454731632e-11,1.7387528230753925e-11,1.42421851134202e-11,3.2088014132067764e-12
sub-010,11,2.1936811249257686e-10,2.45276187019216e-11,1.926456936355244e-11,1.641257727424322e-11,3.1639064755785026e-12
sub-010,5,2.2050044976817532e-10,2.482255562056374e-11,9.902562771482191e-12,1.357535542001209e-11,6.284981726032572e-12
sub-010,6,2.178389699868257e-10,2.4328350175547354e-11,9.952588885227356e-12,1.4710023326587495e-11,9.423340456239486e-12
sub-010,15,2.1987122087392086e-10,2.4932636746582587e-11,1.1555417709801823e-11,1.3840403579984175e-11,6.098707983067083e-12
sub-010,16,2.2026259787781318e-10,2.5230959328941797e-11,1.3937735194086287e-11,1.9730392176517253e-11,1.2213818323656491e-11
sub-010,17,2.1850674657457059e-10,2.4578781749395425e-11,1.637474316191928e-11,1.3862137734624264e-11,4.043580145655849e-12
sub-010,18,2.1967096056760732e-10,2.5550110424887927e-11,2.4113818712988848e-11,1.840192053425772e-11,4.233633971584432e-12
sub-010,9,2.200619421746853e-10,2.3698635559720256e-11,8.553191454684734e-12,9.925597769406425e-12,2.993517320825716e-12
sub-010,2,2.1729400806901767e-10,2.3362100240591328e-11,7.860480205557224e-12,8.947857839565914e-12,2.275549532077941e-12
sub-010,14,2.2474958027928362e-10,2.326583525789973e-11,9.3454324783024e-12,1.0436427450434671e-11,2.418547326097201e-12
sub-011,7,1.768655769944024e-09,2.3444902093667247e-10,1.4414693800719502e-10,2.968157655437713e-10,6.709920056580167e-11
sub-011,8,2.4570260918461152e-09,2.7613332802427105e-10,1.6730407797420351e-10,3.108302490777889e-10,6.404473926316925e-11
sub-011,3,9.070255735052267e-10,2.830885814401005e-10,1.7806327111002155e-10,3.1951547477197314e-10,4.823461359856702e-11
sub-011,4,1.014215719852361e-09,2.660607300618772e-10,1.6261960903033946e-10,2.948980829933565e-10,5.6693846675935824e-11
sub-011,0,8.918004550528266e-10,2.7744453594633243e-10,1.7016765218345272e-10,2.9286498014857303e-10,3.922740109154287e-11
sub-011,1,9.743399302481782e-10,2.734658619165035e-10,1.6669601697086732e-10,2.9415799529368076e-10,4.343659896073383e-11
sub-011,12,9.909016361861872e-10,3.0434868844611257e-10,1.9414026727543992e-10,3.006065916196058e-10,3.425769938848015e-11
sub-011,13,2.688959720238303e-09,7.393833869951204e-10,2.8686251881837667e-10,4.73814219203242e-10,9.003879562006551e-11
sub-011,10,8.836029099458225e-10,2.835209714271582e-10,1.8439359345331524e-10,2.83774941915575e-10,4.453123260117764e-11
sub-011,11,1.068844055414599e-09,3.6252592632514715e-10,2.4912980897132706e-10,3.7601539641625007e-10,3.685049116576699e-11
sub-011,5,9.39528340014627e-10,2.9365183058920907e-10,1.8257782707687036e-10,3.100105837042526e-10,5.048412554971892e-11
sub-011,6,1.2724319611623802e-09,3.0566304645778767e-10,1.8699081611732068e-10,3.2166245487812433e-10,5.049393985375622e-11
sub-011,15,1.1279901937773666e-09,3.5815401518182277e-10,2.16708593366564e-10,3.591514585197557e-10,5.4283575946192136e-11
sub-011,16,9.325757675494926e-10,3.169289511467474e-10,1.876718256993648e-10,3.0819079048448217e-10,5.279896774322361e-11
sub-011,17,9.910177693095531e-10,3.4329938946838215e-10,2.1584855025111126e-10,3.4121390987228186e-10,4.3151754226567845e-11
sub-011,18,1.2850191870499219e-09,4.0664495453876554e-10,2.300533565808356e-10,3.288130262507833e-10,4.119766033558107e-11
sub-011,9,1.2249483815474676e-09,3.497374127222709e-10,1.8820869248531155e-10,3.18043482785159e-10,4.1198873047020396e-11
sub-011,2,1.0735326008896215e-09,2.684386704436595e-10,1.678042245128735e-10,2.808551858330378e-10,4.396072509492252e-11
sub-011,14,1.3820569058058371e-09,4.3718789234325536e-10,2.0057998099720527e-10,3.3155202166049204e-10,5.0930413054689716e-11
sub-012,7,2.017910179027425e-09,3.655571726457297e-10,1.1973528115066392e-10,2.504835468390646e-10,5.453520904548059e-11
sub-012,8,2.6210911722349867e-09,3.753093565654512e-10,1.3102551894542786e-10,2.6794972380303947e-10,6.024768431911309e-11
sub-012,3,1.88831631771287e-09,3.5138750724075356e-10,1.1981264270773019e-10,2.425563076844033e-10,5.7867208401633824e-11
sub-012,4,2.0880602275692193e-09,3.5147097198332926e-10,1.2299687294472755e-10,2.521486305312294e-10,5.563629710283423e-11
sub-012,0,2.0477809206313676e-09,2.8718913470295886e-10,9.343992863158803e-11,2.0029295134829248e-10,5.677926430837549e-11
sub-012,1,1.905244750839567e-09,3.5682443453188233e-10,1.2028376208134064e-10,2.227547474635192e-10,5.6416027864573e-11
sub-012,12,5.355819365171325e-09,1.1201271275346014e-09,2.7290460050360987e-10,3.81231542256569e-10,7.922053656844794e-11
sub-012,13,2.1887422499854763e-09,3.6998985057559527e-10,1.2129865827074386e-10,2.2191838792991758e-10,4.6815167735573954e-11
sub-012,10,2.4740217464659238e-08,4.656575051634561e-09,2.0422192315156427e-09,1.4150222097847666e-09,2.145412407545916e-09
sub-012,11,5.6179452767622535e-09,1.0609271791602783e-09,4.4458674239036484e-10,5.105473421083082e-10,1.4098620434971658e-10
sub-012,5,1.918379784548825e-09,3.632755405283009e-10,1.2765552579402843e-10,2.392965823770552e-10,5.0304877178077214e-11
sub-012,6,2.051428691789848e-09,3.6348942037820254e-10,1.2949925690331083e-10,2.4561165344202726e-10,6.041501089705417e-11
sub-012,15,2.0030017387534757e-09,3.8553872571441144e-10,1.3799765686434383e-10,2.5587841727535737e-10,6.186396802498753e-11
sub-012,16,1.9824549971248172e-09,3.6856075323340124e-10,1.3145843169750587e-10,2.3697101142495376e-10,5.7798760278680636e-11
sub-012,17,5.4509500662773426e-08,8.447763234573257e-09,2.321109584876894e-09,1.912287883802705e-09,2.5759680306076476e-09
sub-012,18,1.891732490724281e-09,3.8640622734043025e-10,1.3728566950941455e-10,2.7144934647578173e-10,5.565859601945453e-11
sub-012,9,2.2724163285739244e-09,3.5834090489237705e-10,1.0634599366792404e-10,2.0841983696461894e-10,5.0378294696405906e-11
sub-012,2,2.800021227994253e-09,3.5491121143990745e-10,1.1651494298575979e-10,1.9735520017212178e-10,4.074498054559651e-11
sub-012,14,2.3991683069240998e-09,3.4462073826688605e-10,1.2106293975356644e-10,2.2700514308950158e-10,4.79380500992821e-11
sub-013,7,8.635393408094266e-10,8.463279827024074e-11,2.2630368516363e-11,2.566212587619929e-11,8.166534916763574e-12
sub-013,8,8.173663450146711e-10,8.347551912902072e-11,2.2606426947946108e-11,2.2557654831042884e-11,6.13593802929158e-12
sub-013,3,5.91540673676991e-10,7.200865585966292e-11,1.8525205404470663e-11,1.7799224932238868e-11,3.951105018934492e-12
sub-013,4,9.433513278487842e-10,8.242974823641695e-11,2.1754503259378344e-11,2.0362807753911147e-11,4.710123541627633e-12
sub-013,0,5.825929946596416e-10,7.093871222189169e-11,1.9171347586293668e-11,1.6749591964824417e-11,2.4939988878411404e-12
sub-013,1,5.863793416692868e-10,7.380517603023875e-11,2.018209187973356e-11,1.6914835912366615e-11,2.4953998197948565e-12
sub-013,12,9.023211244285985e-10,7.499142285250759e-11,1.9712495666056303e-11,1.691438482911852e-11,2.6510359747672497e-12
sub-013,13,6.533271467773223e-10,1.123114891773654e-10,4.2050261113336715e-11,2.9795901302025286e-11,3.652294636831881e-12
sub-013,10,9.384307491322431e-10,8.513319723395983e-11,2.706080872492756e-11,2.1381633545287813e-11,3.0686331360594947e-12
sub-013,11,6.699219024817585e-10,8.533268308352448e-11,3.651073636631896e-11,2.368970839634725e-11,3.232505644703664e-12
sub-013,5,6.715484697514785e-10,7.790414219999592e-11,2.0201298162295785e-11,2.2656338480351745e-11,8.873493280118907e-12
sub-013,6,7.365356141286701e-10,7.419530653447878e-11,1.9375960041701383e-11,2.111967120884204e-11,8.218731775923509e-12
sub-013,15,6.124011457740565e-10,7.634104202561998e-11,2.1191863480154635e-11,2.3182229196915048e-11,7.629066410265954e-12
sub-013,16,6.4741657968276e-10,7.787533206091257e-11,2.1511102084892252e-11,2.048469685039724e-11,5.780758411839432e-12
sub-013,17,1.925499208159643e-09,4.5813646872560023e-10,1.3357621846517918e-10,7.219130598393393e-11,5.962561963655211e-12
sub-013,18,1.6864003249047355e-09,2.5002962699124537e-10,3.9082920774461867e-11,4.6455996123994816e-11,5.506207267218245e-12
sub-013,9,5.796821740599855e-10,7.255180382329913e-11,1.849047726922198e-11,1.6447252897707995e-11,2.5034043151699517e-12
sub-013,2,5.876924456482011e-10,7.132785948941207e-11,1.9291907569050787e-11,1.6542192663677686e-11,2.4363172290376696e-12
sub-013,14,7.879648499610684e-10,7.904508238222366e-11,2.2047405714388612e-11,1.7986063337805824e-11,2.6107180092645053e-12
sub-014,7,2.028838750875953e-09,2.942414072611595e-10,1.4903260053408082e-10,3.3308796720099554e-10,6.36990561653812e-11
sub-014,8,8.075460697586913e-09,1.6002884812937292e-09,6.384958462400306e-10,8.963071605390071e-10,6.869185586794336e-10
sub-014,3,1.4551460841261332e-09,3.2958275031065255e-10,1.9264295977185174e-10,4.226506814387619e-10,6.52560382114904e-11
sub-014,4,1.4713494406264326e-09,2.868823543008337e-10,1.546187816057437e-10,3.3136570681781455e-10,5.138175136201546e-11
sub-014,0,1.3827528097913823e-09,2.8260584667591106e-10,1.5879890899356044e-10,3.84155783091512e-10,7.689071455881528e-11
sub-014,1,1.3643316130156932e-09,2.488813158516785e-10,1.2749112920630214e-10,3.294807732706065e-10,8.299987818257527e-11
sub-014,12,1.4173712024338495e-09,3.1590478277325355e-10,1.8537601307947877e-10,4.3296986677944755e-10,7.576191500955434e-11
sub-014,13,1.3822201002547801e-09,2.69000391147897e-10,1.4296771240647446e-10,3.2858276072091045e-10,6.264302739856152e-11
sub-014,10,1.462525700987173e-09,2.7785138835688917e-10,1.4801201479788888e-10,3.2538729820323846e-10,5.7446342616491934e-11
sub-014,11,1.4118819761895251e-09,2.783798290009324e-10,1.5000074420194078e-10,3.307341229273081e-10,5.5873049765239175e-11
sub-014,5,1.4731443053795483e-09,3.110785528616077e-10,1.7732410009997316e-10,3.968230708482405e-10,6.685148193486423e-11
sub-014,6,1.642479762617576e-09,2.7906168229978917e-10,1.4206445443786123e-10,3.0839046180951957e-10,5.513562065386028e-11
sub-014,15,1.4082751319470351e-09,2.778193195884183e-10,1.4949735856931346e-10,3.5201856752944046e-10,7.256374787102557e-11
sub-014,16,1.393640559452189e-09,2.6746759495905476e-10,1.390407908998628e-10,3.1339206569877167e-10,6.054439978901781e-11
sub-014,17,1.396825887887032e-09,2.722372446264234e-10,1.4634277880906248e-10,3.6216090208858927e-10,8.334449081111339e-11
sub-014,18,1.4026995558046099e-09,2.710386371527388e-10,1.4296004968640966e-10,3.208922571206617e-10,6.459398648048261e-11
sub-014,9,1.3862294967157366e-09,2.6885679026101086e-10,1.4069004319481694e-10,3.3865182683936247e-10,7.036998437214719e-11
sub-014,2,1.3629524632837014e-09,2.6204902397088257e-10,1.3931336367441942e-10,3.510409454960256e-10,8.164617512946175e-11
sub-014,14,1.372213419958762e-09,2.531833946476318e-10,1.307020672934347e-10,3.383533956943338e-10,8.371418625487623e-11
sub-015,7,2.9820399844087735e-10,3.3037910856151307e-11,1.3722430247760644e-11,1.7691614823255198e-11,8.221383338417121e-12
sub-015,8,4.161342616317135e-10,3.401539203683534e-11,1.345017906470492e-11,2.2618404336956835e-11,1.0480082862782727e-11
sub-015,3,2.750798748481069e-10,3.072897921672024e-11,1.1605102718235863e-11,1.1780751438699888e-11,4.103624591332034e-12
sub-015,4,2.773283836026792e-10,3.101456291939679e-11,1.1628957008165051e-11,1.2624770766319283e-11,4.32188215561384e-12
sub-015,0,2.706472474925872e-10,2.842404992677816e-11,9.327306889004158e-12,9.151425639799278e-12,2.338825099924628e-12
sub-015,1,2.7035871858470873e-10,2.867640790314161e-11,9.236715746680532e-12,9.198819468683895e-12,2.346125609593472e-12
sub-015,12,2.7331262700796467e-10,3.6903170796612106e-11,2.233381552242329e-11,1.1228464769854808e-11,2.479680900683148e-12
sub-015,13,2.72164699663686e-10,3.2130336655394105e-11,2.0153874496746382e-11,1.0979871475202182e-11,2.344298295278543e-12
sub-015,10,2.7517002448155194e-10,4.185631230725845e-11,3.624193166532769e-11,1.3736788777005609e-11,2.904773988921468e-12
sub-015,11,2.7581556981546376e-10,4.2560639858912347e-11,4.108939658314499e-11,1.4248266163972331e-11,2.961367417454601e-12
sub-015,5,2.842896126704857e-10,3.3402544477164905e-11,1.3595622231599275e-11,1.2573853566163004e-11,5.3485481590760494e-12
sub-015,6,2.844479300102858e-10,3.3326632365984146e-11,1.395988113417085e-11,1.1568186785679628e-11,4.102221929233858e-12
sub-015,15,2.732298167712742e-10,3.6771152456111796e-11,1.729246962366649e-11,1.0803771938802511e-11,3.518611859615228e-12
sub-015,16,2.726893914628217e-10,3.3399476204114613e-11,1.3813282323260102e-11,1.4620708725549608e-11,6.486357286348285e-12
sub-015,17,2.7508553464403207e-10,5.6616678586803215e-11,4.347206541443548e-11,1.3132336409652749e-11,3.4760260092265525e-12
sub-015,18,2.7698823360581116e-10,4.400515276732017e-11,3.71316821450475e-11,1.2923070717115436e-11,2.8848536381979706e-12
sub-015,9,2.751027161694293e-10,3.1978052480301804e-11,1.2441441680198042e-11,1.0449632474744056e-11,2.541294350633569e-12
sub-015,2,2.7220987297067366e-10,2.944061107448826e-11,1.0352560407432332e-11,9.264779733506336e-12,2.074246295533557e-12
sub-015,14,2.722953950251453e-10,3.1892272985848813e-11,2.451108152091467e-11,1.1796817940094419e-11,2.3867322011410338e-12
sub-016,7,6.879437627101871e-10,5.7016850513354716e-11,1.4894357126880977e-11,1.5581754600296978e-11,4.926726789393292e-12
sub-016,8,6.547861338918603e-10,5.5828990921855215e-11,1.4427843036915272e-11,1.5008886717101118e-11,4.658981093745383e-12
sub-016,3,7.289142808953418e-10,7.040259524706369e-11,2.054443341585718e-11,2.188788243255118e-11,5.436304811855782e-12
sub-016,4,6.446647707388446e-10,5.0629849527426916e-11,1.3545184272945434e-11,1.2754011024495072e-11,3.173558815891881e-12
sub-016,0,6.428961230936554e-10,5.075004446351724e-11,1.38227485872476e-11,1.2439030582448596e-11,2.9102556935943288e-12
sub-016,1,5.930307283065732e-10,4.892703536378902e-11,1.3244108202322322e-11,1.2195749727221568e-11,2.8050683591278207e-12
sub-016,12,6.595399509590988e-10,5.3771606129845205e-11,1.4266910441682456e-11,1.2835262000916331e-11,2.9322922451899257e-12
sub-016,13,6.916970794339296e-10,5.3989018900000276e-11,1.468020385331641e-11,1.3315723110683023e-11,2.9256905875844227e-12
sub-016,10,6.066394258617373e-10,5.48177496638498e-11,1.4720271872305722e-11,1.3962024734139754e-11,3.359514364906484e-12
sub-016,11,7.04414210881799e-10,5.905925890402074e-11,1.5598853279696102e-11,1.4472754673753795e-11,3.3841943875178882e-12
sub-016,5,9.425383459256104e-09,2.2556334273611803e-09,4.611000485928434e-10,6.200715662047646e-10,5.049118763333077e-10
sub-016,6,6.577517416373589e-10,5.495034458339948e-11,1.4735312464292394e-11,1.4256075738722863e-11,3.993983867140328e-12
sub-016,15,5.932421123640936e-10,5.333297840293116e-11,1.4301486642169429e-11,1.3467306761761994e-11,3.684839184326089e-12
sub-016,16,1.7011113369465265e-08,2.5486265658983682e-09,9.57952871014327e-10,1.7525469377651004e-09,5.168221388873545e-10
sub-016,17,6.424345297742359e-10,5.2690667625897886e-11,1.4098856319113498e-11,1.310556705085453e-11,3.2307589557659918e-12
sub-016,18,7.875583771777631e-10,5.716611165879965e-11,1.5525847515969727e-11,1.4337570110248183e-11,3.343832650471191e-12
sub-016,9,5.945565816981837e-10,5.4930654463238767e-11,1.3767896792804329e-11,1.242752598192568e-11,2.8966173140102867e-12
sub-016,2,6.001735843078644e-10,5.0048568403372776e-11,1.3305269808347888e-11,1.2246987699178552e-11,2.7963081277473632e-12
sub-016,14,6.04301441438067e-10,5.080729347607179e-11,1.3689427143980156e-11,1.2758349257112803e-11,2.9835173432713626e-12
sub-017,7,4.7253039464362e-10,4.672549864475849e-11,1.2352131178752776e-11,1.2679551770957104e-11,3.014727065536528e-12
sub-017,8,4.717231606593245e-10,4.476287288828402e-11,1.2028753266390907e-11,1.3728442639889696e-11,3.911027020526398e-12
sub-017,3,3.8383740927127676e-10,4.6280269561900767e-11,1.2049694736089113e-11,1.183947317628863e-11,2.822801052740187e-12
sub-017,4,3.6810857585733765e-10,3.990379786104274e-11,1.0884559945016832e-11,1.1839619374524724e-11,2.8709658080462147e-12
sub-017,0,3.3858974768774206e-10,3.316010189446822e-11,8.786656872823115e-12,9.414369971779708e-12,2.096418634108127e-12
sub-017,1,3.4931092333582706e-10,3.4110089792848086e-11,8.683864919930125e-12,9.525043268219209e-12,2.148587778017837e-12
sub-017,12,4.931914585255575e-10,3.5317073853380024e-11,1.1223827775829412e-11,1.0146220229336368e-11,2.1986711643296317e-12
sub-017,13,3.392005276097293e-10,3.7124226464488545e-11,1.1303036921453496e-11,9.807364671621076e-12,1.957694198883907e-12
sub-017,10,6.505712807007049e-10,4.7212753589747327e-11,1.6994357708861915e-11,1.3276136029865807e-11,2.819945610075116e-12
sub-017,11,4.660262674153208e-10,4.546786557222693e-11,1.7601335359971226e-11,1.501724638999147e-11,3.074526055991639e-12
sub-017,5,4.0944104075094317e-10,4.6947889307679845e-11,1.2513579736629219e-11,1.4496230088250807e-11,5.640325061036888e-12
sub-017,6,5.279555090093966e-10,4.512009380630096e-11,1.2269201503997812e-11,1.5213910969057914e-11,6.375899934404758e-12
sub-017,15,3.749171389056205e-10,4.343458191046528e-11,1.1139140160501183e-11,1.2236536017792527e-11,3.4731995235986485e-12
sub-017,16,5.13258909981143e-10,4.8932195331179465e-11,1.6888609245638748e-11,3.3638826931592197e-11,1.501555032149603e-11
sub-017,17,3.610560912601891e-10,3.965498094020382e-11,1.1634180806350152e-11,1.155052004231223e-11,2.8763946932454987e-12
sub-017,18,3.8514081774994027e-10,4.4760881306172296e-11,1.395512796528144e-11,1.2007030178329452e-11,2.7566094707578442e-12
sub-017,9,3.532428562480143e-10,4.258482601510142e-11,1.069819905900607e-11,1.0361572849831356e-11,2.030103906769384e-12
sub-017,2,3.7183766956505095e-10,3.2658248201333264e-11,9.589299585688635e-12,1.3166354136056254e-11,2.1894966456832538e-12
sub-017,14,3.481355888851001e-10,3.425254389744615e-11,1.1786849985686747e-11,1.0099228694348718e-11,2.0630254563558278e-12
sub-018,7,3.5217283884286037e-10,5.1393232616004576e-11,2.0641372742209967e-11,2.6609947142056303e-11,5.949522854882931e-12
sub-018,8,3.2158056897853177e-10,4.5852521937796726e-11,1.9948840506446347e-11,3.198408690277415e-11,9.403214922042248e-12
sub-018,3,3.122862054190079e-10,5.1445390778899194e-11,2.3663025620785088e-11,2.7105509449211776e-11,3.856814037649546e-12
sub-018,4,2.940370052368029e-10,4.6949530572595885e-11,2.155177333852301e-11,2.9089437453172735e-11,3.87049415366214e-12
sub-018,0,2.8805048844173505e-10,3.8886648598698856e-11,1.5398958205110234e-11,1.8160096207626763e-11,2.487411831809668e-12
sub-018,1,2.834795804427118e-10,3.891753642979829e-11,1.5229521045600467e-11,1.8461772007228074e-11,2.509856931078441e-12
sub-018,12,3.0148975183216125e-10,5.555325031616696e-11,2.2255847466983147e-11,1.7959590117608156e-11,2.5822691786244587e-12
sub-018,13,2.917187492873857e-10,4.478079876558879e-11,1.6474975634147252e-11,1.5653422966733123e-11,2.4040738633020418e-12
sub-018,10,3.1319329445973745e-10,5.893637169906056e-11,2.5278741210564256e-11,1.9308205391824822e-11,3.681659416867669e-12
sub-018,11,3.2022304332488655e-10,6.601772435622962e-11,2.913991252530117e-11,2.0676257986571484e-11,4.587013349050298e-12
sub-018,5,3.3861235394756836e-10,6.562000001931855e-11,2.3060137154527973e-11,2.6897414129404182e-11,8.162565603522712e-12
sub-018,6,3.0136366285382915e-10,5.1719347396754746e-11,2.4000360590359717e-11,3.3041877225172496e-11,1.450491799186555e-11
sub-018,15,3.2725751801726914e-10,7.689843041516558e-11,2.1147468523940728e-11,2.1225845157895928e-11,5.422345228462129e-12
sub-018,16,2.9590421979748676e-10,5.3609282600349964e-11,2.195620743441924e-11,2.2242221217333697e-11,8.535236294152179e-12
sub-018,17,3.187857316810693e-10,7.605634858501756e-11,2.4162571054260332e-11,2.0117105808159963e-11,4.167158736891716e-12
sub-018,18,2.9668571256122865e-10,7.112978257416546e-11,2.7114209888524563e-11,1.902362541418364e-11,4.946881330215252e-12
sub-018,9,2.9819721839985874e-10,4.745791656760855e-11,1.9562495501249157e-11,2.5788336730279148e-11,3.0503773616981977e-12
sub-018,2,2.8595486247535765e-10,3.7189093979345135e-11,1.4838128945620054e-11,3.2489996048788256e-11,3.108950911453504e-12
sub-018,14,2.950522219743501e-10,5.015014586769444e-11,2.1748910133503154e-11,1.671114361870967e-11,2.3511487384137307e-12
sub-019,7,3.18613586294723e-10,3.0788557014060964e-11,1.132952599284923e-11,1.4663321199714218e-11,5.9075270741260985e-12
sub-019,8,3.0816781641200896e-10,2.994058757567039e-11,1.109783747008225e-11,1.4484385613879144e-11,5.697350479727087e-12
sub-019,3,2.5266360688697296e-10,2.6941746958903748e-11,8.930989046922569e-12,1.527345994114673e-11,9.387360703988616e-12
sub-019,4,2.561296312242337e-10,2.7370945685232107e-11,9.4463797455084e-12,1.3476676565817227e-11,5.7801493614163096e-12
sub-019,0,2.4780961241436486e-10,2.6190423087501657e-11,8.19799738870656e-12,9.660236060154236e-12,3.313370401001619e-12
sub-019,1,2.4830104537564356e-10,2.626637337744732e-11,8.132276576887622e-12,9.788169134510044e-12,3.2968931986910888e-12
sub-019,12,2.498440222114314e-10,2.681637072129195e-11,1.0131610454249628e-11,1.0591942832169356e-11,3.0323037699993508e-12
sub-019,13,2.5167230649228594e-10,2.688413921037378e-11,1.0057765642705516e-11,1.0299652522952384e-11,2.791831254792596e-12
sub-019,10,2.5422102191959025e-10,2.8753406012540975e-11,1.715357797258752e-11,1.3828112935109344e-11,4.060612828587971e-12
sub-019,11,2.60061975668969e-10,2.9440771327539214e-11,1.8303532725354263e-11,1.4025921276620769e-11,4.021290202969637e-12
sub-019,5,2.6597980670582557e-10,2.8720975509023422e-11,1.3101585521658176e-11,4.033497366259111e-11,3.952135519717615e-11
sub-019,6,2.791876690290929e-10,2.9876430032742586e-11,1.3027453168836382e-11,1.7468809472167796e-11,1.043038499473464e-11
sub-019,15,2.520614108361707e-10,2.775651628753685e-11,1.0688177543284556e-11,1.6168582065474214e-11,9.112312886590744e-12
sub-019,16,2.5493505481676806e-10,2.8359955238143737e-11,1.2422176784157085e-11,3.59763824036013e-11,3.1487283061991766e-11
sub-019,17,2.5183369488763363e-10,2.7623878309263703e-11,1.1395128808017789e-11,1.2469928871282655e-11,3.8681207238104726e-12
sub-019,18,2.5329358718071047e-10,2.7954830650288582e-11,1.2085884761076076e-11,1.2945470532888673e-11,4.676180779680744e-12
sub-019,9,2.536259572248262e-10,2.6933457456271808e-11,8.654920594489555e-12,1.0897314748683213e-11,3.0071532966436133e-12
sub-019,2,2.5021321658908567e-10,2.6290728158999976e-11,7.90797283013991e-12,9.115400943789283e-12,2.412067551616752e-12
sub-019,14,2.5060403055297355e-10,2.6808407193995622e-11,1.0333323866851704e-11,1.0083495878655298e-11,2.9326220915640697e-12
sub-020,7,4.5829552892786805e-10,3.922903199469615e-11,1.0884843006823789e-11,1.4682948348660664e-11,7.26964794816502e-12
sub-020,8,4.793240213679301e-10,4.159896015406165e-11,1.1316392195042355e-11,1.555005676229743e-11,7.863629003891129e-12
sub-020,3,3.248881847538341e-10,3.028676914275789e-11,9.04731689045822e-12,1.132733135057145e-11,4.4643831914310376e-12
sub-020,4,3.2643998797033816e-10,3.1257639568859815e-11,9.379733153262056e-12,1.1475528711636968e-11,4.3574431967813206e-12
sub-020,0,2.8802283773816084e-10,2.7778838881298288e-11,7.809323474005e-12,9.14226039965999e-12,2.6929706802193057e-12
sub-020,1,2.8816972278379476e-10,2.747632551599159e-11,7.877845666207207e-12,9.129330104943496e-12,2.6914297716758708e-12
sub-020,12,2.900129895342171e-10,2.8878902460766947e-11,8.66607473219007e-12,9.388200483714198e-12,2.481372007919773e-12
sub-020,13,2.9171956521942065e-10,2.8697932160911467e-11,9.282985450718127e-12,9.727114427945555e-12,2.54491619678108e-12
sub-020,10,2.9526755463667304e-10,3.141661227895589e-11,1.1800239848205136e-11,1.18012020910558e-11,3.4057110351697856e-12
sub-020,11,2.9537629104596563e-10,3.146469068677794e-11,1.2556480743517743e-11,1.215774549464622e-11,3.497644312046714e-12
sub-020,5,3.622028126196218e-10,3.77431965638496e-11,1.2120450574691786e-11,2.315487958564105e-11,2.000216671677789e-11
sub-020,6,3.406247107239432e-10,3.6155861824906295e-11,1.1426889667671076e-11,1.579366553228726e-11,8.386111729903068e-12
sub-020,15,3.0981492084995567e-10,3.4238204295508626e-11,1.046223057852772e-11,1.5231874658892848e-11,1.0141817850906854e-11
sub-020,16,3.1033560839920676e-10,3.2290284893099774e-11,1.0209145436628166e-11,1.4894909138239316e-11,8.989430492368944e-12
sub-020,17,2.965557026501469e-10,3.1937972918456336e-11,1.098261815753993e-11,1.1971558264504972e-11,3.860265330513423e-12
sub-020,18,2.9501545904570667e-10,3.1817866908737347e-11,1.22192658613904e-11,1.2661008614225622e-11,3.975181690873516e-12
sub-020,9,3.122601391232285e-10,3.032247102489781e-11,9.094618392767982e-12,9.892389279825479e-12,2.7907786895016773e-12
sub-020,2,2.900347097071596e-10,2.8206577869937585e-11,8.046587182689572e-12,8.921427858522436e-12,2.2127640741966197e-12
sub-020,14,2.893606647180636e-10,2.8264785483487366e-11,8.357568964427647e-12,9.054066217781782e-12,2.363664820808845e-12
sub-021,7,3.575387838736957e-10,3.991613297495666e-11,1.2091548729260804e-11,2.5469280887343218e-11,1.3183428438695866e-11
sub-021,8,3.3508688725482896e-10,3.601336038496463e-11,1.139279547169882e-11,2.3324169292570425e-11,1.1389587360790064e-11
sub-021,3,2.8074998736754846e-10,3.1641972794538865e-11,9.895489561710018e-12,1.5354748138476376e-11,6.591458516775107e-12
sub-021,4,2.821689638220379e-10,3.129448575222795e-11,1.0237059096105059e-11,1.8715493589213646e-11,8.498817056796208e-12
sub-021,0,2.7308595252579676e-10,2.855392294935072e-11,8.483175833247588e-12,1.0291604596822342e-11,2.831518139654796e-12
sub-021,1,2.73381592293379e-10,2.851032033618212e-11,8.69673160857159e-12,1.0498687804805308e-11,2.849900886021824e-12
sub-021,12,3.0026751917282616e-10,3.332481013925406e-11,1.1135439271537796e-11,1.4465677967968231e-11,4.8322592945527336e-12
sub-021,13,2.7748100806189727e-10,3.0645770417822194e-11,9.89229404202306e-12,1.256079315630407e-11,4.083474931679589e-12
sub-021,10,2.913295675291666e-10,3.4907996707817325e-11,1.2974671560055969e-11,2.083069362996769e-11,1.4066132643939986e-11
sub-021,11,2.9126090872532176e-10,3.5007198784915026e-11,1.2455015718668864e-11,1.837165659199094e-11,1.0520175972329722e-11
sub-021,5,3.031687864999014e-10,3.824019159646555e-11,1.496398778888289e-11,1.920710433137633e-11,8.822025251837116e-12
sub-021,6,3.2111212118816267e-10,3.8373428968599566e-11,1.4274470232679189e-11,2.086187681966637e-11,1.3022127120660767e-11
sub-021,15,2.818826108399144e-10,3.5442887672002546e-11,1.4206902280364796e-11,1.6186935608163975e-11,6.602451395509721e-12
sub-021,16,2.8419717831803365e-10,3.4687729210885276e-11,1.2754153102245149e-11,1.6335755098349384e-11,7.832996207979669e-12
sub-021,17,2.7893778690417647e-10,3.412452656184193e-11,1.4408517708285111e-11,1.934209513247893e-11,1.039685979589294e-11
sub-021,18,3.225841077730413e-10,3.995620536912967e-11,1.4983186358246592e-11,1.992949934332291e-11,9.732244530574844e-12
sub-021,9,2.7606118053518566e-10,3.275507450185014e-11,1.0087910690528066e-11,1.2507535292610676e-11,4.378123247817417e-12
sub-021,2,2.7452831672268616e-10,2.8757502678840467e-11,8.527336376282812e-12,1.0483823867066863e-11,2.7933640581504832e-12
sub-021,14,2.781836911079383e-10,2.9933548377313635e-11,9.145732689230932e-12,1.18429673527196e-11,3.928845260716202e-12
sub-022,7,6.467460374732268e-10,5.1014188946677296e-11,1.5381675960831774e-11,2.2936528596300157e-11,8.613278655255257e-12
sub-022,8,7.016334552635054e-10,5.047889446462935e-11,1.6000823509530287e-11,2.247798024305582e-11,8.335287676002751e-12
sub-022,3,3.126251903510776e-10,4.531196576079952e-11,1.4190269738368709e-11,2.058464080097257e-11,8.284772448582556e-12
sub-022,4,3.6892469362724056e-10,5.825910468357681e-11,1.813992972692416e-11,2.3348284917339002e-11,8.259795235774748e-12
sub-022,0,2.7424717084772516e-10,3.816911954576861e-11,1.1455630083323134e-11,1.498795747510523e-11,4.951979688469637e-12
sub-022,1,2.8132359802581226e-10,3.8190266623245176e-11,1.1603930667485431e-11,1.5181116855641058e-11,5.019840870501122e-12
sub-022,12,2.9031799707459415e-10,4.800440963221361e-11,1.6787367490675952e-11,1.5561359141732398e-11,4.561801399458544e-12
sub-022,13,3.0313993081277355e-10,4.411568434825328e-11,1.4851804536929686e-11,1.4538219923107646e-11,3.942658708567832e-12
sub-022,10,3.4270929038638133e-10,6.518738265434624e-11,2.925417863816936e-11,1.834819561432349e-11,5.437956594630042e-12
sub-022,11,3.637477435459963e-10,5.4620430454800894e-11,1.9841697354512734e-11,1.7926948300486378e-11,4.988887453870757e-12
sub-022,5,3.3478137249427107e-10,5.007996518623842e-11,1.618818245091866e-11,4.1533751207201207e-11,2.989009070857733e-11
sub-022,6,2.1281227922695364e-09,1.1905263053107364e-09,6.850548906299156e-10,4.5150599591217747e-10,4.4148868508717856e-10
sub-022,15,3.0571943466233456e-10,4.741444663883663e-11,1.5386159144932768e-11,1.8026257915637917e-11,6.439480022015426e-12
sub-022,16,3.2412030958794034e-10,4.779695110810681e-11,1.608845723694033e-11,1.915749533308089e-11,9.153108417481066e-12
sub-022,17,3.3800382351478956e-10,6.939503160765812e-11,3.3408443003717676e-11,1.972026866485297e-11,5.972320270675772e-12
sub-022,18,3.336237947839779e-10,5.2246123910445775e-11,1.9361109318798215e-11,1.6834823284702513e-11,4.942049546680112e-12
sub-022,9,3.031967880414302e-10,4.2985795269156216e-11,1.3456390684146224e-11,1.6276414057340217e-11,4.239292496922162e-12
sub-022,2,2.7505168547444397e-10,3.987915386339909e-11,1.2934752657404772e-11,1.6150551515206955e-11,3.651414418007874e-12
sub-022,14,3.4338736548402767e-10,5.2907021481727035e-11,1.812807857690416e-11,1.9543077173219127e-11,5.522280720541029e-12
sub-023,7,1.1975228840152691e-09,2.2127635359836164e-10,6.231153508330994e-11,8.197228998038657e-11,2.115025818041088e-11
sub-023,8,1.1817437827176611e-09,2.2065586139590958e-10,6.248761736755344e-11,7.880171028110863e-11,2.2128213663170748e-11
sub-023,3,1.0300596679138071e-09,2.05424056638706e-10,5.991849898228805e-11,7.315787389527419e-11,1.7726629393620304e-11
sub-023,4,1.008107476389013e-09,1.859632823879012e-10,5.1376646683730534e-11,6.139781743148475e-11,1.7204187007478743e-11
sub-023,0,1.0349810994748462e-09,2.091110666920224e-10,5.960752694558399e-11,7.068801629062295e-11,1.3755567557903604e-11
sub-023,1,1.1066529875357375e-09,2.0395733793370257e-10,7.681703043100235e-11,5.60668073142636e-11,1.569775306595945e-11
sub-023,12,1.0350641909447058e-09,2.0900085217037667e-10,6.375295333827576e-11,6.78561525779397e-11,1.339331597659718e-11
sub-023,13,2.4097210040667108e-09,6.533332469481986e-10,2.204171907446377e-10,3.4923504270553594e-10,4.791446764791215e-11
sub-023,10,1.959352971931688e-09,2.5533304348119435e-10,8.870603409831111e-11,6.855656574813749e-11,1.907162620898313e-11
sub-023,11,1.0798510114527732e-08,2.6904016769270862e-09,9.35638859151911e-10,7.36114407091599e-10,8.053453180129745e-10
sub-023,5,1.0352974976838911e-09,1.965179060133441e-10,5.616835251222036e-11,7.059173813004439e-11,2.348158045113641e-11
sub-023,6,1.330122508606257e-09,4.0428662024618725e-10,1.3327986771091387e-10,1.0582313071801742e-10,2.8452289657142728e-11
sub-023,15,1.0434301151016907e-09,2.16000059025396e-10,6.239800667843729e-11,8.070816359190389e-11,2.5701156718440962e-11
sub-023,16,1.0206732445767166e-09,2.1096935422815003e-10,6.230629435120857e-11,8.862798067868981e-11,4.0053058204239664e-11
sub-023,17,1.0446390328979322e-09,2.2725167342680027e-10,7.721332743521411e-11,7.592609591964408e-11,1.5992432397253298e-11
sub-023,18,1.7374576244166784e-09,4.401050899381027e-10,1.5958798452417087e-10,1.8927105021807131e-10,2.8462750485302366e-11
sub-023,9,1.0238155911017091e-09,2.1122933685937728e-10,6.298412167186444e-11,6.948043217662689e-11,1.41105497734218e-11
sub-023,2,1.0177638391466827e-09,2.010226734110631e-10,5.509429416176602e-11,6.631523648438243e-11,1.2170067955670154e-11
sub-023,14,1.087967645739707e-09,2.0698924173228128e-10,6.037257700328788e-11,6.414170199307656e-11,1.3010990075686291e-11
sub-024,7,3.869066739652592e-10,6.433002924891732e-11,1.6711125197857308e-11,1.910079236556665e-11,6.336396561596045e-12
sub-024,8,4.02026265863632e-10,6.60378258707496e-11,1.5951818581616748e-11,1.5780385974425833e-11,3.8751840847744e-12
sub-024,3,2.8184193327027556e-10,4.979534303650721e-11,1.3941961264880091e-11,1.294373143462671e-11,2.2350357307753004e-12
sub-024,4,2.7713903186946516e-10,4.6949028143558066e-11,1.3000377820917931e-11,1.2110653388513931e-11,2.1321690502536844e-12
sub-024,0,2.5991774892507587e-10,3.533998186589611e-11,9.589218826264166e-12,9.857229765823279e-12,1.7680022889502e-12
sub-024,1,2.5534663319367914e-10,3.443250998628614e-11,9.483392321314e-12,9.810994299080724e-12,1.7524565686348834e-12
sub-024,12,2.6245153617539446e-10,3.786341721971492e-11,1.1268878103243571e-11,1.0465963750840535e-11,1.9439052932503706e-12
sub-024,13,2.6310584728706856e-10,3.8132009967191056e-11,1.0849636329159332e-11,1.0050244371436346e-11,1.830264221482592e-12
sub-024,10,2.665246970540761e-10,3.919726015556444e-11,1.2956498178371764e-11,1.2292171904071616e-11,3.103963815980721e-12
sub-024,11,2.683064567326621e-10,4.068217623459124e-11,1.3131199756589318e-11,1.2338620599590314e-11,3.168921499043427e-12
sub-024,5,3.284117851563797e-10,6.072689988138794e-11,1.590150054221142e-11,1.4069339934088232e-11,2.503768251899358e-12
sub-024,6,3.03037827659686e-10,5.525333113753938e-11,1.4467282715953735e-11,1.3509865489992608e-11,2.7609675622556145e-12
sub-024,15,2.9220265481245517e-10,5.612951761211829e-11,1.4458093515525344e-11,1.2663917302706945e-11,2.4454691652588416e-12
sub-024,16,2.7628611046264576e-10,4.9720943582180383e-11,1.2959827046220904e-11,1.2383357497940385e-11,2.7244573100383282e-12
sub-024,17,2.703555160323422e-10,4.7232383202871235e-11,1.3845390925368336e-11,1.2892306596157856e-11,2.860702975039392e-12
sub-024,18,2.6560766738053436e-10,4.664980462837076e-11,1.3103234558908249e-11,1.2349556589457603e-11,2.7689649583894653e-12
sub-024,9,2.7742357727657135e-10,4.851965820701947e-11,1.3362261127965612e-11,1.1565967122994269e-11,1.874613509607669e-12
sub-024,2,2.5461340984605616e-10,3.07445646393101e-11,9.296619652827571e-12,1.0204520155420554e-11,1.6591356865810614e-12
sub-024,14,2.6006425295990523e-10,3.444539266466602e-11,1.0225216759263305e-11,9.549107336398308e-12,1.8249165671385287e-12
sub-025,7,5.520892746589251e-10,4.5165658418553976e-11,2.0611926015312413e-11,2.1377281376971385e-11,1.1812256570371128e-11
sub-025,8,8.296865482642944e-10,4.707364514429988e-11,2.134946533429264e-11,1.9968739260014004e-11,1.052398769311254e-11
sub-025,3,3.428003285272157e-10,3.8920282555452273e-11,1.5775132023847184e-11,1.7119501431840962e-11,1.1682198822715722e-11
sub-025,4,3.6205094420844634e-10,4.149219975025827e-11,1.7135231369740953e-11,1.993070254376992e-11,1.4625942469859402e-11
sub-025,0,3.3953822511027465e-10,3.56231272571989e-11,1.0932369923485403e-11,1.358543178384719e-11,6.459354292942086e-12
sub-025,1,3.4012834202851657e-10,3.5888239643203466e-11,1.0995799363465332e-11,1.3240006539525804e-11,6.257474082105185e-12
sub-025,12,3.4403390045176045e-10,4.768501078961889e-11,3.2311379414698273e-11,1.5054356361900265e-11,5.4527904493073256e-12
sub-025,13,3.480562590315924e-10,5.2836319246433296e-11,4.1062060150330136e-11,1.6413989065577225e-11,6.351793160616159e-12
sub-025,10,3.628218229145334e-10,8.822959985268543e-11,9.759349315195631e-11,2.277471578163312e-11,8.644803264390499e-12
sub-025,11,3.678072753534196e-10,9.172102237579568e-11,1.0398189242283804e-10,2.3847344300844098e-11,8.684668596730925e-12
sub-025,5,3.5466943927351106e-10,3.9850429780805344e-11,1.6860304605214813e-11,5.5532229606837936e-11,6.052867592084239e-11
sub-025,6,3.586273910481308e-10,4.023000707058328e-11,1.6714008918359846e-11,4.4790757399431726e-11,4.0485013028767006e-11
sub-025,15,3.4976476588426354e-10,4.1093846860818695e-11,1.7940524989473226e-11,4.7179573917297835e-11,5.3997573503491755e-11
sub-025,16,3.5194164766754256e-10,4.2178022749911176e-11,1.8569254201968218e-11,3.494081649472337e-11,3.1802088824291296e-11
sub-025,17,3.486758796584442e-10,6.43308251088807e-11,5.338845616245823e-11,2.4508107555783707e-11,1.3177115918528216e-11
sub-025,18,3.4973745606243916e-10,7.277424646792552e-11,6.890890478151337e-11,2.3310701260566606e-11,1.0210985235022862e-11
sub-025,9,3.4063664134031435e-10,3.984847383797894e-11,1.7411433647239527e-11,1.3249097593426735e-11,4.1251711681896125e-12
sub-025,2,3.4005985351123086e-10,3.628911142651917e-11,1.1606923386648182e-11,1.167595849378008e-11,3.4273993997357988e-12
sub-025,14,3.4467996449805103e-10,4.531062083360347e-11,2.8934980823162708e-11,1.3679817201682456e-11,4.992206813047821e-12
sub-026,7,5.762260672149509e-10,8.399558166439466e-11,2.00368149683952e-11,4.118492177467368e-11,4.8366147687766845e-11
sub-026,8,7.139971955022454e-10,9.444549167776051e-11,2.0147591976979472e-11,4.066554046898416e-11,4.6631274039608565e-11
sub-026,3,2.8746206926643956e-10,4.0522245071217656e-11,1.1380008078549299e-11,3.578947155407373e-11,4.3898625813110186e-11
sub-026,4,3.0471526268093857e-10,4.168331313996825e-11,1.2387114551545544e-11,5.1920007913882625e-11,6.755259125748724e-11
sub-026,0,2.6530040742093514e-10,3.004374330423924e-11,9.213473292667648e-12,2.483303127317698e-11,2.8768045961780825e-11
sub-026,1,2.6545337933472635e-10,2.9963974590840105e-11,9.190784679051569e-12,2.4894553334709696e-11,2.9468725324090686e-11
sub-026,12,2.8471520641956406e-10,3.4329237821115425e-11,1.0484411959733056e-11,2.3102905812306108e-11,2.4843021264048373e-11
sub-026,13,2.8057427190330536e-10,3.5537980714058065e-11,1.0757844019099162e-11,2.4495916851609166e-11,2.7720910924327015e-11
sub-026,10,3.4432250154171047e-10,4.2709453064175885e-11,1.5155316827828017e-11,3.710564797557276e-11,4.267266881576304e-11
sub-026,11,4.174630030650488e-10,4.826758512965054e-11,1.6495253987766614e-11,3.893738342873335e-11,4.4456350872768495e-11
sub-026,5,3.390588867194859e-10,5.4471734848235086e-11,2.3078515084512205e-11,1.8215044863771927e-10,2.5348934317701987e-10
sub-026,6,4.02630064894933e-10,5.4449168672128736e-11,1.8128163974826897e-11,9.217530884665613e-11,1.4684241333304088e-10
sub-026,15,2.9453391338155344e-10,3.7589820332497677e-11,1.331027684705639e-11,6.036671361177529e-11,6.659321352237751e-11
sub-026,16,3.092394342426342e-10,3.9603024811411925e-11,1.3961914827636855e-11,6.7554428237192e-11,9.734359225412679e-11
sub-026,17,2.9413064423925256e-10,3.623782958653762e-11,1.1643032504366752e-11,3.303694612286549e-11,3.6126121089999085e-11
sub-026,18,2.9832911638735563e-10,4.615920903603446e-11,1.4205579329377309e-11,3.3695772246490335e-11,3.874892334779457e-11
sub-026,9,2.8074643952236006e-10,3.763726232977029e-11,1.056662657220419e-11,2.0777739129042397e-11,2.0477641254551704e-11
sub-026,2,2.6802817439171086e-10,3.087498295740705e-11,1.0328180370654192e-11,2.096288957612188e-11,2.0724779847601556e-11
sub-026,14,2.8228796367053195e-10,3.3810978411427526e-11,1.0522000597689131e-11,2.4285454581991345e-11,2.8052374679284903e-11
sub-027,7,1.7221024525994091e-09,9.845085047527462e-11,2.513136710869361e-11,4.317140579297135e-11,1.3460337260075757e-11
sub-027,8,7.59681769954569e-10,8.817778926318483e-11,2.1387608456645534e-11,2.817649581784532e-11,1.4012040715191156e-11
sub-027,3,6.082798796434657e-10,8.523336256775774e-11,1.836868482353452e-11,2.2529769100741908e-11,8.534422314822938e-12
sub-027,4,5.826077655245906e-10,7.929874497168869e-11,1.825458760807348e-11,2.4402091932513727e-11,1.3012012440678079e-11
sub-027,0,4.669943171222617e-10,4.83987187965002e-11,1.5479709792498294e-11,1.9909584226386788e-11,7.2215590238505845e-12
sub-027,1,4.733387033413227e-10,4.846205073040958e-11,1.6124161212697044e-11,1.99211958939453e-11,7.603122912061744e-12
sub-027,12,4.902996000136727e-10,5.6936758127306355e-11,1.785740734415622e-11,2.048835208601501e-11,7.073568256202821e-12
sub-027,13,5.088382772779039e-10,6.040246670882803e-11,1.7131262501550765e-11,1.86455777404654e-11,5.393816364000328e-12
sub-027,10,5.15239487180025e-10,6.885664377036224e-11,2.2739357925552367e-11,2.356270465472368e-11,7.523850912225032e-12
sub-027,11,5.44153021030279e-10,7.334967672530137e-11,2.2057970839080708e-11,2.294336014328692e-11,7.539801834758534e-12
sub-027,5,6.21846681379665e-10,7.937402474499178e-11,2.399205852668534e-11,3.75380662892166e-11,2.6326689567515128e-11
sub-027,6,6.425679550150607e-10,8.629934997664412e-11,2.2011237846544022e-11,4.154787402992714e-11,3.388885823161518e-11
sub-027,15,5.343577286881727e-10,6.51000766412003e-11,2.2590306917410203e-11,3.5693176658406816e-11,2.0718230388584565e-11
sub-027,16,3.3907986052570243e-09,4.671752740955981e-10,2.2130064849018572e-10,3.929981155603421e-10,2.9820868011486877e-10
sub-027,17,5.119750062306332e-10,6.123590771324851e-11,1.9594066156997625e-11,2.6196200673054632e-11,1.4236258304556163e-11
sub-027,18,5.273824618743877e-10,6.864976104722577e-11,2.0032371318465595e-11,2.2746169869339728e-11,9.102855078927212e-12
sub-027,9,6.257533516058475e-10,1.2248467050202757e-10,3.812745264668476e-11,3.163092620305942e-11,2.232934280044744e-11
sub-027,2,6.42403187414749e-10,6.647144757961544e-11,2.247886217845453e-11,2.854721194405651e-11,6.841838486699782e-12
sub-027,14,5.062538112943052e-10,5.988274067998171e-11,1.7604558172929794e-11,1.9394065610206418e-11,6.119613434882443e-12
sub-028,7,4.337043715547224e-10,5.856514772689616e-11,1.4671585466213443e-11,1.5736886819000482e-11,5.002919332766241e-12
sub-028,8,4.137646896537896e-10,5.572153945564967e-11,1.4307628916293245e-11,1.439432207818588e-11,3.5505599390405226e-12
sub-028,3,2.5926252326214003e-10,4.3992691501555126e-11,1.14721451829322e-11,1.1653498110476591e-11,2.3216604940815574e-12
sub-028,4,2.5711918652794365e-10,3.8870510396902365e-11,1.1263778505755192e-11,1.1756856215917242e-11,2.333218391518678e-12
sub-028,0,2.376570024082275e-10,3.0916448311725366e-11,8.529047308037474e-12,8.769739285544596e-12,1.5398727470374586e-12
sub-028,1,2.3869832761059907e-10,3.0997692821433434e-11,8.798238868688105e-12,9.543750625080428e-12,1.826781820081286e-12
sub-028,12,2.449465531725647e-10,3.4370687207508024e-11,1.0534688728047196e-11,1.0534743602937176e-11,2.018603286048068e-12
sub-028,13,2.4482956630389555e-10,3.217405899564792e-11,9.18653016785328e-12,9.617005728654756e-12,1.8280645276715506e-12
sub-028,10,2.5076189398711324e-10,3.5541801357386395e-11,1.1752966080254176e-11,1.1936004091334109e-11,3.079295941528098e-12
sub-028,11,2.4369269637528886e-10,3.2592901721495696e-11,1.0357856635626104e-11,1.0921155720808406e-11,2.753574193028252e-12
sub-028,5,2.769311921360856e-10,5.283784272301581e-11,1.316130875396582e-11,1.2791138562583162e-11,2.9675861466779107e-12
sub-028,6,2.804758648602638e-10,4.7344320668659314e-11,1.2860256813493212e-11,1.3237028389139895e-11,3.621786175512103e-12
sub-028,15,2.600668755207006e-10,4.869552883424079e-11,1.2549537663501012e-11,1.1984152342618456e-11,2.703211302957512e-12
sub-028,16,2.469726262856483e-10,3.844722470850949e-11,1.0715416679229319e-11,1.1252288575044636e-11,3.0624444823904333e-12
sub-028,17,2.4395587924723313e-10,3.8946825812230197e-11,1.144592706109398e-11,1.1637890139345083e-11,2.6623857781425734e-12
sub-028,18,2.43856969791073e-10,3.4650936101680875e-11,1.0505811634059112e-11,1.0734166291891186e-11,2.2744622896089496e-12
sub-028,9,2.613849728919949e-10,4.158041568245428e-11,1.1312450017484285e-11,1.0981391639160434e-11,1.9311579359758467e-12
sub-028,2,2.3807606180834456e-10,2.870016494335864e-11,8.892936579496687e-12,1.0252235620202143e-11,1.7114214674308786e-12
sub-028,14,2.3917458290803435e-10,2.959986884072658e-11,9.031351935995682e-12,9.377033522667624e-12,1.8365357371901168e-12
sub-029,7,7.896458935205825e-09,1.1918882762865156e-09,1.1507861622622863e-10,1.5517323300202222e-10,3.6262026301179956e-11
sub-029,8,6.794310977906844e-09,5.194091718516843e-10,1.4291464554247152e-10,1.1448591392687604e-10,2.4460679180153016e-11
sub-029,3,1.0177945145086905e-08,8.60070969830925e-10,2.3214891255466507e-10,1.3118503248120546e-10,2.3500966071633397e-11
sub-029,4,6.935635032534335e-09,5.531772340164944e-10,1.4714345162725026e-10,1.206306520354535e-10,2.5781766715036207e-11
sub-029,0,6.980511590218915e-09,5.54952051931204e-10,1.4641087886186959e-10,1.1374343826565978e-10,1.9697658879934828e-11
sub-029,1,6.923115239354141e-09,5.420308846465924e-10,1.436298833987109e-10,1.1302671255571367e-10,1.9866853590399956e-11
sub-029,12,6.897648669349479e-09,5.484610405014871e-10,1.4590324238822422e-10,1.1342005885466528e-10,1.9978917316371155e-11
sub-029,13,6.881126459294549e-09,5.418625013902801e-10,1.4468550947199518e-10,1.1312771702215117e-10,2.0042380614946288e-11
sub-029,10,6.894631847097522e-09,5.470322273491184e-10,1.4817346295456117e-10,1.1569740609002844e-10,2.1209519946831588e-11
sub-029,11,6.812832133812544e-09,5.288364209987598e-10,1.4649892714464503e-10,1.1399900933250379e-10,2.1888611437694114e-11
sub-029,5,8.574457425028272e-09,4.6019234183044184e-10,1.4049421641751e-10,1.272133571808596e-10,2.3301977851118105e-11
sub-029,6,1.2108689429610333e-08,1.7583503744262046e-09,5.798798001577751e-10,7.699121247519483e-10,7.598715893390457e-10
sub-029,15,6.964246090913394e-09,5.59640375405468e-10,1.4678832417283068e-10,1.1621676412754388e-10,2.1835096069602116e-11
sub-029,16,6.908777246985277e-09,5.561262297018052e-10,1.455895189769163e-10,1.1625569239067115e-10,2.1904957905037077e-11
sub-029,17,6.8624602824818085e-09,5.451076587110463e-10,1.457106026944687e-10,1.1294871917528132e-10,2.025378204737023e-11
sub-029,18,6.874597135156212e-09,5.42685220759352e-10,1.4561445049441728e-10,1.1340862497590703e-10,2.1010275413444384e-11
sub-029,9,6.932636928297319e-09,5.505659553814319e-10,1.4518238301211408e-10,1.1311178811505326e-10,1.9978950344066367e-11
sub-029,2,6.929895295108928e-09,5.429636017097893e-10,1.4552064590749583e-10,1.1513608970229503e-10,1.9830833144004568e-11
sub-029,14,6.966490835187089e-09,5.571295781400182e-10,1.470770093737818e-10,1.1564859557460009e-10,2.0082768714777464e-11
sub-030,7,1.132916099459078e-09,1.1848879415653487e-10,2.8093185487096296e-11,4.1415083337569005e-11,2.461353318698393e-11
sub-030,8,1.086020222937123e-09,1.0988359408843276e-10,2.579694288342305e-11,6.522666782805909e-11,4.090990007725141e-11
sub-030,3,6.314185517730287e-10,9.661835300513079e-11,2.1971423367245797e-11,1.808739754992959e-11,5.056174785822601e-12
sub-030,4,5.263640326787287e-10,8.033479247015237e-11,1.9606187540947463e-11,2.8112313938118568e-11,1.1020262443515545e-11
sub-030,0,4.2900081488982733e-10,5.131986198672479e-11,1.4902389933463163e-11,1.2836606787727354e-11,2.7410385161965617e-12
sub-030,1,4.1893648619463845e-10,5.0624867617516106e-11,1.4878382389726476e-11,1.2571271249538909e-11,2.750548978945284e-12
sub-030,12,4.365213347154295e-10,5.7157100309057656e-11,1.5898506815635283e-11,1.3378318093216426e-11,3.591125915228065e-12
sub-030,13,4.6399011693959653e-10,6.138728583127559e-11,1.8152514870532002e-11,1.8834703407633228e-11,8.787907103862222e-12
sub-030,10,4.782471272705291e-10,7.036142648239577e-11,2.1080701867150594e-11,2.690682345914079e-11,1.741610789267459e-11
sub-030,11,2.7427360339911993e-08,4.646059472455764e-09,2.058079979676286e-09,3.1119708333385243e-09,1.403662934848366e-09
sub-030,5,7.247661557625983e-10,1.1806719778311075e-10,3.0223089089993993e-11,2.160772118118461e-11,7.872609250896785e-12
sub-030,6,5.795116787073321e-10,9.608874936744351e-11,2.49140136361968e-11,2.4880533791985163e-11,1.3806574974586666e-11
sub-030,15,6.647616759921547e-10,1.0520418158665855e-10,2.580740454438045e-11,1.7391640651117294e-11,3.839786489926045e-12
sub-030,16,5.179049918355579e-10,7.769508493006175e-11,2.1321427840271576e-11,2.103146269210875e-11,1.1306381481635448e-11
sub-030,17,5.364078127207955e-10,8.216752531129183e-11,2.285205278909282e-11,1.783752261510696e-11,5.799591893202921e-12
sub-030,18,4.781697099135726e-10,6.508940214067164e-11,1.9327044459027863e-11,2.0605396214048893e-11,1.0205226938068006e-11
sub-030,9,9.481869995758595e-10,1.538332937181061e-10,3.5191261638951426e-11,4.0154785731668757e-11,1.0747486645826404e-11
sub-030,2,9.792884772450347e-10,7.264583981277986e-11,2.021785044790717e-11,2.6137803884527307e-11,9.788762675103187e-12
sub-030,14,5.708040442082855e-10,6.621296044941462e-11,1.7558465773367426e-11,1.7849429767633885e-11,7.094145124404909e-12
sub-031,7,9.661540032192451e-10,1.1404419861680486e-10,4.158721437593236e-11,5.656003077283136e-11,2.0592912274083838e-11
sub-031,8,9.897644084085123e-10,1.1610589261483375e-10,4.2090243378954036e-11,5.835938706891929e-11,2.120494461561032e-11
sub-031,3,9.230774552280525e-10,1.085752834108204e-10,3.8352778219831645e-11,5.088762173179664e-11,1.9551664759711908e-11
sub-031,4,9.716853161955323e-10,1.0917117262221526e-10,3.9052727501743546e-11,5.381835000495357e-11,1.9859580277066967e-11
sub-031,0,9.221822722204595e-10,1.0615354000391464e-10,3.6378491853408205e-11,4.930069358958682e-11,1.801890241614896e-11
sub-031,1,9.29815581826762e-10,1.073903020579998e-10,3.7351945743689497e-11,5.0224347605890913e-11,1.809566551663858e-11
sub-031,12,8.738317508276274e-10,1.0577910313122251e-10,4.1868693608081175e-11,4.8201339699298254e-11,1.576892620885484e-11
sub-031,13,9.296374050057924e-10,1.0892831905653015e-10,4.135129969095688e-11,4.9022302119779714e-11,1.4635859234567407e-11
sub-031,10,9.379471159892267e-10,1.2322654118835384e-10,5.790706859111548e-11,5.587584760164541e-11,1.7260218785080916e-11
sub-031,11,1.0228702529811472e-09,1.3137264039102738e-10,6.723179011011895e-11,5.5618929339707154e-11,1.7332316947872994e-11
sub-031,5,9.530125913741291e-10,1.1162043289379117e-10,4.012283627334693e-11,6.394148881238717e-11,2.7750009315385543e-11
sub-031,6,1.0670544717643231e-09,1.1694532549361554e-10,4.287395401563669e-11,6.310655644282758e-11,2.0789751050713498e-11
sub-031,15,9.410206451903376e-10,1.14272860706755e-10,4.211747163689056e-11,5.850060577462635e-11,2.341072441579738e-11
sub-031,16,9.291979081384647e-10,1.1020203467055549e-10,3.992211190316395e-11,6.382032137984699e-11,2.549511843625068e-11
sub-031,17,9.250676582073975e-10,1.2839069900499496e-10,5.887119864047074e-11,5.3906750510427645e-11,1.8245907833822858e-11
sub-031,18,9.625856030468963e-10,1.2420427221146408e-10,5.4342425288243816e-11,5.445490775238873e-11,1.7751960491173696e-11
sub-031,9,9.331862840246615e-10,1.1252454937246856e-10,4.0568251436300137e-11,5.20557147429976e-11,1.6897272479839224e-11
sub-031,2,9.32418712629513e-10,1.0882517596891814e-10,3.8155794471088376e-11,5.0865365660829855e-11,1.604130482576891e-11
sub-031,14,9.198572299536055e-10,1.0703681423470228e-10,4.285926265829131e-11,5.0704139712705583e-11,1.604160154625902e-11
sub-032,7,2.1307125048406803e-09,1.0901487054169662e-09,7.72896491512932e-10,1.2566500780022355e-09,3.995487316130234e-10
sub-032,8,2.059858550214375e-09,1.0919573064960667e-09,7.735294531516832e-10,1.2600484972936294e-09,4.01506411795084e-10
sub-032,3,1.917107114131349e-09,1.0674155049639092e-09,7.678596573649834e-10,1.2516534951562187e-09,3.966829651811991e-10
sub-032,4,1.915188422554091e-09,1.0699418145234003e-09,7.717021746686802e-10,1.252965242039263e-09,3.966401618834056e-10
sub-032,0,1.89481076467734e-09,1.054722499210965e-09,7.654794914290303e-10,1.2510784905874664e-09,3.9647295524732215e-10
sub-032,1,1.898895323993462e-09,1.057685169705961e-09,7.689377727714664e-10,1.251595212777498e-09,3.962008807764903e-10
sub-032,12,1.896500930844453e-09,1.0567332422437734e-09,7.664813826330265e-10,1.2514812316551731e-09,3.9664158736181465e-10
sub-032,13,1.9017823045218357e-09,1.06434264690863e-09,7.711184871038487e-10,1.2536588282235971e-09,3.967471337851792e-10
sub-032,10,1.908702005843594e-09,1.0715496574046855e-09,7.720539137851732e-10,1.255489843290752e-09,3.9726816774011685e-10
sub-032,11,1.9133405813648853e-09,1.0769262012744018e-09,7.797975642390542e-10,1.2592833332049094e-09,3.9734761618887237e-10
sub-032,5,1.9344983027341568e-09,1.0748424811945974e-09,7.705542214940392e-10,1.2556085921177512e-09,3.978770615875809e-10
sub-032,6,1.9780761746877107e-09,1.083513898829828e-09,7.742060101168726e-10,1.2568706231854176e-09,3.98233270865904e-10
sub-032,15,1.9105409070923923e-09,1.0696628562681595e-09,7.709575575366888e-10,1.2541812694348644e-09,3.9721146208560135e-10
sub-032,16,1.918830266468398e-09,1.0748095351616855e-09,7.725270877137883e-10,1.2537552006110494e-09,3.971601457019306e-10
sub-032,17,1.905918909410005e-09,1.0668067199150231e-09,7.696515477759876e-10,1.2541531434984663e-09,3.9727621319130997e-10
sub-032,18,1.915886151713738e-09,1.082201481128089e-09,7.791473281896673e-10,1.2591584748977927e-09,3.97569571009522e-10
sub-032,9,1.923149251366393e-09,1.0715102112878694e-09,7.710670264341616e-10,1.2516509908422564e-09,3.9634484139767933e-10
sub-032,2,1.9003967729148203e-09,1.054284384200128e-09,7.66968374660501e-10,1.2497326875882922e-09,3.9635772343441734e-10
sub-032,14,1.900102613422784e-09,1.059159706188116e-09,7.67146628372886e-10,1.250788525294792e-09,3.965220984810787e-10
sub-033,7,2.72964144552862e-10,3.2398114650504556e-11,1.476528288377793e-11,3.5644909078460384e-11,1.532401454621172e-11
sub-033,8,2.8079784648820816e-10,3.2245213326949846e-11,1.4309793260585563e-11,3.924862806389773e-11,1.4736781252759995e-11
sub-033,3,2.4235849204109745e-10,2.979630428430903e-11,1.2301164714314755e-11,2.6895701083505284e-11,1.0861860547231564e-11
sub-033,4,2.4181157099022084e-10,2.9559720873293327e-11,1.1329583277109327e-11,2.920825323196446e-11,9.954187863962507e-12
sub-033,0,2.335098244969634e-10,2.6468280823713358e-11,1.0207769705428982e-11,1.3291738228104982e-11,2.749647852587543e-12
sub-033,1,2.352409170806023e-10,2.6474817064430644e-11,1.0428518596095052e-11,1.3492008162440372e-11,2.777515034668346e-12
sub-033,12,2.352959180891617e-10,2.750655377862672e-11,1.3337327201011631e-11,1.5857136713008422e-11,3.9485817623383394e-12
sub-033,13,2.3840102476799976e-10,2.857003882241151e-11,1.4064170347798984e-11,1.6164645393164188e-11,4.31125970774533e-12
sub-033,10,2.403300987734119e-10,3.09066382562009e-11,1.813757573007138e-11,2.0620104507199154e-11,5.4326461947242535e-12
sub-033,11,2.4185674307503905e-10,3.018811512549519e-11,1.392495083253064e-11,1.6952053474305392e-11,5.729984556100578e-12
sub-033,5,2.5710440746877575e-10,3.9054584095806055e-11,2.369741594335522e-11,2.389712393402753e-11,6.774777350409167e-12
sub-033,6,2.5503077901591626e-10,3.2006012632263456e-11,1.595140964212163e-11,3.033085766570137e-11,8.537662012550929e-12
sub-033,15,2.430330972274624e-10,3.6033250148736076e-11,2.7461971558027123e-11,2.4646533733449742e-11,8.497579415797633e-12
sub-033,16,2.4361892901856936e-10,3.57795626352845e-11,2.2462921718343514e-11,2.2984310156899507e-11,7.520559439814378e-12
sub-033,17,2.394969538580773e-10,3.2028479610045016e-11,2.1963192367848865e-11,2.1111098377565973e-11,5.738392385632724e-12
sub-033,18,2.4012579552926465e-10,3.1360887118545693e-11,1.785343215948544e-11,1.9642272408499128e-11,6.738134152365789e-12
sub-033,9,2.4200691042341816e-10,3.2944258853568146e-11,1.1842835257189488e-11,2.333806345402506e-11,9.025508451902706e-12
sub-033,2,2.3662317467788805e-10,2.8331217890139948e-11,9.482728863441427e-12,1.430364052112137e-11,3.2426962514596468e-12
sub-033,14,2.3667518733019887e-10,2.7266401930626356e-11,1.00568098977332e-11,1.2297304180817111e-11,3.3980276033491667e-12
sub-034,7,3.6256519314754057e-10,3.9077253733519856e-11,9.949694549474513e-12,1.279669404357101e-11,3.928099448807214e-12
sub-034,8,3.5050729044267836e-10,3.701863775283047e-11,9.801519064146414e-12,1.2742324546417134e-11,4.275363638385325e-12
sub-034,3,3.561345308497789e-10,3.2080193558763104e-11,8.927916212071553e-12,1.1206730671702827e-11,2.6978359077053774e-12
sub-034,4,2.8013124044169086e-10,3.041970319067791e-11,8.736071784800359e-12,1.0421988082030899e-11,2.4461324180292387e-12
sub-034,0,2.7864153510685136e-10,2.8949209751275582e-11,8.437430196891594e-12,1.0429731358158048e-11,2.2134692104722275e-12
sub-034,1,2.8123611795880366e-10,2.929268246524079e-11,8.640509402698524e-12,1.0697174786697939e-11,2.219229777616018e-12
sub-034,12,3.0132671729684257e-10,3.0999641081241003e-11,9.492750552210915e-12,1.2438663433673486e-11,2.0798786770574925e-12
sub-034,13,2.810251775469864e-10,3.065837598190065e-11,9.829175960590323e-12,1.2365757273813992e-11,2.292747829118236e-12
sub-034,10,2.8435736845811105e-10,3.394420983003177e-11,1.1969590106508688e-11,1.4056424237366895e-11,2.379295801778808e-12
sub-034,11,2.8856472542194756e-10,3.454101266088471e-11,1.2259239501974296e-11,1.4032871361463523e-11,2.568655465268513e-12
sub-034,5,3.035720419328218e-08,3.449112473020573e-09,1.3200035077118926e-09,1.0716905469025848e-09,1.0974444150192284e-09
sub-034,6,2.9494852564866836e-10,3.581569079191104e-11,9.965281672660134e-12,1.1785020353475131e-11,3.2023335066988444e-12
sub-034,15,2.876028655382157e-10,3.4599693427714137e-11,9.41690608549031e-12,1.3824787345056524e-11,5.767715967724553e-12
sub-034,16,2.81961398000962e-10,3.69631240423581e-11,1.001434779431256e-11,1.1265269254004956e-11,2.729350614431466e-12
sub-034,17,2.8231848359455307e-10,3.373818307625856e-11,1.0594383714934164e-11,1.3218032117392037e-11,2.249480195534839e-12
sub-034,18,2.798148083893568e-10,3.6484737577263216e-11,1.16335788134209e-11,1.2985461651040132e-11,2.5307582975909546e-12
sub-034,9,2.7969295600216966e-10,2.9486572470342966e-11,8.410749995135827e-12,9.962243119696592e-12,2.0131557211871068e-12
sub-034,2,2.7863165450004726e-10,2.835509601046289e-11,8.052126314902203e-12,9.209076453767972e-12,1.880550705557528e-12
sub-034,14,2.796854557197004e-10,2.967696735521031e-11,8.747563781861879e-12,1.0872699042346826e-11,2.0700582034514975e-12
sub-035,7,3.3110162018382807e-10,3.4850898476099184e-11,1.2454713806195946e-11,1.4017993850092407e-11,5.381846897954172e-12
sub-035,8,3.1384853343322696e-10,3.521954403105479e-11,1.280794458266439e-11,1.7082865079173218e-11,7.757966278112557e-12
sub-035,3,2.537478591675695e-10,3.046248388436241e-11,1.0005041163872339e-11,1.0959741041139252e-11,3.364968227459953e-12
sub-035,4,2.4906560984719884e-10,3.0427312910149546e-11,1.0212259991873744e-11,1.1241018925112488e-11,3.3425401124657016e-12
sub-035,0,2.36937325292309e-10,2.693399122205081e-11,7.833309297527452e-12,8.655308992606398e-12,2.2072918861519426e-12
sub-035,1,2.350911723707272e-10,2.674244178187111e-11,7.803056198884534e-12,8.7321062011613e-12,2.190309492567492e-12
sub-035,12,2.419990828985459e-10,2.7643360370010168e-11,8.470280078275251e-12,9.713367920322114e-12,3.3042875921702255e-12
sub-035,13,2.4290455090119297e-10,2.721618379841133e-11,8.37123318773117e-12,8.979489066261526e-12,2.3489008619407164e-12
sub-035,10,2.518984717583072e-10,2.9227613171077576e-11,9.201263512407478e-12,1.1590496049774416e-11,5.212975029328215e-12
sub-035,11,2.518068087287442e-10,2.8875419300533015e-11,9.044573069318529e-12,1.0027745600553309e-11,3.5296897386104564e-12
sub-035,5,2.7228377898878447e-10,4.4380609383442477e-11,1.4337412899503635e-11,1.4048761249543104e-11,4.9115138047694084e-12
sub-035,6,2.6673014113358684e-10,4.388777300390122e-11,1.3374417697713402e-11,1.4350172195732272e-11,4.3339826941394056e-12
sub-035,15,2.555695291445032e-10,3.6948912452548656e-11,1.147112251532588e-11,1.847530373618444e-11,1.172299770371117e-11
sub-035,16,2.4726326170593927e-10,3.709072638841006e-11,1.1519796975663119e-11,1.7436413736184968e-11,8.951379652688473e-12
sub-035,17,2.507603535697996e-10,3.037589777377035e-11,9.635269179506863e-12,1.323379110748704e-11,6.332907177631979e-12
sub-035,18,2.5299589899644865e-10,2.9965906983227036e-11,9.43564041482534e-12,1.127074713079928e-11,3.864144925146883e-12
sub-035,9,2.4879124019752946e-10,2.9691956556551106e-11,1.0337392811789278e-11,9.4929083989067e-12,2.252112163274099e-12
sub-035,2,2.3615859311607913e-10,2.6428967789455807e-11,8.297865419478559e-12,8.389416177814317e-12,1.8099235286566973e-12
sub-035,14,2.4177987188113285e-10,2.6851342421724063e-11,8.289177098760372e-12,8.523666853381009e-12,2.191871334697536e-12
sub-036,7,3.3900733977305436e-10,4.320992555490315e-11,3.4181389744839144e-11,3.95636665497556e-11,7.2169263810595075e-12
sub-036,8,3.082793743531853e-10,3.90578357503892e-11,3.0750942112256524e-11,3.8326205810287625e-11,6.020741449794965e-12
sub-036,3,2.4533563272874226e-10,3.429057451428632e-11,2.604807318001916e-11,3.2478924318306564e-11,3.992383520054169e-12
sub-036,4,2.4716000634026924e-10,3.495714552485421e-11,2.5291861099226924e-11,3.240749487854643e-11,3.934534478321099e-12
sub-036,0,2.378581897524024e-10,3.207071752716457e-11,2.8045563722965032e-11,2.7163366996097328e-11,2.197286552664023e-12
sub-036,1,2.3991579683874125e-10,3.218384817986127e-11,2.842604467648517e-11,2.6881555110120142e-11,2.165734325743047e-12
sub-036,12,2.3977461608936267e-10,3.559470418365717e-11,3.729536780283244e-11,3.9421661795965576e-11,2.8541034241456404e-12
sub-036,13,2.425119508777109e-10,4.1867309892136176e-11,4.0251800740874114e-11,3.466098012367785e-11,4.071553937421775e-12
sub-036,10,2.423426638291902e-10,3.9225931248392386e-11,3.9256670540874796e-11,3.917876523337778e-11,3.88732523563368e-12
sub-036,11,2.4462323600183035e-10,4.295993584873412e-11,3.8220346867153325e-11,3.4290254390333273e-11,4.359930875564018e-12
sub-036,5,3.0606045758163595e-10,5.0330742545311766e-11,4.092984639975457e-11,3.7478744161029196e-11,4.342373545959291e-12
sub-036,6,2.878926275682164e-10,4.363129756772755e-11,3.549046503539309e-11,3.5665012824666475e-11,3.82910758791948e-12
sub-036,15,2.570290419498062e-10,5.173052185393538e-11,5.078485360314319e-11,4.116652243814782e-11,5.1173614166402255e-12
sub-036,16,2.5481981657724225e-10,4.739811750659761e-11,4.407521726286749e-11,3.5703710826055394e-11,3.725937414787844e-12
sub-036,17,2.4290993434514656e-10,4.13352408688804e-11,3.7993912919331065e-11,3.4745258029778385e-11,3.6776327314579645e-12
sub-036,18,2.456088750082213e-10,5.4330458138560366e-11,5.2860595571553614e-11,4.4198313553357556e-11,1.0083248948311314e-11
sub-036,9,2.4156603061919336e-10,3.6226849312058356e-11,2.5675455319370572e-11,3.333156681055897e-11,3.3770528116284267e-12
sub-036,2,2.4040954821195327e-10,3.353123287509752e-11,2.206046792086929e-11,2.848675387191687e-11,3.6028554496235557e-12
sub-036,14,2.4127425807655153e-10,3.451904365169449e-11,2.7513395841476076e-11,2.8488127797130984e-11,2.8258035243218928e-12
sub-037,7,3.610585100507e-10,7.423178973784824e-11,2.7863604134680834e-11,2.1756368627998773e-11,4.829272256284406e-12
sub-037,8,3.8021499983308174e-10,7.195994308902834e-11,2.7405763520924796e-11,2.0989782466289576e-11,4.346089571839341e-12
sub-037,3,3.298549257665387e-10,5.97829360412413e-11,2.1458149582345013e-11,1.9692751858998396e-11,3.815336017417448e-12
sub-037,4,3.3374432379355745e-10,6.350451066851573e-11,2.337001601032081e-11,1.8743616993694456e-11,3.3788206761175678e-12
sub-037,0,3.212886340071401e-10,4.941052879959584e-11,1.7074044559441898e-11,1.4709056389311067e-11,2.592563739012849e-12
sub-037,1,3.253170143317545e-10,5.2716710967002926e-11,1.8192666505718056e-11,1.640524955224092e-11,3.0876030210648094e-12
sub-037,12,3.3092680191837606e-10,9.863228616540143e-11,4.3029548205364677e-11,1.828513692963624e-11,3.326450072174208e-12
sub-037,13,3.281840660315629e-10,7.550869415483371e-11,3.0756196108217364e-11,1.7950672473577212e-11,3.0041739605562738e-12
sub-037,10,3.2696812446421685e-10,1.4595583888017223e-10,7.210714051573482e-11,1.957074162705825e-11,4.3690643033449056e-12
sub-037,11,3.2937592852741944e-10,1.2822813120068572e-10,6.496088346432137e-11,2.009620742869733e-11,3.5587765647114738e-12
sub-037,5,3.458667603289133e-10,7.446173730767989e-11,2.7123366035115943e-11,2.7002726321184843e-11,1.1609658006843823e-11
sub-037,6,3.4127673470153314e-10,7.128125793112694e-11,2.722508494447781e-11,2.04716353206684e-11,3.837211249390909e-12
sub-037,15,3.358837398609162e-10,6.583098431637163e-11,2.443494479486561e-11,2.0681734037072053e-11,5.78153311818036e-12
sub-037,16,3.3655612595032447e-10,6.158466461605357e-11,2.313532215462864e-11,1.981785676527376e-11,4.782796550108949e-12
sub-037,17,8.668745336938228e-10,1.4688285463211128e-10,5.923857662771782e-11,2.5370881855934335e-11,4.8010015334147374e-12
sub-037,18,3.310986179548774e-10,9.084533097010696e-11,4.032226712601386e-11,2.0903086865498418e-11,3.700553273933723e-12
sub-037,9,3.3046561501938467e-10,6.310359345251884e-11,2.3020679679176623e-11,1.7913888252849653e-11,3.106992274093296e-12
sub-037,2,3.237299905423798e-10,5.170760050437804e-11,1.7689856548382195e-11,1.4829580306641274e-11,2.847306293853263e-12
sub-037,14,3.1933025421244576e-10,9.417684890323927e-11,4.0348109835607847e-11,1.3227466901162496e-11,2.5370195251261795e-12
sub-038,7,5.223442052220459e-10,3.7262413203144456e-11,1.620497409331164e-11,1.9463952920581618e-11,3.5954613624695968e-12
sub-038,8,5.361062967198339e-10,3.743555142669088e-11,1.5602787762625224e-11,2.183379552610636e-11,4.283765130360905e-12
sub-038,3,5.133279410874778e-10,3.473993978445297e-11,1.2044133950082949e-11,1.7850724972360962e-11,2.767299681855145e-12
sub-038,4,5.073473620373044e-10,3.529012239505471e-11,1.2288630096613437e-11,1.9757490567243584e-11,3.999407413515537e-12
sub-038,0,5.228417728484023e-10,3.2672892933275235e-11,9.686665009014394e-12,1.4344717847666432e-11,2.151891022834525e-12
sub-038,1,4.973022859737605e-10,3.2864839186344565e-11,9.685437399085958e-12,1.3983528124967965e-11,2.165022736165929e-12
sub-038,12,7.378905573021145e-10,3.511580419710537e-11,1.4409763876497592e-11,1.5542181643135228e-11,2.3518988264015645e-12
sub-038,13,6.808754526467256e-10,3.862161933644694e-11,1.7155860037435425e-11,1.5330303922482783e-11,2.1704004500807208e-12
sub-038,10,6.03859361264865e-10,5.975991781379677e-11,4.173093997541563e-11,3.8566376494221233e-11,6.894729576411282e-12
sub-038,11,6.324126075618827e-10,4.845435037201369e-11,4.584724900210138e-11,2.0159642293619463e-11,2.630238622909602e-12
sub-038,5,5.1740779509602e-10,3.621898640984815e-11,1.6367385491228742e-11,2.0545060372478878e-11,6.562001557087264e-12
sub-038,6,5.130057565171371e-10,3.7337227209143046e-11,1.623644456101788e-11,2.291794318215485e-11,6.6577885902028365e-12
sub-038,15,5.00279004761434e-10,3.5222523331935396e-11,1.4168694563034336e-11,1.5688849559737382e-11,3.2981618307023642e-12
sub-038,16,4.969934939011956e-10,3.5745740786645676e-11,1.3924408907952716e-11,1.7973285744764498e-11,4.838684884519163e-12
sub-038,17,8.55012332373946e-10,5.1670318086701896e-11,2.6408813219177047e-11,1.9102147803147538e-11,3.408692504819869e-12
sub-038,18,9.651482591430279e-10,4.537071527288735e-11,2.9604724417170344e-11,2.0356937718794646e-11,3.422010544822231e-12
sub-038,9,5.094968666014161e-10,3.464073707321772e-11,1.1148987113742532e-11,1.6886530508075334e-11,2.3578058473306095e-12
sub-038,2,1.3073231630194543e-09,4.422127691581388e-11,1.4707907723662636e-11,1.5108914028256713e-11,2.286128869196103e-12
sub-038,14,9.49727439032789e-10,3.3934612414053514e-11,1.4557092705072573e-11,1.3267368840657915e-11,2.2730748617841597e-12
sub-039,7,3.164786922290522e-10,6.058563504098188e-11,6.723772114562993e-11,3.5200981427399404e-11,1.7977594858646692e-11
sub-039,8,3.1497117412753416e-10,6.174803625137734e-11,6.606238639771916e-11,3.5522319494234766e-11,1.865894385092671e-11
sub-039,3,3.051054407971358e-10,4.8588702677185546e-11,4.399523306495815e-11,2.154612589809405e-11,4.899942235935768e-12
sub-039,4,3.0023452046431776e-10,5.416503825692888e-11,5.01700384002144e-11,2.248061299146032e-11,6.5011564870363775e-12
sub-039,0,2.916413244433941e-10,3.94165675442754e-11,2.8277825295945807e-11,1.5448860120086643e-11,2.3569837362639895e-12
sub-039,1,2.9290217038010313e-10,3.8650685268988005e-11,2.8309318167038705e-11,1.5326429057530244e-11,2.3697991228533304e-12
sub-039,12,2.951689914040245e-10,8.031625211100893e-11,7.410146096876879e-11,2.076971967654741e-11,3.105861010521553e-12
sub-039,13,7.361692652365927e-10,6.496481540045409e-11,4.805092589423698e-11,2.0339864554304227e-11,3.5273175652955386e-12
sub-039,10,2.997164562819987e-10,1.3572844844657226e-10,1.2460034829762846e-10,2.3753479361629496e-11,4.555482953494246e-12
sub-039,11,5.242820966170086e-10,1.12244987030819e-10,1.1333829961325108e-10,2.6232201060769525e-11,5.8248120475455456e-12
sub-039,5,3.0251590267310337e-10,5.3659030760271415e-11,5.7218270509303556e-11,2.423751100936774e-11,7.606793396353176e-12
sub-039,6,3.0947391927857557e-10,5.7682834827362814e-11,6.268319624079018e-11,2.4698118010030268e-11,6.05980120869157e-12
sub-039,15,2.9580369030591714e-10,5.855564605100265e-11,5.155277355067699e-11,1.8486374297254988e-11,4.111734464700102e-12
sub-039,16,7.065095426416721e-10,5.3369002209326e-11,5.223306053089933e-11,2.102882670438913e-11,7.533676996239629e-12
sub-039,17,2.993153091630321e-10,1.1962982150245078e-10,1.0276962590628106e-10,2.2716188626400168e-11,4.1255703987258446e-12
sub-039,18,6.864048048872781e-10,1.145666402471504e-10,1.0090736708710459e-10,2.3206910104806478e-11,5.251500137599301e-12
sub-039,9,3.059225421869712e-10,5.801214413603333e-11,5.2791563521863567e-11,1.9444964882103446e-11,4.77842612291265e-12
sub-039,2,2.9448596169028483e-10,3.1327535585708997e-11,1.5113639042060955e-11,1.4053609714963572e-11,2.42456005326074e-12
sub-039,14,2.9565605930067764e-10,7.413710258066529e-11,6.840668524025778e-11,1.7146776126771333e-11,2.8304641778506724e-12
sub-040,7,1.0489462720882676e-09,1.2585269922809288e-10,4.804039981418365e-11,4.984142160425488e-11,1.4704867094974102e-11
sub-040,8,1.0422624658457252e-09,1.2476515704407778e-10,4.6796102591425686e-11,5.313757201961273e-11,1.7513488498309256e-11
sub-040,3,9.947802444627076e-10,1.1835604561271566e-10,4.2581569221944434e-11,4.516668642895104e-11,1.1874754381916715e-11
sub-040,4,1.0377544948575367e-09,1.5652670023632864e-10,5.809159013221146e-11,5.286157388759236e-11,1.346267438292482e-11
sub-040,0,9.218259937357784e-10,1.1654796665691402e-10,3.5565044341281836e-11,4.569169836552252e-11,1.29992302486962e-11
sub-040,1,9.560532117728927e-10,1.2923790193715563e-10,3.8124793188954393e-11,4.7127605732246066e-11,1.2830492686250836e-11
sub-040,12,9.702658183240055e-10,1.340966577196283e-10,5.3389912299171295e-11,4.9195052810716515e-11,1.3251965617332618e-11
sub-040,13,9.02343888618408e-10,1.351010581908041e-10,6.044932818256757e-11,4.6578872184801517e-11,1.0607306122995595e-11
sub-040,10,1.3357992059355474e-09,2.4788279550654216e-10,1.291734928386149e-10,5.799342834905287e-11,1.6638002160014914e-11
sub-040,11,1.0719680283834015e-09,1.8892749530298628e-10,1.1348375773129656e-10,5.70381096337744e-11,1.5862405574114698e-11
sub-040,5,1.0345206633810394e-09,1.2236433265363703e-10,4.708476906849798e-11,5.0274678767890623e-11,1.619502567311413e-11
sub-040,6,1.1699221811169426e-09,1.253303899878139e-10,4.526006145234096e-11,4.9707120622757245e-11,1.6377276078867898e-11
sub-040,15,9.613540005426032e-10,1.3713370478607275e-10,6.362655271307839e-11,6.658150270453004e-11,2.6365473452695237e-11
sub-040,16,1.826006154567489e-09,4.3521032659383527e-10,1.2632151032748103e-10,1.0525530782073415e-10,3.460265866988337e-11
sub-040,17,9.179291000579915e-10,1.4790798654667219e-10,7.169174147193933e-11,5.449572645844488e-11,1.3928521416116008e-11
sub-040,18,3.013771551655961e-09,3.3548080308345776e-10,1.4530897022749263e-10,1.05435454661016e-10,3.754478428402514e-11
sub-040,9,9.108630922282499e-10,1.1981818217205988e-10,4.114522297204936e-11,4.310612069665087e-11,1.0709385322630968e-11
sub-040,2,9.176604439190747e-10,1.1739278860450315e-10,3.658524871818689e-11,4.293560508048442e-11,1.0938780511989734e-11
sub-040,14,9.16862783404388e-10,1.709284993761291e-10,7.902047927553695e-11,5.0514760260778256e-11,1.3843631896422347e-11
sub-041,7,2.9079767303001726e-10,3.0309931075224576e-11,1.2785292093465334e-11,1.9032589951174262e-11,7.244977812074519e-12
sub-041,8,2.89328421671908e-10,2.939879980071477e-11,1.2373315596518732e-11,1.755976238176951e-11,6.015392362903267e-12
sub-041,3,2.60654385873828e-10,2.7084381790214135e-11,1.130610006587069e-11,1.9215340741668107e-11,9.702950171334398e-12
sub-041,4,2.62727280414791e-10,2.718668232591021e-11,1.130620292518706e-11,1.6535501632875637e-11,5.408883784328544e-12
sub-041,0,2.552477488509557e-10,2.5724848699787195e-11,8.843092197849688e-12,1.0899939782857124e-11,3.335414056110589e-12
sub-041,1,2.5572667056330303e-10,2.6102339467469848e-11,8.775959652258639e-12,1.082711515571313e-11,3.205961851099783e-12
sub-041,12,2.5702712792985114e-10,2.6967891498213105e-11,1.8542118806705885e-11,1.757108423485267e-11,4.200359033872364e-12
sub-041,13,2.5672893863478383e-10,2.6915890290586182e-11,1.9251385037190505e-11,1.7790912129297743e-11,4.535294713678588e-12
sub-041,10,2.591957796167993e-10,2.878652433022031e-11,3.6222377442815186e-11,2.905534819337712e-11,1.8841904316939848e-11
sub-041,11,2.591073430111453e-10,2.9962368670266566e-11,5.043123834487087e-11,4.5411896154206115e-11,3.352444607798827e-11
sub-041,5,2.6564512789158665e-10,2.7722510992793196e-11,1.2572153017740519e-11,3.231489237849849e-11,2.8825192278437223e-11
sub-041,6,2.655087819622375e-10,2.801216091297859e-11,1.2240824067071244e-11,1.8801971452088413e-11,9.582464966665866e-12
sub-041,15,2.576514920766064e-10,2.6906071068350038e-11,1.2961762136223818e-11,1.867010247618549e-11,8.884430590496979e-12
sub-041,16,2.586032002210187e-10,2.7446171842885647e-11,1.3363894906811216e-11,2.170917040290357e-11,1.2494856469759593e-11
sub-041,17,2.5807937568136403e-10,2.8442636632531638e-11,3.475341390587362e-11,2.4449232933901565e-11,7.0892414428328296e-12
sub-041,18,2.575132303677633e-10,2.9049741353440748e-11,3.704271521958632e-11,2.455444753503945e-11,7.533791012844738e-12
sub-041,9,2.603491246116324e-10,2.7234059437120548e-11,1.1598933854413706e-11,1.526674658314969e-11,3.3518466526213198e-12
sub-041,2,2.591760915022639e-10,2.678964279342678e-11,9.20998945702716e-12,1.1117516232981973e-11,2.9752608798151743e-12
sub-041,14,2.596776632235487e-10,2.7238575552679966e-11,2.0351038301447247e-11,1.5297860479533365e-11,4.07925553309549e-12
sub-042,7,4.4704320926727247e-10,3.464663758954036e-11,2.1753565215834217e-11,1.929309732826652e-11,5.4634867961794696e-12
sub-042,8,3.71860157015456e-10,3.552437108136216e-11,2.1063370449366278e-11,2.024431223135132e-11,6.786651770416848e-12
sub-042,3,4.4050231710107004e-10,2.9863595969355306e-11,1.5938760149584172e-11,1.6283299472337238e-11,4.184569622742702e-12
sub-042,4,4.6194578770964303e-10,3.0138918647090276e-11,1.6278901497438832e-11,1.4091500304069667e-11,3.2793584200455397e-12
sub-042,0,2.5115362608545977e-10,2.683972811146649e-11,1.2320560110264207e-11,1.2148794818678787e-11,2.516489249335034e-12
sub-042,1,2.507215131207914e-10,2.654898362775073e-11,1.2005902105383686e-11,1.2141641349641398e-11,2.5188522492672517e-12
sub-042,12,3.186208214661686e-10,3.205087930650302e-11,3.0761156834209716e-11,1.9260124246540733e-11,2.913046299446936e-12
sub-042,13,2.899264020345763e-10,3.032487575968143e-11,2.2708626229979368e-11,1.8056910330675063e-11,2.695383758202625e-12
sub-042,10,3.0064072675496984e-10,4.2327472893360334e-11,4.7804504554815616e-11,2.6133292593435367e-11,4.518409247062843e-12
sub-042,11,2.82267832753918e-10,4.876991027469049e-11,6.598011541418876e-11,2.768457888170322e-11,3.85130222182102e-12
sub-042,5,3.730403667593313e-10,3.2439287886941066e-11,2.1139117770838008e-11,1.974424472743368e-11,5.753913617392298e-12
sub-042,6,4.6231091374327915e-10,3.28998265355656e-11,1.9449899310993888e-11,1.972058375176569e-11,6.904395858643497e-12
sub-042,15,3.6193776482708525e-10,3.4273356924149e-11,2.7383979813008905e-11,2.2523267139636636e-11,5.615136709041385e-12
sub-042,16,5.06734924014746e-10,3.395524630301042e-11,2.166396286382332e-11,2.2681624077876108e-11,8.49746933131862e-12
sub-042,17,2.8302998791469847e-10,5.155553215415133e-11,7.563989116144714e-11,3.1269125138003806e-11,4.576119593349586e-12
sub-042,18,2.884913537212541e-10,3.9436669078686135e-11,4.153328118660463e-11,2.258668893139461e-11,3.614700047860782e-12
sub-042,9,2.6768862760822435e-10,3.039194947849617e-11,1.8406491697755185e-11,1.2556668986585212e-11,2.543842599758171e-12
sub-042,2,2.6215102646953375e-10,2.782265201167292e-11,1.2055246217881836e-11,1.0701593519200389e-11,2.3294908199744853e-12
sub-042,14,3.0977841484142975e-10,3.0006456483339944e-11,1.6204647290549798e-11,1.5910629075803815e-11,2.8644340565228943e-12
sub-043,7,8.609322944429728e-10,1.2315514362459031e-10,3.933325707728278e-11,4.0422717036170727e-11,5.845050663553232e-12
sub-043,8,8.353770193017145e-10,1.1776797551497189e-10,3.695688895850231e-11,3.5533572317826824e-11,4.309049546620552e-12
sub-043,3,8.411322033495903e-10,1.2404663520838466e-10,3.9806209214328886e-11,3.9674746274762817e-11,5.260607405144162e-12
sub-043,4,8.395740517549871e-10,1.2506300882258863e-10,4.025846541990786e-11,4.2104733686935365e-11,5.8457250190645166e-12
sub-043,0,8.28544217759142e-10,1.2181978469621389e-10,3.76068868258695e-11,3.4585079446478416e-11,4.121745815306458e-12
sub-043,1,8.286072523944532e-10,1.1871314731537707e-10,3.6025155828990786e-11,3.134385645685822e-11,3.531266790713258e-12
sub-043,12,7.885534702233618e-10,9.372691588633075e-11,2.5697624358694527e-11,1.5280105959322858e-11,3.494410404379672e-12
sub-043,13,8.281867422469873e-10,1.1889034265840756e-10,3.796949023524642e-11,2.924746355839701e-11,3.1007120095689763e-12
sub-043,10,7.967090217697179e-10,1.0153924299258496e-10,3.2648046414920524e-11,1.8197575742400818e-11,3.3278519823960078e-12
sub-043,11,1.3359444496542023e-09,2.778747951904768e-10,1.5667216955725655e-10,3.1727719301087033e-10,3.944663834966624e-11
sub-043,5,8.35076754100137e-10,1.2107728542182702e-10,3.930304238875706e-11,3.7453994906015315e-11,7.744410443856827e-12
sub-043,6,8.087290909314075e-10,1.1159849417036062e-10,3.4020564754098086e-11,2.583776942435489e-11,3.069843214133016e-12
sub-043,15,8.410241607305552e-10,1.2590195304393516e-10,4.2690562286085286e-11,5.6110734221e-11,2.1781530387716354e-11
sub-043,16,8.080398017406413e-10,1.142566842333094e-10,3.5990138043274586e-11,2.953217568796506e-11,5.959266592276953e-12
sub-043,17,7.215498011269015e-10,6.596439347493929e-11,2.1536555611224782e-11,1.3629295767024703e-11,4.821286009933383e-12
sub-043,18,1.1312222448818616e-09,1.36917854157456e-10,4.2042683771021765e-11,2.578289329185364e-11,2.5876414813126976e-12
sub-043,9,8.031942157525691e-10,1.06829157715929e-10,3.1034709568999603e-11,2.3366201281859823e-11,2.596987702034311e-12
sub-043,2,7.968802713099067e-10,1.0603000556292432e-10,3.0127209363349296e-11,2.219048221575438e-11,2.7176201385538866e-12
sub-043,14,7.65748784186271e-10,8.751251840334514e-11,2.4765238224833768e-11,1.5456631892572776e-11,4.62111616209443e-12
sub-044,7,3.4227772621258136e-10,3.864057149424456e-11,2.883944898557957e-11,1.5913211826448088e-11,3.801782878294816e-12
sub-044,8,3.2788469694552786e-10,3.882886422151325e-11,4.100699373895256e-11,1.739318951168847e-11,5.136259805740659e-12
sub-044,3,2.779806152016529e-10,3.257354582267752e-11,1.8535682305837944e-11,1.2647480523582626e-11,2.164348960792072e-12
sub-044,4,2.7808409558624847e-10,3.523053580068861e-11,3.5520941540502564e-11,1.5006303212910118e-11,2.8255056999496568e-12
sub-044,0,2.6961562612822224e-10,2.865623848558648e-11,1.083739149092047e-11,1.0530453299328563e-11,1.8455680038093e-12
sub-044,1,2.687921228221989e-10,2.855346089900664e-11,1.0903709334362459e-11,1.0569656583328736e-11,1.8608749099644337e-12
sub-044,12,2.7421124076220234e-10,3.2187258759707685e-11,4.949031202764933e-11,1.933393666454032e-11,2.15399126042662e-12
sub-044,13,2.7266448633976623e-10,3.176563601975304e-11,3.734211849110408e-11,1.6758373891512723e-11,2.14670351901779e-12
sub-044,10,2.838266858967294e-10,3.743265449080992e-11,1.4292563052875808e-10,3.1124840825257496e-11,3.083946745682005e-12
sub-044,11,2.8156591738015037e-10,3.7029940452454384e-11,1.2502380523062164e-10,2.9094803324752663e-11,2.76746792813204e-12
sub-044,5,2.8667815517195176e-10,3.4396798176496056e-11,1.8736844005303125e-11,1.503929710046674e-11,3.1855217616626405e-12
sub-044,6,2.9455447056952475e-10,3.5660684415675826e-11,2.6963248159955383e-11,1.6048172315714522e-11,3.2379484212743178e-12
sub-044,15,2.812264893725366e-10,3.4328580142745764e-11,2.856780196386424e-11,1.74942620158849e-11,3.451780093313773e-12
sub-044,16,2.801036400452389e-10,3.367748627720828e-11,2.046522728147552e-11,1.469836366394126e-11,2.6870130329216644e-12
sub-044,17,2.7913195193870016e-10,3.730875553524639e-11,1.0001376141005379e-10,2.6340497108467427e-11,3.326099213759524e-12
sub-044,18,2.7740073707070166e-10,3.544580160999773e-11,6.028336308226702e-11,2.1201028140491768e-11,2.6236656445053847e-12
sub-044,9,2.7709660522940704e-10,3.326132634597825e-11,2.751525495604919e-11,1.378260697146923e-11,2.102704546619933e-12
sub-044,2,2.721241189287004e-10,2.9640622524796045e-11,1.313122898196174e-11,1.0566296040292712e-11,1.837189585759156e-12
sub-044,14,2.7629121489861404e-10,3.206129173966136e-11,5.16660673489481e-11,1.930642022727542e-11,2.069597803389734e-12
sub-045,7,5.778858663150107e-10,6.413226654191089e-11,1.819740342549156e-11,2.6731999550516755e-11,5.688122379268855e-12
sub-045,8,5.624684129372014e-10,6.563074485717006e-11,2.199185756786263e-11,4.100675392885664e-11,1.03919825502036e-11
sub-045,3,5.610877084977926e-10,6.169625809062188e-11,1.6879429449019787e-11,2.3975095820571384e-11,3.250010129354682e-12
sub-045,4,6.663253027894349e-10,8.248768809900785e-11,2.077533067806492e-11,5.2400931309981316e-11,1.1486555528233247e-11
sub-045,0,5.533138770126975e-10,6.049054870140126e-11,1.5422984850189233e-11,2.177023490264196e-11,2.9163565172080405e-12
sub-045,1,5.76238274674199e-10,6.315932423949963e-11,1.7802200787159433e-11,2.4720268977548728e-11,3.128685727756092e-12
sub-045,12,5.510846461565035e-10,6.066267177638663e-11,1.92923526360582e-11,2.5307592285950428e-11,3.368981117799564e-12
sub-045,13,5.464408640054941e-10,5.953539406788585e-11,1.8230674960978495e-11,2.404810572928664e-11,3.273197477867798e-12
sub-045,10,5.606026079539681e-10,6.587968667440149e-11,2.5096011843899087e-11,2.8971829774898536e-11,4.347247857488936e-12
sub-045,11,5.725250384367038e-10,6.980194694598146e-11,2.7773882321598497e-11,3.002592143757657e-11,4.787929531041241e-12
sub-045,5,5.624219643487692e-10,6.30475567025009e-11,1.9292829770827418e-11,2.617195777324143e-11,4.445476616791892e-12
sub-045,6,5.788842148678725e-10,6.104519505823951e-11,1.880138196269028e-11,2.6549570825528237e-11,6.771348466824102e-12
sub-045,15,5.755344433442256e-10,6.929457827984786e-11,2.7534306830704717e-11,3.172585501395593e-11,4.415851581081424e-12
sub-045,16,1.5437857445429897e-08,3.210294761416439e-09,1.0613481925676071e-09,1.4961830777061055e-09,7.112632155972242e-10
sub-045,17,5.681334815144224e-10,6.598693146916697e-11,2.6614994153763424e-11,3.1529247003180017e-11,4.556558979685861e-12
sub-045,18,5.580899993540521e-10,6.354744072700657e-11,2.208039606538153e-11,2.631626671104764e-11,4.071814669462983e-12
sub-045,9,5.759825080690685e-10,6.379693370690228e-11,1.7033294648064813e-11,2.3923586673887003e-11,3.4427955862656693e-12
sub-045,2,5.492342186849409e-10,5.839205198916779e-11,1.4036841929224504e-11,2.093425451315073e-11,2.8631537495446897e-12
sub-045,14,5.581196207336071e-10,6.06718298202872e-11,1.5999968170044834e-11,2.252995989104905e-11,3.1408951596859208e-12
sub-046,7,3.3620488249800915e-10,4.7011099234850815e-11,2.7012966944191635e-11,2.8208471214337694e-11,6.619506749435209e-12
sub-046,8,5.167056459848134e-10,4.9368011795448764e-11,2.8040526000319105e-11,3.0062711286984296e-11,8.642138425054611e-12
sub-046,3,2.8327380158429005e-10,4.04280203439604e-11,2.100940976445672e-11,2.5870429134190156e-11,4.273486222597679e-12
sub-046,4,2.9827807499265235e-10,4.4447308486756e-11,2.3700637483000323e-11,2.819376182211487e-11,5.718090803295184e-12
sub-046,0,2.809667977222281e-10,3.6388284456611306e-11,1.8998036805494457e-11,1.9165276453867737e-11,2.9484768310936988e-12
sub-046,1,2.8475368608831776e-10,3.64945783552976e-11,1.861142273238201e-11,1.9250610408158267e-11,2.9041863781418164e-12
sub-046,12,2.8999843968663204e-10,5.94639679345389e-11,4.207063966270321e-11,2.8888030415097374e-11,3.7023139825452876e-12
sub-046,13,2.998790751920513e-10,5.4464385182610205e-11,4.6160245152916936e-11,2.9678095721614666e-11,3.758610364764255e-12
sub-046,10,2.920093608937801e-10,7.473921530443219e-11,7.404119986058559e-11,3.871622355680969e-11,5.271310263022491e-12
sub-046,11,3.159158259127832e-10,8.0835914767018e-11,9.24023184462244e-11,4.363255865821391e-11,6.221249741253807e-12
sub-046,5,2.9946651708834896e-10,4.6210256005709615e-11,2.7584390695241823e-11,3.377100327546124e-11,1.1087851459298304e-11
sub-046,6,3.36385930698709e-10,4.882036039516237e-11,2.895650389233395e-11,2.9962445435948354e-11,6.913109156849017e-12
sub-046,15,2.8972637162338797e-10,4.536080172913722e-11,2.7612088751886648e-11,3.0581189752627115e-11,5.205679628550271e-12
sub-046,16,5.678685250897936e-10,7.3365245737814e-11,4.131547408528585e-11,4.674330301522481e-11,8.44345819229607e-12
sub-046,17,2.8782273691671177e-10,7.095555886119555e-11,6.131931569654823e-11,4.0094507560524135e-11,5.329971484175322e-12
sub-046,18,4.363744052807766e-10,6.445248697168477e-11,5.90711184122003e-11,3.285252147073905e-11,4.6234180139970816e-12
sub-046,9,2.8510214662345457e-10,4.4595173857827957e-11,2.1216584893150804e-11,2.507492970821405e-11,3.6439369503890126e-12
sub-046,2,7.471155822141752e-10,4.736675852648576e-11,1.926865724898192e-11,3.3064239953545936e-11,4.682084882591429e-12
sub-046,14,2.8298412005536117e-10,5.0134170075095097e-11,3.548769477515247e-11,2.6847485181181827e-11,3.731038588911068e-12
sub-047,7,3.212736866876427e-10,4.514921024011095e-11,2.6576620926933684e-11,1.89543638025364e-11,4.157189457377389e-12
sub-047,8,3.0557901329809176e-10,4.313322089102102e-11,2.3988431670685296e-11,1.8401946040312238e-11,4.4934107558545024e-12
sub-047,3,2.715797212504844e-10,3.4061286437386014e-11,1.783719553482472e-11,1.544082495516477e-11,3.657666979416689e-12
sub-047,4,2.7379897965034717e-10,3.5047126901999764e-11,1.7058718044471317e-11,1.649308562412638e-11,4.99105213453917e-12
sub-047,0,2.701989896728265e-10,3.429141992662871e-11,1.3882764861729802e-11,1.4370894727294436e-11,3.0017556805257077e-12
sub-047,1,2.660661497748078e-10,3.082535379129595e-11,1.3272478113670108e-11,1.2882876330680007e-11,2.766107244872199e-12
sub-047,12,8.855985745501613e-10,5.445932377126746e-11,2.8328471642191136e-11,1.8249259071840724e-11,3.2730259808641127e-12
sub-047,13,2.677915811301588e-10,3.41877327338433e-11,2.22636794605792e-11,1.4773839969640492e-11,2.9118271366485768e-12
sub-047,10,2.126651970005118e-09,8.86793908133909e-10,4.3855508454220284e-10,4.672259326503224e-10,4.6437896271940566e-10
sub-047,11,2.7251657706220986e-10,4.264559510600216e-11,6.341736804230397e-11,2.2817437905618763e-11,3.7999303334631394e-12
sub-047,5,2.7388209125166917e-10,4.0367032457816575e-11,2.4817577657498118e-11,1.883886986046335e-11,5.451545447685048e-12
sub-047,6,2.7284990439475875e-10,4.009217281291423e-11,2.2988885322482797e-11,1.809392927418865e-11,7.0808313048139494e-12
sub-047,15,2.7040119274469616e-10,3.826342713695163e-11,2.8396552934048635e-11,2.1403406214108448e-11,5.001702366957901e-12
sub-047,16,2.6979433082192306e-10,3.5425453230746827e-11,1.9742561213808303e-11,1.6851699914612337e-11,5.105090127890498e-12
sub-047,17,2.723632345276058e-10,4.4583965848441336e-11,5.321286937428885e-11,2.5654582908341912e-11,4.0334033796016426e-12
sub-047,18,2.7224824977467913e-10,4.3751118376026816e-11,4.8149551056290496e-11,2.1411242459929943e-11,3.7128571248621686e-12
sub-047,9,2.8931508873327167e-10,3.554574544270098e-11,1.757427006724711e-11,1.623251858519795e-11,3.3047269926215438e-12
sub-047,2,5.818358127573319e-10,7.971904266540854e-11,1.6404551675542454e-11,1.26043857762524e-11,2.741747442840816e-12
sub-047,14,2.724991199161474e-10,3.6472023109743037e-11,2.5942484679039117e-11,2.7064892763151988e-11,9.998517587668422e-12
sub-048,7,1.9286405811528823e-09,3.157273991753165e-10,7.723615124259495e-11,6.447573077044878e-11,1.6973077505976745e-11
sub-048,8,1.2431444886090024e-09,1.5826419394238354e-10,5.449910754505308e-11,5.958884847674496e-11,2.065350762074825e-11
sub-048,3,1.1996196688370531e-09,1.4045075983596534e-10,4.684816576343269e-11,5.507410257247909e-11,2.826408677537068e-11
sub-048,4,1.1746725578384026e-09,1.3410871697646952e-10,4.3340743162872055e-11,4.567053459000607e-11,2.0154150998163063e-11
sub-048,0,1.1879560264040794e-09,1.4681679292707826e-10,4.262837717518069e-11,4.131670697489387e-11,1.1004582001970069e-11
sub-048,1,1.181504767314906e-09,1.4837737107286683e-10,4.2416882201693766e-11,4.0981594919524354e-11,1.1205487201292904e-11
sub-048,12,1.260861771759915e-09,1.603191415623635e-10,5.624800594693968e-11,4.617388192442983e-11,1.1343236541308896e-11
sub-048,13,2.7895745876004143e-09,3.4884999978931745e-10,7.428969151083369e-11,5.965670573315951e-11,1.3565698660448857e-11
sub-048,10,1.2701498760549175e-09,1.8249286677362526e-10,1.0201387811416511e-10,5.5224833666555246e-11,1.2621475341385469e-11
sub-048,11,8.467387713468128e-09,9.730814236446199e-10,4.3650270788906565e-10,4.12764147928742e-10,4.025894332845356e-10
sub-048,5,1.185147343523059e-09,1.387088048830257e-10,4.9879366216092485e-11,5.960346507630498e-11,2.970022169298219e-11
sub-048,6,1.216040377592356e-09,1.5438570361856344e-10,5.22797239296076e-11,5.4468775281907945e-11,2.771588375014572e-11
sub-048,15,1.2016720426731901e-09,1.5632455265073678e-10,5.2756170195726326e-11,5.925034592451496e-11,2.999165796621574e-11
sub-048,16,1.1929934641370015e-09,1.527892475315931e-10,4.7597526188221474e-11,5.1578880351178014e-11,2.135612030140006e-11
sub-048,17,1.2869407900617254e-09,1.787214653078687e-10,9.489321092629329e-11,5.344003609015876e-11,1.1090448146176696e-11
sub-048,18,1.461075176640828e-09,1.7270884606200343e-10,7.983580076294108e-11,5.022256244968411e-11,1.2930479782490548e-11
sub-048,9,1.2221817224628275e-09,1.649053588359139e-10,5.6061777443337857e-11,5.9073674180692e-11,1.4348592456092551e-11
sub-048,2,1.2008647742673843e-09,1.5603285800331664e-10,4.437263894303314e-11,4.1030191906242846e-11,1.043798695218121e-11
sub-048,14,2.130875393588851e-09,4.2294091503233106e-10,8.721178463112283e-11,7.511456864689889e-11,1.6135284694195978e-11
sub-049,7,2.822367561158553e-10,3.052289514500312e-11,1.7171142190921752e-11,1.6688803577180223e-11,5.442226248027996e-12
sub-049,8,2.7516454091660976e-10,3.032488143079344e-11,1.7209999340515915e-11,1.8534844341197696e-11,6.943069177778989e-12
sub-049,3,2.613526837006969e-10,2.833941771620569e-11,1.4357181922201052e-11,1.2089581715656734e-11,2.649091669023199e-12
sub-049,4,2.5980848928099166e-10,2.845552176327283e-11,1.3726269741719391e-11,1.2339976372358854e-11,2.850485869169915e-12
sub-049,0,2.5638185202840043e-10,2.690854843691591e-11,9.595994912384166e-12,1.0944898060467203e-11,2.1376541961913837e-12
sub-049,1,2.568234539666012e-10,2.6913491765561463e-11,9.100628000509511e-12,1.0854533936669792e-11,2.1239097465600784e-12
sub-049,12,2.6066834681793656e-10,3.250705787159841e-11,3.536769806392053e-11,1.6308473676622187e-11,2.9098777750900084e-12
sub-049,13,2.600796367496581e-10,3.326751507716497e-11,3.834637088675312e-11,1.5357281894035356e-11,2.370668076222184e-12
sub-049,10,2.800809294101621e-10,5.117940385286007e-11,1.0176113575157484e-10,3.1595598613478267e-11,6.252216956427677e-12
sub-049,11,2.7285714397556036e-10,5.8085091448112295e-11,1.2150741165803248e-10,3.325410784235101e-11,4.728570815267309e-12
sub-049,5,2.61927718858151e-10,2.6256772686616075e-11,7.136744984026368e-12,7.9483371681912e-12,1.6101491190179302e-12
sub-049,6,2.6969850527505003e-10,3.020131358752618e-11,1.4440704100234994e-11,1.4365144588958276e-11,3.615105971250717e-12
sub-049,15,2.603312779114557e-10,2.9830786709433537e-11,1.4819991226543604e-11,1.655858215675578e-11,4.186854575384071e-12
sub-049,16,2.6256574813622156e-10,2.959060542864196e-11,1.3535414466918307e-11,1.797880151290422e-11,5.412239515706081e-12
sub-049,17,2.7177654423658936e-10,4.5603867422340694e-11,6.918764862763949e-11,2.7452191642189854e-11,5.87742211173444e-12
sub-049,18,2.6481009228858425e-10,5.056452892844755e-11,8.736573341762129e-11,2.661220660488491e-11,4.585131641438511e-12
sub-049,9,2.6558820188961946e-10,2.983685656212531e-11,1.57847506657453e-11,1.2234479301982844e-11,2.5368771422939482e-12
sub-049,2,2.620534302203542e-10,2.725906311090693e-11,9.341583153526426e-12,1.0216722701472216e-11,2.0272568667317746e-12
sub-049,14,2.6063124861773714e-10,3.1656895010577586e-11,3.3792010921532275e-11,1.4332842350399774e-11,2.396570583018072e-12
sub-050,7,4.256627638114027e-10,3.5171504101610183e-11,1.2950598254745807e-11,1.3998441684016407e-11,6.791060497825218e-12
sub-050,8,3.7054413703125186e-10,3.7591190548376044e-11,1.307776101269238e-11,1.4413833753146099e-11,7.291025392206977e-12
sub-050,3,3.3683390454863736e-10,3.0674428445931937e-11,1.0980358658677169e-11,1.3511204333144428e-11,7.185638374307882e-12
sub-050,4,2.8834046458764794e-10,3.051221889099281e-11,1.0877516560174766e-11,1.2520521891064352e-11,6.1594036472982975e-12
sub-050,0,2.5560785688833357e-10,2.697759133833554e-11,8.574115064323847e-12,1.0969850512993159e-11,4.780408086348057e-12
sub-050,1,2.5508265961563887e-10,2.701635006387048e-11,8.641277891191008e-12,1.098323387161147e-11,4.689167446725989e-12
sub-050,12,2.6235213422964745e-10,3.5842212303152763e-11,1.9212261401110943e-11,1.1975844161167372e-11,4.114178192505926e-12
sub-050,13,2.7210030845379146e-10,3.399968551195078e-11,1.7238885305279923e-11,1.1282723555063535e-11,4.062343668668826e-12
sub-050,10,2.6682713486587355e-10,5.775801312877022e-11,3.1625835701034766e-11,1.5856752593943587e-11,6.59660977114295e-12
sub-050,11,3.568776301443387e-10,7.22495186878625e-11,4.289372006268944e-11,1.976738720712347e-11,7.526238855957155e-12
sub-050,5,3.472657677026358e-10,3.854389027341456e-11,1.536593617700551e-11,2.6401938003446194e-11,2.1072860367361503e-11
sub-050,6,2.7580455061705525e-10,3.250611741455596e-11,1.2611141181001284e-11,1.6907827149194537e-11,1.0344980035391456e-11
sub-050,15,2.6881342144811016e-10,3.690473127481494e-11,1.3843416515667355e-11,2.8023532904785987e-11,2.215989051329656e-11
sub-050,16,2.664570298053026e-10,3.784763745269157e-11,1.3101831503042585e-11,2.6292916381722996e-11,1.566051796817388e-11
sub-050,17,2.5985696200970057e-10,6.016881234450004e-11,2.352211336921709e-11,1.678344968834039e-11,7.666400402619847e-12
sub-050,18,2.6470176501584747e-10,6.128358055162389e-11,2.5795293505117584e-11,1.6644045080585156e-11,8.132703340771949e-12
sub-050,9,2.6679653694033496e-10,3.322824914432415e-11,1.1375366094027899e-11,1.0504571082138458e-11,3.747159278663884e-12
sub-050,2,2.6803021701177824e-10,2.9005749515694945e-11,9.119349763109106e-12,9.512338086994391e-12,3.0190511669962065e-12
sub-050,14,2.669699123716381e-10,3.4475038937808115e-11,1.9641855210693585e-11,1.1387325766779035e-11,3.974737543837329e-12
sub-051,7,5.415297608636925e-10,3.799814538062788e-11,1.6004342265617555e-11,1.6012950982605095e-11,5.6927053773296375e-12
sub-051,8,7.265211687830843e-10,3.8552047346392426e-11,1.6638912000158288e-11,1.494813494925289e-11,5.092570610230673e-12
sub-051,3,6.386662206977436e-10,3.0293401089066406e-11,1.2606678461990691e-11,1.2491443367151688e-11,3.503392451662309e-12
sub-051,4,4.395381489746884e-10,3.016395513851958e-11,1.4234166181903056e-11,1.2078816228483748e-11,3.0485521409026797e-12
sub-051,0,2.648727759169449e-10,2.6637794592442508e-11,9.214554400887659e-12,1.0007480804987537e-11,2.44567286756174e-12
sub-051,1,2.6415295234166247e-10,2.657911935781165e-11,9.407104633373418e-12,9.898104328614642e-12,2.40650817476622e-12
sub-051,12,2.6828115710791946e-10,2.949648299751438e-11,1.568178764255063e-11,1.179281309188464e-11,3.2143927593702733e-12
sub-051,13,2.6521873858959234e-10,2.8446393192202192e-11,1.4520583389962266e-11,1.1296455263309239e-11,3.088979650923791e-12
sub-051,10,3.7160318953797127e-10,3.495882212560637e-11,2.6743689138619418e-11,1.9470106049846128e-11,8.819619961011584e-12
sub-051,11,4.2385098737646817e-10,3.696633544191047e-11,2.9532475848877445e-11,2.5736750029547283e-11,1.406239928192662e-11
sub-051,5,4.886164859188896e-10,3.0978342423383606e-11,1.4218281543149504e-11,1.6089865861063044e-11,6.867233351913179e-12
sub-051,6,4.0875788598849637e-10,3.087338693167957e-11,1.4776753198854913e-11,1.3634346519316429e-11,4.280530834512939e-12
sub-051,15,3.1046836648082754e-10,3.047546978944942e-11,1.4042179115337615e-11,1.7096063055124718e-11,8.229692506420505e-12
sub-051,16,3.87645483492875e-10,3.00032855711907e-11,1.3655179416767607e-11,1.574833157268242e-11,6.649144351783485e-12
sub-051,17,3.2609933899271047e-10,3.364992590682501e-11,2.0493115867234876e-11,1.480381775297463e-11,5.338121820259956e-12
sub-051,18,4.2756952086230734e-10,3.632475489473704e-11,2.625542511076321e-11,1.882122025877865e-11,8.748902801160693e-12
sub-051,9,2.72699898617764e-10,3.127828453109299e-11,1.4318728512857802e-11,1.2047933957610512e-11,2.6825700466331544e-12
sub-051,2,2.652517191472451e-10,2.7768587661533197e-11,9.909159051859835e-12,1.0272177475095568e-11,2.042413326438769e-12
sub-051,14,2.6498297535517147e-10,2.8405349226441774e-11,1.561616469050976e-11,1.074325803510871e-11,2.6472865552466573e-12
sub-052,7,3.139659374024206e-10,3.532556517890883e-11,2.0729430190376623e-11,2.393933613879959e-11,8.158737370617338e-12
sub-052,8,3.230884288719943e-10,3.574817179418525e-11,2.0565213311175148e-11,2.8737235321125394e-11,1.181144112346752e-11
sub-052,3,2.6338341259562024e-10,3.1136201300213377e-11,1.7045533979307465e-11,1.9098118592341768e-11,4.95117804056221e-12
sub-052,4,2.6575841664335046e-10,3.077429359366938e-11,1.6781469839064488e-11,1.9908934652822744e-11,6.269122020551751e-12
sub-052,0,2.516421656241115e-10,2.806942678600354e-11,1.3000601138723328e-11,1.347524494065134e-11,2.502164340722916e-12
sub-052,1,2.509042910346551e-10,2.7896748969552253e-11,1.2827784751070431e-11,1.3479513315317099e-11,2.606556708539077e-12
sub-052,12,2.558878885115165e-10,3.417922224062758e-11,2.7015065536133184e-11,1.7603457287123643e-11,3.0957627326987817e-12
sub-052,13,2.5272689424834686e-10,3.126977520652834e-11,2.068156696705424e-11,1.6553732042940228e-11,2.7413754864344815e-12
sub-052,10,2.6600271151707834e-10,5.0137920693354346e-11,7.425743024817719e-11,2.3057076827156658e-11,3.7613063506197786e-12
sub-052,11,2.6414636461579937e-10,4.6685501647533976e-11,5.995805969688686e-11,2.2845226340037624e-11,3.785889700048627e-12
sub-052,5,2.708515532094405e-10,3.268135541963985e-11,1.8945366772781897e-11,2.3685179438513252e-11,7.782415310043261e-12
sub-052,6,2.8114583678523915e-10,3.323056786824468e-11,1.9943922509416198e-11,2.3194195400304804e-11,7.114345707281228e-12
sub-052,15,2.6126065509117216e-10,3.350193163237073e-11,2.0040975036564724e-11,2.435894565961387e-11,9.382521753815203e-12
sub-052,16,2.5966689880418696e-10,3.1534940582086094e-11,1.8122263985387915e-11,2.519606140907685e-11,1.1683770630472032e-11
sub-052,17,2.618773802519024e-10,4.294964011445258e-11,4.3689258780811256e-11,2.329791747128561e-11,5.744752973478312e-12
sub-052,18,2.586926206593007e-10,3.779205010596472e-11,3.0390286516103997e-11,2.1220294023424127e-11,4.92529155021765e-12
sub-052,9,2.629323439363858e-10,3.1088958366169966e-11,1.7289124664393324e-11,1.6915195698530026e-11,3.602815623500764e-12
sub-052,2,2.553771378655677e-10,2.9090978075329214e-11,1.1578393585916355e-11,1.5571319380057716e-11,2.8363247098149552e-12
sub-052,14,2.545789391342125e-10,3.090724862650384e-11,1.9332563243772762e-11,1.4740733325639616e-11,2.495212157525195e-12
sub-053,7,1.1101979864140055e-09,8.672000987761256e-11,3.805883317168291e-11,4.7912140557658525e-11,1.6194025940214153e-11
sub-053,8,9.76299703478744e-10,8.453208413210398e-11,3.698864111885933e-11,3.520999714193654e-11,1.0437394628388719e-11
sub-053,3,7.997762343254059e-10,6.236411645568611e-11,2.2523723331045537e-11,2.279241504744006e-11,8.979756969232847e-12
sub-053,4,8.187843363663304e-10,6.916849303049772e-11,2.7186448612498948e-11,2.8678913571844347e-11,8.107875408539502e-12
sub-053,0,7.874847589383809e-10,5.790887558781083e-11,1.888374849296165e-11,1.7612369402429238e-11,2.8879218149501788e-12
sub-053,1,7.919365031322597e-10,6.09330904358987e-11,2.0636110825162307e-11,1.995028088729742e-11,3.111451277380948e-12
sub-053,12,8.262417022916231e-10,8.097356404645761e-11,3.9940654495416295e-11,2.2725455037293976e-11,4.348225581618041e-12
sub-053,13,8.147898549174048e-10,5.773330471843388e-11,1.808078148684231e-11,1.762934341306488e-11,2.6915070049273784e-12
sub-053,10,8.429550142524933e-10,1.249254777475308e-10,7.742988823912893e-11,3.071243350042512e-11,8.958880700940001e-12
sub-053,11,8.462116639114141e-10,1.241166279657114e-10,7.049882566623877e-11,3.626878405071839e-11,1.3104160655042044e-11
sub-053,5,3.280121614381976e-08,6.736199988248063e-09,2.776676047772934e-09,2.4087661606074843e-09,1.4254239088409362e-09
sub-053,6,8.347071325401133e-10,8.828435755507746e-11,3.9207147654280594e-11,2.9283018225231644e-11,6.0385365510539e-12
sub-053,15,8.391078230424944e-10,9.426316909543647e-11,3.769325269507984e-11,3.9613863983567037e-11,1.6136362628725045e-11
sub-053,16,8.335604034806674e-10,8.245140376590301e-11,3.531839807684272e-11,2.8498523413055685e-11,5.7380173777650745e-12
sub-053,17,8.161322687386033e-10,1.179505508625425e-10,5.6132496475786376e-11,2.8933819661430363e-11,9.445532178265398e-12
sub-053,18,8.167934519916172e-10,1.0249453365875409e-10,4.290074530377096e-11,3.3996477473343366e-11,1.1523658749154054e-11
sub-053,9,8.262623731562451e-10,7.265857027219576e-11,2.655986939491208e-11,2.102750328805128e-11,3.2821958328687005e-12
sub-053,2,8.276316913675282e-10,6.560165685052194e-11,2.1929192986758317e-11,2.0168857603960172e-11,2.9231571011124854e-12
sub-053,14,8.296507106733396e-10,7.427356456798077e-11,3.963387208051911e-11,2.0989126218572983e-11,3.392786968753141e-12
sub-054,7,3.373306852960704e-10,4.674564898339753e-11,3.871620570036324e-11,2.4741482713617564e-11,4.645319790418892e-12
sub-054,8,3.1349263024334206e-10,4.828976439894761e-11,4.151940083610944e-11,2.616052743479883e-11,6.158751079234587e-12
sub-054,3,2.7663005984312247e-10,3.800138920766713e-11,2.3147274934249422e-11,2.0712556441116112e-11,2.7816772669644658e-12
sub-054,4,3.1142269228221166e-10,4.273384684732828e-11,2.983594643349029e-11,2.1089450611606864e-11,4.133522211713042e-12
sub-054,0,2.5775884114275126e-10,3.4637397717948665e-11,1.588832903961907e-11,1.447177895359845e-11,2.213265736290273e-12
sub-054,1,2.5995791381367444e-10,3.530983874761172e-11,1.5526259717781785e-11,1.4297610620152658e-11,2.214623608750513e-12
sub-054,12,2.599613061463532e-10,4.575117619327139e-11,5.0444689652051886e-11,2.1201921826076823e-11,2.356508207649445e-12
sub-054,13,2.6154789228998325e-10,4.235886962666454e-11,4.9972150501666007e-11,1.9486312269147568e-11,2.211275205336396e-12
sub-054,10,2.6435920761531274e-10,2.692040005892545e-11,7.759907755416304e-12,7.766343073265479e-12,1.5467598048136657e-12
sub-054,11,2.6841665312721995e-10,5.49129455642676e-11,1.056320583840466e-10,3.0162049657696426e-11,3.3436797345840805e-12
sub-054,5,3.0169438626483527e-10,4.2987850838010686e-11,3.308342313441344e-11,2.826249542977996e-11,1.0136240244987668e-11
sub-054,6,2.9708547256682973e-10,5.064002600758452e-11,4.0143731005813236e-11,3.316793126966554e-11,1.4448303583571769e-11
sub-054,15,2.6930934339064066e-10,4.351438976248029e-11,3.332225643931116e-11,2.4371931914842883e-11,7.367764349928151e-12
sub-054,16,2.6588178016495877e-10,4.269997063566843e-11,2.464942794986267e-11,2.073415388427945e-11,6.101525018161168e-12
sub-054,17,2.675746703642639e-10,7.013482243289678e-11,1.0117319381991776e-10,3.0153934258241564e-11,4.109445888035573e-12
sub-054,18,2.6764372152399714e-10,5.598155636878092e-11,7.412946816563159e-11,2.3863472198038118e-11,2.938425361161591e-12
sub-054,9,2.6791910712088115e-10,3.9860501074637286e-11,2.6010654999255727e-11,1.8393819200592192e-11,2.341805611497075e-12
sub-054,2,2.7250557102680074e-10,3.3561878719412967e-11,1.476965916112064e-11,1.4404291304224927e-11,2.114254411653728e-12
sub-054,14,2.7130180402254307e-10,3.7774916418047857e-11,4.000041373119513e-11,2.0018248381130543e-11,2.3303240355818477e-12
sub-055,7,3.1816661273621673e-10,3.3016130311759534e-11,1.8197681521560035e-11,3.563149259363902e-11,8.335502887106877e-12
sub-055,8,2.9757723556972107e-10,3.210656123879868e-11,1.7318588121081697e-11,3.4666238814846524e-11,9.636003176968763e-12
sub-055,3,2.8744397736665593e-10,2.9554605298578726e-11,1.3921345934736348e-11,2.458102759857092e-11,3.6049774649770368e-12
sub-055,4,2.9249665661844955e-10,2.915055886038886e-11,1.3286763758426972e-11,2.3383284590750228e-11,4.087397862570853e-12
sub-055,0,2.506488758430199e-10,2.7562305876089252e-11,1.1816509883694728e-11,1.9772634311879663e-11,2.362288894085404e-12
sub-055,1,2.498724007891597e-10,2.769150239590797e-11,1.1784888833619064e-11,2.021590201677014e-11,2.37891683188716e-12
sub-055,12,2.5240870028084024e-10,2.8601185341760995e-11,2.3304703243323e-11,2.8533353707954467e-11,2.8997756732402697e-12
sub-055,13,2.517037845252159e-10,2.8085479868392293e-11,2.1428785741536093e-11,2.4360773720529503e-11,2.5942808933982944e-12
sub-055,10,2.5303789742495117e-10,3.213443674033806e-11,9.454087367829084e-11,4.1689611089311455e-11,4.318509736141394e-12
sub-055,11,2.531493744764957e-10,3.2227272231272846e-11,9.411233240622116e-11,4.034375282006768e-11,3.548428729964778e-12
sub-055,5,2.886295682829418e-10,3.118819351313254e-11,1.7057156910772778e-11,2.6610644190218104e-11,4.245006165543386e-12
sub-055,6,2.73101791800628e-10,3.14707275309191e-11,1.86357541164458e-11,2.692563673248768e-11,4.3517175771809394e-12
sub-055,15,2.720529887931337e-10,3.095915942354175e-11,1.7627323183268748e-11,2.8172765583019347e-11,5.013404443899098e-12
sub-055,16,2.6894075447590075e-10,3.074232879136931e-11,1.842512202321593e-11,2.7576222322081965e-11,4.505583182580688e-12
sub-055,17,2.540652433919401e-10,3.2023993344493836e-11,4.8284924607303746e-11,4.112138102838924e-11,5.03994258183926e-12
sub-055,18,2.542941570364245e-10,3.1452198015416864e-11,3.961301988769646e-11,3.8580531506727845e-11,3.475598639585955e-12
sub-055,9,2.5803914192009503e-10,2.8997342328970903e-11,1.2669605535687906e-11,2.2185014108363288e-11,2.9993233787935837e-12
sub-055,2,2.523042402126902e-10,2.731813670052252e-11,1.0135157750494617e-11,1.7733983456717024e-11,2.2922332222765867e-12
sub-055,14,2.5293801279154704e-10,2.797423093251212e-11,2.6105045384339177e-11,1.927021734646759e-11,2.4111795306577663e-12
sub-056,7,3.727901196211773e-09,1.7280746646682435e-09,8.885337780837828e-10,1.2632395538046895e-09,3.5454406586185717e-10
sub-056,8,3.748670865085987e-09,1.729556363304935e-09,8.919956146192266e-10,1.2632803271418003e-09,3.5454084684119185e-10
sub-056,3,3.680708227528063e-09,1.7186524956381964e-09,8.723871166844125e-10,1.2586481749745624e-09,3.535749014874526e-10
sub-056,4,3.677184984810373e-09,1.7191643103112747e-09,8.783404489145375e-10,1.2589330307595106e-09,3.5412287693036425e-10
sub-056,0,3.679619284855311e-09,1.7109729337418234e-09,8.649942938088713e-10,1.255729659880126e-09,3.532364556767393e-10
sub-056,1,3.672496912268638e-09,1.7102121770728862e-09,8.680475594409007e-10,1.2554870991532575e-09,3.5357344805902903e-10
sub-056,12,3.6818786442683614e-09,1.7299846825055107e-09,8.963148562804524e-10,1.2561126266746695e-09,3.53495939376827e-10
sub-056,13,3.67712557632175e-09,1.725211569902143e-09,8.913058944530432e-10,1.256017518699495e-09,3.535712383805716e-10
sub-056,10,3.6895686740077622e-09,1.7459255914647536e-09,9.123452109932097e-10,1.258378133876241e-09,3.5401276024276194e-10
sub-056,11,3.6866905540465915e-09,1.7450429325140747e-09,9.144326673216792e-10,1.2594526468556136e-09,3.538583842007186e-10
sub-056,5,3.6899518059558772e-09,1.720741543058417e-09,8.807812796834023e-10,1.2625768452033246e-09,3.5611283376718867e-10
sub-056,6,3.690667765525414e-09,1.7229379588642405e-09,8.909319576359766e-10,1.263449931671345e-09,3.5570890823866107e-10
sub-056,15,3.689182722792172e-09,1.7241900355153603e-09,8.832848300875375e-10,1.2614310330075355e-09,3.5408687435003487e-10
sub-056,16,3.679130115015658e-09,1.7211798529766332e-09,8.818411748007787e-10,1.260377026365025e-09,3.53906461907977e-10
sub-056,17,3.691699351945641e-09,1.758130124740986e-09,9.222030939965763e-10,1.2611581608375622e-09,3.5395796355350303e-10
sub-056,18,3.688400765051331e-09,1.753112445245118e-09,9.151038835868755e-10,1.261567819868672e-09,3.5375048804135067e-10
sub-056,9,3.6835031082370886e-09,1.7212743881336391e-09,8.761762725568738e-10,1.257595199536235e-09,3.5357048798953257e-10
sub-056,2,3.6730775136973966e-09,1.7125418878800551e-09,8.662599385434782e-10,1.2539854369698243e-09,3.533610120934274e-10
sub-056,14,3.676482869100981e-09,1.7188580175542034e-09,8.880128330883632e-10,1.2536318134152492e-09,3.5336725385325637e-10
sub-057,7,3.2017038001321967e-10,3.4712832827113484e-11,1.7135490056286002e-11,1.849037249376433e-11,5.55980599686942e-12
sub-057,8,3.119962863371441e-10,3.306627469012346e-11,1.6680945359552594e-11,1.80632964446586e-11,5.104053416264476e-12
sub-057,3,2.6544873179167706e-10,2.8989714204059623e-11,1.3184614965636066e-11,1.4617007265487415e-11,4.583126097589607e-12
sub-057,4,2.6568440207107653e-10,2.909055619173186e-11,1.3136916795138364e-11,1.370853213209186e-11,3.1511514600268447e-12
sub-057,0,2.5057317555014937e-10,2.6099635830222503e-11,9.587809464023968e-12,1.0788169338800183e-11,2.353657660898521e-12
sub-057,1,2.5185855265923187e-10,2.6409028663661087e-11,9.408158486260814e-12,1.0575111863602167e-11,2.34812566402351e-12
sub-057,12,2.5344518668064116e-10,2.8229383630954383e-11,2.147810079394639e-11,1.581554761015648e-11,2.661344601285854e-12
sub-057,13,2.534206674079583e-10,2.8170541405845925e-11,2.3694325900134773e-11,1.3387013305411646e-11,2.2400029644624616e-12
sub-057,10,2.6637548776028657e-10,3.701161620687699e-11,7.289599563140991e-11,2.5209649199178e-11,3.517470938183956e-12
sub-057,11,2.660809278603442e-10,4.089739895086643e-11,9.641786611889643e-11,2.6512824292141687e-11,3.3501237844012575e-12
sub-057,5,2.8335202783492997e-10,3.612911045876648e-11,1.8298895433662625e-11,1.829057016614507e-11,5.617648157913578e-12
sub-057,6,2.924565252533049e-10,3.867707467733973e-11,2.0425163585741013e-11,1.9073392376788467e-11,5.37316736974502e-12
sub-057,15,2.5958707072708437e-10,3.262470930681388e-11,1.674214209624557e-11,1.977352090672295e-11,7.120301834284069e-12
sub-057,16,2.6269649597212187e-10,3.3204964515894765e-11,1.791538849763465e-11,1.8682261344109885e-11,5.659018304410977e-12
sub-057,17,2.5794892934860547e-10,3.180835826324628e-11,2.3138914098003413e-11,1.971055408351884e-11,4.180763798886457e-12
sub-057,18,2.5720027117391427e-10,3.187450590311169e-11,2.4329449288119512e-11,1.645849928916985e-11,2.896917482320129e-12
sub-057,9,2.5866277349657713e-10,2.8630804905198292e-11,1.1933141367063135e-11,1.1989868516571545e-11,2.350380770390415e-12
sub-057,2,2.5242947025977513e-10,2.666589857961828e-11,9.002480181939854e-12,1.0363775597484859e-11,2.007335761760588e-12
sub-057,14,2.5392951602710684e-10,2.8565589308155737e-11,2.616131558215122e-11,1.367882726028027e-11,2.414834810135767e-12
sub-058,7,2.8209002782136667e-10,3.726886862468664e-11,2.3240607517780558e-11,3.2273422632814294e-11,1.0232334412831668e-11
sub-058,8,2.9039182367616157e-10,3.6416335858680496e-11,2.1919385751227458e-11,3.5125144121856197e-11,7.370976383480547e-12
sub-058,3,2.5935424466123296e-10,3.3742064338893235e-11,1.7792583379824224e-11,2.2919403272990968e-11,5.615507078337845e-12
sub-058,4,2.6209884381197444e-10,3.1870601607751445e-11,1.6318046947946683e-11,2.7314189954052223e-11,5.2877810506986095e-12
sub-058,0,2.5479773240694675e-10,2.9064693626445158e-11,1.1575701996939631e-11,1.2997679366190275e-11,2.7449574724279318e-12
sub-058,1,2.5517276188599067e-10,2.8670135236707933e-11,1.1615208254661752e-11,1.326546479695733e-11,2.6936250806485927e-12
sub-058,12,2.57197216262397e-10,3.3006411959013486e-11,1.8860814787891293e-11,1.7025401446574404e-11,3.3042498913340327e-12
sub-058,13,2.599693436780816e-10,3.612889877579298e-11,2.320054870477737e-11,1.646641403906685e-11,3.254722307506408e-12
sub-058,10,2.5827163818979613e-10,4.76863154318408e-11,4.235364832567133e-11,2.8023665387482263e-11,8.55736976827762e-12
sub-058,11,2.5955551481193864e-10,4.448334004532263e-11,3.6659925186061116e-11,2.7323564923408225e-11,8.569766169777186e-12
sub-058,5,2.7073588639004203e-10,3.6314879335465664e-11,2.0765513517878783e-11,2.6339181744206583e-11,9.083296707888667e-12
sub-058,6,2.804378091054143e-10,3.479307385816457e-11,1.9257932488329644e-11,2.662968798769268e-11,6.4260389599069105e-12
sub-058,15,2.5890506579742587e-10,3.6334518752791894e-11,2.1028746269492795e-11,2.8592420204771817e-11,1.6121162233496573e-11
sub-058,16,2.6160462659431875e-10,3.58693928974441e-11,1.854055561401736e-11,2.085075259708168e-11,4.134394293206733e-12
sub-058,17,2.568527919057705e-10,5.390608541630904e-11,4.6382960798198325e-11,2.6182220111701438e-11,6.914678212884558e-12
sub-058,18,2.7277473534186204e-10,6.815536778055542e-11,5.8787644985641e-11,2.8665613861844835e-11,7.614214604349666e-12
sub-058,9,2.5775620436320984e-10,3.4118805711932545e-11,1.8937248912698263e-11,2.068088065055268e-11,3.374320901545128e-12
sub-058,2,2.5682448552044924e-10,2.920623841691336e-11,1.1854960530188186e-11,1.6907317437170025e-11,2.6267760466376417e-12
sub-058,14,2.5591966149341376e-10,2.8247514211113736e-11,1.3030885571746791e-11,1.345624097808726e-11,2.573066620447936e-12
sub-059,7,2.8502194827360206e-10,3.096031247917265e-11,1.1459078481391486e-11,3.390459603627462e-11,1.5221380238461645e-11
sub-059,8,2.951893668976509e-10,3.150155249249502e-11,1.080105354543115e-11,1.6327633107914558e-11,5.13794681778447e-12
sub-059,3,2.6267435208743755e-10,2.7872993194337983e-11,9.56254637350294e-12,1.5459779766860766e-11,3.893626260860425e-12
sub-059,4,2.637727806058036e-10,2.784492611313266e-11,9.477808304464551e-12,1.2189239888481406e-11,2.6940854359685798e-12
sub-059,0,2.59487165533271e-10,2.6995853541017668e-11,8.557487776473952e-12,1.0278516633314255e-11,1.7758515513624313e-12
sub-059,1,2.5952061088819105e-10,2.6902740897632158e-11,8.465942077766556e-12,1.0420352624529391e-11,1.7596331530543622e-12
sub-059,12,2.593272975393665e-10,2.8512553412994585e-11,1.1503327475933631e-11,1.1113356313723987e-11,1.90874168033747e-12
sub-059,13,2.615743874755283e-10,2.7949652801500345e-11,1.0819349053617633e-11,1.1389690632931249e-11,2.297130803312172e-12
sub-059,10,2.609656518487071e-10,2.917260444455976e-11,1.0922471997769716e-11,1.275597657720312e-11,2.811898248387307e-12
sub-059,11,2.6318627377110093e-10,2.9147625604052187e-11,1.1154216624548922e-11,1.4868702564596783e-11,5.103542951162631e-12
sub-059,5,2.6473813149601016e-10,2.8783951892742912e-11,1.0639833031613196e-11,1.8147047421691e-11,6.855164578310873e-12
sub-059,6,2.6840061139750955e-10,2.8792944865914212e-11,1.0476627364380388e-11,1.2874498991518012e-11,2.967004879261717e-12
sub-059,15,2.618348996322874e-10,2.8523687473141644e-11,1.0247544958666368e-11,1.3494434638836588e-11,3.366757489835212e-12
sub-059,16,2.6159242912413406e-10,2.7806691958518138e-11,9.680215832832922e-12,1.4218400391709648e-11,4.662066244813987e-12
sub-059,17,2.62717598762323e-10,3.0178963062146954e-11,1.2814950830177835e-11,1.3378696746414756e-11,2.3723419301806405e-12
sub-059,18,2.608175874610284e-10,2.8803815752803545e-11,1.1373349374929529e-11,1.4444458975712578e-11,4.018431399376806e-12
sub-059,9,2.6298809076120004e-10,2.755957223785014e-11,9.110649256364877e-12,1.1295971832866854e-11,1.939228185558443e-12
sub-059,2,2.5895574762938747e-10,2.662561123238708e-11,7.921529781214238e-12,9.921085576590515e-12,1.7392207515816804e-12
sub-059,14,2.591110682415048e-10,2.7728287593482328e-11,9.970923565772388e-12,1.0397360964930062e-11,1.9869634531826548e-12
sub-060,7,3.757132341862879e-10,3.2103058609001017e-11,9.787637733856855e-12,2.0046720190256305e-11,6.4360613169879976e-12
sub-060,8,4.484566068724522e-10,3.3824290578145986e-11,1.0534187481817729e-11,2.367747672941128e-11,8.84096264048262e-12
sub-060,3,2.6576793906820904e-10,2.843110015116512e-11,8.654917643993954e-12,1.515844127077733e-11,2.5101010050007448e-12
sub-060,4,2.7040152847294157e-10,2.9089891547827843e-11,9.256123077105916e-12,1.7212372288467154e-11,3.728758050033254e-12
sub-060,0,2.629089392556936e-10,2.7525287924617588e-11,8.129380091678354e-12,1.1808144153821426e-11,1.945103296894208e-12
sub-060,1,2.644405170541972e-10,2.7564309178820528e-11,8.19047352211009e-12,1.2120277751894511e-11,1.930087810262433e-12
sub-060,12,2.6855348641979843e-10,2.8604608638488108e-11,9.774629984169356e-12,1.5845950188073245e-11,2.357307324518037e-12
sub-060,13,2.719751655750976e-10,2.847613507865614e-11,9.302442758929619e-12,1.5276125013022618e-11,2.2936910062866004e-12
sub-060,10,2.813705998802177e-10,3.0033452489387626e-11,1.2764963668276542e-11,2.105881575471889e-11,3.63520997525634e-12
sub-060,11,3.1416643771942146e-10,3.0474739900979096e-11,1.32735076887849e-11,2.223018436722948e-11,3.83923303282586e-12
sub-060,5,2.7320118587368967e-10,2.911890831403516e-11,9.133115953244534e-12,1.5538621646308732e-11,3.4215087799713887e-12
sub-060,6,2.8433886786936023e-10,2.9732677587035655e-11,9.61104923545084e-12,1.7743156757198365e-11,4.215935760934576e-12
sub-060,15,2.6965425757793524e-10,2.9121614454260043e-11,1.009010192317708e-11,1.7625348974407486e-11,4.840355596265871e-12
sub-060,16,2.6709254661199667e-10,2.8749852831001847e-11,9.6151258037844e-12,1.6303130507140752e-11,2.928727916211936e-12
sub-060,17,2.7405691832568476e-10,3.0103910687691647e-11,1.31976446746226e-11,2.1053340804397635e-11,3.846901751469233e-12
sub-060,18,2.797645643379145e-10,2.9840029587044434e-11,1.2719062559089948e-11,2.140784031609669e-11,4.103264632688878e-12
sub-060,9,2.7312633467914716e-10,2.8783865939732127e-11,8.920039394211878e-12,1.4428456390794867e-11,2.363069583591084e-12
sub-060,2,2.6744749732942017e-10,2.803059269790945e-11,8.220589813086302e-12,1.2277887330658576e-11,2.021293716414067e-12
sub-060,14,2.6987721695054855e-10,2.797588176840142e-11,8.676667920815916e-12,1.3696829444859293e-11,2.110881794201728e-12
sub-061,7,6.331281675209131e-10,3.939301624023799e-11,1.2501891060168263e-11,1.1725454260080678e-11,6.163632690310631e-12
sub-061,8,5.621499870786254e-10,4.9648946566754025e-11,1.4041051696226349e-11,1.189098448362476e-11,6.259546819095692e-12
sub-061,3,2.6668973311972675e-10,2.696128896414133e-11,9.089665140004408e-12,9.963145194567199e-12,4.904450230653683e-12
sub-061,4,2.7088984667180307e-10,2.7439227226507068e-11,9.418429220949738e-12,1.1057043548677158e-11,6.39598459058584e-12
sub-061,0,2.538547035685112e-10,2.565569077677149e-11,7.585692460190692e-12,8.651135526188096e-12,3.0959285365526287e-12
sub-061,1,2.542927611258835e-10,2.5344610294061343e-11,7.536716097910938e-12,8.859035982961084e-12,3.2681996894032198e-12
sub-061,12,2.57099572485866e-10,2.784117906290733e-11,1.3921357944671066e-11,9.549951948025846e-12,3.410147257510484e-12
sub-061,13,2.5657720213663916e-10,2.770683940344564e-11,1.4361563393222163e-11,9.084487592545804e-12,2.89540282538279e-12
sub-061,10,2.609125061398421e-10,3.556417734944587e-11,4.3746979830358406e-11,1.2177143194506831e-11,4.721154113964041e-12
sub-061,11,2.6899548755435684e-10,3.672376783199098e-11,4.885577043306708e-11,1.2357824890098148e-11,4.72008797862558e-12
sub-061,5,2.969059831916765e-10,2.8164181540111267e-11,9.954741156524656e-12,1.1649339954356408e-11,6.570599880875672e-12
sub-061,6,3.327328772712585e-10,3.054167960235254e-11,1.1097873652511352e-11,1.4422219332015024e-11,1.0294684205541996e-11
sub-061,15,2.613892831807406e-10,2.753064668208052e-11,9.46053041740144e-12,1.1764861753912808e-11,6.432554014113167e-12
sub-061,16,2.5895224387289077e-10,2.7406102730240067e-11,1.0008871481275188e-11,1.3062521496696609e-11,8.89382550769507e-12
sub-061,17,2.5992078376413276e-10,3.143820647569682e-11,1.984778647859539e-11,1.1685729941860557e-11,4.9264715257083604e-12
sub-061,18,2.598578851931361e-10,3.430253025766329e-11,2.9706106338277936e-11,1.1528321482265673e-11,4.539021545775402e-12
sub-061,9,2.607232876341226e-10,2.655522814569395e-11,9.188765432148766e-12,8.432428598470535e-12,2.467244783138458e-12
sub-061,2,2.5389612229503505e-10,2.5615873937376693e-11,7.728015143107479e-12,8.122828456755042e-12,2.114292452285421e-12
sub-061,14,2.5610484980331767e-10,2.7405788327412243e-11,1.3898497256027274e-11,8.974741585915634e-12,2.821281823495272e-12
sub-062,7,4.803255003651485e-10,5.856059802199703e-11,2.6019985452336563e-11,2.211949783983425e-11,8.244754308846152e-12
sub-062,8,3.7858023565338776e-10,4.1082721862455596e-11,2.4163073865957247e-11,2.6516277991419012e-11,1.2326992618752958e-11
sub-062,3,2.8296066605157505e-10,3.5579190300425826e-11,1.8529121443024875e-11,1.415801021621844e-11,3.490845975674146e-12
sub-062,4,2.706846915672377e-10,3.5358656060142927e-11,1.6510334735320427e-11,1.44797314354986e-11,3.49911336560134e-12
sub-062,0,2.5557078394694806e-10,2.994136992964963e-11,1.122667463698346e-11,1.0447379572430099e-11,1.9805206966098388e-12
sub-062,1,2.567727681404856e-10,3.032248150181969e-11,1.1063436043659586e-11,1.0528306172555347e-11,2.00935902773583e-12
sub-062,12,2.674609761433389e-10,5.0701884601338125e-11,3.919686596045939e-11,1.4024832399982938e-11,2.17712389070346e-12
sub-062,13,2.590062948395678e-10,5.405993114622109e-11,4.5246587873631566e-11,1.4385406926452746e-11,1.991635149257025e-12
sub-062,10,2.8488362343758147e-10,9.252133267014332e-11,9.343915049616292e-11,1.8121711175049848e-11,2.43468220980803e-12
sub-062,11,3.1085746808624584e-10,9.562139847113436e-11,9.682990506508528e-11,2.007916917565239e-11,2.965107039556991e-12
sub-062,5,2.7207179145920356e-10,3.9312474582336254e-11,1.9810429140634016e-11,1.4461409540409466e-11,3.716824185866639e-12
sub-062,6,2.6983820398753955e-10,3.9378168464312007e-11,2.02821720910922e-11,1.480118792347284e-11,4.203842757422609e-12
sub-062,15,2.6866632153692826e-10,4.099109203332928e-11,2.1499620165527184e-11,1.4030658639170727e-11,2.8347234227013445e-12
sub-062,16,3.057136626658372e-10,4.6660313015881625e-11,2.582326655549103e-11,1.642150693040411e-11,4.16450416765882e-12
sub-062,17,2.666620254517461e-10,9.087195445476735e-11,8.51776839983215e-11,1.928692580446951e-11,2.4854889641283413e-12
sub-062,18,3.020846198589088e-10,7.040467674024553e-11,6.177336527617548e-11,1.6903612517175545e-11,2.5728449451976497e-12
sub-062,9,2.61436018213534e-10,3.7545969269271467e-11,2.033096906303537e-11,1.2390195588381476e-11,2.097864801314244e-12
sub-062,2,2.8097786284883084e-10,3.372928018285145e-11,1.3092022198686309e-11,1.1824840610748419e-11,2.1966528375899865e-12
sub-062,14,2.608482566996847e-10,4.7652678205256545e-11,3.663007151975789e-11,1.2939872616091254e-11,2.0350461313850056e-12
sub-063,7,2.396070812863219e-10,2.845066762680001e-11,1.005560263618978e-11,1.3226508351521178e-11,3.97902289774321e-12
sub-063,8,2.455186432872658e-10,2.8598707345863937e-11,9.94158588273875e-12,1.3302544739490652e-11,4.125800544391243e-12
sub-063,3,2.3105353587825563e-10,2.7274442175127398e-11,9.26136474222971e-12,1.2189601398862176e-11,3.725831820738287e-12
sub-063,4,2.3412628554265725e-10,2.7232110588460652e-11,9.156730348551264e-12,1.2017306368859238e-11,3.5466723180838254e-12
sub-063,0,2.2837384625057363e-10,2.6490006933229943e-11,8.675044927042919e-12,1.0825492619109924e-11,2.6645725674992164e-12
sub-063,1,2.2966688418291962e-10,2.6397307722834732e-11,8.548877045717006e-12,1.1084306327116992e-11,2.735160874262438e-12
sub-063,12,2.2986129109689772e-10,2.7595286088119528e-11,1.1640528748942486e-11,1.3989424720340887e-11,2.8674194976921637e-12
sub-063,13,2.3150697477218678e-10,2.7407856332447583e-11,1.2415883930362144e-11,1.2354517207196944e-11,2.256202524661109e-12
sub-063,10,2.352933608151837e-10,3.141384418703658e-11,2.611547371984222e-11,1.7454518248699854e-11,3.589598992568711e-12
sub-063,11,2.392081272910461e-10,3.270801421491183e-11,3.4795653526463505e-11,1.8152336597620474e-11,3.5577625221005165e-12
sub-063,5,2.385869337125886e-10,2.9170342672443624e-11,1.146587509033852e-11,1.5405403720101954e-11,5.6975799211165066e-12
sub-063,6,2.4512521738993096e-10,2.880845037425453e-11,1.0991649472031462e-11,1.669422194890474e-11,7.60397824185686e-12
sub-063,15,2.406927365321258e-10,2.988374400503806e-11,1.235128868011943e-11,1.5264319320409586e-11,4.9575942217947306e-12
sub-063,16,2.3776753815323057e-10,2.884013759661549e-11,1.205668073090705e-11,1.8716284960804976e-11,9.673257759428889e-12
sub-063,17,2.315868046726652e-10,3.0318424373278124e-11,1.9181557636064548e-11,1.6675073447748287e-11,3.934462284713255e-12
sub-063,18,2.349305734719305e-10,2.9579818527248006e-11,1.9707086564000302e-11,1.507134295908344e-11,3.1256024244869228e-12
sub-063,9,2.3083059853655504e-10,2.7101354304027108e-11,9.12821733452922e-12,1.122692233147714e-11,2.5568719883444724e-12
sub-063,2,2.3054884270627587e-10,2.6717663669729e-11,8.590710567776738e-12,1.0551524782314978e-11,2.3028138211479933e-12
sub-063,14,2.3320108714185066e-10,2.761994829254373e-11,1.1044819847863716e-11,1.1866842635363469e-11,2.569493402617166e-12
sub-064,7,4.850555944406436e-10,7.165774916468618e-11,5.301237696608771e-11,3.375691220985847e-11,9.179598078649038e-12
sub-064,8,4.861643810367852e-10,7.212170853194059e-11,5.2828841080414567e-11,3.0648187621500136e-11,7.061180415845514e-12
sub-064,3,3.0335290564101763e-10,5.180224376769597e-11,4.147040534498645e-11,3.0386939080528865e-11,5.814905390618503e-12
sub-064,4,3.366705182702519e-10,5.7694017351379476e-11,4.390354282832597e-11,3.059508130042654e-11,5.9926725591449445e-12
sub-064,0,2.8972263249818336e-10,3.9795756140027726e-11,2.625142986462256e-11,2.078461710620361e-11,3.099733929896561e-12
sub-064,1,2.8983939943728456e-10,3.8532997712710286e-11,2.4721705727730114e-11,2.0428562555555138e-11,3.0485174796887778e-12
sub-064,12,3.063788459070946e-10,7.026462207710311e-11,9.932187580418784e-11,3.4112449107634245e-11,3.446233295559256e-12
sub-064,13,2.9653160254922336e-10,5.958165163936807e-11,7.183721567205342e-11,3.2418731650504877e-11,3.611226350691225e-12
sub-064,10,3.24285025824285e-10,1.0197708331841422e-10,1.8540655706352683e-10,3.8044328781322775e-11,4.282246500741491e-12
sub-064,11,3.2300717022355276e-10,1.4798576212021128e-10,2.7421103780316717e-10,4.6728846506716764e-11,4.684348447955626e-12
sub-064,5,3.29671439177301e-10,5.5137151418600966e-11,4.7387855255725096e-11,3.245079496230464e-11,1.1875369004141416e-11
sub-064,6,3.4885324150987185e-10,5.970486059383003e-11,4.882742869653175e-11,3.0186175036285884e-11,8.130749981045465e-12
sub-064,15,3.020281439379305e-10,5.493832390368675e-11,6.012752042516985e-11,3.131238188325887e-11,9.576347022072065e-12
sub-064,16,3.1576471958253305e-10,5.2163343120540295e-11,4.7083404892077695e-11,3.2143124050613965e-11,8.998386942029847e-12
sub-064,17,3.1540379443211437e-10,1.7265079273168482e-10,3.2390315544313165e-10,5.36448658409382e-11,4.4562608364433506e-12
sub-064,18,3.0696217307839147e-10,1.0016821507968254e-10,1.3939341877380223e-10,3.5828405988690216e-11,4.336513199456855e-12
sub-064,9,2.9914720905108795e-10,5.5782321264443414e-11,4.433675270740973e-11,2.3169414332572214e-11,3.4450009255617e-12
sub-064,2,2.9204783712696566e-10,4.308586183035111e-11,3.0140957632013404e-11,2.457706050751684e-11,3.218391706012812e-12
sub-064,14,3.087645619785352e-10,5.159782410357721e-11,7.07891630581189e-11,2.9898053052402915e-11,3.6333906676130297e-12
sub-065,7,3.6405498405482546e-10,3.5576195384365836e-11,1.0576787857919176e-11,2.3737505070905354e-11,1.3623659583682602e-11
sub-065,8,3.8374714619755533e-10,3.7445789733296365e-11,1.0346476756712817e-11,1.867472300014198e-11,7.831355689805751e-12
sub-065,3,2.6327759043896713e-10,2.7023579586579708e-11,8.589922445843915e-12,1.4834092388423645e-11,7.877783934357716e-12
sub-065,4,2.6512406244790857e-10,2.682611689748004e-11,8.427572320035188e-12,1.3552263387136264e-11,6.2664278083253975e-12
sub-065,0,2.5103813519528117e-10,2.5532356291245548e-11,7.865644628202173e-12,1.0486512014162712e-11,2.683732569710868e-12
sub-065,1,2.524490923649532e-10,2.5559472960858563e-11,7.699195966188763e-12,1.0448366137068676e-11,2.783531905515204e-12
sub-065,12,2.5517244597947226e-10,2.653164533222134e-11,1.2380447928462763e-11,1.310718043839416e-11,2.755215476283642e-12
sub-065,13,2.5475171319574043e-10,2.613395214809754e-11,1.0651204580369392e-11,1.1581934715729496e-11,2.4219322364416164e-12
sub-065,10,2.6098174965410104e-10,2.9282411191641486e-11,2.755950243559988e-11,1.7918594347607596e-11,3.5116817447663657e-12
sub-065,11,2.641477161288944e-10,2.8849271529985716e-11,2.4412611168295645e-11,1.750508773768888e-11,3.558555343235497e-12
sub-065,5,2.716136204906712e-10,2.831812131688066e-11,1.0188441176363e-11,1.9804303272740924e-11,1.7053016696434394e-11
sub-065,6,2.7758336924309123e-10,2.8468938307688476e-11,9.876715083591358e-12,1.9787757642579133e-11,1.350400919141326e-11
sub-065,15,2.6130627496369846e-10,2.7936659888751565e-11,1.1543289162270758e-11,1.6822005017506118e-11,5.5118810904784516e-12
sub-065,16,2.6152072120252715e-10,2.8040707441713463e-11,1.1534275351127674e-11,2.089408922771566e-11,1.1680115954908227e-11
sub-065,17,2.5934776655695426e-10,2.9895077471784003e-11,2.7937040523624857e-11,1.928271979733044e-11,3.79332611365581e-12
sub-065,18,2.5915660241701075e-10,2.8667286444933094e-11,2.451496313741412e-11,1.7296413573405386e-11,3.696811268266795e-12
sub-065,9,2.65983995507245e-10,2.686285781587615e-11,8.237908424665036e-12,1.0309112538839509e-11,2.5093992370393454e-12
sub-065,2,2.534634238659804e-10,2.5589391812707662e-11,7.656285061288846e-12,9.554940298906772e-12,2.2158552896573528e-12
sub-065,14,2.5504816968625647e-10,2.6240481578925708e-11,1.0725768689568307e-11,1.1376675578904331e-11,2.648500924447515e-12
sub-066,7,3.867424339856764e-10,5.3347253068118064e-11,1.6316179884088667e-11,1.5021699430869106e-11,5.616207492337327e-12
sub-066,8,4.4875441011022567e-10,5.7853168677076825e-11,1.7371472560049484e-11,1.7098888515910686e-11,7.773156325674656e-12
sub-066,3,2.7688681778720936e-10,4.414188267224678e-11,1.5353931671092062e-11,1.29435859968337e-11,4.385647249381857e-12
sub-066,4,2.6476751672678725e-10,4.8262076006829965e-11,1.6777246780473645e-11,1.2823870208314053e-11,4.5336890158835735e-12
sub-066,0,2.3348316747413184e-10,3.593498332854483e-11,1.1213440663278404e-11,1.029772540528571e-11,3.3553228307846706e-12
sub-066,1,2.3717576722819596e-10,3.607369961034135e-11,1.1191752961096812e-11,1.0056298345431219e-11,3.215904139550407e-12
sub-066,12,2.5254369182305394e-10,5.000649631976503e-11,1.6019878037068982e-11,1.1366840901011008e-11,2.902682505486728e-12
sub-066,13,2.5478241506302204e-10,4.144757875148867e-11,1.396179519136318e-11,1.0955192264821146e-11,3.5982296770244186e-12
sub-066,10,2.7673936091786583e-10,6.948930149710025e-11,2.1733261255601272e-11,1.3063387696977e-11,3.839042101386679e-12
sub-066,11,2.702431635192804e-10,5.806467829269416e-11,1.9736830289826755e-11,1.227965704055084e-11,3.846771443779504e-12
sub-066,5,2.7854774225541987e-10,4.583728929324459e-11,1.4377924748601564e-11,1.4879907235191335e-11,7.993051915734864e-12
sub-066,6,2.751344184902861e-10,4.883327446055806e-11,1.5466152880424255e-11,1.4351724317671495e-11,6.122205819471795e-12
sub-066,15,2.550784359313248e-10,4.789456395586322e-11,1.5066124808552965e-11,2.437984911972615e-11,1.5719424167858507e-11
sub-066,16,2.6760470301979145e-10,4.904574604945623e-11,1.5251996396860418e-11,1.4946360133615838e-11,6.895743568185236e-12
sub-066,17,2.63781351821293e-10,6.396162558859123e-11,1.9184180149841982e-11,1.3382574708824747e-11,4.3362448088414735e-12
sub-066,18,2.673164316303049e-10,5.355702698517533e-11,1.7666824814757598e-11,1.2935478757025463e-11,4.587936294140111e-12
sub-066,9,2.7146754362764317e-10,4.1273167911098185e-11,1.4784595891673787e-11,1.142313614780336e-11,3.300908180318515e-12
sub-066,2,2.357351525933152e-10,3.273248087657753e-11,1.2085749746975216e-11,1.1598133819935584e-11,2.7991914212779037e-12
sub-066,14,2.5963822060339737e-10,4.415802274260633e-11,1.5166976565431182e-11,1.1222410801462875e-11,3.172207738016309e-12
sub-067,7,4.5133797807976024e-10,5.3004405747525266e-11,4.492999134340314e-11,2.669378534169391e-10,2.0565358787338903e-10
sub-067,8,5.192334578532201e-10,5.000626169201767e-11,3.0717213255177553e-11,9.764998010418448e-11,6.585771521351897e-11
sub-067,3,2.5791818932905827e-10,3.0800154845136815e-11,2.1611935277591008e-11,1.0729439665842127e-10,7.848953319642139e-11
sub-067,4,2.5304661069870764e-10,3.011958185916751e-11,1.6270925105063173e-11,4.5270455674738735e-11,2.3790501803919422e-11
sub-067,0,2.4206829470565127e-10,2.7381657496597975e-11,1.1788355793696958e-11,1.9996303020846687e-11,3.699344399911957e-12
sub-067,1,2.3902421645004056e-10,2.6755941329990024e-11,1.2196238902040158e-11,2.010330681132882e-11,3.7833311772205535e-12
sub-067,12,3.15091938325265e-10,3.2752402673854705e-11,1.4668346041568596e-11,2.244633899656669e-11,4.4382868319367215e-12
sub-067,13,2.48363595831111e-10,2.791500840464778e-11,2.095686412651295e-11,2.130161065809955e-11,4.152091239780485e-12
sub-067,10,6.587684472458745e-10,5.632987924856488e-11,2.1696344098381136e-11,2.4866278624920688e-11,4.953418877607141e-12
sub-067,11,3.2180817690938135e-10,3.3986874225060796e-11,1.967288889037866e-11,2.2288076201618187e-11,5.225304261405167e-12
sub-067,5,2.6954658070446623e-10,3.9497302988685565e-11,3.5690759401382e-11,4.780422609227769e-11,1.5344185238914865e-11
sub-067,6,2.5869162279527407e-10,3.2493355051824746e-11,2.619665753642223e-11,5.314303952729314e-11,2.9167604082932296e-11
sub-067,15,2.732528885866886e-10,3.5576679490065865e-11,3.430476653865811e-11,1.9659953656561575e-10,1.5615850134928302e-10
sub-067,16,2.539674790614933e-10,3.5362399826646244e-11,4.0135724773033554e-11,4.4154220129821327e-10,4.2396161523442837e-10
sub-067,17,2.6019728054678073e-10,3.1432023865576126e-11,2.0745864614978923e-11,3.2691430187958535e-11,1.317071074870196e-11
sub-067,18,2.473785301714084e-10,2.8968618786882213e-11,2.3764778980522527e-11,3.696249099783896e-11,1.92288866698264e-11
sub-067,9,2.5990698460109344e-10,2.9846611724524326e-11,1.7176685822332638e-11,3.079211769053333e-11,5.088508799136969e-12
sub-067,2,2.425343866763243e-10,2.695248260907845e-11,9.994914653631006e-12,1.680663209476713e-11,3.0132455941333134e-12
sub-067,14,2.400444712790655e-10,2.6838442065003904e-11,1.3593346769958824e-11,1.6617092510382815e-11,3.495752131968774e-12
sub-068,7,2.9115616430174834e-10,3.1299955893868764e-11,1.2731002401487052e-11,1.320717171943586e-11,5.112016301603074e-12
sub-068,8,2.791808718706624e-10,3.0042324680384505e-11,1.2557304152036744e-11,1.317265039883474e-11,4.573814944676861e-12
sub-068,3,2.5652481402958345e-10,2.7459215599643977e-11,1.0934983174102696e-11,1.1577568266353326e-11,3.2075684236162397e-12
sub-068,4,2.5597631193044757e-10,2.745960330462715e-11,1.0460674392982029e-11,1.1167610617229512e-11,3.032998401658839e-12
sub-068,0,2.4974227019204625e-10,2.6148484684085545e-11,9.107671201800898e-12,9.507658961375109e-12,1.9281609908710137e-12
sub-068,1,2.4834183086544457e-10,2.6141004665423438e-11,9.412122220226452e-12,9.440415533311332e-12,1.922594112863241e-12
sub-068,12,2.502081043097246e-10,2.7948680155931163e-11,1.2942664416293388e-11,1.0260970833021637e-11,1.951020296943059e-12
sub-068,13,2.530324961761692e-10,3.0280490346716634e-11,1.6602609317061088e-11,1.0693200558264916e-11,2.1426697747193718e-12
sub-068,10,2.5341132471077637e-10,3.313830007107534e-11,1.8075894861821158e-11,1.1327487789770846e-11,2.3013271498419962e-12
sub-068,11,3.0163688640345365e-10,3.520713381674188e-11,1.9307144614382556e-11,1.1553577628876255e-11,2.3901989153999165e-12
sub-068,5,2.5721565611291077e-10,2.8134095345515454e-11,1.2817681061066075e-11,1.3998012933670191e-11,6.45077760136838e-12
sub-068,6,2.5453601577150113e-10,2.735402844188428e-11,1.1140299849434776e-11,1.085626955341942e-11,3.1923694108407425e-12
sub-068,15,2.5121450402943576e-10,3.025406611287643e-11,1.527646354925494e-11,1.4034782584468434e-11,6.3660559646401494e-12
sub-068,16,2.5168661620937027e-10,2.8210110080226807e-11,1.180528110376448e-11,1.0714192318856304e-11,3.3494218227726768e-12
sub-068,17,2.5378366368948397e-10,4.2975950878014355e-11,2.7269666293185038e-11,1.2717005337664148e-11,2.617412064292165e-12
sub-068,18,2.6275456295974844e-10,3.882527269376499e-11,2.2816888204769454e-11,1.1384172131640826e-11,2.42177368644102e-12
sub-068,9,2.5609314124551425e-10,2.762714516168108e-11,1.0787984151565189e-11,1.0409030628595442e-11,2.2306726656000267e-12
sub-068,2,2.5148694950255647e-10,2.6595263698378707e-11,8.859244694878475e-12,9.27825945909172e-12,1.875147814182695e-12
sub-068,14,2.5114484892197926e-10,2.6923633798683406e-11,1.1662203012505591e-11,9.098314159393459e-12,1.9369840570836848e-12
sub-069,7,3.6070049377629375e-10,7.08910578230278e-11,2.2992572177404312e-11,2.594257938593245e-11,8.196023959749825e-12
sub-069,8,3.056169913588692e-10,6.916818628336918e-11,2.1418267361061103e-11,2.7068338905709967e-11,9.808460951721946e-12
sub-069,3,2.3189251392559992e-10,5.443412814314316e-11,1.8051558546639183e-11,2.0315878716034515e-11,5.224486591475804e-12
sub-069,4,2.1810593722348702e-10,6.03945333211879e-11,1.6901664585933854e-11,1.939544229383065e-11,3.704790239832417e-12
sub-069,0,2.024976379270466e-10,5.2985820639205815e-11,1.4565533417358118e-11,1.5318788960035354e-11,2.3734574609412937e-12
sub-069,1,2.0580212520277623e-10,5.223380097514573e-11,1.4244086521571177e-11,1.5413346438355022e-11,2.367196764716754e-12
sub-069,12,2.4066259563269903e-10,1.2372867226664775e-10,2.9311162381135596e-11,1.697476744330897e-11,2.2937154347608906e-12
sub-069,13,2.3947776146387945e-10,9.630372025122616e-11,2.6301735260171663e-11,1.707977297674086e-11,2.417286557947128e-12
sub-069,10,2.6795882473552225e-10,1.3542054253392924e-10,3.5002526362732334e-11,1.931560444028176e-11,2.6942816200267384e-12
sub-069,11,2.553164251729126e-10,1.1510607374969384e-10,3.204903291850148e-11,1.7937410665341617e-11,2.5017857900810454e-12
sub-069,5,2.3775356075832524e-10,9.388871306844123e-11,2.96243632003096e-11,2.347578855782301e-11,8.65323181472829e-12
sub-069,6,2.2046015320119422e-10,8.223146687677962e-11,2.6092314181976218e-11,2.2658044948223423e-11,6.889936033476217e-12
sub-069,15,2.2765739653888288e-10,1.39362456067581e-10,3.567932400630528e-11,2.986836421635078e-11,1.348869862914086e-11
sub-069,16,2.1862952782896103e-10,1.0799324897658048e-10,3.095988513550616e-11,2.520670334458108e-11,1.1571184116398908e-11
sub-069,17,2.65406186680537e-10,1.8080305264295024e-10,3.839817638931263e-11,1.9610383162578797e-11,2.8924615729566184e-12
sub-069,18,2.6466756342433564e-10,1.6495582146409995e-10,4.030379101925627e-11,1.926168760471508e-11,2.8642169466956788e-12
sub-069,9,2.229824814939659e-10,7.022686920765437e-11,1.853396895834236e-11,1.6187538477374014e-11,2.566162012066315e-12
sub-069,2,2.06951537333364e-10,8.521349847217576e-11,2.102437335658424e-11,1.858244583291231e-11,2.5364303938450724e-12
sub-069,14,2.2709255838025454e-10,1.1114402284344906e-10,3.3855785742133227e-11,1.6308410996875594e-11,2.332788584654309e-12
sub-070,7,3.3046317111670703e-10,3.604139308588829e-11,1.109286706567885e-11,2.5209746378818788e-11,1.1751806987271317e-11
sub-070,8,2.914620929533803e-10,3.243049417928723e-11,9.961053867759076e-12,1.3901730248751704e-11,4.644647108761291e-12
sub-070,3,2.5263098505155484e-10,2.6764723832415424e-11,9.464345684645392e-12,1.8582831652555542e-11,8.650541292775792e-12
sub-070,4,2.3854335543432394e-10,2.5850648576720465e-11,8.418254643199208e-12,1.1170317898004623e-11,2.6476216875347248e-12
sub-070,0,2.33401284348935e-10,2.441415393407536e-11,7.901368285245545e-12,9.703160789859233e-12,1.9008966810133807e-12
sub-070,1,2.3222302545330002e-10,2.471880394462295e-11,7.891808211161027e-12,9.705373074637369e-12,1.891222759792061e-12
sub-070,12,2.372457654634468e-10,2.6120243869337185e-11,9.904338021393522e-12,1.1255475061514716e-11,2.43683306209366e-12
sub-070,13,2.3756537212635176e-10,2.6253228698675457e-11,9.38054686224496e-12,1.1087719975090232e-11,2.4903481455597546e-12
sub-070,10,2.39794812970438e-10,2.71874828643542e-11,1.0643365892000035e-11,1.2299327139968236e-11,3.183361864341235e-12
sub-070,11,2.3665081769858133e-10,2.6949661803957785e-11,1.02145216498082e-11,1.1961804906645184e-11,3.1854514596403707e-12
sub-070,5,2.5082887139486607e-10,2.8320423379076083e-11,1.2294450381386784e-11,1.626346906834026e-11,5.475145316508986e-12
sub-070,6,2.387609527848741e-10,2.731377320911833e-11,9.785310096673364e-12,1.2200320929170028e-11,3.061005969252729e-12
sub-070,15,2.4441974559776287e-10,2.921456615755248e-11,1.4857991476525995e-11,4.3235446957337565e-11,2.0879782290912588e-11
sub-070,16,2.3759050742590617e-10,2.8837847473112196e-11,1.0899385545673475e-11,1.3501466685703877e-11,4.038732950006598e-12
sub-070,17,2.3888086161405107e-10,2.833656142329905e-11,1.1339534199555071e-11,1.3675062100383868e-11,4.539342205044997e-12
sub-070,18,2.4018867807915296e-10,2.8696312064301284e-11,1.0603604073479735e-11,1.3361621319211218e-11,5.379940009020625e-12
sub-070,9,2.4795661294341083e-10,2.6850793267762004e-11,8.333297060458685e-12,1.0977307498917108e-11,2.238072835271845e-12
sub-070,2,2.37375661015702e-10,2.6307602573305007e-11,7.791820128390618e-12,1.0516805010442272e-11,2.171943061462365e-12
sub-070,14,2.3529918109664987e-10,2.493459557436605e-11,8.373523358951777e-12,9.821419867493387e-12,1.9564937126511697e-12
sub-071,7,2.7535625581347726e-10,3.5002589734434114e-11,1.994422216858723e-11,2.340447822822695e-11,1.0214852571720615e-11
sub-071,8,2.5708869949427696e-10,3.3309561038384125e-11,1.914925043366323e-11,1.941281128012322e-11,6.266675211358358e-12
sub-071,3,2.334853764755841e-10,2.91521576462653e-11,1.341941102504294e-11,1.549531109067273e-11,4.308735776119696e-12
sub-071,4,2.3253928372818577e-10,2.927016897448696e-11,1.4023688727324815e-11,1.5403312832542335e-11,4.58299631352566e-12
sub-071,0,2.28387367618532e-10,2.5964705702696343e-11,9.993520982294462e-12,1.2027640216025989e-11,2.9253939699231037e-12
sub-071,1,2.2861363635376763e-10,2.648871879842028e-11,9.861374440436846e-12,1.2077717047601991e-11,2.8513248489672807e-12
sub-071,12,2.3054518679492e-10,3.0682494780210825e-11,2.0028162298831672e-11,1.4058134828855498e-11,2.6676804928149804e-12
sub-071,13,2.3105376206856767e-10,2.94704305716253e-11,1.8075429626713545e-11,1.5482968749892225e-11,2.9549266266352705e-12
sub-071,10,2.3391817770241627e-10,3.132588693529535e-11,2.1721924378131596e-11,1.7015871804994938e-11,3.408699743661256e-12
sub-071,11,2.3392827688657683e-10,3.216616994511533e-11,2.6488975384737907e-11,1.809832392178781e-11,3.702723694381967e-12
sub-071,5,2.510318711541596e-10,3.4663340907103865e-11,2.1948762472010272e-11,2.2479837315681434e-11,1.1078220378814236e-11
sub-071,6,2.491132071672145e-10,3.47709285590539e-11,2.2340680377871076e-11,2.41672683236322e-11,1.2764006136326093e-11
sub-071,15,2.3382874017231437e-10,3.179302915531516e-11,2.019427922141361e-11,2.2507171859924868e-11,9.98115728113512e-12
sub-071,16,2.3569651356254813e-10,3.340308254897374e-11,2.287837622781052e-11,2.1951256550167552e-11,9.135545478385416e-12
sub-071,17,2.334429054681821e-10,3.1662328473610864e-11,2.0756056698088337e-11,1.9553024804713858e-11,4.603007226333294e-12
sub-071,18,2.339213956511106e-10,3.315665662267182e-11,2.9629168289157394e-11,2.420511692412321e-11,6.504608366514763e-12
sub-071,9,2.3223856813405136e-10,2.914002145561959e-11,1.2630961758763459e-11,1.3308805086650538e-11,2.5573363546353614e-12
sub-071,2,2.2966185412132846e-10,2.6516045492173538e-11,9.120686674245446e-12,1.1476911263637091e-11,2.266752494857603e-12
sub-071,14,2.30461399761884e-10,2.970774052833748e-11,1.6869291736386567e-11,1.1622692136414992e-11,2.4665388504998997e-12
sub-072,7,4.735915032040137e-10,6.456964554653426e-11,1.404421949855747e-11,1.4980083965400127e-11,4.522570225758695e-12
sub-072,8,4.3003439679797916e-10,6.332471478378885e-11,1.3321669452618432e-11,1.4241728442655604e-11,4.085398880302876e-12
sub-072,3,2.8527676652961126e-10,4.0096156016530965e-11,1.0993559086659522e-11,1.213686682492124e-11,2.92643231652226e-12
sub-072,4,2.5091520792812873e-10,3.709076270631332e-11,1.0656225626220776e-11,1.3501310441142623e-11,4.852300118191062e-12
sub-072,0,2.3769610829879797e-10,3.389125642169627e-11,9.490824252617696e-12,1.0218700051339662e-11,2.4297036300860663e-12
sub-072,1,2.3095943616721718e-10,3.3502780454426374e-11,9.42352213102e-12,1.0320559406780995e-11,2.4754425121520975e-12
sub-072,12,2.5449251964654156e-10,3.884594551794128e-11,1.0775822848407176e-11,1.1393943441602589e-11,2.383949385327448e-12
sub-072,13,2.472243199464161e-10,3.827071944398105e-11,1.0530717689175916e-11,1.1249094908876151e-11,2.581470780564131e-12
sub-072,10,2.6770051151832e-10,4.0788398316384747e-11,1.1495390058550684e-11,1.1368894828817879e-11,2.826429138397636e-12
sub-072,11,2.67875469739916e-10,3.9840889073780185e-11,1.1276616377344003e-11,1.148911350566678e-11,3.0825011937177944e-12
sub-072,5,2.768644047960643e-10,4.135378716945516e-11,1.1610044800414528e-11,1.525709695566862e-11,7.081046458173629e-12
sub-072,6,2.5820108003066224e-10,4.1040668315996654e-11,1.136533190832434e-11,1.4356671411723056e-11,6.564712260910213e-12
sub-072,15,2.6026583601138565e-10,4.380182925803628e-11,1.133048657951928e-11,1.252711992721383e-11,4.475950059204845e-12
sub-072,16,2.4968694846222063e-10,4.6043629615539375e-11,1.2154671557915337e-11,1.2728509183076589e-11,4.338606203458404e-12
sub-072,17,2.7872032530355465e-10,5.113125045451021e-11,1.2992755877261459e-11,1.2098110078136649e-11,3.222223261260888e-12
sub-072,18,2.725553441271892e-10,4.935511950095946e-11,1.2936536459842832e-11,1.2613532612556171e-11,4.266616944649487e-12
sub-072,9,2.821349907538127e-10,4.0862334543679655e-11,1.116361870681444e-11,1.2247100984826887e-11,2.4298384965262288e-12
sub-072,2,2.3981353631996173e-10,3.294714933283608e-11,1.0120654375496393e-11,1.1595946012409867e-11,2.2689014878694357e-12
sub-072,14,2.579841112637213e-10,3.4559159142879405e-11,1.048401314406055e-11,1.1504729628061534e-11,2.4955973999726623e-12
sub-073,7,3.1843127098550503e-10,3.373763493035281e-11,1.2327552012554572e-11,1.0657460145081592e-11,2.925485493012776e-12
sub-073,8,3.1580182467999075e-10,3.3077462266525573e-11,1.1214223514203603e-11,1.027525072488953e-11,2.875906795436627e-12
sub-073,3,2.5846462864378926e-10,2.8393327868108656e-11,9.470793184993139e-12,9.085826738254169e-12,2.286726854666307e-12
sub-073,4,2.6421110098811966e-10,2.8673548956433628e-11,9.093690358055127e-12,9.150538293437258e-12,2.414728430550816e-12
sub-073,0,2.502684987204906e-10,2.672422397485829e-11,8.340822851296695e-12,8.597552475931641e-12,2.0163515566783865e-12
sub-073,1,2.4923766247416114e-10,2.7174279594010356e-11,8.349890393736434e-12,8.603804917263683e-12,2.068562397365712e-12
sub-073,12,2.5109353825300815e-10,2.8253507640426583e-11,1.0426620671502872e-11,9.624492867456054e-12,2.2603820979545937e-12
sub-073,13,2.496455734323501e-10,2.867581833639509e-11,1.1600069794996446e-11,9.050283824023791e-12,1.928991351583126e-12
sub-073,10,2.528401818564486e-10,3.36056342721297e-11,1.9276602441567635e-11,1.0941066716662471e-11,2.8196527336215197e-12
sub-073,11,2.5402538257936566e-10,3.738606876114116e-11,2.580294021132332e-11,1.072745727251184e-11,2.5128641840363414e-12
sub-073,5,2.6535560028605647e-10,3.202434900263389e-11,1.2199941789865189e-11,1.0690946097030351e-11,3.236500407258357e-12
sub-073,6,2.6248186260298123e-10,3.1963073503655523e-11,1.1734015782810564e-11,1.1494682256968858e-11,4.253068695112493e-12
sub-073,15,2.580690620958488e-10,3.0955425494753796e-11,1.2569652544614007e-11,1.1963481984962383e-11,4.9834945390363216e-12
sub-073,16,2.517695823366913e-10,3.234880479284263e-11,1.3877432495030487e-11,1.243289274274528e-11,5.855775756172809e-12
sub-073,17,2.5218736318486276e-10,3.2489317360703863e-11,1.7072767027558637e-11,1.1236259244977352e-11,3.18362295423536e-12
sub-073,18,2.611528539179537e-10,3.752511767836385e-11,2.1318159434629578e-11,1.0820241322538024e-11,2.5647696575507344e-12
sub-073,9,2.6045538216399996e-10,2.910494657695123e-11,9.672922931081539e-12,8.839239366818843e-12,1.978194975719919e-12
sub-073,2,2.8602620915352066e-10,2.9573654652974686e-11,9.145341948711446e-12,9.39128024900644e-12,2.070696226852465e-12
sub-073,14,2.498092243669439e-10,2.802863542336501e-11,1.0546506672930324e-11,8.943892279793512e-12,2.0190008593501425e-12
sub-074,7,2.5229010265939803e-09,5.203907224602609e-10,1.709004505506411e-10,1.9238867441800186e-10,2.095928282852233e-11
sub-074,8,2.320232947190661e-09,3.7280403385180567e-10,8.374854569653097e-11,1.447565697862272e-10,4.505610171533883e-11
sub-074,3,2.1945267352546342e-09,3.3374126941552416e-10,6.519000120406135e-11,6.164975968730269e-11,9.557110747512416e-12
sub-074,4,2.1455199713573227e-09,3.1376015673819487e-10,4.848517420189354e-11,6.422781650223239e-11,1.592036977755062e-11
sub-074,0,2.3021171704161156e-09,3.1663564760299557e-10,5.1225170143537353e-11,4.567422153909144e-11,7.307308399264629e-12
sub-074,1,2.5692354581833403e-09,4.1892015190219693e-10,1.1064333128602075e-10,1.164876249171673e-10,8.761815079533899e-12
sub-074,12,2.2173396511239164e-09,3.0379339256130505e-10,5.2907423443251866e-11,4.583017055988954e-11,6.929914999877255e-12
sub-074,13,2.207951241859761e-09,3.242313099378809e-10,5.951657725521018e-11,4.724072415791652e-11,7.764746698981292e-12
sub-074,10,2.086771061127081e-09,3.0499522002489373e-10,6.239746504213537e-11,5.0258570636117567e-11,8.139754169254318e-12
sub-074,11,6.110115027279311e-09,1.4836639927295602e-09,6.759913346901396e-10,6.213548878162429e-10,7.871169948171355e-10
sub-074,5,2.122160554457881e-09,3.074643635221693e-10,5.488154127236127e-11,4.777146841681981e-11,7.837362523642025e-12
sub-074,6,2.351754467486731e-09,3.137726829706524e-10,5.551949867477934e-11,4.96925901543525e-11,8.98984673362154e-12
sub-074,15,2.116780870416514e-09,3.0688065258472355e-10,5.5290034826158124e-11,4.9784114940648284e-11,1.0982533735656045e-11
sub-074,16,9.442047475066888e-09,2.2957896300581254e-09,4.14848125060429e-10,8.00014840647227e-10,8.94172979508343e-10
sub-074,17,2.107232435722845e-09,3.0743405618766976e-10,5.943842951276729e-11,4.9169063573683765e-11,8.931619662422613e-12
sub-074,18,2.199025736354509e-09,3.3632022266651274e-10,7.041088035709675e-11,4.708941169776241e-11,6.868241761530928e-12
sub-074,9,2.2307501832323927e-09,3.178233090540447e-10,6.048503371747302e-11,7.057186592958992e-11,1.5351937783474726e-11
sub-074,2,3.4198136843853595e-09,5.188603546960696e-10,9.493869360551359e-11,9.657553490855087e-11,1.8226915448881813e-11
sub-074,14,2.6488611154901082e-09,3.30168202572894e-10,5.416277418336524e-11,4.9430558747567584e-11,7.112054025940975e-12
sub-075,7,1.4211218330566326e-09,1.7241632139353187e-10,6.983349397584023e-11,1.7109812565299574e-10,1.0641044136035864e-10
sub-075,8,1.3231908597215815e-09,1.6846725503612312e-10,6.930894664925651e-11,2.2405491462188648e-10,1.395615292100136e-10
sub-075,3,1.1931409558914911e-09,1.5450126808909848e-10,5.956764835690732e-11,9.327967065533706e-11,4.327750151359502e-11
sub-075,4,1.1936640511551172e-09,1.572062071200567e-10,5.953883951390333e-11,9.941211917196743e-11,4.5731688529409956e-11
sub-075,0,1.1699436590828215e-09,1.5128172616596528e-10,5.690274689187336e-11,8.12196692254037e-11,3.1007847458529584e-11
sub-075,1,1.167638537032571e-09,1.5149468884287208e-10,5.6373701536134e-11,8.025869986802781e-11,3.062303609246346e-11
sub-075,12,1.1701150147638355e-09,1.569239123091991e-10,7.364565286402234e-11,9.119593288385207e-11,3.408023461392014e-11
sub-075,13,1.17209385022491e-09,1.5691767419477604e-10,7.678538823824381e-11,9.240590691795055e-11,3.5887107310331705e-11
sub-075,10,1.1767310655021683e-09,1.6660313372897552e-10,1.336269575284942e-10,9.173700414797359e-11,2.5532504964476095e-11
sub-075,11,1.1751171210334664e-09,1.6546489251891012e-10,1.462928658873483e-10,9.187926480868755e-11,2.8239890714986373e-11
sub-075,5,1.2142464000895962e-09,1.6569002275126288e-10,6.511118187345772e-11,9.795329288088235e-11,4.938295653713992e-11
sub-075,6,1.2420578594822527e-09,1.6950689142032303e-10,6.489493580834055e-11,9.394419333575329e-11,3.975147968217258e-11
sub-075,15,1.18552899995337e-09,1.7171205828894787e-10,7.08853491239595e-11,9.290213641296959e-11,3.727783148694828e-11
sub-075,16,5.256642595111082e-10,7.752113000134991e-11,2.946554150578393e-11,4.0581104932974894e-11,1.9907630354272358e-11
sub-075,17,1.1740459600254274e-09,1.6484449005738143e-10,1.011377454346469e-10,9.393917647461632e-11,3.247715945777981e-11
sub-075,18,1.1786920102996543e-09,1.698681254502977e-10,1.5193287487067628e-10,9.917118294202389e-11,3.511548188712225e-11
sub-075,9,1.1844275427216116e-09,1.5303722508776786e-10,5.966978586291644e-11,8.649168361028796e-11,3.339394213608875e-11
sub-075,2,1.169019206909603e-09,1.51502006995676e-10,5.848948864783629e-11,8.647884719546607e-11,3.248235687102109e-11
sub-075,14,1.169318317417161e-09,1.5521059882388192e-10,6.980622679163482e-11,8.8631986826083e-11,3.3295783098682685e-11
sub-076,7,2.9428821492240003e-08,4.9394144849871965e-09,1.754991795987336e-09,1.5982284542562383e-09,1.4824445287082866e-09
sub-076,8,5.56749139912515e-10,8.295318943222218e-11,3.339726693931987e-11,5.7904402396868136e-11,2.1336879020256004e-11
sub-076,3,5.42824475503831e-10,7.600513089293379e-11,2.6357117935092672e-11,3.466238525464648e-11,1.500404115615591e-11
sub-076,4,5.411233605943329e-10,8.073123383295273e-11,2.994743060258084e-11,3.53442949931613e-11,1.2098752189115524e-11
sub-076,0,5.204734566483757e-10,7.680134558069576e-11,2.6486675213653195e-11,2.6240932026935808e-11,8.765618670874998e-12
sub-076,1,5.183620299465938e-10,7.779156218057562e-11,2.6517520760847447e-11,2.2635405749766688e-11,6.3084194609863e-12
sub-076,12,9.083000300541451e-10,8.296116085310288e-11,2.207125817676581e-11,2.4786668606025063e-11,1.1240155108558312e-11
sub-076,13,5.324221200544725e-10,7.433147353365152e-11,2.439212166922575e-11,2.0786801686110644e-11,5.5120200591098316e-12
sub-076,10,7.516034318841902e-10,8.189957507550581e-11,2.795832600675025e-11,3.676410365011775e-11,1.66747032213712e-11
sub-076,11,1.2108439586041571e-09,7.893538753412552e-10,8.090767658662575e-10,3.6002311160453364e-10,9.525746469387491e-11
sub-076,5,5.133693593697843e-10,6.801784882602747e-11,2.4295328911312352e-11,3.284128404505916e-11,1.3437831656808851e-11
sub-076,6,5.512047651241793e-10,8.197355752379667e-11,3.111488835968649e-11,3.56582165844423e-11,1.0109517385318042e-11
sub-076,15,5.470208565930469e-10,8.415570850781913e-11,3.176649760288435e-11,2.950244202361368e-11,1.079021183730614e-11
sub-076,16,5.311229187704692e-10,8.085949222827901e-11,2.867599094769507e-11,2.732829054336545e-11,8.998789805844699e-12
sub-076,17,6.006155673871881e-10,7.725970250825531e-11,2.4123508486606982e-11,2.541374741479109e-11,1.0425147999855399e-11
sub-076,18,5.485334686722338e-10,8.334246745561359e-11,2.7756955617976115e-11,2.5732116093816613e-11,8.561313722930495e-12
sub-076,9,5.373723077132793e-10,8.132786422383439e-11,2.9231120610179484e-11,3.096910522925625e-11,9.963632877231914e-12
sub-076,2,5.454150707872673e-10,8.414979443786277e-11,3.129424444408256e-11,2.646142282762425e-11,7.647847992410874e-12
sub-076,14,1.096399569777877e-09,1.9180538048336416e-10,5.2550873139714336e-11,2.6666467358622128e-11,1.3257809111126348e-11
sub-077,7,4.3172130595141596e-10,3.9244062787831686e-11,9.831178281354477e-12,1.9279984863905035e-11,1.339401065877745e-11
sub-077,8,3.419424954273138e-10,3.229923021728467e-11,9.221433916452655e-12,1.2984126969848612e-11,6.448442254752593e-12
sub-077,3,2.8591670107373303e-10,2.933357685135131e-11,8.578794726463146e-12,1.6707193907465368e-11,1.2752300166638156e-11
sub-077,4,2.817084014569181e-10,2.904363686314225e-11,8.540120056861877e-12,1.2587935764421355e-11,8.047956701500895e-12
sub-077,0,2.7738906089856616e-10,2.848975577022657e-11,8.031811068539414e-12,9.11265655678828e-12,2.804401043600497e-12
sub-077,1,2.780314150709393e-10,2.8351396671901585e-11,8.05052573314717e-12,9.006321754604182e-12,2.755475712282199e-12
sub-077,12,2.7813499382205647e-10,2.876154410256792e-11,8.902955729213526e-12,1.0070519354217072e-11,2.9788488694604265e-12
sub-077,13,2.784418938379821e-10,2.8610905781627008e-11,8.555230618830969e-12,9.485040261890609e-12,2.648760763566145e-12
sub-077,10,2.7985674903940705e-10,2.948103806486238e-11,1.1163104982250812e-11,1.280268722278693e-11,3.851926048627865e-12
sub-077,11,2.8056529698015543e-10,2.9204774186749087e-11,1.2426483545843708e-11,1.2874928090397732e-11,3.656374669592206e-12
sub-077,5,3.0190025672845387e-10,3.0886968612175095e-11,1.0178418737296009e-11,3.2471725964134134e-11,3.602780105657164e-11
sub-077,6,3.138537186963679e-10,3.1718853819323235e-11,9.623090624562059e-12,1.4701395875997952e-11,1.0261751842305468e-11
sub-077,15,2.8081206477429843e-10,2.9499308447456156e-11,9.07738208744692e-12,1.6737345866179426e-11,7.236005575630477e-12
sub-077,16,2.7917052211598743e-10,2.9109962266726696e-11,9.131796552154083e-12,1.3295697239600246e-11,7.063616657844644e-12
sub-077,17,2.778789163821256e-10,2.8398060582300043e-11,1.0093043855098003e-11,1.2286549478371108e-11,4.352615186690611e-12
sub-077,18,2.790048139107703e-10,2.8944218441603748e-11,9.826081487557798e-12,1.0578611900602198e-11,3.1780673149094084e-12
sub-077,9,2.8224833818993353e-10,2.886339418931946e-11,8.133697582756899e-12,8.95682182963328e-12,2.5456564965984854e-12
sub-077,2,2.7992780558386577e-10,2.877123844264433e-11,8.050670663663781e-12,8.655103759119059e-12,2.4273334076502884e-12
sub-077,14,2.7936533741999447e-10,2.8765213367675773e-11,8.756205893285335e-12,9.666564206086162e-12,2.898661745974785e-12
sub-078,7,3.038634060905741e-10,2.9512748802247075e-11,1.1384015790650362e-11,2.537196227446888e-11,1.5613394592622754e-11
sub-078,8,3.0268170238668346e-10,2.8793028405430788e-11,9.88783825588774e-12,1.8787116419995805e-11,8.564629523606416e-12
sub-078,3,2.807170390426973e-10,2.7050785132869182e-11,8.59177333257865e-12,1.290013748501943e-11,5.0962989550380055e-12
sub-078,4,2.8198801285132e-10,2.827102161979384e-11,9.274081576641644e-12,1.4746099455260103e-11,6.526064784882677e-12
sub-078,0,2.7078299291862247e-10,2.5967731131318574e-11,7.975050182573059e-12,9.555302739265958e-12,2.260919145099656e-12
sub-078,1,2.676511181022997e-10,2.60995817972613e-11,8.025147386969392e-12,9.385294483308368e-12,2.288524451250817e-12
sub-078,12,2.7082600696754677e-10,2.6415402523678536e-11,8.406830315478616e-12,1.0769008559224282e-11,2.2137710966869264e-12
sub-078,13,2.9047981431466015e-10,2.854257371840678e-11,8.889086769528326e-12,1.0711032275124991e-11,2.2649490756750774e-12
sub-078,10,2.7578042563962127e-10,2.798511616323725e-11,9.754845252001955e-12,1.289027999502047e-11,2.691946234141275e-12
sub-078,11,2.8251165540552247e-10,2.8457268367824653e-11,9.89670803691439e-12,1.3043336028503814e-11,2.8713649134675586e-12
sub-078,5,2.9372431689588306e-10,2.9920430345918985e-11,1.0417083866154428e-11,1.4942869316443628e-11,6.254528622002364e-12
sub-078,6,2.9342140064417625e-10,3.1946521414650014e-11,1.1626991176815718e-11,1.6184092045594208e-11,5.650055255908222e-12
sub-078,15,2.7563595255366836e-10,2.8532218821608816e-11,1.1024540438347449e-11,2.3011167930065723e-11,1.2349415100889243e-11
sub-078,16,2.7281243019689776e-10,2.815127223894028e-11,1.0739790497363034e-11,1.5942271257873735e-11,6.123085207889302e-12
sub-078,17,2.7382705289575606e-10,2.8244209372836288e-11,1.0344562109066192e-11,1.4318268793077567e-11,3.671522246305866e-12
sub-078,18,2.7435989162178427e-10,2.7370078382673476e-11,9.32039029034156e-12,1.2240750535166039e-11,2.744946712198718e-12
sub-078,9,2.747022935460409e-10,2.6521986516351563e-11,8.012094892828208e-12,9.735035218481475e-12,2.2421004690981453e-12
sub-078,2,2.6865583587609923e-10,2.5890331896277327e-11,7.570459308474544e-12,8.88105172099394e-12,1.853384520434513e-12
sub-078,14,2.7402976585509503e-10,2.6720111204007398e-11,8.11821854289789e-12,9.648611519225492e-12,2.1109776173218238e-12
sub-079,7,1.961345854844027e-09,2.5469658871098477e-10,1.0624180845444119e-10,2.375603107025291e-10,1.1534666788053503e-10
sub-079,8,2.2351846629845332e-09,2.857175554541996e-10,1.202649452775584e-10,2.6328207341475906e-10,1.2442684939711575e-10
sub-079,3,1.7854221811458747e-09,2.47545512977537e-10,9.875234918164545e-11,1.673651882267995e-10,7.113636438844891e-11
sub-079,4,1.8064290988805654e-09,2.463984404441876e-10,9.794842395546844e-11,1.758827723377145e-10,8.442734570706013e-11
sub-079,0,1.779237120036812e-09,2.4619423836839045e-10,9.87423446937278e-11,1.6858779616288704e-10,7.284804201614316e-11
sub-079,1,1.768165610535092e-09,2.4225197168496376e-10,9.572784842619888e-11,1.5970714566973064e-10,6.878096241220201e-11
sub-079,12,1.7697948600474707e-09,2.41990561210421e-10,1.0167968548378215e-10,1.5712661406892922e-10,6.554232899753329e-11
sub-079,13,1.788704834466857e-09,2.487877484889265e-10,1.0867409468813906e-10,1.6691279454346743e-10,7.03151090027268e-11
sub-079,10,1.76713798121719e-09,2.411612737244614e-10,1.2954182596836963e-10,1.4805019333254695e-10,5.943615995004471e-11
sub-079,11,1.7852126151562071e-09,2.508384983637954e-10,1.3946963461735575e-10,1.6573359940093175e-10,6.838497383583942e-11
sub-079,5,1.791338714911466e-09,2.4931009551813037e-10,1.0246702066311243e-10,1.8576050601351428e-10,8.837002088797226e-11
sub-079,6,1.8001514241058255e-09,2.604102669172862e-10,1.0828866325195321e-10,1.8725411558980012e-10,8.423467067799206e-11
sub-079,15,1.78524849476893e-09,2.4961609364322717e-10,1.0316625446050436e-10,1.7099888652623276e-10,7.513304094195252e-11
sub-079,16,1.7884556977668526e-09,2.489175875496637e-10,1.0226485705661132e-10,1.737944523242145e-10,8.118208966882488e-11
sub-079,17,1.787268522995057e-09,2.5366307801035554e-10,1.1066097104327435e-10,1.7044558844190269e-10,7.043352881390905e-11
sub-079,18,1.7793766047463231e-09,2.4796494223243616e-10,1.148476251939724e-10,1.6518410102443608e-10,7.109168276327352e-11
sub-079,9,1.787745629783814e-09,2.48832809784014e-10,9.833872045550845e-11,1.58337393603236e-10,6.503540349469321e-11
sub-079,2,1.7778791999061622e-09,2.4628646008212563e-10,9.821048675214676e-11,1.66353698007891e-10,7.104284489755626e-11
sub-079,14,1.783415715344503e-09,2.482093575278266e-10,1.0952376212167636e-10,1.6892508603164054e-10,7.22958426480442e-11
sub-080,7,4.235623472871195e-10,3.7642968815146026e-11,2.4832894994435408e-11,1.6911866541731576e-11,5.106439569113701e-12
sub-080,8,3.1429640827808275e-10,3.389248182924051e-11,2.0904210589402948e-11,2.0723619235620865e-11,7.200456698582828e-12
sub-080,3,2.7373763271397464e-10,3.2646256743472625e-11,2.227762859248153e-11,1.7581617601927052e-11,9.65052252784658e-12
sub-080,4,2.5541061451518686e-10,2.9348402414744484e-11,1.560202048010186e-11,1.4544146209494167e-11,4.270651632337687e-12
sub-080,0,2.48878001172992e-10,2.7791126168898428e-11,1.1295815182988299e-11,1.2578975736923187e-11,2.9938974896203197e-12
sub-080,1,2.4698686960444917e-10,2.7285244153742052e-11,1.1021990219854163e-11,1.2292708679625409e-11,2.886112612074629e-12
sub-080,12,2.5104506439488167e-10,3.6930713026565455e-11,3.970038854398793e-11,1.8538453836869715e-11,2.7464901742874094e-12
sub-080,13,2.4987561489967744e-10,4.359687165380942e-11,6.612598477885936e-11,1.8692408584860743e-11,3.183757036815417e-12
sub-080,10,2.5647447454155187e-10,7.52021838152126e-11,1.6558942667643714e-10,3.619683153375107e-11,5.960404604870586e-12
sub-080,11,2.533383384808066e-10,7.465729871687721e-11,1.6810431347470127e-10,3.2566860985092197e-11,4.749034183625371e-12
sub-080,5,1.1436999408184864e-09,1.4847355917203555e-10,7.016801260104499e-11,1.1372663246158104e-10,2.0990570901620811e-10
sub-080,6,2.904910674547947e-10,3.295923314631896e-11,1.631614680695173e-11,1.7667653888949508e-11,4.641001424337845e-12
sub-080,15,2.5382113673980257e-10,3.205936755707513e-11,1.7410829899504524e-11,2.168149875801932e-11,7.697354492852335e-12
sub-080,16,2.5728254315398995e-10,3.256364212619533e-11,1.9146336265495865e-11,1.8204724709084837e-11,4.365432930002589e-12
sub-080,17,2.5551576674056727e-10,5.488625006759416e-11,9.028069046296192e-11,3.51007704119798e-11,6.131847306108523e-12
sub-080,18,2.5491174225499537e-10,5.3791005447664164e-11,9.332545666983675e-11,2.6145480790149578e-11,4.307484043714848e-12
sub-080,9,3.1602050009033755e-10,3.3235484263295955e-11,2.0498725740934007e-11,1.3015029754359193e-11,2.6610646646540097e-12
sub-080,2,2.4747955723962717e-10,2.6979626239694085e-11,8.85434590925197e-12,1.0234055269069368e-11,2.085873586613762e-12
sub-080,14,2.520388661247016e-10,4.0269623376060064e-11,5.3121052888621546e-11,1.6625371349361478e-11,2.9171997062329198e-12
sub-081,7,3.769923440698423e-10,4.021800119237913e-11,1.0686415696741048e-11,1.0909895827301724e-11,3.031297023777497e-12
sub-081,8,3.7859898137145007e-10,4.1371840112732766e-11,1.0802834712494134e-11,1.1252656108309551e-11,3.805683476173708e-12
sub-081,3,2.6473646358562804e-10,3.009353759614211e-11,8.993758047150034e-12,8.932736506790665e-12,1.7937578875602822e-12
sub-081,4,2.657019217621674e-10,2.950846856261943e-11,8.753925851864182e-12,8.963034731638653e-12,1.851379853201844e-12
sub-081,0,2.541107519927168e-10,2.7495882963757583e-11,8.300479973444899e-12,8.350423133026982e-12,1.6365815465525016e-12
sub-081,1,2.5522908924295286e-10,2.8131816934926376e-11,8.297206422762793e-12,8.39746285303334e-12,1.6361252108190982e-12
sub-081,12,2.575794094195437e-10,3.0036306845632e-11,1.064972957523569e-11,9.050818612418952e-12,1.7770144531899706e-12
sub-081,13,2.5965349204129865e-10,2.9233633772883226e-11,9.83658258408087e-12,9.023260472832251e-12,1.68897966726447e-12
sub-081,10,2.5947453642489406e-10,3.2132840895485776e-11,1.458205951931964e-11,1.0020993264078759e-11,2.01729891927326e-12
sub-081,11,2.59306006619656e-10,3.1796456596324946e-11,1.486550027870816e-11,9.98561403866912e-12,1.8195328621809184e-12
sub-081,5,2.687444597252358e-10,3.036475825264692e-11,9.438801588342085e-12,9.380493325982368e-12,2.081270896144551e-12
sub-081,6,2.695311344348258e-10,3.169101218870923e-11,9.533000704704516e-12,9.619186765891647e-12,2.237341722814326e-12
sub-081,15,2.5889776759545213e-10,3.010264029227738e-11,9.326515253739244e-12,9.39306678249186e-12,2.318028975408476e-12
sub-081,16,2.5853334288982477e-10,3.151360259330428e-11,9.45901784370732e-12,9.216366882653846e-12,2.116331035401437e-12
sub-081,17,2.599343348604456e-10,3.201976322660248e-11,1.1326422726558626e-11,9.646597094892163e-12,2.100873024085779e-12
sub-081,18,2.568830133364321e-10,3.1644647911714394e-11,1.1206120477587324e-11,9.198024786086935e-12,1.890296054327745e-12
sub-081,9,2.6264140778054937e-10,3.0175606948862496e-11,9.032686193971932e-12,8.826744074223273e-12,1.694475842788706e-12
sub-081,2,2.789218688704232e-10,2.9716928730890856e-11,9.075366732586499e-12,9.566316020293809e-12,1.8388914874586762e-12
sub-081,14,2.566594149747442e-10,2.847173783875308e-11,9.424419667563794e-12,8.867829788048715e-12,1.644180695662122e-12
sub-082,7,2.7342845280865985e-10,3.01538402299659e-11,1.259646325004657e-11,1.3692099084254638e-11,4.726902042875252e-12
sub-082,8,5.30553683412301e-10,4.4455590455113495e-11,1.7151518036112344e-11,2.048476922659852e-11,7.630167594268805e-12
sub-082,3,2.632828794361493e-10,2.833766238896485e-11,1.0107597116400744e-11,1.2021703276275328e-11,4.181236883716021e-12
sub-082,4,2.6283494805276435e-10,2.8712223040294382e-11,1.0833270444458144e-11,1.5496365843322506e-11,7.276148963148578e-12
sub-082,0,2.6069160842015264e-10,2.7157477473848747e-11,8.896660674943839e-12,1.0556833494118498e-11,3.5665045512627898e-12
sub-082,1,2.5893586682008285e-10,2.706410887604606e-11,8.972126348565844e-12,1.0594296382939832e-11,3.5049274200184952e-12
sub-082,12,2.652943729200109e-10,3.06572692976628e-11,1.624354420555248e-11,1.103869473813353e-11,2.77392607512666e-12
sub-082,13,2.6249228442543485e-10,2.931343017684106e-11,1.3027406972793448e-11,1.1311800665170092e-11,3.081706876831835e-12
sub-082,10,2.7017345760535376e-10,3.752301074920658e-11,2.7476371055952853e-11,1.3369445287848338e-11,3.776778105070852e-12
sub-082,11,2.7994031080457253e-10,4.25917308732895e-11,3.2753028696860007e-11,1.4010177883882179e-11,4.023976260971725e-12
sub-082,5,2.7241473918020675e-10,3.0460891688550197e-11,1.2528540838411289e-11,1.674002102410131e-11,1.0746719633368643e-11
sub-082,6,2.644649028098309e-10,3.046968952371988e-11,1.2626416511569574e-11,1.4118348794697315e-11,6.327955243993553e-12
sub-082,15,2.6471491506904816e-10,3.327564818661111e-11,1.579489984852456e-11,1.5865320980776487e-11,9.45031830505755e-12
sub-082,16,2.6334124759613086e-10,3.192967476651184e-11,1.34290994649896e-11,1.3286174429916328e-11,6.2331258483330854e-12
sub-082,17,2.7104813749078287e-10,4.3942494612695127e-11,3.603643214953239e-11,1.3629010140904378e-11,4.154889759194343e-12
sub-082,18,2.70826420758406e-10,4.2542558778571356e-11,2.9082911469813448e-11,1.3031143088291964e-11,3.902527456575804e-12
sub-082,9,2.712240492319191e-10,2.9906629867736085e-11,1.107161886515324e-11,1.1369990066212222e-11,3.2152586048962882e-12
sub-082,2,2.6288032003609496e-10,2.793019207898144e-11,8.777898283330102e-12,9.900612728149565e-12,2.6575990225904957e-12
sub-082,14,2.616391162147251e-10,2.773032593849709e-11,1.0915850497546663e-11,1.0268816258493418e-11,2.8809953526299263e-12
sub-083,7,3.6712511291208e-10,3.9817908190704175e-11,1.0631458520921548e-11,1.4407764269536296e-11,7.594409852175538e-12
sub-083,8,3.775027440033436e-10,3.9202317857966095e-11,1.0190394416940718e-11,1.1590973552911802e-11,4.878816076333304e-12
sub-083,3,2.620418060440804e-10,2.780597520931257e-11,8.427813542277655e-12,1.1368089781108462e-11,5.66365973831352e-12
sub-083,4,2.6866887191898286e-10,2.791606945634023e-11,8.203135395494798e-12,1.0225914446249242e-11,3.990098168233516e-12
sub-083,0,2.495783747001237e-10,2.5965982057178552e-11,7.571420792789679e-12,8.248675550617749e-12,2.312537054714755e-12
sub-083,1,2.503881798725912e-10,2.606075312830793e-11,7.530806597657083e-12,8.324948365550799e-12,2.304623808421456e-12
sub-083,12,2.5290472833293153e-10,2.6408301832768247e-11,8.000461447159054e-12,8.765384904858813e-12,2.3373793199750614e-12
sub-083,13,2.523082719027513e-10,2.6475721098079862e-11,8.152591116787928e-12,9.267619813313456e-12,2.8403616102226506e-12
sub-083,10,2.5546544117586247e-10,2.7048116752959733e-11,9.030000103892273e-12,9.923656079816244e-12,3.115657233615752e-12
sub-083,11,2.5480814443960357e-10,2.6918394839828032e-11,9.074215260292063e-12,1.0315543993736156e-11,3.482663073191292e-12
sub-083,5,2.6902655873177385e-10,2.8369603175570725e-11,9.266796271329446e-12,1.4346823819457399e-11,9.469587882076034e-12
sub-083,6,2.7690813436345086e-10,2.936847669801001e-11,9.24127635074245e-12,1.2961663506888859e-11,6.610672234633586e-12
sub-083,15,2.5746236005729836e-10,2.7544750456522368e-11,9.36537323581892e-12,1.3246803637482939e-11,7.122899025569387e-12
sub-083,16,4.436595587482416e-10,3.008389597661785e-11,9.885896860308952e-12,1.4980509431562675e-11,7.732590565861324e-12
sub-083,17,2.5894221441380267e-10,2.741297140688133e-11,9.155474330717272e-12,1.067536073315763e-11,3.4668824474118145e-12
sub-083,18,2.569922682922131e-10,2.7358982913847608e-11,9.554398186340375e-12,1.3078338130914126e-11,5.595391812782441e-12
sub-083,9,2.5829424521502165e-10,2.7276440896381817e-11,7.79588775207532e-12,8.322661109077582e-12,2.14339020724413e-12
sub-083,2,2.535402894777073e-10,2.606675388052676e-11,7.518162626318985e-12,7.862852975446392e-12,1.741138317845222e-12
sub-083,14,2.5187107062206106e-10,2.6336533871410824e-11,7.839789992904532e-12,8.433964607240848e-12,2.217902812332599e-12
sub-084,7,2.5917140097562017e-10,3.42804048999255e-11,9.856726506181536e-12,1.8871802614960862e-11,7.499850151344295e-12
sub-084,8,2.416900612606069e-10,3.0303100419610146e-11,9.064173297822126e-12,1.65247846301295e-11,7.220146221309814e-12
sub-084,3,2.091911112400948e-10,2.9106258470565914e-11,8.620135738019094e-12,1.2291943741321372e-11,4.038954718750143e-12
sub-084,4,2.1843113561652077e-10,2.937611549685298e-11,8.905970031441156e-12,1.4369433725383329e-11,7.178006075823007e-12
sub-084,0,1.9479663482237004e-10,2.6589822103836062e-11,7.835828996797932e-12,1.0033711205099504e-11,2.9786835192987053e-12
sub-084,1,1.924665019594828e-10,2.5920203599471852e-11,7.918471905263252e-12,9.989576344264798e-12,3.1160062875793997e-12
sub-084,12,2.0083820867327229e-10,2.847505084092024e-11,9.322660091326093e-12,1.0973274252060179e-11,2.9678345269267004e-12
sub-084,13,2.0136004637964367e-10,3.1359322110115955e-11,1.0834370215036436e-11,1.1162681036283943e-11,3.210428836697076e-12
sub-084,10,2.0513597611924882e-10,2.9561042578490616e-11,1.067668188586162e-11,1.2759891216517e-11,3.5421702063777533e-12
sub-084,11,2.137617882861978e-10,3.114407209541456e-11,1.2225414487096692e-11,1.2652529417316709e-11,3.72951457876781e-12
sub-084,5,2.5791509671555625e-10,4.4533257937814766e-11,1.0771750772284759e-11,1.666516697561517e-11,8.517403038017745e-12
sub-084,6,2.3343584905536573e-10,3.9926321930932966e-11,1.0159984808572982e-11,1.7827355628815412e-11,1.0271292316588072e-11
sub-084,15,2.2541590199987583e-10,4.397853973581591e-11,1.033935624664514e-11,1.7454155116116302e-11,1.0486521414041191e-11
sub-084,16,2.1008534140784604e-10,4.651922995055786e-11,1.0237981233775315e-11,1.900292725815616e-11,1.1605371242233937e-11
sub-084,17,2.0641972439255088e-10,3.5511048858560626e-11,1.1192210127693256e-11,1.272179671530398e-11,3.817858384891908e-12
sub-084,18,2.047753965306121e-10,3.458494662647179e-11,1.1577206110244103e-11,1.2391400294161704e-11,4.391319941384595e-12
sub-084,9,2.0909675186041595e-10,2.7624331785862776e-11,8.342390233668134e-12,1.0808994425967796e-11,2.5880615343357226e-12
sub-084,2,1.9447278328583302e-10,2.7437003528983565e-11,7.980033650741866e-12,9.83799549216868e-12,2.242344087388353e-12
sub-084,14,2.041112888593661e-10,2.7191224647155768e-11,9.552047376108392e-12,1.1293378428942364e-11,2.9114005394225024e-12
sub-085,7,1.144681196501574e-09,1.0635546183466936e-10,2.8257304198747176e-11,4.351533051260898e-11,4.088402799759146e-11
sub-085,8,1.126048502781124e-09,1.0658680639468222e-10,2.6763112746581358e-11,3.913860978957434e-11,3.252639493551372e-11
sub-085,3,7.439095112593236e-10,7.343260335501768e-11,1.9623767087450603e-11,3.1257124561748284e-11,3.2433482471369614e-11
sub-085,4,7.462084494508876e-10,7.303518121995396e-11,1.9932732916309646e-11,2.7654525326541555e-11,2.686981015408641e-11
sub-085,0,7.371117339989017e-10,7.012751298289573e-11,1.8248138638377555e-11,1.818685117034733e-11,1.3678996616831502e-11
sub-085,1,7.061049779557278e-10,6.834058678354206e-11,1.7504935359593678e-11,1.8333275189909948e-11,1.3858242914871699e-11
sub-085,12,7.369848432311847e-10,6.993114520294275e-11,1.8517690103267068e-11,1.8132231755344527e-11,1.3016914791546072e-11
sub-085,13,7.720445833953735e-10,7.699269757262534e-11,2.014916144545318e-11,1.7754441168671925e-11,1.0306438387969576e-11
sub-085,10,7.874347884457171e-10,7.724864522184749e-11,2.1035789655028735e-11,2.1729706323973927e-11,1.4666604427650926e-11
sub-085,11,7.313754752388244e-10,7.166776167865868e-11,1.8686945230114725e-11,1.8298565183262355e-11,1.2951014507700139e-11
sub-085,5,1.1638686939948192e-08,1.8535845126184067e-09,9.94100431892285e-10,9.07465972894778e-10,1.5489097328764451e-09
sub-085,6,2.3977080591091844e-09,4.776666705833035e-10,2.034290978129967e-10,3.4934478750626194e-10,5.495847185577727e-10
sub-085,15,7.417563988929585e-10,7.576387673662895e-11,1.9648801227931512e-11,2.6965926362988216e-11,2.501637303035508e-11
sub-085,16,7.439006155710897e-10,7.704924806918354e-11,1.9754063021527552e-11,3.223797835815636e-11,3.0133861925092304e-11
sub-085,17,7.409852383248377e-10,7.428625543442763e-11,1.9690477245448123e-11,2.2877507221578863e-11,1.815386695024479e-11
sub-085,18,7.546181135442755e-10,7.840818028627072e-11,1.9854503688549197e-11,2.0899849147242983e-11,1.419937686434756e-11
sub-085,9,7.685740606556376e-10,7.229220571228686e-11,1.9679402139517608e-11,1.637837548761166e-11,9.322030524382468e-12
sub-085,2,7.32484041571674e-10,6.697367086827257e-11,1.7803627816297012e-11,1.5396563975061768e-11,8.242456359421301e-12
sub-085,14,7.34637672897018e-10,6.836812914083518e-11,1.8045333739730883e-11,1.5861917729892158e-11,1.0390619082195704e-11
sub-086,7,1.3472696086877201e-09,4.5802994387725566e-11,1.8406780894202053e-11,8.752416665199118e-11,8.284033796845408e-11
sub-086,8,9.031150667338631e-10,4.0110245008201525e-11,1.7042331216921648e-11,7.444355836920725e-11,6.888023609896565e-11
sub-086,3,1.3520615296406667e-09,3.593125274130878e-11,1.299266829282123e-11,5.552202579849089e-11,5.5761509388061795e-11
sub-086,4,2.000643923206197e-09,3.7199799146944376e-11,1.2396847827965548e-11,4.419825509468848e-11,4.3060235971321685e-11
sub-086,0,3.120407402014623e-10,3.035450669010925e-11,1.1737330035227056e-11,4.157780428101221e-11,3.776696682756703e-11
sub-086,1,3.1484680086201057e-10,3.0247248259938024e-11,1.1697851994607708e-11,4.009139528760397e-11,3.540966168407692e-11
sub-086,12,3.60966534585909e-10,3.4595208617168846e-11,1.8518380772796463e-11,3.051016403672768e-11,1.884472852993605e-11
sub-086,13,3.6981641049667745e-10,3.4220980186983405e-11,2.2093303424679485e-11,3.813747815197288e-11,2.9080730622976176e-11
sub-086,10,1.302791922343705e-09,5.712422804228419e-11,5.2501470036784355e-11,4.832320697886511e-11,3.191502991411014e-11
sub-086,11,1.3787124271040727e-09,5.796000436046229e-11,5.258637730152544e-11,5.382183026909179e-11,3.7558428533521344e-11
sub-086,5,6.982816057617949e-10,4.825613246143601e-11,3.4297330994338586e-11,3.006000058330852e-10,3.290320535692253e-10
sub-086,6,1.4086276228857632e-09,5.186930764114128e-11,3.495238996694372e-11,2.4069411967553853e-10,2.0916777438184674e-10
sub-086,15,4.882782076138624e-10,4.590635709336123e-11,3.2063309240937796e-11,2.2107849273152623e-10,2.2977325060647112e-10
sub-086,16,5.256394823817601e-10,4.48117839003842e-11,3.3994005988996374e-11,1.9915453633923423e-10,1.5602977626886648e-10
sub-086,17,8.971636741707661e-10,5.082975609703799e-11,4.413447244911735e-11,5.927531369386394e-11,4.737749754422162e-11
sub-086,18,1.204051563485373e-09,4.629921156763248e-11,3.9694482930994335e-11,6.496211190149659e-11,5.425110226966118e-11
sub-086,9,4.416739435455916e-10,3.2133415557388195e-11,1.1858023721529874e-11,3.406440702131625e-11,2.4194433705856758e-11
sub-086,2,5.677334905133528e-10,3.290706130974264e-11,1.0257992254787156e-11,2.489160560405167e-11,1.6030625587942635e-11
sub-086,14,7.639151774130886e-10,3.6341925743147587e-11,1.794529504698386e-11,3.3285854590702283e-11,2.159718582472977e-11
sub-087,7,1.027014422380963e-09,1.0638578292893055e-10,1.988575138848048e-11,1.460112269067253e-11,3.3694673892610448e-12
sub-087,8,9.29452356712881e-10,9.171791396675058e-11,1.7049302062139788e-11,1.3783716175753184e-11,3.654778599385744e-12
sub-087,3,2.9110856863472726e-10,3.1330162918340485e-11,9.281296394263116e-12,1.0523292081421475e-11,2.0395554192040747e-12
sub-087,4,2.795083811045218e-10,2.938695432463471e-11,8.952718492550687e-12,1.0947320540950104e-11,2.089144924022896e-12
sub-087,0,2.5680520673846637e-10,2.5142264863244338e-11,7.563323663669971e-12,9.338982813628632e-12,1.6370355958144499e-12
sub-087,1,2.579163512361006e-10,2.498007184359151e-11,7.450406968342014e-12,9.189571084537118e-12,1.6082838560954538e-12
sub-087,12,2.6598090572696276e-10,2.7441348969541896e-11,9.120112048568272e-12,1.0285092393787652e-11,1.8772232923958133e-12
sub-087,13,2.669392060889938e-10,2.7636349507576e-11,1.2898201618283782e-11,1.105340478556468e-11,1.829385423878065e-12
sub-087,10,2.742586668055016e-10,3.0673684073015307e-11,1.2985207853313087e-11,1.251142739456572e-11,2.1017585376660328e-12
sub-087,11,2.7979724912778717e-10,3.1067341903326813e-11,2.1059211081192824e-11,1.4471328566342862e-11,2.249361573099029e-12
sub-087,5,3.9644965091650237e-10,3.954373716715006e-11,1.1261404109424592e-11,1.2280337356776872e-11,3.3885531307580975e-12
sub-087,6,3.30715300433214e-10,3.4714032454629964e-11,1.1786282922398684e-11,1.4523868914452376e-11,3.4856068654075705e-12
sub-087,15,2.918918034161417e-10,3.172823473332373e-11,1.1175513412208971e-11,1.3269725157744866e-11,4.323320105890629e-12
sub-087,16,2.8680874492633606e-10,3.1250112782164916e-11,1.2490082724401422e-11,1.4682066627091644e-11,5.182558973637192e-12
sub-087,17,2.8217613289923985e-10,3.417005324735054e-11,1.860399715900048e-11,1.7003606922884663e-11,4.6375596636314765e-12
sub-087,18,2.8471009526443873e-10,3.642246483135663e-11,4.843180588485185e-11,2.150991881473552e-11,3.693071923859698e-12
sub-087,9,2.909736525172484e-10,3.267349046356085e-11,9.589521678683387e-12,1.0538000103629836e-11,1.785615277101176e-12
sub-087,2,2.601963976170896e-10,2.578867477944507e-11,7.687090365298047e-12,1.0202918110490024e-11,1.7295616219271612e-12
sub-087,14,2.6188703884170427e-10,2.604671657243088e-11,8.081168581027563e-12,9.423713054136316e-12,1.68653157197026e-12
sub-088,7,3.6300390149029356e-10,5.2052131997954816e-11,2.2824606711845267e-11,2.26095612002037e-11,6.073360825458118e-12
sub-088,8,3.7350537619003544e-10,5.346783015490062e-11,2.345038118352821e-11,3.0780929594137186e-11,1.7616880451433184e-11
sub-088,3,2.5041266801843587e-10,3.567112420226413e-11,1.818491767032192e-11,1.7132011674154368e-11,2.9538105604567975e-12
sub-088,4,2.4340255940867007e-10,3.246483103878513e-11,1.5785274887171906e-11,1.829952626805104e-11,3.931450388842141e-12
sub-088,0,2.3924161995298566e-10,2.6804095260532453e-11,1.174827199753194e-11,1.2213423117169874e-11,2.114844250744209e-12
sub-088,1,2.3744768696064327e-10,2.710751589562973e-11,1.1685349259484585e-11,1.2712291151103284e-11,2.079445233418839e-12
sub-088,12,2.4479592765987165e-10,2.951077666599926e-11,1.8859771822164777e-11,1.4665914131308556e-11,2.0293891573561733e-12
sub-088,13,2.438613940360138e-10,3.2302265540287677e-11,2.5451112282446887e-11,1.661209895251313e-11,2.4141452838400698e-12
sub-088,10,2.4933127541242946e-10,3.9282577507567136e-11,4.917689044015944e-11,2.1828671084886876e-11,2.8583175456939628e-12
sub-088,11,2.53421648910521e-10,3.9292434432204045e-11,4.648707801282312e-11,2.1988332896117816e-11,2.9155556871122624e-12
sub-088,5,2.7148259656696076e-10,4.05915672904028e-11,1.8851726101270355e-11,1.890177108451135e-11,4.425522601557199e-12
sub-088,6,2.632578889189271e-10,3.912477043086556e-11,1.968098955897661e-11,2.144911629037152e-11,6.388645737339476e-12
sub-088,15,2.4804691748369043e-10,3.2265046268169155e-11,1.5139015339585257e-11,2.8986285534405608e-11,1.8254995133323468e-11
sub-088,16,2.461900695485377e-10,3.1618961860432644e-11,1.4810455747639396e-11,1.7794092163143214e-11,7.020019287762524e-12
sub-088,17,2.5521775633011154e-10,3.9955405437109695e-11,4.4172752458280555e-11,2.084075011872692e-11,3.1784969116162618e-12
sub-088,18,2.671419258823889e-10,4.405622708219181e-11,5.607557456287503e-11,2.4015228357538027e-11,4.440332687852995e-12
sub-088,9,2.481712271774232e-10,3.7418312806069205e-11,1.858727993063202e-11,1.7235598070567795e-11,2.7771291360445004e-12
sub-088,2,2.4120017200594166e-10,2.7840357295505628e-11,1.1176717647795516e-11,1.2383942763361136e-11,2.248286469656405e-12
sub-088,14,2.413614481800818e-10,3.0381618809742805e-11,1.9694383285835155e-11,1.3911769423424747e-11,2.0034531814791144e-12
