Subject,Channel,Delta,Theta,Alpha,Beta,Gamma
sub-001,Fp1,3.6596148342845066e-10,5.3915883341462556e-11,1.1679201733502902e-11,1.5672931247991857e-11,7.637401389310778e-12
sub-001,Fp2,4.456381495857207e-10,5.538836342248327e-11,1.2590717336540153e-11,1.7528626803630107e-11,9.336563683889773e-12
sub-001,F3,2.542350646776328e-10,3.324192589801658e-11,9.05201409374194e-12,1.1300434949853256e-11,4.161431612206341e-12
sub-001,F4,2.4800231322132924e-10,3.109524208670433e-11,8.87196543773829e-12,1.1183598104365202e-11,4.299522404554407e-12
sub-001,C3,2.401555286073024e-10,2.6416832211387167e-11,7.553886372124401e-12,8.94230663879539e-12,2.2006450914895174e-12
sub-001,C4,2.410306996472309e-10,2.6562944574356144e-11,7.612257462758987e-12,9.001075579811452e-12,2.2192678464927127e-12
sub-001,P3,2.4402637638503217e-10,2.827825101177708e-11,7.801501672125171e-12,8.81984724283944e-12,2.1509305383315608e-12
sub-001,P4,2.488840876764439e-10,2.969945663594726e-11,8.282631242849678e-12,9.147440522497446e-12,2.155332566257769e-12
sub-001,O1,2.5376483871091e-10,3.257759477482706e-11,9.346849102176831e-12,1.1556963273978244e-11,4.297564779414578e-12
sub-001,O2,2.5679473212055823e-10,3.291907856789975e-11,9.381218179681232e-12,1.0739332113320051e-11,3.1070154852719483e-12
sub-001,F7,2.795126583132072e-10,3.9094007538629503e-11,9.883358138877192e-12,1.290050226525634e-11,5.292528286113117e-12
sub-001,F8,2.7881555640972615e-10,3.8815074814244957e-11,1.0418957618776278e-11,1.283999410606068e-11,4.962525180414909e-12
sub-001,T3,2.4693127035412343e-10,3.023195536770627e-11,8.49501391942235e-12,1.078303646883949e-11,3.749744348825055e-12
sub-001,T4,2.47820366555911e-10,3.0427690748612564e-11,8.61300635942879e-12,1.1655969888561588e-11,5.3923020266916776e-12
sub-001,T5,2.5201203092222903e-10,3.240520119008711e-11,9.95208671611703e-12,1.3556209184401489e-11,6.292564548835283e-12
sub-001,T6,2.5227397852861195e-10,3.116321892045779e-11,9.146375261598265e-12,1.0547513481838897e-11,2.9854838026541577e-12
sub-001,Fz,2.4995577684718543e-10,3.177607461641294e-11,8.680956703847321e-12,9.872136642953673e-12,2.6365047552357607e-12
sub-001,Cz,2.4219948327497013e-10,2.7217338930857778e-11,7.5789153412241e-12,9.218390782019604e-12,2.420498277931883e-12
sub-001,Pz,2.4937059728784514e-10,3.052508357613435e-11,8.040965566206409e-12,8.704148221868607e-12,2.016799489986742e-12
sub-002,Fp1,3.163263955812094e-10,4.3036351262512515e-11,1.853368100629002e-11,1.601136977676105e-11,5.187891471487134e-12
sub-002,Fp2,2.698503750879097e-10,4.281803848770477e-11,1.9539749788628996e-11,1.8299352429717693e-11,6.9162790112751175e-12
sub-002,F3,2.3277951265933178e-10,3.2509185344686104e-11,1.3300553400896933e-11,1.368463697149788e-11,4.0641282729961156e-12
sub-002,F4,2.2977212233137364e-10,3.57516965496947e-11,1.5610411945172815e-11,1.556190568350429e-11,6.153874821226953e-12
sub-002,C3,2.255647625405881e-10,2.5975216238006143e-11,9.029290237581254e-12,9.519248887717606e-12,2.3222159287583224e-12
sub-002,C4,2.2457188533647094e-10,2.5857918066034376e-11,8.806512066990637e-12,9.527266108369388e-12,2.3249033327848627e-12
sub-002,P3,2.3009175912768778e-10,4.305213334317434e-11,1.9654389433049612e-11,1.1890748521116512e-11,2.3449127691217e-12
sub-002,P4,2.2932798898313469e-10,4.0630775991050295e-11,1.7452428814821046e-11,1.1357214522609502e-11,2.352942625140173e-12
sub-002,O1,2.3350343145994276e-10,6.182038465797495e-11,3.082877845005e-11,1.346269858639749e-11,2.721376168739498e-12
sub-002,O2,2.321605437112293e-10,5.763232538452951e-11,2.7626808212811957e-11,1.2849205763844911e-11,2.710684811347575e-12
sub-002,F7,2.380191762288946e-10,4.259426053866818e-11,1.8543063250880082e-11,1.6962862577271342e-11,6.8744152949908735e-12
sub-002,F8,2.3144518101350583e-10,3.81445294834811e-11,1.56990803943672e-11,1.4986893940258798e-11,6.3253683840654665e-12
sub-002,T3,2.359608049979723e-10,4.1213401101159844e-11,1.9201847233829948e-11,1.5894960311931906e-11,6.398918028797434e-12
sub-002,T4,2.3185023545022008e-10,3.3886351401788745e-11,1.3594544331019025e-11,1.4848757897418343e-11,7.197700619402939e-12
sub-002,T5,2.3474991932220174e-10,5.830338173625712e-11,2.882301029385951e-11,1.4517555703294809e-11,2.961385106640304e-12
sub-002,T6,2.3441237074706184e-10,5.859432903714475e-11,2.7440983314496796e-11,1.3675883827223186e-11,3.03343244446303e-12
sub-002,Fz,2.3178577486795166e-10,3.4983596133105077e-11,1.6242603959536225e-11,1.2530401609013611e-11,2.522046373397624e-12
sub-002,Cz,2.274609105388458e-10,2.7688966597869934e-11,1.1081254213244159e-11,1.0749518488227658e-11,2.18116765474425e-12
sub-002,Pz,2.2907173549469815e-10,4.297220504256056e-11,1.8444414648973124e-11,1.1882570772785625e-11,2.3712263266024553e-12
sub-003,Fp1,2.1226254907594918e-10,5.701036722262403e-11,2.4994451602110377e-11,1.0927951265284344e-11,2.537972250630506e-12
sub-003,Fp2,2.145043934302132e-10,5.671080819483744e-11,2.3919064724955864e-11,1.0851096206158487e-11,2.4149169201178772e-12
sub-003,F3,2.033104414048172e-10,4.292322542317609e-11,1.8703001321946134e-11,1.0535892715957877e-11,2.6468731082551965e-12
sub-003,F4,2.0345602481446022e-10,4.181354633621347e-11,1.599003947570921e-11,1.012992623195133e-11,2.178258423710541e-12
sub-003,C3,1.9215970015853265e-10,3.130899562981329e-11,1.3848218004716983e-11,9.243831413147002e-12,1.7520802149976715e-12
sub-003,C4,1.941080948295525e-10,3.1808902701987154e-11,1.4394910488253122e-11,9.16922705984593e-12,1.7609069054298004e-12
sub-003,P3,2.0225773122007745e-10,4.842397626555972e-11,2.234333383219924e-11,1.0961381831602285e-11,1.9891537007773312e-12
sub-003,P4,2.0001945050488484e-10,5.5032303931093575e-11,3.3269385633575855e-11,1.095954499394166e-11,1.902115486114583e-12
sub-003,O1,2.1784268002703486e-10,6.986501996540028e-11,3.30873275117886e-11,1.1713759193250118e-11,2.063143174925438e-12
sub-003,O2,2.1851855084741972e-10,7.035058440369734e-11,3.954103874587765e-11,1.2450757543348263e-11,2.148729644245087e-12
sub-003,F7,2.1271988079345113e-10,5.523666541596133e-11,2.4729979338059904e-11,1.1175975516752838e-11,2.5764179085873214e-12
sub-003,F8,2.1199070234176095e-10,5.515737547701496e-11,2.3241840734139345e-11,1.1240071635931796e-11,2.606730304079406e-12
sub-003,T3,2.042847002419475e-10,4.737244149878913e-11,2.1189571707224542e-11,1.0319382931745719e-11,2.1176119768145825e-12
sub-003,T4,2.0099355763449737e-10,4.608450969672292e-11,1.920069750684267e-11,1.0288639885324153e-11,2.3865791090130448e-12
sub-003,T5,2.1959849486811547e-10,8.226846738456469e-11,3.773441529613122e-11,1.1896523709489218e-11,2.440481869398923e-12
sub-003,T6,2.164633870081019e-10,9.972978259258966e-11,5.970770622528756e-11,1.2577067025871988e-11,2.1532567887648006e-12
sub-003,Fz,2.055491057061492e-10,4.9261628053185583e-11,2.02421576183669e-11,9.981167079535039e-12,2.057414109446732e-12
sub-003,Cz,1.9951685530041695e-10,3.285395904924456e-11,1.2609693443836674e-11,9.574426321223469e-12,2.033001384330078e-12
sub-003,Pz,1.9990666515162447e-10,4.607536946412062e-11,2.4115673710570703e-11,1.0187799786910602e-11,1.8969192053873832e-12
sub-004,Fp1,6.240965785046791e-10,4.531050909069157e-11,1.1319552827140925e-11,2.962685331048585e-11,2.056081106111818e-11
sub-004,Fp2,3.4174421132395074e-10,3.873135235110947e-11,1.0720502525694184e-11,2.7271122240186943e-11,1.8116707736837387e-11
sub-004,F3,2.6310630807641194e-10,3.3921623814583864e-11,9.597804287253189e-12,2.608995609850725e-11,2.5468940968410538e-11
sub-004,F4,2.580257634001094e-10,3.217560685357329e-11,9.055431932227773e-12,1.5526232584382055e-11,8.467310720148229e-12
sub-004,C3,2.480320217959179e-10,2.979284749355139e-11,7.79718995325648e-12,9.83905553244235e-12,3.86346358727503e-12
sub-004,C4,2.4670476115208485e-10,2.8972232605524682e-11,7.675899280670963e-12,9.675012641750068e-12,3.646329100247442e-12
sub-004,P3,2.580402826170844e-10,2.9733922811638185e-11,8.057085486144166e-12,9.477921008089995e-12,3.1847996793416014e-12
sub-004,P4,2.578120320178978e-10,2.997946776400044e-11,8.044778517834673e-12,1.0414736489318155e-11,4.3720409537990206e-12
sub-004,O1,2.778673534612769e-10,3.124853915766041e-11,8.621251752939522e-12,1.0982451264348185e-11,4.74053261702958e-12
sub-004,O2,2.720830113479882e-10,3.108028698814728e-11,8.347647882615967e-12,1.1175592180864436e-11,5.321719008607203e-12
sub-004,F7,2.897503890319403e-10,4.359827658927708e-11,1.0688627478774487e-11,2.4033651951667822e-11,2.0795074480210507e-11
sub-004,F8,2.647295326433671e-10,3.918831390873048e-11,1.0378098003569723e-11,1.615989889178059e-11,9.180090874754092e-12
sub-004,T3,2.6710214918178613e-10,4.016440792648232e-11,9.321344592691049e-12,1.6369911223464314e-11,9.790224621972406e-12
sub-004,T4,2.562330397460312e-10,3.442563113085739e-11,9.33239466795405e-12,2.058834835932796e-11,1.3335255866660056e-11
sub-004,T5,2.57994508841472e-10,3.133681035628433e-11,8.191577655524509e-12,1.0645773016495508e-11,4.585796679335575e-12
sub-004,T6,2.600714211624938e-10,3.086075963568102e-11,8.257835403404968e-12,1.1252699384397405e-11,5.5971538306516465e-12
sub-004,Fz,2.674094680520675e-10,3.333422784691208e-11,8.670597401664334e-12,1.0640882102950578e-11,3.649892713701415e-12
sub-004,Cz,2.5410211811327983e-10,2.795218194212834e-11,7.883971163012723e-12,9.935650035566889e-12,2.875560845920104e-12
sub-004,Pz,2.539533074602994e-10,2.8414984504515495e-11,7.789140897001103e-12,9.367221173589114e-12,3.350441834893514e-12
sub-005,Fp1,5.174969941785451e-10,3.9459843851918404e-11,1.2232935513813243e-11,2.4969774397361427e-11,1.222655765725727e-11
sub-005,Fp2,4.053025484784511e-10,3.967408291760265e-11,1.2282031441752979e-11,2.4159598921440226e-11,1.4080000433826322e-11
sub-005,F3,3.0738200574790876e-10,3.727232702326857e-11,1.2221172202025349e-11,1.664817168434346e-11,6.0335498734027375e-12
sub-005,F4,3.5229568746788227e-10,3.9940055653318104e-11,1.2750494546921538e-11,1.6643621883237676e-11,5.687980562597108e-12
sub-005,C3,2.604949397139758e-10,3.066034693398351e-11,9.370431235839341e-12,1.0501920204739187e-11,2.7337881063417057e-12
sub-005,C4,2.592395221976027e-10,3.081449701984151e-11,9.208622472886665e-12,1.0231795213286505e-11,2.6699732497479474e-12
sub-005,P3,2.8070437742435344e-10,3.2368235776150906e-11,1.0941432022458643e-11,1.1848723974234452e-11,3.158315475791051e-12
sub-005,P4,2.675463083743256e-10,3.1674408998177305e-11,1.0683218954031219e-11,1.2157020187509019e-11,2.9149946743174526e-12
sub-005,O1,2.8539265410753423e-10,3.5066415837794464e-11,1.3451714162621261e-11,1.6060659482189063e-11,4.621697139745154e-12
sub-005,O2,2.715168979806613e-10,3.3725106105006057e-11,1.3636702824506519e-11,1.7044144473069062e-11,5.097136685764543e-12
sub-005,F7,3.541493941983862e-10,3.8939782465866015e-11,1.2521179821047076e-11,2.188113890917305e-11,1.406120482646439e-11
sub-005,F8,3.218979855971703e-10,4.164426209143878e-11,1.3071698061477454e-11,1.7328315017545357e-11,7.308280023682435e-12
sub-005,T3,2.7498057104142e-10,3.843053241344443e-11,1.2058455264640295e-11,2.135796908480525e-11,1.4822990238383156e-11
sub-005,T4,2.677969461746737e-10,3.738160057568572e-11,1.1720934370316303e-11,1.5343558924756247e-11,6.3422149305580025e-12
sub-005,T5,2.7362229726708696e-10,3.7342838283569806e-11,1.3924953567030029e-11,1.550397431898073e-11,4.720729497077703e-12
sub-005,T6,2.648365692916127e-10,3.4302389416317155e-11,1.2807240945220666e-11,1.569907291037826e-11,4.651946675541897e-12
sub-005,Fz,2.7088743060846125e-10,3.123905137893714e-11,9.868658858539343e-12,1.1661610072611613e-11,2.6785514803010812e-12
sub-005,Cz,2.669734925287456e-10,2.98168779581472e-11,8.974860801396047e-12,1.0149435297481895e-11,2.1244530241823954e-12
sub-005,Pz,2.653296979042562e-10,3.0561233894829294e-11,1.0110458011361467e-11,1.1252543248453353e-11,2.7772193265215864e-12
sub-006,Fp1,2.9734889825196613e-10,3.1143532559727477e-11,5.896941199188458e-11,2.8419109715580716e-11,8.917604150237189e-12
sub-006,Fp2,2.8491978990961235e-10,3.035863835271546e-11,5.916105757787828e-11,2.6443661835407626e-11,5.740275428405296e-12
sub-006,F3,2.539101467063779e-10,2.7150630352909176e-11,4.043980114866791e-11,2.4030138817314835e-11,8.917875811735706e-12
sub-006,F4,2.5094201817529837e-10,2.7067079118058607e-11,3.6776202532102126e-11,2.1987260085975684e-11,4.427487185466261e-12
sub-006,C3,2.463085122983872e-10,2.423472280734011e-11,1.2426127253323838e-11,1.3928499657256255e-11,2.4659753771920465e-12
sub-006,C4,2.4499893034370835e-10,2.455801436209663e-11,1.2854557940768095e-11,1.4067674218168689e-11,2.407966156208056e-12
sub-006,P3,2.4991481579691507e-10,2.727895151681505e-11,5.812489471370447e-11,1.908547769353695e-11,2.5311056521515368e-12
sub-006,P4,2.4895564680750537e-10,3.0460429686287946e-11,6.041629888025e-11,1.897675491966615e-11,3.026152322592014e-12
sub-006,O1,2.5299813769444724e-10,3.228177843829927e-11,7.933595463073319e-11,2.169118214228568e-11,3.946862927849814e-12
sub-006,O2,2.5443794956938794e-10,3.1169781354722134e-11,5.286609112862309e-11,1.820381800480305e-11,4.133476076426724e-12
sub-006,F7,2.6405517556258464e-10,3.0851632806838116e-11,5.6077716479688954e-11,2.863212108846281e-11,1.6301430380262423e-11
sub-006,F8,2.6316413465684636e-10,2.9554404428481057e-11,5.752162215579401e-11,2.299695670234006e-11,5.432522385908944e-12
sub-006,T3,2.540573803895087e-10,2.7396874954773938e-11,3.336106146130776e-11,2.21541830795806e-11,8.521190390239969e-12
sub-006,T4,2.539080503826852e-10,2.700394443759082e-11,3.175973372315826e-11,1.813665255008194e-11,4.247289656492434e-12
sub-006,T5,2.5210520033846007e-10,2.911317388065859e-11,3.912469118340395e-11,1.9317005373328473e-11,4.355663290851848e-12
sub-006,T6,2.5135281696479704e-10,3.1021509872949936e-11,4.069655126453896e-11,1.9540362289507702e-11,4.304952515928739e-12
sub-006,Fz,2.525686977614905e-10,2.6718491628018137e-11,3.908519444073436e-11,2.0376244690457133e-11,2.7773972217931664e-12
sub-006,Cz,2.4714717153045446e-10,2.417230151647999e-11,9.200335873864545e-12,1.200485008727618e-11,2.128169511572487e-12
sub-006,Pz,2.4805891351619323e-10,2.6092872982445646e-11,5.302315873982159e-11,1.5982250522803156e-11,2.2540246857739237e-12
sub-007,Fp1,3.466889891726892e-10,4.455286882998366e-11,1.1305190417791098e-11,1.4179265549940823e-11,5.560591355624457e-12
sub-007,Fp2,3.594653589016418e-10,4.3794939263135077e-11,1.1519965596052346e-11,1.5585834855110932e-11,6.48935453876761e-12
sub-007,F3,2.5496008386388116e-10,3.422308910855522e-11,1.0072601514424534e-11,1.2898928016847703e-11,5.256690591719621e-12
sub-007,F4,2.4870014746371905e-10,3.039722323877608e-11,9.19501107953302e-12,1.1592086505222195e-11,3.7581517250843024e-12
sub-007,C3,2.3354104288049377e-10,2.7641022735564543e-11,8.452761629129291e-12,9.537085219980894e-12,2.4467346205262973e-12
sub-007,C4,2.367547702951132e-10,2.716638011025957e-11,8.212938464050556e-12,9.709021493861406e-12,2.4001094453865112e-12
sub-007,P3,2.4379741006377316e-10,3.392840830331131e-11,9.898235649743568e-12,1.0168365187536261e-11,2.4089304463474004e-12
sub-007,P4,2.4321135969693606e-10,3.004872750812506e-11,9.181860284985044e-12,1.0360617670764005e-11,3.0941300014194462e-12
sub-007,O1,2.463343388371848e-10,3.417524535301969e-11,1.0236790935406484e-11,1.0553825189779014e-11,2.8335497435985955e-12
sub-007,O2,2.4752143153490626e-10,3.2148708970600196e-11,9.90209843994695e-12,1.109573430696685e-11,3.9257554579066635e-12
sub-007,F7,2.739283749524341e-10,3.759020153816378e-11,1.1145425878085461e-11,1.298187793571436e-11,5.373960816411454e-12
sub-007,F8,2.724353342964364e-10,3.552863296125758e-11,1.1050216532380076e-11,1.2447916759788791e-11,3.917455287398636e-12
sub-007,T3,2.573023169267702e-10,3.657195555731466e-11,1.0878095239665438e-11,1.1931867102038098e-11,4.1954891748620025e-12
sub-007,T4,2.533312370725167e-10,3.345047606395357e-11,1.0255687589118726e-11,1.2196907193984412e-11,4.37752326714722e-12
sub-007,T5,2.5252979790855793e-10,3.766174820496933e-11,1.1280861218322275e-11,1.17400987794808e-11,3.571859867569782e-12
sub-007,T6,2.4679490921877117e-10,3.39420197407378e-11,1.045642486393724e-11,1.2228502137976376e-11,5.086799533481552e-12
sub-007,Fz,2.623921079978988e-10,3.697227098288577e-11,9.871725636454265e-12,1.0982928128458547e-11,2.7153104089761467e-12
sub-007,Cz,2.376387141611598e-10,2.7645548779244257e-11,8.672701654601496e-12,9.752313023200695e-12,2.2658533681061233e-12
sub-007,Pz,2.399579127184054e-10,2.7420589154926193e-11,8.318530146575142e-12,8.976946216146636e-12,2.180995410541381e-12
sub-008,Fp1,9.126410981257704e-09,1.5811796180600417e-09,6.396126195564498e-10,4.5940959437458257e-10,1.2334270057328318e-10
sub-008,Fp2,8.67631971844319e-09,1.5728223823160348e-09,6.352019942480276e-10,4.538422187699637e-10,1.200147518944982e-10
sub-008,F3,8.526539090907696e-09,1.5405513724487043e-09,6.2636476453214e-10,4.559421761642448e-10,1.185271434182804e-10
sub-008,F4,8.541311065116212e-09,1.56260383752935e-09,6.295304832361644e-10,4.4306859090708344e-10,1.1353728513248333e-10
sub-008,C3,8.423377971764883e-09,1.5193816336181488e-09,6.189139212375101e-10,4.55789417107938e-10,1.1923053450897558e-10
sub-008,C4,8.4473759291186e-09,1.528594522835778e-09,6.21757837816137e-10,4.5548165556392076e-10,1.1815674464500508e-10
sub-008,P3,8.437767894859693e-09,1.526894701311913e-09,6.182257378627541e-10,4.485801757410767e-10,1.1374356329426672e-10
sub-008,P4,1.5198392227201812e-08,5.073396382421759e-09,1.9219099607871367e-09,1.950117631714569e-09,1.7475245261944078e-09
sub-008,O1,8.78355691460356e-09,1.5443583472653359e-09,6.199542865382964e-10,4.4189117051335997e-10,1.0727116874712984e-10
sub-008,O2,8.591017053852126e-09,1.5414534455967815e-09,6.111215620499143e-10,4.194316738679087e-10,9.975528264116222e-11
sub-008,F7,9.040127867348296e-09,1.6521678802938426e-09,6.645017453455004e-10,4.863402393342949e-10,1.179019747265377e-10
sub-008,F8,8.635510814754844e-09,1.5971823849825389e-09,6.407289040250625e-10,4.3827576717280357e-10,1.1959930952514628e-10
sub-008,T3,8.652200913004963e-09,1.5744989641587e-09,6.239201599940629e-10,4.231842663662774e-10,1.0096828763157123e-10
sub-008,T4,1.0527412873747327e-08,2.349351816424511e-09,7.584770183029351e-10,5.144613589517128e-10,1.2693524446528726e-10
sub-008,T5,8.5135485001959e-09,1.5309121858846982e-09,6.116486424044826e-10,4.3296981781042384e-10,1.0476429950967689e-10
sub-008,T6,8.867705957961223e-09,1.5587511468103328e-09,6.246011705617359e-10,4.3339373603880814e-10,1.0778291042220948e-10
sub-008,Fz,8.63177545646785e-09,1.5607936731443244e-09,6.33648254559817e-10,4.5872757032481207e-10,1.1826355130296984e-10
sub-008,Cz,8.513233945708318e-09,1.5322321150742635e-09,6.233269123735905e-10,4.5682286765555916e-10,1.1748059135349794e-10
sub-008,Pz,8.562847487101787e-09,1.5356779792973553e-09,6.208369107076388e-10,4.4513281708710595e-10,1.1141530109660539e-10
sub-009,Fp1,3.434404116855868e-10,4.606500076711325e-11,3.249738394976446e-11,2.270863576406996e-11,6.1807339187484e-12
sub-009,Fp2,3.4479753968473437e-10,4.528648687442224e-11,3.069678986570163e-11,2.4548946249226495e-11,6.435769818771234e-12
sub-009,F3,2.5426504424487157e-10,4.095317691454397e-11,2.4882668397901182e-11,1.7484809850560644e-11,3.0665725782771355e-12
sub-009,F4,2.5204673167148917e-10,3.715683579243149e-11,1.9749441419880598e-11,1.9434371740831045e-11,6.1273714393796435e-12
sub-009,C3,2.442386578336054e-10,2.8295168989684025e-11,1.1899356683267245e-11,1.166246321806635e-11,2.3343799473261968e-12
sub-009,C4,2.449219778888962e-10,2.892037645265158e-11,1.2579093561866966e-11,1.2051775624464581e-11,2.404017533662274e-12
sub-009,P3,2.4669483289786247e-10,3.0253655793867466e-11,1.6864782134861755e-11,1.3073049488850878e-11,2.4080638437821507e-12
sub-009,P4,2.485924965071322e-10,3.266951675600486e-11,2.9735149485584265e-11,1.4912973148860506e-11,2.636578809810698e-12
sub-009,O1,2.498961968583538e-10,3.255322490046817e-11,2.4913684084116696e-11,1.6485556920423652e-11,3.1039962459869607e-12
sub-009,O2,2.481325237441782e-10,3.2198017867473054e-11,3.4495641751808905e-11,1.6871086153636458e-11,2.866923465234429e-12
sub-009,F7,2.6711616591419974e-10,3.8076629921547514e-11,3.329562500886576e-11,2.032802122243282e-11,5.1638754352986436e-12
sub-009,F8,2.689198346601392e-10,3.7582883056687487e-11,2.887097921068174e-11,2.249605300089766e-11,7.157535295140691e-12
sub-009,T3,2.5402302699431043e-10,3.724623374256193e-11,2.7443865902431433e-11,1.5519150519430145e-11,3.0696038830610653e-12
sub-009,T4,2.52000980855433e-10,3.340368378616873e-11,1.990158909444815e-11,3.311372288012979e-11,2.1593312043401736e-11
sub-009,T5,2.5197043536731305e-10,3.516084062478059e-11,2.4822862575606068e-11,1.7452876511066053e-11,3.6120711993886197e-12
sub-009,T6,2.517754629094189e-10,3.601974934156297e-11,2.9436645964743016e-11,1.8092366469504205e-11,3.876660209498672e-12
sub-009,Fz,2.5430963389009076e-10,5.082358882342324e-11,2.646799197960447e-11,1.771663138623666e-11,2.7408632965815824e-12
sub-009,Cz,2.472501427070006e-10,3.6039284242457054e-11,1.557892401932843e-11,1.2824217423622717e-11,2.242659984486033e-12
sub-009,Pz,2.4526981637467277e-10,2.7608250994155908e-11,1.552980047859855e-11,1.117421194967934e-11,1.952632195400622e-12
sub-010,Fp1,2.4576076902268766e-10,2.4922656453872805e-11,9.314555166453523e-12,1.2807176464887602e-11,5.3224316418279416e-12
sub-010,Fp2,2.422880619596586e-10,2.4635968721523816e-11,9.030525271894907e-12,1.2242555714804801e-11,4.9957467018151026e-12
sub-010,F3,2.1893113084939479e-10,2.3383495562667038e-11,8.208917982352579e-12,1.0496530288051759e-11,3.691472568070563e-12
sub-010,F4,2.1843923187255966e-10,2.3437113347988204e-11,8.22340071206723e-12,1.0599611984759506e-11,3.94072269636111e-12
sub-010,C3,2.1451965355634798e-10,2.2767998222382665e-11,7.397133428636496e-12,9.48846429531221e-12,3.320670876676603e-12
sub-010,C4,2.1441921569356185e-10,2.2716547495168184e-11,7.578481955907715e-12,9.621112699687268e-12,3.5467588634827466e-12
sub-010,P3,2.171183745020819e-10,2.3173557714919754e-11,9.706286428439127e-12,1.0819156968064099e-11,3.1716010431731554e-12
sub-010,P4,2.1682702497275484e-10,2.337336239785387e-11,1.2141579237047373e-11,1.2185837834771644e-11,2.9899905581020045e-12
sub-010,O1,2.1762074724026155e-10,2.3943871454731632e-11,1.7387528230753925e-11,1.4242185113420201e-11,3.2088014132067764e-12
sub-010,O2,2.1936811249257686e-10,2.4527618701921602e-11,1.926456936355244e-11,1.641257727424322e-11,3.1639064755785026e-12
sub-010,F7,2.2050044976817535e-10,2.482255562056374e-11,9.902562771482191e-12,1.357535542001209e-11,6.284981726032572e-12
sub-010,F8,2.1783896998682573e-10,2.4328350175547354e-11,9.952588885227357e-12,1.4710023326587495e-11,9.423340456239486e-12
sub-010,T3,2.1987122087392086e-10,2.4932636746582587e-11,1.1555417709801823e-11,1.3840403579984175e-11,6.098707983067083e-12
sub-010,T4,2.2026259787781318e-10,2.5230959328941794e-11,1.3937735194086287e-11,1.9730392176517253e-11,1.2213818323656493e-11
sub-010,T5,2.185067465745706e-10,2.4578781749395422e-11,1.637474316191928e-11,1.3862137734624264e-11,4.043580145655849e-12
sub-010,T6,2.1967096056760734e-10,2.5550110424887927e-11,2.4113818712988848e-11,1.840192053425772e-11,4.233633971584432e-12
sub-010,Fz,2.2006194217468533e-10,2.3698635559720256e-11,8.553191454684734e-12,9.925597769406425e-12,2.993517320825716e-12
sub-010,Cz,2.1729400806901767e-10,2.336210024059133e-11,7.860480205557224e-12,8.947857839565914e-12,2.275549532077941e-12
sub-010,Pz,2.2474958027928364e-10,2.3265835257899732e-11,9.345432478302399e-12,1.0436427450434671e-11,2.418547326097201e-12
sub-011,Fp1,1.7686557699440242e-09,2.3444902093667247e-10,1.44146938007195e-10,2.9681576554377134e-10,6.709920056580167e-11
sub-011,Fp2,2.457026091846115e-09,2.7613332802427105e-10,1.6730407797420351e-10,3.108302490777889e-10,6.404473926316925e-11
sub-011,F3,9.070255735052268e-10,2.8308858144010054e-10,1.7806327111002155e-10,3.1951547477197314e-10,4.823461359856702e-11
sub-011,F4,1.014215719852361e-09,2.660607300618772e-10,1.6261960903033946e-10,2.9489808299335655e-10,5.669384667593583e-11
sub-011,C3,8.918004550528267e-10,2.7744453594633243e-10,1.7016765218345272e-10,2.9286498014857303e-10,3.9227401091542866e-11
sub-011,C4,9.743399302481784e-10,2.734658619165035e-10,1.6669601697086732e-10,2.941579952936808e-10,4.343659896073383e-11
sub-011,P3,9.909016361861874e-10,3.043486884461126e-10,1.9414026727543992e-10,3.0060659161960585e-10,3.425769938848015e-11
sub-011,P4,2.688959720238303e-09,7.393833869951205e-10,2.8686251881837667e-10,4.73814219203242e-10,9.003879562006551e-11
sub-011,O1,8.836029099458226e-10,2.835209714271582e-10,1.8439359345331524e-10,2.83774941915575e-10,4.4531232601177635e-11
sub-011,O2,1.0688440554145992e-09,3.625259263251472e-10,2.491298089713271e-10,3.760153964162501e-10,3.685049116576699e-11
sub-011,F7,9.39528340014627e-10,2.936518305892091e-10,1.8257782707687033e-10,3.1001058370425266e-10,5.0484125549718915e-11
sub-011,F8,1.2724319611623804e-09,3.056630464577877e-10,1.869908161173207e-10,3.2166245487812433e-10,5.049393985375622e-11
sub-011,T3,1.1279901937773666e-09,3.5815401518182277e-10,2.16708593366564e-10,3.5915145851975573e-10,5.428357594619214e-11
sub-011,T4,9.325757675494926e-10,3.1692895114674746e-10,1.8767182569936482e-10,3.081907904844822e-10,5.279896774322361e-11
sub-011,T5,9.910177693095531e-10,3.432993894683822e-10,2.1584855025111132e-10,3.412139098722819e-10,4.3151754226567845e-11
sub-011,T6,1.2850191870499219e-09,4.066449545387656e-10,2.3005335658083557e-10,3.288130262507833e-10,4.119766033558107e-11
sub-011,Fz,1.2249483815474676e-09,3.4973741272227095e-10,1.8820869248531155e-10,3.1804348278515906e-10,4.1198873047020396e-11
sub-011,Cz,1.0735326008896215e-09,2.684386704436595e-10,1.6780422451287353e-10,2.808551858330378e-10,4.396072509492252e-11
sub-011,Pz,1.3820569058058371e-09,4.3718789234325536e-10,2.0057998099720532e-10,3.3155202166049204e-10,5.093041305468972e-11
sub-012,Fp1,2.0179101790274255e-09,3.655571726457297e-10,1.1973528115066392e-10,2.504835468390646e-10,5.453520904548059e-11
sub-012,Fp2,2.6210911722349867e-09,3.7530935656545114e-10,1.3102551894542789e-10,2.679497238030395e-10,6.02476843191131e-11
sub-012,F3,1.8883163177128705e-09,3.513875072407536e-10,1.1981264270773019e-10,2.4255630768440335e-10,5.786720840163383e-11
sub-012,F4,2.0880602275692193e-09,3.514709719833293e-10,1.2299687294472757e-10,2.521486305312294e-10,5.563629710283423e-11
sub-012,C3,2.0477809206313676e-09,2.871891347029589e-10,9.343992863158803e-11,2.002929513482925e-10,5.677926430837549e-11
sub-012,C4,1.905244750839567e-09,3.5682443453188233e-10,1.2028376208134064e-10,2.2275474746351917e-10,5.6416027864573e-11
sub-012,P3,5.355819365171325e-09,1.1201271275346014e-09,2.7290460050360987e-10,3.81231542256569e-10,7.922053656844794e-11
sub-012,P4,2.1887422499854763e-09,3.6998985057559527e-10,1.2129865827074386e-10,2.219183879299176e-10,4.6815167735573954e-11
sub-012,O1,2.4740217464659234e-08,4.656575051634561e-09,2.0422192315156427e-09,1.4150222097847668e-09,2.1454124075459165e-09
sub-012,O2,5.6179452767622535e-09,1.0609271791602783e-09,4.445867423903649e-10,5.105473421083083e-10,1.4098620434971658e-10
sub-012,F7,1.918379784548825e-09,3.6327554052830097e-10,1.2765552579402843e-10,2.392965823770552e-10,5.0304877178077214e-11
sub-012,F8,2.0514286917898476e-09,3.634894203782026e-10,1.2949925690331083e-10,2.4561165344202726e-10,6.041501089705417e-11
sub-012,T3,2.0030017387534757e-09,3.855387257144115e-10,1.3799765686434383e-10,2.5587841727535737e-10,6.186396802498753e-11
sub-012,T4,1.982454997124817e-09,3.685607532334013e-10,1.3145843169750587e-10,2.3697101142495376e-10,5.7798760278680636e-11
sub-012,T5,5.450950066277342e-08,8.447763234573257e-09,2.321109584876894e-09,1.9122878838027055e-09,2.5759680306076476e-09
sub-012,T6,1.891732490724281e-09,3.864062273404303e-10,1.3728566950941455e-10,2.7144934647578173e-10,5.565859601945453e-11
sub-012,Fz,2.2724163285739244e-09,3.583409048923771e-10,1.0634599366792404e-10,2.0841983696461897e-10,5.037829469640591e-11
sub-012,Cz,2.8000212279942536e-09,3.5491121143990745e-10,1.165149429857598e-10,1.973552001721218e-10,4.074498054559651e-11
sub-012,Pz,2.3991683069240998e-09,3.446207382668861e-10,1.2106293975356644e-10,2.270051430895016e-10,4.79380500992821e-11
sub-013,Fp1,8.635393408094267e-10,8.463279827024075e-11,2.2630368516363002e-11,2.5662125876199294e-11,8.166534916763574e-12
sub-013,Fp2,8.173663450146712e-10,8.347551912902072e-11,2.2606426947946108e-11,2.2557654831042884e-11,6.13593802929158e-12
sub-013,F3,5.915406736769911e-10,7.200865585966292e-11,1.8525205404470663e-11,1.779922493223887e-11,3.951105018934492e-12
sub-013,F4,9.433513278487845e-10,8.242974823641695e-11,2.1754503259378344e-11,2.0362807753911147e-11,4.710123541627633e-12
sub-013,C3,5.825929946596417e-10,7.093871222189169e-11,1.9171347586293668e-11,1.6749591964824417e-11,2.4939988878411404e-12
sub-013,C4,5.863793416692869e-10,7.380517603023875e-11,2.0182091879733556e-11,1.6914835912366615e-11,2.4953998197948565e-12
sub-013,P3,9.023211244285986e-10,7.49914228525076e-11,1.9712495666056306e-11,1.691438482911852e-11,2.65103597476725e-12
sub-013,P4,6.533271467773224e-10,1.123114891773654e-10,4.205026111333672e-11,2.979590130202529e-11,3.652294636831881e-12
sub-013,O1,9.384307491322431e-10,8.513319723395983e-11,2.7060808724927556e-11,2.1381633545287813e-11,3.0686331360594943e-12
sub-013,O2,6.699219024817586e-10,8.533268308352449e-11,3.6510736366318954e-11,2.368970839634725e-11,3.2325056447036638e-12
sub-013,F7,6.715484697514785e-10,7.790414219999592e-11,2.0201298162295785e-11,2.2656338480351742e-11,8.873493280118907e-12
sub-013,F8,7.365356141286702e-10,7.419530653447878e-11,1.9375960041701386e-11,2.1119671208842042e-11,8.21873177592351e-12
sub-013,T3,6.124011457740566e-10,7.634104202561998e-11,2.1191863480154635e-11,2.3182229196915048e-11,7.629066410265954e-12
sub-013,T4,6.474165796827601e-10,7.787533206091257e-11,2.1511102084892255e-11,2.0484696850397236e-11,5.780758411839432e-12
sub-013,T5,1.925499208159643e-09,4.581364687256003e-10,1.3357621846517918e-10,7.219130598393393e-11,5.962561963655211e-12
sub-013,T6,1.6864003249047357e-09,2.500296269912454e-10,3.908292077446187e-11,4.6455996123994816e-11,5.5062072672182445e-12
sub-013,Fz,5.796821740599856e-10,7.255180382329914e-11,1.849047726922198e-11,1.6447252897707995e-11,2.5034043151699513e-12
sub-013,Cz,5.876924456482011e-10,7.132785948941207e-11,1.9291907569050787e-11,1.6542192663677686e-11,2.4363172290376696e-12
sub-013,Pz,7.879648499610684e-10,7.904508238222367e-11,2.2047405714388615e-11,1.7986063337805824e-11,2.6107180092645053e-12
sub-014,Fp1,2.0288387508759535e-09,2.942414072611595e-10,1.4903260053408085e-10,3.3308796720099554e-10,6.369905616538121e-11
sub-014,Fp2,8.075460697586913e-09,1.6002884812937294e-09,6.384958462400307e-10,8.963071605390071e-10,6.869185586794337e-10
sub-014,F3,1.4551460841261334e-09,3.295827503106526e-10,1.9264295977185177e-10,4.226506814387619e-10,6.525603821149041e-11
sub-014,F4,1.4713494406264329e-09,2.8688235430083375e-10,1.5461878160574373e-10,3.313657068178146e-10,5.138175136201546e-11
sub-014,C3,1.3827528097913825e-09,2.826058466759111e-10,1.5879890899356044e-10,3.84155783091512e-10,7.689071455881528e-11
sub-014,C4,1.3643316130156934e-09,2.4888131585167854e-10,1.2749112920630217e-10,3.2948077327060654e-10,8.299987818257528e-11
sub-014,P3,1.4173712024338497e-09,3.1590478277325355e-10,1.853760130794788e-10,4.329698667794476e-10,7.576191500955434e-11
sub-014,P4,1.38222010025478e-09,2.69000391147897e-10,1.4296771240647446e-10,3.285827607209105e-10,6.264302739856152e-11
sub-014,O1,1.4625257009871733e-09,2.778513883568892e-10,1.480120147978889e-10,3.2538729820323846e-10,5.7446342616491934e-11
sub-014,O2,1.4118819761895251e-09,2.783798290009324e-10,1.5000074420194078e-10,3.3073412292730813e-10,5.587304976523918e-11
sub-014,F7,1.4731443053795483e-09,3.110785528616077e-10,1.7732410009997316e-10,3.968230708482405e-10,6.685148193486423e-11
sub-014,F8,1.642479762617576e-09,2.7906168229978917e-10,1.4206445443786123e-10,3.0839046180951957e-10,5.513562065386028e-11
sub-014,T3,1.4082751319470351e-09,2.778193195884183e-10,1.4949735856931346e-10,3.520185675294405e-10,7.256374787102558e-11
sub-014,T4,1.393640559452189e-09,2.674675949590548e-10,1.390407908998628e-10,3.1339206569877167e-10,6.054439978901781e-11
sub-014,T5,1.396825887887032e-09,2.722372446264234e-10,1.463427788090625e-10,3.621609020885893e-10,8.33444908111134e-11
sub-014,T6,1.4026995558046099e-09,2.710386371527388e-10,1.4296004968640966e-10,3.208922571206617e-10,6.459398648048261e-11
sub-014,Fz,1.3862294967157368e-09,2.688567902610109e-10,1.4069004319481697e-10,3.3865182683936247e-10,7.03699843721472e-11
sub-014,Cz,1.3629524632837016e-09,2.6204902397088257e-10,1.3931336367441942e-10,3.5104094549602556e-10,8.164617512946175e-11
sub-014,Pz,1.3722134199587622e-09,2.531833946476318e-10,1.3070206729343473e-10,3.3835339569433386e-10,8.371418625487623e-11
sub-015,Fp1,2.982039984408774e-10,3.303791085615131e-11,1.3722430247760645e-11,1.7691614823255198e-11,8.221383338417121e-12
sub-015,Fp2,4.1613426163171353e-10,3.401539203683534e-11,1.345017906470492e-11,2.2618404336956835e-11,1.0480082862782729e-11
sub-015,F3,2.7507987484810695e-10,3.072897921672024e-11,1.1605102718235865e-11,1.1780751438699888e-11,4.103624591332034e-12
sub-015,F4,2.7732838360267916e-10,3.101456291939679e-11,1.1628957008165053e-11,1.2624770766319283e-11,4.32188215561384e-12
sub-015,C3,2.7064724749258725e-10,2.8424049926778162e-11,9.327306889004158e-12,9.151425639799278e-12,2.3388250999246276e-12
sub-015,C4,2.7035871858470873e-10,2.8676407903141615e-11,9.236715746680532e-12,9.198819468683897e-12,2.3461256095934716e-12
sub-015,P3,2.733126270079647e-10,3.690317079661211e-11,2.2333815522423294e-11,1.1228464769854808e-11,2.479680900683148e-12
sub-015,P4,2.72164699663686e-10,3.2130336655394105e-11,2.0153874496746385e-11,1.0979871475202182e-11,2.344298295278543e-12
sub-015,O1,2.7517002448155194e-10,4.185631230725845e-11,3.6241931665327693e-11,1.3736788777005607e-11,2.904773988921468e-12
sub-015,O2,2.7581556981546376e-10,4.2560639858912347e-11,4.108939658314499e-11,1.4248266163972333e-11,2.9613674174546007e-12
sub-015,F7,2.842896126704857e-10,3.3402544477164905e-11,1.3595622231599275e-11,1.2573853566163004e-11,5.34854815907605e-12
sub-015,F8,2.8444793001028585e-10,3.332663236598415e-11,1.395988113417085e-11,1.1568186785679628e-11,4.102221929233858e-12
sub-015,T3,2.7322981677127426e-10,3.67711524561118e-11,1.7292469623666493e-11,1.0803771938802511e-11,3.5186118596152278e-12
sub-015,T4,2.7268939146282175e-10,3.3399476204114613e-11,1.3813282323260102e-11,1.4620708725549608e-11,6.4863572863482846e-12
sub-015,T5,2.750855346440321e-10,5.661667858680322e-11,4.347206541443548e-11,1.313233640965275e-11,3.4760260092265525e-12
sub-015,T6,2.769882336058112e-10,4.4005152767320173e-11,3.71316821450475e-11,1.2923070717115437e-11,2.8848536381979706e-12
sub-015,Fz,2.7510271616942934e-10,3.1978052480301804e-11,1.2441441680198042e-11,1.0449632474744056e-11,2.541294350633569e-12
sub-015,Cz,2.722098729706737e-10,2.944061107448826e-11,1.0352560407432332e-11,9.264779733506337e-12,2.074246295533557e-12
sub-015,Pz,2.722953950251453e-10,3.1892272985848813e-11,2.451108152091467e-11,1.179681794009442e-11,2.3867322011410338e-12
sub-016,Fp1,6.879437627101871e-10,5.701685051335472e-11,1.4894357126880977e-11,1.558175460029698e-11,4.926726789393292e-12
sub-016,Fp2,6.547861338918603e-10,5.582899092185522e-11,1.4427843036915272e-11,1.5008886717101118e-11,4.658981093745383e-12
sub-016,F3,7.289142808953419e-10,7.040259524706369e-11,2.054443341585718e-11,2.188788243255118e-11,5.436304811855782e-12
sub-016,F4,6.446647707388447e-10,5.062984952742692e-11,1.3545184272945434e-11,1.2754011024495073e-11,3.173558815891881e-12
sub-016,C3,6.428961230936555e-10,5.075004446351724e-11,1.3822748587247601e-11,1.2439030582448595e-11,2.9102556935943288e-12
sub-016,C4,5.930307283065733e-10,4.892703536378902e-11,1.3244108202322322e-11,1.2195749727221568e-11,2.8050683591278203e-12
sub-016,P3,6.595399509590989e-10,5.377160612984521e-11,1.4266910441682456e-11,1.2835262000916333e-11,2.9322922451899257e-12
sub-016,P4,6.916970794339297e-10,5.3989018900000276e-11,1.468020385331641e-11,1.3315723110683025e-11,2.9256905875844223e-12
sub-016,O1,6.066394258617374e-10,5.48177496638498e-11,1.4720271872305722e-11,1.3962024734139754e-11,3.3595143649064835e-12
sub-016,O2,7.04414210881799e-10,5.905925890402074e-11,1.5598853279696102e-11,1.4472754673753797e-11,3.3841943875178882e-12
sub-016,F7,9.425383459256104e-09,2.2556334273611803e-09,4.6110004859284346e-10,6.200715662047647e-10,5.049118763333077e-10
sub-016,F8,6.577517416373589e-10,5.495034458339948e-11,1.4735312464292394e-11,1.4256075738722863e-11,3.993983867140328e-12
sub-016,T3,5.932421123640936e-10,5.333297840293116e-11,1.430148664216943e-11,1.3467306761761994e-11,3.684839184326089e-12
sub-016,T4,1.7011113369465265e-08,2.548626565898368e-09,9.57952871014327e-10,1.7525469377651006e-09,5.168221388873545e-10
sub-016,T5,6.424345297742359e-10,5.269066762589789e-11,1.40988563191135e-11,1.310556705085453e-11,3.230758955765992e-12
sub-016,T6,7.875583771777632e-10,5.716611165879965e-11,1.5525847515969727e-11,1.4337570110248185e-11,3.343832650471191e-12
sub-016,Fz,5.945565816981838e-10,5.4930654463238767e-11,1.376789679280433e-11,1.242752598192568e-11,2.8966173140102863e-12
sub-016,Cz,6.001735843078645e-10,5.004856840337278e-11,1.3305269808347889e-11,1.2246987699178552e-11,2.7963081277473632e-12
sub-016,Pz,6.043014414380671e-10,5.08072934760718e-11,1.3689427143980155e-11,1.2758349257112803e-11,2.9835173432713626e-12
sub-017,Fp1,4.7253039464362e-10,4.6725498644758493e-11,1.2352131178752776e-11,1.2679551770957104e-11,3.014727065536528e-12
sub-017,Fp2,4.717231606593245e-10,4.4762872888284024e-11,1.2028753266390907e-11,1.3728442639889696e-11,3.911027020526398e-12
sub-017,F3,3.838374092712768e-10,4.628026956190077e-11,1.2049694736089113e-11,1.183947317628863e-11,2.822801052740187e-12
sub-017,F4,3.6810857585733765e-10,3.9903797861042744e-11,1.0884559945016832e-11,1.1839619374524725e-11,2.8709658080462143e-12
sub-017,C3,3.3858974768774206e-10,3.316010189446822e-11,8.786656872823115e-12,9.414369971779708e-12,2.096418634108127e-12
sub-017,C4,3.493109233358271e-10,3.4110089792848086e-11,8.683864919930125e-12,9.525043268219207e-12,2.1485877780178366e-12
sub-017,P3,4.931914585255575e-10,3.5317073853380024e-11,1.1223827775829413e-11,1.0146220229336367e-11,2.1986711643296313e-12
sub-017,P4,3.392005276097293e-10,3.712422646448855e-11,1.1303036921453497e-11,9.807364671621075e-12,1.9576941988839067e-12
sub-017,O1,6.505712807007049e-10,4.721275358974733e-11,1.6994357708861915e-11,1.3276136029865809e-11,2.819945610075116e-12
sub-017,O2,4.660262674153208e-10,4.5467865572226934e-11,1.7601335359971226e-11,1.501724638999147e-11,3.074526055991639e-12
sub-017,F7,4.094410407509432e-10,4.6947889307679845e-11,1.251357973662922e-11,1.4496230088250809e-11,5.640325061036888e-12
sub-017,F8,5.279555090093966e-10,4.5120093806300955e-11,1.2269201503997812e-11,1.5213910969057914e-11,6.375899934404758e-12
sub-017,T3,3.7491713890562057e-10,4.343458191046528e-11,1.1139140160501183e-11,1.2236536017792527e-11,3.4731995235986485e-12
sub-017,T4,5.132589099811431e-10,4.893219533117947e-11,1.6888609245638748e-11,3.3638826931592197e-11,1.501555032149603e-11
sub-017,T5,3.6105609126018914e-10,3.965498094020382e-11,1.1634180806350153e-11,1.155052004231223e-11,2.8763946932454983e-12
sub-017,T6,3.851408177499403e-10,4.47608813061723e-11,1.3955127965281441e-11,1.2007030178329452e-11,2.7566094707578442e-12
sub-017,Fz,3.532428562480143e-10,4.258482601510142e-11,1.069819905900607e-11,1.0361572849831357e-11,2.030103906769384e-12
sub-017,Cz,3.7183766956505095e-10,3.2658248201333264e-11,9.589299585688637e-12,1.3166354136056254e-11,2.1894966456832538e-12
sub-017,Pz,3.4813558888510017e-10,3.425254389744615e-11,1.1786849985686747e-11,1.0099228694348718e-11,2.0630254563558274e-12
sub-018,Fp1,3.521728388428604e-10,5.1393232616004576e-11,2.0641372742209967e-11,2.6609947142056303e-11,5.949522854882931e-12
sub-018,Fp2,3.2158056897853177e-10,4.5852521937796726e-11,1.9948840506446347e-11,3.198408690277415e-11,9.403214922042248e-12
sub-018,F3,3.122862054190079e-10,5.14453907788992e-11,2.3663025620785088e-11,2.7105509449211776e-11,3.856814037649546e-12
sub-018,F4,2.9403700523680294e-10,4.694953057259589e-11,2.1551773338523015e-11,2.9089437453172738e-11,3.87049415366214e-12
sub-018,C3,2.880504884417351e-10,3.888664859869886e-11,1.5398958205110234e-11,1.8160096207626763e-11,2.487411831809668e-12
sub-018,C4,2.834795804427118e-10,3.891753642979829e-11,1.5229521045600467e-11,1.8461772007228074e-11,2.5098569310784412e-12
sub-018,P3,3.0148975183216125e-10,5.5553250316166964e-11,2.2255847466983147e-11,1.7959590117608156e-11,2.5822691786244582e-12
sub-018,P4,2.917187492873857e-10,4.478079876558879e-11,1.6474975634147252e-11,1.5653422966733123e-11,2.4040738633020418e-12
sub-018,O1,3.131932944597375e-10,5.893637169906056e-11,2.5278741210564256e-11,1.9308205391824822e-11,3.681659416867669e-12
sub-018,O2,3.202230433248866e-10,6.601772435622962e-11,2.913991252530117e-11,2.0676257986571484e-11,4.587013349050298e-12
sub-018,F7,3.3861235394756836e-10,6.562000001931855e-11,2.3060137154527973e-11,2.6897414129404182e-11,8.162565603522712e-12
sub-018,F8,3.0136366285382915e-10,5.1719347396754746e-11,2.4000360590359713e-11,3.30418772251725e-11,1.450491799186555e-11
sub-018,T3,3.272575180172692e-10,7.689843041516558e-11,2.114746852394073e-11,2.122584515789593e-11,5.422345228462129e-12
sub-018,T4,2.959042197974868e-10,5.360928260034997e-11,2.1956207434419236e-11,2.22422212173337e-11,8.535236294152179e-12
sub-018,T5,3.187857316810693e-10,7.605634858501756e-11,2.4162571054260335e-11,2.0117105808159963e-11,4.1671587368917156e-12
sub-018,T6,2.966857125612287e-10,7.112978257416546e-11,2.7114209888524563e-11,1.9023625414183642e-11,4.946881330215252e-12
sub-018,Fz,2.9819721839985874e-10,4.745791656760855e-11,1.9562495501249154e-11,2.5788336730279148e-11,3.0503773616981977e-12
sub-018,Cz,2.8595486247535765e-10,3.718909397934514e-11,1.4838128945620054e-11,3.2489996048788256e-11,3.108950911453504e-12
sub-018,Pz,2.950522219743501e-10,5.0150145867694435e-11,2.1748910133503154e-11,1.671114361870967e-11,2.3511487384137303e-12
sub-019,Fp1,3.18613586294723e-10,3.0788557014060964e-11,1.132952599284923e-11,1.4663321199714218e-11,5.907527074126099e-12
sub-019,Fp2,3.0816781641200896e-10,2.994058757567039e-11,1.109783747008225e-11,1.4484385613879144e-11,5.697350479727087e-12
sub-019,F3,2.5266360688697296e-10,2.694174695890375e-11,8.93098904692257e-12,1.527345994114673e-11,9.387360703988617e-12
sub-019,F4,2.5612963122423375e-10,2.7370945685232107e-11,9.446379745508399e-12,1.3476676565817227e-11,5.7801493614163096e-12
sub-019,C3,2.478096124143649e-10,2.619042308750166e-11,8.19799738870656e-12,9.660236060154236e-12,3.313370401001619e-12
sub-019,C4,2.4830104537564356e-10,2.626637337744732e-11,8.132276576887622e-12,9.788169134510044e-12,3.2968931986910888e-12
sub-019,P3,2.498440222114314e-10,2.681637072129195e-11,1.0131610454249628e-11,1.0591942832169357e-11,3.0323037699993508e-12
sub-019,P4,2.5167230649228594e-10,2.688413921037378e-11,1.0057765642705517e-11,1.0299652522952384e-11,2.7918312547925958e-12
sub-019,O1,2.5422102191959025e-10,2.8753406012540978e-11,1.715357797258752e-11,1.3828112935109344e-11,4.060612828587971e-12
sub-019,O2,2.60061975668969e-10,2.9440771327539214e-11,1.8303532725354263e-11,1.402592127662077e-11,4.021290202969637e-12
sub-019,F7,2.659798067058256e-10,2.8720975509023422e-11,1.3101585521658175e-11,4.033497366259111e-11,3.952135519717615e-11
sub-019,F8,2.7918766902909294e-10,2.9876430032742586e-11,1.3027453168836382e-11,1.7468809472167796e-11,1.0430384994734639e-11
sub-019,T3,2.520614108361707e-10,2.7756516287536846e-11,1.0688177543284557e-11,1.6168582065474214e-11,9.112312886590745e-12
sub-019,T4,2.5493505481676806e-10,2.8359955238143737e-11,1.2422176784157085e-11,3.59763824036013e-11,3.1487283061991766e-11
sub-019,T5,2.5183369488763363e-10,2.7623878309263706e-11,1.139512880801779e-11,1.2469928871282657e-11,3.8681207238104726e-12
sub-019,T6,2.532935871807105e-10,2.7954830650288582e-11,1.2085884761076077e-11,1.2945470532888671e-11,4.676180779680744e-12
sub-019,Fz,2.536259572248262e-10,2.6933457456271808e-11,8.654920594489555e-12,1.0897314748683213e-11,3.0071532966436133e-12
sub-019,Cz,2.502132165890857e-10,2.6290728158999976e-11,7.90797283013991e-12,9.115400943789285e-12,2.4120675516167516e-12
sub-019,Pz,2.5060403055297355e-10,2.6808407193995626e-11,1.0333323866851704e-11,1.0083495878655298e-11,2.9326220915640697e-12
sub-020,Fp1,4.5829552892786805e-10,3.922903199469615e-11,1.088484300682379e-11,1.4682948348660664e-11,7.26964794816502e-12
sub-020,Fp2,4.793240213679301e-10,4.159896015406165e-11,1.1316392195042355e-11,1.555005676229743e-11,7.86362900389113e-12
sub-020,F3,3.248881847538341e-10,3.0286769142757895e-11,9.047316890458219e-12,1.132733135057145e-11,4.464383191431038e-12
sub-020,F4,3.2643998797033816e-10,3.1257639568859815e-11,9.379733153262056e-12,1.1475528711636967e-11,4.357443196781321e-12
sub-020,C3,2.8802283773816084e-10,2.777883888129829e-11,7.809323474005e-12,9.14226039965999e-12,2.6929706802193057e-12
sub-020,C4,2.881697227837948e-10,2.747632551599159e-11,7.877845666207207e-12,9.129330104943497e-12,2.6914297716758708e-12
sub-020,P3,2.900129895342171e-10,2.8878902460766947e-11,8.66607473219007e-12,9.388200483714198e-12,2.4813720079197732e-12
sub-020,P4,2.9171956521942065e-10,2.8697932160911467e-11,9.282985450718129e-12,9.727114427945555e-12,2.54491619678108e-12
sub-020,O1,2.9526755463667304e-10,3.141661227895589e-11,1.1800239848205136e-11,1.18012020910558e-11,3.4057110351697856e-12
sub-020,O2,2.9537629104596563e-10,3.146469068677794e-11,1.2556480743517743e-11,1.215774549464622e-11,3.497644312046714e-12
sub-020,F7,3.6220281261962186e-10,3.77431965638496e-11,1.2120450574691786e-11,2.3154879585641054e-11,2.0002166716777894e-11
sub-020,F8,3.4062471072394325e-10,3.61558618249063e-11,1.1426889667671076e-11,1.579366553228726e-11,8.386111729903068e-12
sub-020,T3,3.0981492084995567e-10,3.4238204295508626e-11,1.046223057852772e-11,1.5231874658892848e-11,1.0141817850906854e-11
sub-020,T4,3.103356083992068e-10,3.2290284893099774e-11,1.0209145436628166e-11,1.4894909138239316e-11,8.989430492368944e-12
sub-020,T5,2.9655570265014697e-10,3.1937972918456336e-11,1.098261815753993e-11,1.1971558264504972e-11,3.860265330513423e-12
sub-020,T6,2.9501545904570667e-10,3.1817866908737347e-11,1.2219265861390399e-11,1.2661008614225622e-11,3.975181690873516e-12
sub-020,Fz,3.122601391232285e-10,3.032247102489781e-11,9.094618392767982e-12,9.89238927982548e-12,2.7907786895016773e-12
sub-020,Cz,2.900347097071596e-10,2.8206577869937582e-11,8.046587182689572e-12,8.921427858522436e-12,2.2127640741966193e-12
sub-020,Pz,2.893606647180636e-10,2.8264785483487372e-11,8.357568964427647e-12,9.054066217781782e-12,2.363664820808845e-12
sub-021,Fp1,3.5753878387369573e-10,3.991613297495666e-11,1.2091548729260803e-11,2.546928088734322e-11,1.3183428438695866e-11
sub-021,Fp2,3.3508688725482896e-10,3.601336038496463e-11,1.1392795471698819e-11,2.3324169292570422e-11,1.1389587360790065e-11
sub-021,F3,2.807499873675485e-10,3.1641972794538865e-11,9.895489561710018e-12,1.5354748138476376e-11,6.591458516775107e-12
sub-021,F4,2.821689638220379e-10,3.129448575222795e-11,1.023705909610506e-11,1.8715493589213646e-11,8.498817056796208e-12
sub-021,C3,2.7308595252579676e-10,2.855392294935072e-11,8.483175833247588e-12,1.0291604596822342e-11,2.8315181396547956e-12
sub-021,C4,2.73381592293379e-10,2.8510320336182122e-11,8.69673160857159e-12,1.0498687804805307e-11,2.849900886021824e-12
sub-021,P3,3.0026751917282616e-10,3.332481013925406e-11,1.1135439271537796e-11,1.4465677967968233e-11,4.832259294552734e-12
sub-021,P4,2.7748100806189727e-10,3.06457704178222e-11,9.89229404202306e-12,1.256079315630407e-11,4.083474931679589e-12
sub-021,O1,2.913295675291666e-10,3.4907996707817325e-11,1.297467156005597e-11,2.0830693629967694e-11,1.4066132643939986e-11
sub-021,O2,2.9126090872532176e-10,3.500719878491503e-11,1.2455015718668865e-11,1.837165659199094e-11,1.0520175972329722e-11
sub-021,F7,3.031687864999014e-10,3.824019159646555e-11,1.496398778888289e-11,1.9207104331376334e-11,8.822025251837116e-12
sub-021,F8,3.211121211881627e-10,3.8373428968599566e-11,1.427447023267919e-11,2.0861876819666375e-11,1.3022127120660769e-11
sub-021,T3,2.818826108399144e-10,3.544288767200255e-11,1.4206902280364796e-11,1.6186935608163975e-11,6.602451395509721e-12
sub-021,T4,2.841971783180337e-10,3.468772921088528e-11,1.275415310224515e-11,1.6335755098349384e-11,7.83299620797967e-12
sub-021,T5,2.7893778690417647e-10,3.4124526561841935e-11,1.4408517708285113e-11,1.9342095132478932e-11,1.039685979589294e-11
sub-021,T6,3.2258410777304134e-10,3.995620536912967e-11,1.4983186358246592e-11,1.992949934332291e-11,9.732244530574843e-12
sub-021,Fz,2.760611805351857e-10,3.275507450185014e-11,1.0087910690528066e-11,1.2507535292610676e-11,4.378123247817417e-12
sub-021,Cz,2.745283167226862e-10,2.8757502678840467e-11,8.527336376282812e-12,1.0483823867066865e-11,2.7933640581504832e-12
sub-021,Pz,2.781836911079383e-10,2.9933548377313635e-11,9.145732689230933e-12,1.1842967352719599e-11,3.928845260716202e-12
sub-022,Fp1,6.467460374732269e-10,5.1014188946677296e-11,1.5381675960831774e-11,2.2936528596300153e-11,8.613278655255257e-12
sub-022,Fp2,7.016334552635054e-10,5.0478894464629345e-11,1.6000823509530287e-11,2.247798024305582e-11,8.335287676002751e-12
sub-022,F3,3.126251903510776e-10,4.531196576079952e-11,1.4190269738368707e-11,2.0584640800972572e-11,8.284772448582556e-12
sub-022,F4,3.689246936272406e-10,5.825910468357682e-11,1.813992972692416e-11,2.3348284917339005e-11,8.259795235774748e-12
sub-022,C3,2.742471708477252e-10,3.816911954576861e-11,1.1455630083323134e-11,1.498795747510523e-11,4.951979688469637e-12
sub-022,C4,2.813235980258123e-10,3.819026662324518e-11,1.1603930667485433e-11,1.518111685564106e-11,5.019840870501122e-12
sub-022,P3,2.903179970745942e-10,4.800440963221361e-11,1.6787367490675952e-11,1.55613591417324e-11,4.5618013994585435e-12
sub-022,P4,3.031399308127736e-10,4.4115684348253276e-11,1.4851804536929686e-11,1.4538219923107646e-11,3.9426587085678315e-12
sub-022,O1,3.4270929038638133e-10,6.518738265434624e-11,2.925417863816936e-11,1.834819561432349e-11,5.437956594630042e-12
sub-022,O2,3.637477435459963e-10,5.46204304548009e-11,1.9841697354512737e-11,1.792694830048638e-11,4.988887453870757e-12
sub-022,F7,3.347813724942711e-10,5.007996518623842e-11,1.618818245091866e-11,4.153375120720121e-11,2.989009070857733e-11
sub-022,F8,2.1281227922695364e-09,1.1905263053107366e-09,6.850548906299157e-10,4.5150599591217747e-10,4.414886850871786e-10
sub-022,T3,3.0571943466233456e-10,4.741444663883663e-11,1.538615914493277e-11,1.8026257915637914e-11,6.439480022015426e-12
sub-022,T4,3.2412030958794034e-10,4.779695110810681e-11,1.608845723694033e-11,1.9157495333080895e-11,9.153108417481066e-12
sub-022,T5,3.380038235147896e-10,6.939503160765812e-11,3.340844300371768e-11,1.9720268664852974e-11,5.972320270675772e-12
sub-022,T6,3.336237947839779e-10,5.224612391044578e-11,1.9361109318798218e-11,1.6834823284702513e-11,4.9420495466801115e-12
sub-022,Fz,3.031967880414302e-10,4.298579526915622e-11,1.3456390684146223e-11,1.6276414057340217e-11,4.239292496922162e-12
sub-022,Cz,2.7505168547444397e-10,3.987915386339909e-11,1.2934752657404772e-11,1.6150551515206955e-11,3.651414418007874e-12
sub-022,Pz,3.433873654840277e-10,5.290702148172704e-11,1.812807857690416e-11,1.9543077173219127e-11,5.5222807205410286e-12
sub-023,Fp1,1.1975228840152691e-09,2.2127635359836164e-10,6.231153508330994e-11,8.197228998038657e-11,2.115025818041088e-11
sub-023,Fp2,1.1817437827176611e-09,2.206558613959096e-10,6.248761736755344e-11,7.880171028110863e-11,2.2128213663170748e-11
sub-023,F3,1.0300596679138073e-09,2.0542405663870597e-10,5.991849898228805e-11,7.31578738952742e-11,1.7726629393620304e-11
sub-023,F4,1.0081074763890132e-09,1.8596328238790122e-10,5.137664668373054e-11,6.139781743148475e-11,1.7204187007478743e-11
sub-023,C3,1.0349810994748464e-09,2.0911106669202237e-10,5.960752694558399e-11,7.068801629062296e-11,1.3755567557903604e-11
sub-023,C4,1.1066529875357377e-09,2.039573379337026e-10,7.681703043100235e-11,5.6066807314263594e-11,1.569775306595945e-11
sub-023,P3,1.0350641909447058e-09,2.090008521703767e-10,6.375295333827577e-11,6.78561525779397e-11,1.3393315976597181e-11
sub-023,P4,2.4097210040667108e-09,6.533332469481986e-10,2.2041719074463775e-10,3.4923504270553594e-10,4.791446764791215e-11
sub-023,O1,1.959352971931688e-09,2.5533304348119435e-10,8.870603409831111e-11,6.855656574813749e-11,1.907162620898313e-11
sub-023,O2,1.0798510114527732e-08,2.6904016769270862e-09,9.35638859151911e-10,7.361144070915991e-10,8.053453180129746e-10
sub-023,F7,1.0352974976838911e-09,1.9651790601334413e-10,5.616835251222036e-11,7.05917381300444e-11,2.348158045113641e-11
sub-023,F8,1.330122508606257e-09,4.042866202461873e-10,1.3327986771091387e-10,1.0582313071801742e-10,2.8452289657142728e-11
sub-023,T3,1.0434301151016909e-09,2.1600005902539601e-10,6.23980066784373e-11,8.07081635919039e-11,2.5701156718440965e-11
sub-023,T4,1.0206732445767168e-09,2.1096935422815003e-10,6.230629435120857e-11,8.862798067868981e-11,4.0053058204239664e-11
sub-023,T5,1.0446390328979322e-09,2.2725167342680027e-10,7.721332743521412e-11,7.592609591964408e-11,1.59924323972533e-11
sub-023,T6,1.7374576244166786e-09,4.4010508993810274e-10,1.595879845241709e-10,1.8927105021807134e-10,2.8462750485302366e-11
sub-023,Fz,1.0238155911017093e-09,2.112293368593773e-10,6.298412167186444e-11,6.948043217662689e-11,1.4110549773421801e-11
sub-023,Cz,1.0177638391466827e-09,2.010226734110631e-10,5.509429416176602e-11,6.631523648438243e-11,1.2170067955670154e-11
sub-023,Pz,1.087967645739707e-09,2.0698924173228128e-10,6.037257700328788e-11,6.414170199307657e-11,1.3010990075686293e-11
sub-024,Fp1,3.8690667396525923e-10,6.433002924891732e-11,1.671112519785731e-11,1.9100792365566655e-11,6.336396561596045e-12
sub-024,Fp2,4.0202626586363194e-10,6.603782587074961e-11,1.595181858161675e-11,1.5780385974425833e-11,3.8751840847744e-12
sub-024,F3,2.818419332702756e-10,4.979534303650721e-11,1.3941961264880093e-11,1.294373143462671e-11,2.2350357307753004e-12
sub-024,F4,2.771390318694652e-10,4.694902814355807e-11,1.3000377820917933e-11,1.2110653388513933e-11,2.1321690502536844e-12
sub-024,C3,2.599177489250759e-10,3.533998186589611e-11,9.589218826264166e-12,9.857229765823279e-12,1.7680022889502e-12
sub-024,C4,2.5534663319367914e-10,3.443250998628614e-11,9.483392321314e-12,9.810994299080724e-12,1.7524565686348834e-12
sub-024,P3,2.624515361753945e-10,3.786341721971492e-11,1.1268878103243571e-11,1.0465963750840535e-11,1.9439052932503702e-12
sub-024,P4,2.631058472870686e-10,3.813200996719106e-11,1.0849636329159332e-11,1.0050244371436346e-11,1.8302642214825917e-12
sub-024,O1,2.6652469705407615e-10,3.919726015556444e-11,1.2956498178371764e-11,1.2292171904071616e-11,3.103963815980721e-12
sub-024,O2,2.6830645673266215e-10,4.068217623459124e-11,1.3131199756589318e-11,1.2338620599590314e-11,3.168921499043427e-12
sub-024,F7,3.284117851563797e-10,6.072689988138794e-11,1.590150054221142e-11,1.4069339934088232e-11,2.503768251899358e-12
sub-024,F8,3.03037827659686e-10,5.525333113753938e-11,1.4467282715953737e-11,1.3509865489992608e-11,2.7609675622556145e-12
sub-024,T3,2.9220265481245517e-10,5.612951761211829e-11,1.4458093515525345e-11,1.2663917302706945e-11,2.4454691652588416e-12
sub-024,T4,2.7628611046264576e-10,4.9720943582180383e-11,1.2959827046220903e-11,1.2383357497940383e-11,2.7244573100383282e-12
sub-024,T5,2.703555160323422e-10,4.723238320287124e-11,1.3845390925368335e-11,1.2892306596157855e-11,2.8607029750393915e-12
sub-024,T6,2.6560766738053436e-10,4.6649804628370756e-11,1.310323455890825e-11,1.2349556589457603e-11,2.7689649583894653e-12
sub-024,Fz,2.774235772765714e-10,4.851965820701947e-11,1.3362261127965611e-11,1.156596712299427e-11,1.874613509607669e-12
sub-024,Cz,2.546134098460562e-10,3.07445646393101e-11,9.296619652827571e-12,1.0204520155420554e-11,1.6591356865810614e-12
sub-024,Pz,2.6006425295990523e-10,3.444539266466602e-11,1.0225216759263303e-11,9.549107336398308e-12,1.8249165671385283e-12
sub-025,Fp1,5.520892746589251e-10,4.516565841855398e-11,2.0611926015312413e-11,2.1377281376971385e-11,1.1812256570371127e-11
sub-025,Fp2,8.296865482642945e-10,4.7073645144299883e-11,2.1349465334292638e-11,1.9968739260014004e-11,1.0523987693112541e-11
sub-025,F3,3.4280032852721574e-10,3.8920282555452273e-11,1.5775132023847184e-11,1.7119501431840962e-11,1.1682198822715722e-11
sub-025,F4,3.620509442084464e-10,4.149219975025827e-11,1.7135231369740953e-11,1.993070254376992e-11,1.4625942469859402e-11
sub-025,C3,3.395382251102747e-10,3.56231272571989e-11,1.0932369923485405e-11,1.358543178384719e-11,6.4593542929420855e-12
sub-025,C4,3.401283420285166e-10,3.588823964320347e-11,1.0995799363465332e-11,1.3240006539525804e-11,6.2574740821051845e-12
sub-025,P3,3.440339004517605e-10,4.768501078961889e-11,3.2311379414698273e-11,1.5054356361900265e-11,5.452790449307326e-12
sub-025,P4,3.480562590315924e-10,5.2836319246433296e-11,4.1062060150330136e-11,1.6413989065577225e-11,6.35179316061616e-12
sub-025,O1,3.628218229145334e-10,8.822959985268543e-11,9.759349315195633e-11,2.2774715781633118e-11,8.6448032643905e-12
sub-025,O2,3.678072753534196e-10,9.172102237579568e-11,1.0398189242283805e-10,2.38473443008441e-11,8.684668596730925e-12
sub-025,F7,3.546694392735111e-10,3.9850429780805344e-11,1.6860304605214813e-11,5.553222960683794e-11,6.05286759208424e-11
sub-025,F8,3.586273910481308e-10,4.023000707058328e-11,1.6714008918359846e-11,4.479075739943173e-11,4.0485013028767006e-11
sub-025,T3,3.4976476588426354e-10,4.1093846860818695e-11,1.7940524989473226e-11,4.717957391729784e-11,5.399757350349176e-11
sub-025,T4,3.5194164766754256e-10,4.2178022749911176e-11,1.856925420196822e-11,3.494081649472337e-11,3.18020888242913e-11
sub-025,T5,3.486758796584442e-10,6.433082510888071e-11,5.338845616245823e-11,2.450810755578371e-11,1.3177115918528216e-11
sub-025,T6,3.4973745606243916e-10,7.277424646792552e-11,6.890890478151337e-11,2.3310701260566606e-11,1.0210985235022862e-11
sub-025,Fz,3.4063664134031435e-10,3.984847383797894e-11,1.7411433647239527e-11,1.3249097593426737e-11,4.125171168189613e-12
sub-025,Cz,3.400598535112309e-10,3.6289111426519174e-11,1.1606923386648182e-11,1.167595849378008e-11,3.427399399735799e-12
sub-025,Pz,3.4467996449805103e-10,4.531062083360347e-11,2.893498082316271e-11,1.3679817201682457e-11,4.992206813047821e-12
sub-026,Fp1,5.762260672149509e-10,8.399558166439466e-11,2.0036814968395202e-11,4.118492177467368e-11,4.8366147687766845e-11
sub-026,Fp2,7.139971955022454e-10,9.444549167776051e-11,2.0147591976979472e-11,4.066554046898416e-11,4.6631274039608565e-11
sub-026,F3,2.8746206926643956e-10,4.052224507121766e-11,1.13800080785493e-11,3.578947155407373e-11,4.3898625813110186e-11
sub-026,F4,3.047152626809386e-10,4.168331313996825e-11,1.2387114551545544e-11,5.192000791388263e-11,6.755259125748725e-11
sub-026,C3,2.6530040742093514e-10,3.0043743304239236e-11,9.213473292667648e-12,2.483303127317698e-11,2.8768045961780825e-11
sub-026,C4,2.6545337933472635e-10,2.9963974590840105e-11,9.190784679051569e-12,2.4894553334709696e-11,2.946872532409069e-11
sub-026,P3,2.8471520641956406e-10,3.432923782111543e-11,1.0484411959733056e-11,2.3102905812306108e-11,2.4843021264048373e-11
sub-026,P4,2.805742719033054e-10,3.5537980714058065e-11,1.0757844019099162e-11,2.4495916851609166e-11,2.7720910924327018e-11
sub-026,O1,3.4432250154171047e-10,4.2709453064175885e-11,1.5155316827828017e-11,3.710564797557276e-11,4.267266881576304e-11
sub-026,O2,4.1746300306504884e-10,4.826758512965054e-11,1.6495253987766617e-11,3.8937383428733345e-11,4.44563508727685e-11
sub-026,F7,3.390588867194859e-10,5.447173484823509e-11,2.3078515084512205e-11,1.8215044863771927e-10,2.534893431770199e-10
sub-026,F8,4.02630064894933e-10,5.4449168672128736e-11,1.8128163974826897e-11,9.217530884665614e-11,1.4684241333304088e-10
sub-026,T3,2.9453391338155344e-10,3.7589820332497677e-11,1.331027684705639e-11,6.036671361177529e-11,6.659321352237751e-11
sub-026,T4,3.092394342426342e-10,3.9603024811411925e-11,1.3961914827636855e-11,6.7554428237192e-11,9.73435922541268e-11
sub-026,T5,2.9413064423925256e-10,3.623782958653762e-11,1.1643032504366752e-11,3.303694612286549e-11,3.6126121089999085e-11
sub-026,T6,2.9832911638735563e-10,4.615920903603446e-11,1.420557932937731e-11,3.369577224649034e-11,3.874892334779457e-11
sub-026,Fz,2.807464395223601e-10,3.7637262329770293e-11,1.056662657220419e-11,2.0777739129042394e-11,2.0477641254551704e-11
sub-026,Cz,2.680281743917109e-10,3.0874982957407055e-11,1.0328180370654192e-11,2.0962889576121876e-11,2.0724779847601553e-11
sub-026,Pz,2.8228796367053195e-10,3.381097841142753e-11,1.0522000597689131e-11,2.4285454581991345e-11,2.8052374679284906e-11
sub-027,Fp1,1.722102452599409e-09,9.845085047527462e-11,2.5131367108693612e-11,4.317140579297135e-11,1.3460337260075757e-11
sub-027,Fp2,7.596817699545691e-10,8.817778926318483e-11,2.1387608456645537e-11,2.8176495817845316e-11,1.4012040715191155e-11
sub-027,F3,6.082798796434657e-10,8.523336256775774e-11,1.836868482353452e-11,2.2529769100741908e-11,8.534422314822938e-12
sub-027,F4,5.826077655245906e-10,7.92987449716887e-11,1.825458760807348e-11,2.4402091932513727e-11,1.301201244067808e-11
sub-027,C3,4.669943171222617e-10,4.83987187965002e-11,1.5479709792498294e-11,1.9909584226386788e-11,7.2215590238505845e-12
sub-027,C4,4.733387033413228e-10,4.846205073040958e-11,1.6124161212697044e-11,1.99211958939453e-11,7.603122912061744e-12
sub-027,P3,4.902996000136727e-10,5.693675812730636e-11,1.785740734415622e-11,2.048835208601501e-11,7.073568256202821e-12
sub-027,P4,5.088382772779039e-10,6.040246670882803e-11,1.7131262501550765e-11,1.8645577740465396e-11,5.393816364000328e-12
sub-027,O1,5.152394871800251e-10,6.885664377036224e-11,2.2739357925552367e-11,2.356270465472368e-11,7.523850912225032e-12
sub-027,O2,5.441530210302791e-10,7.334967672530137e-11,2.2057970839080708e-11,2.294336014328692e-11,7.539801834758534e-12
sub-027,F7,6.21846681379665e-10,7.937402474499178e-11,2.399205852668534e-11,3.7538066289216595e-11,2.6326689567515128e-11
sub-027,F8,6.425679550150607e-10,8.629934997664412e-11,2.2011237846544022e-11,4.154787402992714e-11,3.388885823161518e-11
sub-027,T3,5.343577286881728e-10,6.510007664120031e-11,2.2590306917410203e-11,3.5693176658406816e-11,2.0718230388584565e-11
sub-027,T4,3.390798605257024e-09,4.671752740955982e-10,2.2130064849018574e-10,3.929981155603421e-10,2.982086801148688e-10
sub-027,T5,5.119750062306333e-10,6.123590771324852e-11,1.9594066156997622e-11,2.6196200673054632e-11,1.4236258304556163e-11
sub-027,T6,5.273824618743878e-10,6.864976104722577e-11,2.0032371318465595e-11,2.274616986933973e-11,9.102855078927213e-12
sub-027,Fz,6.257533516058475e-10,1.2248467050202757e-10,3.812745264668476e-11,3.163092620305942e-11,2.2329342800447438e-11
sub-027,Cz,6.42403187414749e-10,6.647144757961544e-11,2.247886217845453e-11,2.854721194405651e-11,6.841838486699782e-12
sub-027,Pz,5.062538112943053e-10,5.988274067998171e-11,1.7604558172929794e-11,1.939406561020642e-11,6.119613434882443e-12
sub-028,Fp1,4.3370437155472235e-10,5.856514772689616e-11,1.4671585466213443e-11,1.5736886819000482e-11,5.002919332766241e-12
sub-028,Fp2,4.137646896537896e-10,5.572153945564967e-11,1.4307628916293243e-11,1.439432207818588e-11,3.5505599390405222e-12
sub-028,F3,2.5926252326214e-10,4.3992691501555126e-11,1.1472145182932199e-11,1.1653498110476593e-11,2.3216604940815574e-12
sub-028,F4,2.5711918652794365e-10,3.8870510396902365e-11,1.1263778505755193e-11,1.1756856215917242e-11,2.333218391518678e-12
sub-028,C3,2.376570024082275e-10,3.0916448311725366e-11,8.529047308037474e-12,8.769739285544596e-12,1.5398727470374586e-12
sub-028,C4,2.386983276105991e-10,3.0997692821433434e-11,8.798238868688105e-12,9.543750625080428e-12,1.826781820081286e-12
sub-028,P3,2.449465531725647e-10,3.4370687207508024e-11,1.0534688728047197e-11,1.0534743602937177e-11,2.0186032860480676e-12
sub-028,P4,2.4482956630389555e-10,3.217405899564792e-11,9.186530167853281e-12,9.617005728654755e-12,1.8280645276715502e-12
sub-028,O1,2.5076189398711324e-10,3.5541801357386395e-11,1.1752966080254177e-11,1.1936004091334109e-11,3.079295941528098e-12
sub-028,O2,2.4369269637528886e-10,3.2592901721495696e-11,1.0357856635626104e-11,1.0921155720808406e-11,2.753574193028252e-12
sub-028,F7,2.769311921360856e-10,5.283784272301581e-11,1.3161308753965821e-11,1.2791138562583162e-11,2.9675861466779103e-12
sub-028,F8,2.804758648602638e-10,4.7344320668659314e-11,1.2860256813493213e-11,1.3237028389139895e-11,3.621786175512103e-12
sub-028,T3,2.600668755207006e-10,4.869552883424079e-11,1.2549537663501013e-11,1.1984152342618455e-11,2.7032113029575117e-12
sub-028,T4,2.469726262856483e-10,3.844722470850949e-11,1.071541667922932e-11,1.1252288575044636e-11,3.0624444823904333e-12
sub-028,T5,2.4395587924723313e-10,3.89468258122302e-11,1.1445927061093981e-11,1.1637890139345083e-11,2.6623857781425734e-12
sub-028,T6,2.43856969791073e-10,3.4650936101680875e-11,1.0505811634059112e-11,1.0734166291891186e-11,2.2744622896089496e-12
sub-028,Fz,2.6138497289199495e-10,4.1580415682454276e-11,1.1312450017484283e-11,1.0981391639160434e-11,1.9311579359758463e-12
sub-028,Cz,2.3807606180834456e-10,2.870016494335864e-11,8.892936579496687e-12,1.0252235620202143e-11,1.7114214674308786e-12
sub-028,Pz,2.3917458290803435e-10,2.959986884072658e-11,9.031351935995682e-12,9.377033522667625e-12,1.836535737190117e-12
sub-029,Fp1,7.896458935205825e-09,1.1918882762865158e-09,1.1507861622622864e-10,1.5517323300202222e-10,3.626202630117996e-11
sub-029,Fp2,6.794310977906844e-09,5.194091718516844e-10,1.4291464554247152e-10,1.1448591392687605e-10,2.4460679180153016e-11
sub-029,F3,1.0177945145086903e-08,8.600709698309251e-10,2.3214891255466507e-10,1.3118503248120546e-10,2.3500966071633393e-11
sub-029,F4,6.935635032534335e-09,5.531772340164944e-10,1.4714345162725029e-10,1.206306520354535e-10,2.5781766715036207e-11
sub-029,C3,6.980511590218915e-09,5.54952051931204e-10,1.464108788618696e-10,1.1374343826565978e-10,1.969765887993483e-11
sub-029,C4,6.923115239354141e-09,5.420308846465925e-10,1.436298833987109e-10,1.1302671255571367e-10,1.9866853590399953e-11
sub-029,P3,6.897648669349479e-09,5.484610405014872e-10,1.4590324238822425e-10,1.1342005885466527e-10,1.9978917316371155e-11
sub-029,P4,6.881126459294549e-09,5.418625013902801e-10,1.446855094719952e-10,1.1312771702215118e-10,2.0042380614946288e-11
sub-029,O1,6.8946318470975225e-09,5.470322273491184e-10,1.4817346295456117e-10,1.1569740609002844e-10,2.120951994683159e-11
sub-029,O2,6.812832133812544e-09,5.288364209987598e-10,1.4649892714464503e-10,1.139990093325038e-10,2.1888611437694114e-11
sub-029,F7,8.574457425028272e-09,4.601923418304419e-10,1.4049421641751e-10,1.2721335718085961e-10,2.3301977851118102e-11
sub-029,F8,1.2108689429610333e-08,1.7583503744262048e-09,5.798798001577751e-10,7.699121247519484e-10,7.598715893390458e-10
sub-029,T3,6.964246090913394e-09,5.59640375405468e-10,1.4678832417283068e-10,1.1621676412754388e-10,2.1835096069602113e-11
sub-029,T4,6.9087772469852775e-09,5.561262297018052e-10,1.4558951897691633e-10,1.1625569239067115e-10,2.1904957905037074e-11
sub-029,T5,6.8624602824818085e-09,5.451076587110464e-10,1.457106026944687e-10,1.1294871917528133e-10,2.025378204737023e-11
sub-029,T6,6.8745971351562134e-09,5.426852207593521e-10,1.4561445049441728e-10,1.1340862497590705e-10,2.1010275413444384e-11
sub-029,Fz,6.932636928297319e-09,5.505659553814319e-10,1.4518238301211408e-10,1.1311178811505326e-10,1.9978950344066367e-11
sub-029,Cz,6.929895295108928e-09,5.429636017097894e-10,1.4552064590749583e-10,1.1513608970229504e-10,1.9830833144004568e-11
sub-029,Pz,6.966490835187089e-09,5.571295781400183e-10,1.470770093737818e-10,1.156485955746001e-10,2.0082768714777464e-11
sub-030,Fp1,1.1329160994590781e-09,1.1848879415653487e-10,2.8093185487096296e-11,4.141508333756901e-11,2.4613533186983926e-11
sub-030,Fp2,1.086020222937123e-09,1.0988359408843277e-10,2.579694288342305e-11,6.522666782805909e-11,4.090990007725141e-11
sub-030,F3,6.314185517730287e-10,9.66183530051308e-11,2.1971423367245794e-11,1.808739754992959e-11,5.056174785822601e-12
sub-030,F4,5.263640326787287e-10,8.033479247015237e-11,1.9606187540947463e-11,2.8112313938118568e-11,1.1020262443515545e-11
sub-030,C3,4.2900081488982743e-10,5.1319861986724786e-11,1.4902389933463163e-11,1.2836606787727354e-11,2.7410385161965617e-12
sub-030,C4,4.1893648619463845e-10,5.0624867617516106e-11,1.4878382389726476e-11,1.2571271249538907e-11,2.750548978945284e-12
sub-030,P3,4.3652133471542946e-10,5.715710030905766e-11,1.5898506815635283e-11,1.3378318093216426e-11,3.5911259152280646e-12
sub-030,P4,4.639901169395966e-10,6.13872858312756e-11,1.8152514870532e-11,1.8834703407633228e-11,8.787907103862222e-12
sub-030,O1,4.782471272705291e-10,7.036142648239577e-11,2.1080701867150594e-11,2.690682345914079e-11,1.741610789267459e-11
sub-030,O2,2.742736033991199e-08,4.646059472455764e-09,2.0580799796762865e-09,3.111970833338524e-09,1.403662934848366e-09
sub-030,F7,7.247661557625984e-10,1.1806719778311075e-10,3.0223089089993993e-11,2.1607721181184614e-11,7.872609250896785e-12
sub-030,F8,5.795116787073322e-10,9.608874936744351e-11,2.4914013636196798e-11,2.4880533791985163e-11,1.3806574974586666e-11
sub-030,T3,6.647616759921547e-10,1.0520418158665855e-10,2.5807404544380453e-11,1.7391640651117294e-11,3.839786489926045e-12
sub-030,T4,5.179049918355579e-10,7.769508493006175e-11,2.1321427840271576e-11,2.103146269210875e-11,1.1306381481635449e-11
sub-030,T5,5.364078127207956e-10,8.216752531129183e-11,2.285205278909282e-11,1.783752261510696e-11,5.799591893202921e-12
sub-030,T6,4.781697099135727e-10,6.508940214067164e-11,1.9327044459027863e-11,2.0605396214048893e-11,1.0205226938068006e-11
sub-030,Fz,9.481869995758597e-10,1.5383329371810613e-10,3.5191261638951426e-11,4.015478573166876e-11,1.0747486645826404e-11
sub-030,Cz,9.792884772450347e-10,7.264583981277987e-11,2.0217850447907172e-11,2.613780388452731e-11,9.788762675103189e-12
sub-030,Pz,5.708040442082856e-10,6.621296044941462e-11,1.7558465773367426e-11,1.7849429767633885e-11,7.094145124404909e-12
sub-031,Fp1,9.661540032192453e-10,1.1404419861680486e-10,4.1587214375932356e-11,5.656003077283136e-11,2.059291227408384e-11
sub-031,Fp2,9.897644084085125e-10,1.1610589261483375e-10,4.209024337895404e-11,5.835938706891929e-11,2.120494461561032e-11
sub-031,F3,9.230774552280526e-10,1.0857528341082041e-10,3.8352778219831645e-11,5.0887621731796634e-11,1.9551664759711908e-11
sub-031,F4,9.716853161955323e-10,1.0917117262221526e-10,3.905272750174355e-11,5.381835000495357e-11,1.9859580277066967e-11
sub-031,C3,9.221822722204596e-10,1.0615354000391464e-10,3.637849185340821e-11,4.9300693589586824e-11,1.801890241614896e-11
sub-031,C4,9.298155818267619e-10,1.073903020579998e-10,3.73519457436895e-11,5.0224347605890913e-11,1.809566551663858e-11
sub-031,P3,8.738317508276275e-10,1.0577910313122251e-10,4.186869360808118e-11,4.8201339699298254e-11,1.576892620885484e-11
sub-031,P4,9.296374050057923e-10,1.0892831905653017e-10,4.1351299690956876e-11,4.9022302119779714e-11,1.4635859234567407e-11
sub-031,O1,9.379471159892267e-10,1.2322654118835384e-10,5.790706859111548e-11,5.587584760164541e-11,1.7260218785080916e-11
sub-031,O2,1.0228702529811474e-09,1.313726403910274e-10,6.723179011011895e-11,5.561892933970716e-11,1.7332316947872994e-11
sub-031,F7,9.530125913741291e-10,1.1162043289379118e-10,4.012283627334693e-11,6.394148881238717e-11,2.7750009315385543e-11
sub-031,F8,1.0670544717643233e-09,1.1694532549361554e-10,4.2873954015636684e-11,6.310655644282758e-11,2.07897510507135e-11
sub-031,T3,9.410206451903376e-10,1.1427286070675499e-10,4.2117471636890556e-11,5.850060577462635e-11,2.341072441579738e-11
sub-031,T4,9.291979081384649e-10,1.102020346705555e-10,3.992211190316395e-11,6.382032137984699e-11,2.549511843625068e-11
sub-031,T5,9.250676582073976e-10,1.2839069900499496e-10,5.887119864047075e-11,5.3906750510427645e-11,1.824590783382286e-11
sub-031,T6,9.625856030468963e-10,1.242042722114641e-10,5.4342425288243816e-11,5.445490775238873e-11,1.7751960491173696e-11
sub-031,Fz,9.331862840246617e-10,1.1252454937246856e-10,4.056825143630014e-11,5.2055714742997595e-11,1.6897272479839224e-11
sub-031,Cz,9.32418712629513e-10,1.0882517596891814e-10,3.815579447108838e-11,5.086536566082986e-11,1.604130482576891e-11
sub-031,Pz,9.198572299536055e-10,1.070368142347023e-10,4.285926265829131e-11,5.0704139712705583e-11,1.604160154625902e-11
sub-032,Fp1,2.1307125048406803e-09,1.0901487054169662e-09,7.728964915129321e-10,1.2566500780022355e-09,3.9954873161302345e-10
sub-032,Fp2,2.059858550214375e-09,1.0919573064960669e-09,7.735294531516833e-10,1.2600484972936294e-09,4.01506411795084e-10
sub-032,F3,1.917107114131349e-09,1.0674155049639094e-09,7.678596573649835e-10,1.2516534951562187e-09,3.966829651811991e-10
sub-032,F4,1.9151884225540912e-09,1.0699418145234003e-09,7.717021746686802e-10,1.2529652420392632e-09,3.9664016188340555e-10
sub-032,C3,1.8948107646773396e-09,1.054722499210965e-09,7.654794914290304e-10,1.2510784905874666e-09,3.9647295524732215e-10
sub-032,C4,1.8988953239934625e-09,1.057685169705961e-09,7.689377727714665e-10,1.2515952127774982e-09,3.962008807764903e-10
sub-032,P3,1.8965009308444534e-09,1.0567332422437736e-09,7.664813826330266e-10,1.2514812316551731e-09,3.966415873618147e-10
sub-032,P4,1.9017823045218357e-09,1.06434264690863e-09,7.711184871038487e-10,1.2536588282235973e-09,3.9674713378517924e-10
sub-032,O1,1.908702005843594e-09,1.0715496574046855e-09,7.720539137851733e-10,1.2554898432907522e-09,3.972681677401169e-10
sub-032,O2,1.9133405813648857e-09,1.0769262012744018e-09,7.797975642390542e-10,1.2592833332049096e-09,3.973476161888724e-10
sub-032,F7,1.9344983027341568e-09,1.0748424811945974e-09,7.705542214940393e-10,1.2556085921177514e-09,3.9787706158758093e-10
sub-032,F8,1.9780761746877107e-09,1.0835138988298282e-09,7.742060101168727e-10,1.2568706231854178e-09,3.98233270865904e-10
sub-032,T3,1.9105409070923923e-09,1.0696628562681597e-09,7.709575575366889e-10,1.2541812694348646e-09,3.9721146208560135e-10
sub-032,T4,1.918830266468398e-09,1.0748095351616857e-09,7.725270877137883e-10,1.2537552006110496e-09,3.9716014570193066e-10
sub-032,T5,1.9059189094100054e-09,1.0668067199150231e-09,7.696515477759877e-10,1.2541531434984663e-09,3.9727621319130997e-10
sub-032,T6,1.915886151713738e-09,1.0822014811280893e-09,7.791473281896674e-10,1.2591584748977929e-09,3.9756957100952203e-10
sub-032,Fz,1.923149251366393e-09,1.0715102112878696e-09,7.710670264341617e-10,1.2516509908422564e-09,3.9634484139767943e-10
sub-032,Cz,1.90039677291482e-09,1.054284384200128e-09,7.66968374660501e-10,1.2497326875882924e-09,3.963577234344174e-10
sub-032,Pz,1.900102613422784e-09,1.0591597061881162e-09,7.67146628372886e-10,1.250788525294792e-09,3.965220984810787e-10
sub-033,Fp1,2.7296414455286205e-10,3.239811465050456e-11,1.476528288377793e-11,3.5644909078460384e-11,1.532401454621172e-11
sub-033,Fp2,2.807978464882082e-10,3.224521332694985e-11,1.4309793260585565e-11,3.9248628063897734e-11,1.4736781252759995e-11
sub-033,F3,2.4235849204109745e-10,2.979630428430903e-11,1.2301164714314757e-11,2.6895701083505284e-11,1.0861860547231564e-11
sub-033,F4,2.4181157099022084e-10,2.955972087329333e-11,1.1329583277109327e-11,2.920825323196446e-11,9.954187863962507e-12
sub-033,C3,2.335098244969634e-10,2.646828082371336e-11,1.0207769705428982e-11,1.3291738228104982e-11,2.749647852587543e-12
sub-033,C4,2.352409170806023e-10,2.6474817064430644e-11,1.0428518596095051e-11,1.3492008162440372e-11,2.777515034668346e-12
sub-033,P3,2.352959180891617e-10,2.7506553778626718e-11,1.3337327201011631e-11,1.5857136713008425e-11,3.9485817623383394e-12
sub-033,P4,2.384010247679998e-10,2.857003882241151e-11,1.4064170347798985e-11,1.6164645393164188e-11,4.31125970774533e-12
sub-033,O1,2.403300987734119e-10,3.09066382562009e-11,1.813757573007138e-11,2.0620104507199154e-11,5.4326461947242535e-12
sub-033,O2,2.4185674307503905e-10,3.018811512549519e-11,1.3924950832530639e-11,1.6952053474305392e-11,5.729984556100578e-12
sub-033,F7,2.571044074687758e-10,3.905458409580606e-11,2.369741594335522e-11,2.389712393402753e-11,6.774777350409167e-12
sub-033,F8,2.550307790159163e-10,3.200601263226346e-11,1.595140964212163e-11,3.033085766570137e-11,8.53766201255093e-12
sub-033,T3,2.430330972274624e-10,3.603325014873608e-11,2.7461971558027123e-11,2.4646533733449742e-11,8.497579415797633e-12
sub-033,T4,2.4361892901856936e-10,3.57795626352845e-11,2.2462921718343514e-11,2.2984310156899507e-11,7.520559439814378e-12
sub-033,T5,2.394969538580773e-10,3.202847961004502e-11,2.1963192367848865e-11,2.1111098377565973e-11,5.738392385632724e-12
sub-033,T6,2.4012579552926465e-10,3.1360887118545693e-11,1.785343215948544e-11,1.964227240849913e-11,6.738134152365789e-12
sub-033,Fz,2.4200691042341816e-10,3.2944258853568146e-11,1.1842835257189488e-11,2.333806345402506e-11,9.025508451902706e-12
sub-033,Cz,2.3662317467788805e-10,2.8331217890139948e-11,9.482728863441429e-12,1.430364052112137e-11,3.242696251459647e-12
sub-033,Pz,2.3667518733019887e-10,2.7266401930626353e-11,1.00568098977332e-11,1.2297304180817113e-11,3.3980276033491663e-12
sub-034,Fp1,3.625651931475406e-10,3.9077253733519856e-11,9.949694549474513e-12,1.279669404357101e-11,3.928099448807214e-12
sub-034,Fp2,3.505072904426784e-10,3.7018637752830466e-11,9.801519064146414e-12,1.2742324546417134e-11,4.2753636383853245e-12
sub-034,F3,3.5613453084977893e-10,3.2080193558763104e-11,8.927916212071553e-12,1.1206730671702827e-11,2.6978359077053774e-12
sub-034,F4,2.8013124044169086e-10,3.041970319067791e-11,8.736071784800359e-12,1.04219880820309e-11,2.4461324180292383e-12
sub-034,C3,2.786415351068514e-10,2.8949209751275585e-11,8.437430196891594e-12,1.0429731358158048e-11,2.2134692104722275e-12
sub-034,C4,2.8123611795880366e-10,2.929268246524079e-11,8.640509402698524e-12,1.069717478669794e-11,2.219229777616018e-12
sub-034,P3,3.0132671729684257e-10,3.0999641081241e-11,9.492750552210917e-12,1.2438663433673486e-11,2.0798786770574925e-12
sub-034,P4,2.810251775469864e-10,3.065837598190065e-11,9.829175960590325e-12,1.2365757273813992e-11,2.292747829118236e-12
sub-034,O1,2.8435736845811105e-10,3.394420983003177e-11,1.1969590106508688e-11,1.4056424237366895e-11,2.3792958017788076e-12
sub-034,O2,2.8856472542194756e-10,3.454101266088471e-11,1.2259239501974296e-11,1.4032871361463525e-11,2.568655465268513e-12
sub-034,F7,3.035720419328218e-08,3.4491124730205736e-09,1.3200035077118928e-09,1.0716905469025848e-09,1.0974444150192286e-09
sub-034,F8,2.949485256486684e-10,3.581569079191104e-11,9.965281672660134e-12,1.1785020353475131e-11,3.2023335066988444e-12
sub-034,T3,2.876028655382157e-10,3.459969342771414e-11,9.41690608549031e-12,1.3824787345056523e-11,5.767715967724553e-12
sub-034,T4,2.81961398000962e-10,3.69631240423581e-11,1.0014347794312559e-11,1.1265269254004955e-11,2.729350614431466e-12
sub-034,T5,2.8231848359455307e-10,3.373818307625856e-11,1.0594383714934164e-11,1.3218032117392035e-11,2.249480195534839e-12
sub-034,T6,2.798148083893568e-10,3.6484737577263216e-11,1.16335788134209e-11,1.2985461651040132e-11,2.5307582975909542e-12
sub-034,Fz,2.7969295600216966e-10,2.9486572470342966e-11,8.410749995135827e-12,9.962243119696592e-12,2.0131557211871068e-12
sub-034,Cz,2.7863165450004726e-10,2.8355096010462894e-11,8.052126314902203e-12,9.209076453767972e-12,1.8805507055575278e-12
sub-034,Pz,2.796854557197004e-10,2.967696735521031e-11,8.747563781861879e-12,1.0872699042346826e-11,2.0700582034514975e-12
sub-035,Fp1,3.311016201838281e-10,3.4850898476099184e-11,1.2454713806195946e-11,1.4017993850092409e-11,5.381846897954172e-12
sub-035,Fp2,3.1384853343322696e-10,3.521954403105479e-11,1.280794458266439e-11,1.7082865079173218e-11,7.757966278112557e-12
sub-035,F3,2.537478591675695e-10,3.046248388436241e-11,1.000504116387234e-11,1.0959741041139252e-11,3.364968227459953e-12
sub-035,F4,2.4906560984719884e-10,3.042731291014955e-11,1.0212259991873744e-11,1.1241018925112489e-11,3.3425401124657016e-12
sub-035,C3,2.36937325292309e-10,2.6933991222050814e-11,7.833309297527452e-12,8.655308992606398e-12,2.2072918861519422e-12
sub-035,C4,2.350911723707272e-10,2.674244178187111e-11,7.803056198884534e-12,8.7321062011613e-12,2.190309492567492e-12
sub-035,P3,2.419990828985459e-10,2.7643360370010168e-11,8.470280078275251e-12,9.713367920322114e-12,3.3042875921702255e-12
sub-035,P4,2.4290455090119297e-10,2.721618379841133e-11,8.37123318773117e-12,8.979489066261526e-12,2.3489008619407164e-12
sub-035,O1,2.5189847175830716e-10,2.9227613171077576e-11,9.201263512407478e-12,1.1590496049774416e-11,5.212975029328215e-12
sub-035,O2,2.5180680872874426e-10,2.8875419300533018e-11,9.04457306931853e-12,1.0027745600553309e-11,3.5296897386104564e-12
sub-035,F7,2.7228377898878447e-10,4.438060938344248e-11,1.4337412899503637e-11,1.4048761249543105e-11,4.9115138047694084e-12
sub-035,F8,2.6673014113358684e-10,4.388777300390122e-11,1.3374417697713402e-11,1.4350172195732273e-11,4.333982694139406e-12
sub-035,T3,2.555695291445032e-10,3.6948912452548656e-11,1.147112251532588e-11,1.8475303736184438e-11,1.172299770371117e-11
sub-035,T4,2.472632617059393e-10,3.709072638841006e-11,1.151979697566312e-11,1.7436413736184968e-11,8.951379652688473e-12
sub-035,T5,2.5076035356979965e-10,3.037589777377035e-11,9.635269179506865e-12,1.3233791107487041e-11,6.332907177631979e-12
sub-035,T6,2.529958989964487e-10,2.996590698322704e-11,9.435640414825339e-12,1.1270747130799279e-11,3.864144925146883e-12
sub-035,Fz,2.487912401975295e-10,2.9691956556551106e-11,1.0337392811789278e-11,9.4929083989067e-12,2.252112163274099e-12
sub-035,Cz,2.3615859311607913e-10,2.642896778945581e-11,8.297865419478559e-12,8.389416177814317e-12,1.8099235286566975e-12
sub-035,Pz,2.4177987188113285e-10,2.6851342421724066e-11,8.289177098760372e-12,8.52366685338101e-12,2.191871334697536e-12
sub-036,Fp1,3.390073397730544e-10,4.320992555490315e-11,3.4181389744839144e-11,3.9563666549755596e-11,7.2169263810595075e-12
sub-036,Fp2,3.082793743531853e-10,3.90578357503892e-11,3.0750942112256524e-11,3.8326205810287625e-11,6.020741449794965e-12
sub-036,F3,2.453356327287423e-10,3.429057451428632e-11,2.6048073180019157e-11,3.2478924318306564e-11,3.992383520054169e-12
sub-036,F4,2.4716000634026924e-10,3.495714552485421e-11,2.5291861099226924e-11,3.240749487854643e-11,3.934534478321099e-12
sub-036,C3,2.378581897524024e-10,3.207071752716457e-11,2.8045563722965032e-11,2.7163366996097328e-11,2.1972865526640227e-12
sub-036,C4,2.3991579683874125e-10,3.218384817986127e-11,2.8426044676485175e-11,2.6881555110120146e-11,2.165734325743047e-12
sub-036,P3,2.397746160893627e-10,3.559470418365717e-11,3.729536780283244e-11,3.9421661795965576e-11,2.8541034241456404e-12
sub-036,P4,2.425119508777109e-10,4.1867309892136176e-11,4.0251800740874114e-11,3.466098012367785e-11,4.071553937421775e-12
sub-036,O1,2.423426638291902e-10,3.922593124839239e-11,3.9256670540874796e-11,3.917876523337778e-11,3.88732523563368e-12
sub-036,O2,2.446232360018304e-10,4.2959935848734116e-11,3.8220346867153325e-11,3.4290254390333273e-11,4.359930875564018e-12
sub-036,F7,3.0606045758163595e-10,5.033074254531177e-11,4.092984639975457e-11,3.74787441610292e-11,4.342373545959291e-12
sub-036,F8,2.878926275682164e-10,4.363129756772755e-11,3.549046503539309e-11,3.566501282466648e-11,3.82910758791948e-12
sub-036,T3,2.5702904194980626e-10,5.1730521853935384e-11,5.0784853603143185e-11,4.116652243814782e-11,5.1173614166402255e-12
sub-036,T4,2.548198165772423e-10,4.7398117506597613e-11,4.4075217262867494e-11,3.57037108260554e-11,3.725937414787844e-12
sub-036,T5,2.429099343451466e-10,4.13352408688804e-11,3.7993912919331065e-11,3.4745258029778385e-11,3.677632731457965e-12
sub-036,T6,2.4560887500822134e-10,5.433045813856037e-11,5.286059557155362e-11,4.419831355335756e-11,1.0083248948311314e-11
sub-036,Fz,2.4156603061919336e-10,3.622684931205836e-11,2.5675455319370575e-11,3.333156681055897e-11,3.3770528116284263e-12
sub-036,Cz,2.404095482119533e-10,3.353123287509752e-11,2.206046792086929e-11,2.848675387191687e-11,3.6028554496235553e-12
sub-036,Pz,2.4127425807655153e-10,3.4519043651694495e-11,2.7513395841476073e-11,2.8488127797130984e-11,2.825803524321893e-12
sub-037,Fp1,3.610585100507e-10,7.423178973784824e-11,2.7863604134680834e-11,2.1756368627998773e-11,4.829272256284406e-12
sub-037,Fp2,3.802149998330818e-10,7.195994308902834e-11,2.7405763520924793e-11,2.0989782466289576e-11,4.346089571839341e-12
sub-037,F3,3.298549257665387e-10,5.97829360412413e-11,2.1458149582345013e-11,1.9692751858998393e-11,3.815336017417448e-12
sub-037,F4,3.337443237935575e-10,6.350451066851574e-11,2.337001601032081e-11,1.8743616993694456e-11,3.3788206761175674e-12
sub-037,C3,3.212886340071401e-10,4.941052879959584e-11,1.70740445594419e-11,1.4709056389311067e-11,2.592563739012849e-12
sub-037,C4,3.2531701433175455e-10,5.2716710967002926e-11,1.8192666505718056e-11,1.640524955224092e-11,3.0876030210648094e-12
sub-037,P3,3.3092680191837606e-10,9.863228616540145e-11,4.3029548205364677e-11,1.828513692963624e-11,3.3264500721742075e-12
sub-037,P4,3.2818406603156294e-10,7.550869415483372e-11,3.0756196108217364e-11,1.7950672473577212e-11,3.0041739605562738e-12
sub-037,O1,3.2696812446421685e-10,1.4595583888017225e-10,7.210714051573483e-11,1.957074162705825e-11,4.369064303344906e-12
sub-037,O2,3.2937592852741944e-10,1.2822813120068572e-10,6.496088346432137e-11,2.0096207428697334e-11,3.5587765647114738e-12
sub-037,F7,3.4586676032891333e-10,7.446173730767989e-11,2.7123366035115943e-11,2.7002726321184843e-11,1.1609658006843825e-11
sub-037,F8,3.4127673470153314e-10,7.128125793112694e-11,2.7225084944477814e-11,2.0471635320668402e-11,3.837211249390909e-12
sub-037,T3,3.358837398609162e-10,6.583098431637163e-11,2.4434944794865614e-11,2.0681734037072053e-11,5.78153311818036e-12
sub-037,T4,3.365561259503245e-10,6.158466461605357e-11,2.3135322154628637e-11,1.9817856765273762e-11,4.7827965501089485e-12
sub-037,T5,8.668745336938229e-10,1.4688285463211128e-10,5.923857662771782e-11,2.5370881855934338e-11,4.8010015334147374e-12
sub-037,T6,3.310986179548774e-10,9.084533097010697e-11,4.0322267126013864e-11,2.090308686549842e-11,3.700553273933723e-12
sub-037,Fz,3.3046561501938467e-10,6.310359345251884e-11,2.3020679679176623e-11,1.7913888252849653e-11,3.106992274093296e-12
sub-037,Cz,3.237299905423798e-10,5.170760050437804e-11,1.7689856548382195e-11,1.4829580306641274e-11,2.847306293853263e-12
sub-037,Pz,3.1933025421244576e-10,9.417684890323927e-11,4.0348109835607847e-11,1.3227466901162496e-11,2.5370195251261795e-12
sub-038,Fp1,5.223442052220459e-10,3.726241320314446e-11,1.620497409331164e-11,1.946395292058162e-11,3.5954613624695968e-12
sub-038,Fp2,5.361062967198339e-10,3.7435551426690875e-11,1.5602787762625224e-11,2.1833795526106357e-11,4.283765130360905e-12
sub-038,F3,5.133279410874778e-10,3.473993978445297e-11,1.204413395008295e-11,1.7850724972360962e-11,2.767299681855145e-12
sub-038,F4,5.073473620373045e-10,3.529012239505471e-11,1.2288630096613437e-11,1.9757490567243584e-11,3.999407413515537e-12
sub-038,C3,5.228417728484023e-10,3.2672892933275235e-11,9.686665009014394e-12,1.4344717847666432e-11,2.1518910228345246e-12
sub-038,C4,4.973022859737605e-10,3.2864839186344565e-11,9.685437399085958e-12,1.3983528124967963e-11,2.165022736165929e-12
sub-038,P3,7.378905573021146e-10,3.511580419710537e-11,1.4409763876497593e-11,1.554218164313523e-11,2.3518988264015645e-12
sub-038,P4,6.808754526467257e-10,3.862161933644694e-11,1.7155860037435425e-11,1.5330303922482783e-11,2.1704004500807208e-12
sub-038,O1,6.038593612648651e-10,5.975991781379678e-11,4.173093997541563e-11,3.8566376494221233e-11,6.894729576411282e-12
sub-038,O2,6.324126075618828e-10,4.845435037201369e-11,4.584724900210138e-11,2.0159642293619466e-11,2.630238622909602e-12
sub-038,F7,5.1740779509602e-10,3.621898640984815e-11,1.6367385491228742e-11,2.0545060372478878e-11,6.562001557087264e-12
sub-038,F8,5.130057565171372e-10,3.7337227209143046e-11,1.623644456101788e-11,2.291794318215485e-11,6.657788590202837e-12
sub-038,T3,5.00279004761434e-10,3.5222523331935396e-11,1.4168694563034335e-11,1.5688849559737382e-11,3.2981618307023642e-12
sub-038,T4,4.969934939011957e-10,3.574574078664568e-11,1.3924408907952716e-11,1.7973285744764498e-11,4.838684884519163e-12
sub-038,T5,8.55012332373946e-10,5.1670318086701896e-11,2.6408813219177047e-11,1.910214780314754e-11,3.4086925048198687e-12
sub-038,T6,9.651482591430279e-10,4.537071527288735e-11,2.9604724417170344e-11,2.0356937718794646e-11,3.422010544822231e-12
sub-038,Fz,5.094968666014162e-10,3.464073707321772e-11,1.1148987113742532e-11,1.6886530508075334e-11,2.3578058473306095e-12
sub-038,Cz,1.3073231630194545e-09,4.422127691581388e-11,1.4707907723662636e-11,1.5108914028256713e-11,2.286128869196103e-12
sub-038,Pz,9.49727439032789e-10,3.3934612414053514e-11,1.4557092705072573e-11,1.3267368840657915e-11,2.27307486178416e-12
sub-039,Fp1,3.164786922290522e-10,6.058563504098188e-11,6.723772114562993e-11,3.5200981427399404e-11,1.7977594858646692e-11
sub-039,Fp2,3.149711741275342e-10,6.174803625137734e-11,6.606238639771916e-11,3.552231949423477e-11,1.865894385092671e-11
sub-039,F3,3.0510544079713586e-10,4.8588702677185546e-11,4.399523306495815e-11,2.154612589809405e-11,4.8999422359357674e-12
sub-039,F4,3.002345204643178e-10,5.4165038256928874e-11,5.01700384002144e-11,2.2480612991460318e-11,6.501156487036378e-12
sub-039,C3,2.9164132444339414e-10,3.9416567544275395e-11,2.8277825295945807e-11,1.5448860120086643e-11,2.3569837362639895e-12
sub-039,C4,2.9290217038010313e-10,3.865068526898801e-11,2.8309318167038702e-11,1.5326429057530244e-11,2.3697991228533304e-12
sub-039,P3,2.9516899140402455e-10,8.031625211100893e-11,7.410146096876879e-11,2.076971967654741e-11,3.1058610105215532e-12
sub-039,P4,7.361692652365927e-10,6.49648154004541e-11,4.805092589423698e-11,2.0339864554304227e-11,3.5273175652955382e-12
sub-039,O1,2.997164562819987e-10,1.3572844844657229e-10,1.2460034829762846e-10,2.3753479361629496e-11,4.555482953494246e-12
sub-039,O2,5.242820966170087e-10,1.1224498703081901e-10,1.1333829961325107e-10,2.6232201060769525e-11,5.824812047545546e-12
sub-039,F7,3.025159026731034e-10,5.365903076027142e-11,5.721827050930356e-11,2.423751100936774e-11,7.606793396353176e-12
sub-039,F8,3.0947391927857557e-10,5.7682834827362814e-11,6.268319624079018e-11,2.4698118010030268e-11,6.05980120869157e-12
sub-039,T3,2.9580369030591714e-10,5.855564605100265e-11,5.155277355067699e-11,1.8486374297254988e-11,4.111734464700102e-12
sub-039,T4,7.065095426416722e-10,5.3369002209326e-11,5.2233060530899334e-11,2.102882670438913e-11,7.53367699623963e-12
sub-039,T5,2.9931530916303214e-10,1.196298215024508e-10,1.0276962590628106e-10,2.2716188626400168e-11,4.125570398725845e-12
sub-039,T6,6.864048048872781e-10,1.1456664024715041e-10,1.009073670871046e-10,2.3206910104806478e-11,5.2515001375993005e-12
sub-039,Fz,3.059225421869712e-10,5.8012144136033334e-11,5.2791563521863567e-11,1.9444964882103446e-11,4.77842612291265e-12
sub-039,Cz,2.9448596169028483e-10,3.1327535585708997e-11,1.5113639042060955e-11,1.4053609714963573e-11,2.4245600532607395e-12
sub-039,Pz,2.9565605930067764e-10,7.413710258066529e-11,6.840668524025778e-11,1.7146776126771333e-11,2.8304641778506724e-12
sub-040,Fp1,1.0489462720882678e-09,1.2585269922809288e-10,4.8040399814183654e-11,4.9841421604254874e-11,1.4704867094974102e-11
sub-040,Fp2,1.0422624658457252e-09,1.2476515704407778e-10,4.679610259142569e-11,5.313757201961273e-11,1.7513488498309256e-11
sub-040,F3,9.947802444627078e-10,1.1835604561271566e-10,4.2581569221944434e-11,4.5166686428951035e-11,1.1874754381916717e-11
sub-040,F4,1.0377544948575369e-09,1.5652670023632864e-10,5.809159013221146e-11,5.2861573887592355e-11,1.346267438292482e-11
sub-040,C3,9.218259937357785e-10,1.1654796665691402e-10,3.556504434128184e-11,4.5691698365522515e-11,1.2999230248696199e-11
sub-040,C4,9.560532117728927e-10,1.2923790193715563e-10,3.81247931889544e-11,4.712760573224607e-11,1.2830492686250836e-11
sub-040,P3,9.702658183240057e-10,1.340966577196283e-10,5.3389912299171295e-11,4.919505281071652e-11,1.3251965617332618e-11
sub-040,P4,9.023438886184079e-10,1.3510105819080413e-10,6.044932818256757e-11,4.6578872184801517e-11,1.0607306122995597e-11
sub-040,O1,1.3357992059355476e-09,2.4788279550654216e-10,1.291734928386149e-10,5.7993428349052867e-11,1.6638002160014914e-11
sub-040,O2,1.0719680283834017e-09,1.889274953029863e-10,1.1348375773129657e-10,5.7038109633774403e-11,1.58624055741147e-11
sub-040,F7,1.0345206633810397e-09,1.2236433265363703e-10,4.708476906849798e-11,5.0274678767890623e-11,1.619502567311413e-11
sub-040,F8,1.1699221811169428e-09,1.253303899878139e-10,4.5260061452340956e-11,4.9707120622757245e-11,1.6377276078867898e-11
sub-040,T3,9.613540005426034e-10,1.3713370478607277e-10,6.36265527130784e-11,6.658150270453004e-11,2.6365473452695233e-11
sub-040,T4,1.826006154567489e-09,4.352103265938353e-10,1.2632151032748103e-10,1.0525530782073415e-10,3.460265866988337e-11
sub-040,T5,9.179291000579915e-10,1.479079865466722e-10,7.169174147193933e-11,5.449572645844488e-11,1.3928521416116007e-11
sub-040,T6,3.013771551655961e-09,3.3548080308345776e-10,1.4530897022749263e-10,1.05435454661016e-10,3.754478428402514e-11
sub-040,Fz,9.108630922282499e-10,1.198181821720599e-10,4.114522297204936e-11,4.310612069665087e-11,1.0709385322630968e-11
sub-040,Cz,9.176604439190748e-10,1.1739278860450315e-10,3.658524871818689e-11,4.293560508048442e-11,1.0938780511989734e-11
sub-040,Pz,9.16862783404388e-10,1.709284993761291e-10,7.902047927553696e-11,5.051476026077826e-11,1.3843631896422349e-11
sub-041,Fp1,2.9079767303001726e-10,3.030993107522458e-11,1.2785292093465334e-11,1.9032589951174265e-11,7.244977812074519e-12
sub-041,Fp2,2.89328421671908e-10,2.939879980071477e-11,1.2373315596518732e-11,1.755976238176951e-11,6.015392362903267e-12
sub-041,F3,2.60654385873828e-10,2.7084381790214138e-11,1.130610006587069e-11,1.9215340741668107e-11,9.702950171334398e-12
sub-041,F4,2.62727280414791e-10,2.7186682325910214e-11,1.130620292518706e-11,1.6535501632875637e-11,5.408883784328544e-12
sub-041,C3,2.5524774885095574e-10,2.5724848699787195e-11,8.843092197849688e-12,1.0899939782857123e-11,3.335414056110589e-12
sub-041,C4,2.5572667056330303e-10,2.610233946746985e-11,8.775959652258639e-12,1.082711515571313e-11,3.2059618510997827e-12
sub-041,P3,2.5702712792985114e-10,2.6967891498213105e-11,1.8542118806705885e-11,1.757108423485267e-11,4.200359033872364e-12
sub-041,P4,2.5672893863478383e-10,2.6915890290586182e-11,1.9251385037190502e-11,1.7790912129297743e-11,4.535294713678588e-12
sub-041,O1,2.5919577961679934e-10,2.878652433022031e-11,3.622237744281519e-11,2.9055348193377118e-11,1.8841904316939848e-11
sub-041,O2,2.591073430111453e-10,2.9962368670266566e-11,5.0431238344870866e-11,4.541189615420612e-11,3.352444607798827e-11
sub-041,F7,2.6564512789158665e-10,2.7722510992793193e-11,1.257215301774052e-11,3.231489237849849e-11,2.8825192278437226e-11
sub-041,F8,2.655087819622375e-10,2.801216091297859e-11,1.2240824067071245e-11,1.8801971452088413e-11,9.582464966665866e-12
sub-041,T3,2.576514920766064e-10,2.6906071068350038e-11,1.2961762136223818e-11,1.8670102476185492e-11,8.884430590496979e-12
sub-041,T4,2.586032002210187e-10,2.7446171842885647e-11,1.3363894906811216e-11,2.170917040290357e-11,1.2494856469759593e-11
sub-041,T5,2.5807937568136403e-10,2.844263663253164e-11,3.475341390587362e-11,2.4449232933901565e-11,7.08924144283283e-12
sub-041,T6,2.5751323036776335e-10,2.904974135344075e-11,3.704271521958632e-11,2.455444753503945e-11,7.533791012844738e-12
sub-041,Fz,2.6034912461163236e-10,2.7234059437120548e-11,1.1598933854413706e-11,1.526674658314969e-11,3.35184665262132e-12
sub-041,Cz,2.591760915022639e-10,2.678964279342678e-11,9.20998945702716e-12,1.1117516232981971e-11,2.9752608798151743e-12
sub-041,Pz,2.596776632235487e-10,2.7238575552679966e-11,2.0351038301447247e-11,1.5297860479533365e-11,4.07925553309549e-12
sub-042,Fp1,4.4704320926727247e-10,3.464663758954036e-11,2.1753565215834217e-11,1.9293097328266516e-11,5.4634867961794696e-12
sub-042,Fp2,3.7186015701545603e-10,3.552437108136216e-11,2.106337044936628e-11,2.0244312231351322e-11,6.786651770416848e-12
sub-042,F3,4.4050231710107e-10,2.986359596935531e-11,1.5938760149584172e-11,1.628329947233724e-11,4.184569622742702e-12
sub-042,F4,4.61945787709643e-10,3.013891864709028e-11,1.6278901497438832e-11,1.4091500304069669e-11,3.27935842004554e-12
sub-042,C3,2.5115362608545977e-10,2.683972811146649e-11,1.2320560110264207e-11,1.2148794818678789e-11,2.516489249335034e-12
sub-042,C4,2.5072151312079146e-10,2.654898362775073e-11,1.2005902105383686e-11,1.2141641349641398e-11,2.5188522492672513e-12
sub-042,P3,3.1862082146616866e-10,3.205087930650302e-11,3.076115683420972e-11,1.9260124246540733e-11,2.913046299446936e-12
sub-042,P4,2.899264020345763e-10,3.032487575968143e-11,2.270862622997937e-11,1.8056910330675066e-11,2.695383758202625e-12
sub-042,O1,3.0064072675496984e-10,4.2327472893360334e-11,4.780450455481562e-11,2.6133292593435367e-11,4.518409247062843e-12
sub-042,O2,2.82267832753918e-10,4.876991027469049e-11,6.598011541418876e-11,2.768457888170322e-11,3.85130222182102e-12
sub-042,F7,3.7304036675933133e-10,3.243928788694107e-11,2.1139117770838008e-11,1.9744244727433677e-11,5.753913617392298e-12
sub-042,F8,4.623109137432792e-10,3.28998265355656e-11,1.944989931099389e-11,1.9720583751765695e-11,6.9043958586434966e-12
sub-042,T3,3.619377648270853e-10,3.4273356924149e-11,2.7383979813008905e-11,2.2523267139636633e-11,5.615136709041385e-12
sub-042,T4,5.06734924014746e-10,3.395524630301042e-11,2.1663962863823317e-11,2.268162407787611e-11,8.49746933131862e-12
sub-042,T5,2.8302998791469847e-10,5.155553215415133e-11,7.563989116144714e-11,3.1269125138003806e-11,4.576119593349586e-12
sub-042,T6,2.8849135372125414e-10,3.943666907868614e-11,4.153328118660463e-11,2.2586688931394614e-11,3.614700047860782e-12
sub-042,Fz,2.6768862760822435e-10,3.039194947849617e-11,1.8406491697755185e-11,1.2556668986585211e-11,2.543842599758171e-12
sub-042,Cz,2.621510264695338e-10,2.7822652011672917e-11,1.2055246217881836e-11,1.0701593519200389e-11,2.3294908199744853e-12
sub-042,Pz,3.097784148414298e-10,3.0006456483339944e-11,1.6204647290549798e-11,1.5910629075803815e-11,2.8644340565228943e-12
sub-043,Fp1,8.609322944429729e-10,1.2315514362459031e-10,3.933325707728278e-11,4.0422717036170727e-11,5.845050663553232e-12
sub-043,Fp2,8.353770193017146e-10,1.177679755149719e-10,3.695688895850231e-11,3.5533572317826824e-11,4.309049546620552e-12
sub-043,F3,8.411322033495904e-10,1.2404663520838466e-10,3.980620921432889e-11,3.967474627476282e-11,5.260607405144162e-12
sub-043,F4,8.395740517549872e-10,1.2506300882258863e-10,4.025846541990786e-11,4.210473368693537e-11,5.845725019064517e-12
sub-043,C3,8.28544217759142e-10,1.218197846962139e-10,3.76068868258695e-11,3.458507944647842e-11,4.121745815306458e-12
sub-043,C4,8.286072523944533e-10,1.1871314731537707e-10,3.602515582899079e-11,3.134385645685822e-11,3.531266790713258e-12
sub-043,P3,7.885534702233619e-10,9.372691588633077e-11,2.5697624358694527e-11,1.528010595932286e-11,3.494410404379672e-12
sub-043,P4,8.281867422469874e-10,1.1889034265840756e-10,3.796949023524642e-11,2.924746355839701e-11,3.1007120095689763e-12
sub-043,O1,7.967090217697179e-10,1.0153924299258495e-10,3.2648046414920524e-11,1.819757574240082e-11,3.327851982396008e-12
sub-043,O2,1.3359444496542025e-09,2.778747951904768e-10,1.5667216955725655e-10,3.1727719301087033e-10,3.9446638349666236e-11
sub-043,F7,8.35076754100137e-10,1.2107728542182702e-10,3.930304238875706e-11,3.745399490601532e-11,7.744410443856827e-12
sub-043,F8,8.087290909314075e-10,1.1159849417036062e-10,3.402056475409809e-11,2.583776942435489e-11,3.0698432141330157e-12
sub-043,T3,8.410241607305553e-10,1.2590195304393516e-10,4.2690562286085286e-11,5.6110734221e-11,2.1781530387716354e-11
sub-043,T4,8.080398017406414e-10,1.142566842333094e-10,3.599013804327459e-11,2.953217568796506e-11,5.959266592276953e-12
sub-043,T5,7.215498011269016e-10,6.59643934749393e-11,2.1536555611224782e-11,1.3629295767024703e-11,4.821286009933383e-12
sub-043,T6,1.1312222448818616e-09,1.36917854157456e-10,4.2042683771021765e-11,2.5782893291853638e-11,2.5876414813126976e-12
sub-043,Fz,8.031942157525692e-10,1.0682915771592901e-10,3.1034709568999603e-11,2.3366201281859826e-11,2.5969877020343107e-12
sub-043,Cz,7.968802713099068e-10,1.0603000556292432e-10,3.01272093633493e-11,2.219048221575438e-11,2.7176201385538862e-12
sub-043,Pz,7.65748784186271e-10,8.751251840334515e-11,2.4765238224833768e-11,1.5456631892572776e-11,4.62111616209443e-12
sub-044,Fp1,3.4227772621258136e-10,3.864057149424456e-11,2.883944898557957e-11,1.591321182644809e-11,3.801782878294816e-12
sub-044,Fp2,3.278846969455279e-10,3.882886422151325e-11,4.1006993738952564e-11,1.739318951168847e-11,5.136259805740659e-12
sub-044,F3,2.779806152016529e-10,3.257354582267752e-11,1.8535682305837944e-11,1.2647480523582626e-11,2.164348960792072e-12
sub-044,F4,2.780840955862485e-10,3.523053580068861e-11,3.5520941540502564e-11,1.5006303212910118e-11,2.825505699949657e-12
sub-044,C3,2.6961562612822224e-10,2.8656238485586482e-11,1.083739149092047e-11,1.0530453299328563e-11,1.8455680038092994e-12
sub-044,C4,2.687921228221989e-10,2.8553460899006636e-11,1.090370933436246e-11,1.0569656583328736e-11,1.8608749099644337e-12
sub-044,P3,2.7421124076220234e-10,3.2187258759707685e-11,4.949031202764933e-11,1.933393666454032e-11,2.15399126042662e-12
sub-044,P4,2.7266448633976623e-10,3.176563601975304e-11,3.7342118491104075e-11,1.6758373891512723e-11,2.14670351901779e-12
sub-044,O1,2.838266858967294e-10,3.743265449080992e-11,1.429256305287581e-10,3.1124840825257496e-11,3.0839467456820047e-12
sub-044,O2,2.8156591738015037e-10,3.7029940452454384e-11,1.2502380523062164e-10,2.9094803324752666e-11,2.76746792813204e-12
sub-044,F7,2.866781551719518e-10,3.439679817649606e-11,1.8736844005303125e-11,1.503929710046674e-11,3.1855217616626405e-12
sub-044,F8,2.945544705695248e-10,3.5660684415675826e-11,2.6963248159955383e-11,1.6048172315714522e-11,3.237948421274318e-12
sub-044,T3,2.8122648937253666e-10,3.4328580142745764e-11,2.8567801963864242e-11,1.74942620158849e-11,3.451780093313773e-12
sub-044,T4,2.801036400452389e-10,3.367748627720828e-11,2.0465227281475516e-11,1.469836366394126e-11,2.6870130329216644e-12
sub-044,T5,2.7913195193870016e-10,3.7308755535246386e-11,1.000137614100538e-10,2.6340497108467427e-11,3.3260992137595235e-12
sub-044,T6,2.7740073707070166e-10,3.5445801609997735e-11,6.028336308226703e-11,2.1201028140491768e-11,2.6236656445053843e-12
sub-044,Fz,2.7709660522940704e-10,3.326132634597825e-11,2.751525495604919e-11,1.378260697146923e-11,2.102704546619933e-12
sub-044,Cz,2.721241189287004e-10,2.964062252479605e-11,1.313122898196174e-11,1.0566296040292712e-11,1.837189585759156e-12
sub-044,Pz,2.7629121489861404e-10,3.206129173966136e-11,5.16660673489481e-11,1.930642022727542e-11,2.069597803389734e-12
sub-045,Fp1,5.778858663150108e-10,6.41322665419109e-11,1.819740342549156e-11,2.6731999550516755e-11,5.688122379268855e-12
sub-045,Fp2,5.624684129372014e-10,6.563074485717006e-11,2.199185756786263e-11,4.100675392885664e-11,1.0391982550203601e-11
sub-045,F3,5.610877084977926e-10,6.169625809062188e-11,1.6879429449019787e-11,2.3975095820571384e-11,3.250010129354682e-12
sub-045,F4,6.663253027894349e-10,8.248768809900785e-11,2.0775330678064922e-11,5.2400931309981316e-11,1.1486555528233249e-11
sub-045,C3,5.533138770126976e-10,6.049054870140126e-11,1.5422984850189233e-11,2.177023490264196e-11,2.9163565172080405e-12
sub-045,C4,5.762382746741991e-10,6.315932423949963e-11,1.7802200787159433e-11,2.472026897754873e-11,3.1286857277560915e-12
sub-045,P3,5.510846461565035e-10,6.066267177638663e-11,1.92923526360582e-11,2.5307592285950428e-11,3.3689811177995635e-12
sub-045,P4,5.464408640054942e-10,5.953539406788585e-11,1.8230674960978498e-11,2.404810572928664e-11,3.273197477867798e-12
sub-045,O1,5.606026079539681e-10,6.587968667440149e-11,2.5096011843899087e-11,2.8971829774898536e-11,4.347247857488936e-12
sub-045,O2,5.725250384367039e-10,6.980194694598146e-11,2.77738823215985e-11,3.002592143757657e-11,4.787929531041241e-12
sub-045,F7,5.624219643487692e-10,6.30475567025009e-11,1.929282977082742e-11,2.617195777324143e-11,4.445476616791892e-12
sub-045,F8,5.788842148678726e-10,6.104519505823951e-11,1.880138196269028e-11,2.6549570825528234e-11,6.771348466824102e-12
sub-045,T3,5.755344433442256e-10,6.929457827984787e-11,2.753430683070472e-11,3.172585501395593e-11,4.4158515810814235e-12
sub-045,T4,1.5437857445429897e-08,3.210294761416439e-09,1.0613481925676071e-09,1.4961830777061055e-09,7.112632155972243e-10
sub-045,T5,5.681334815144225e-10,6.598693146916697e-11,2.6614994153763424e-11,3.152924700318002e-11,4.556558979685861e-12
sub-045,T6,5.580899993540521e-10,6.354744072700657e-11,2.2080396065381534e-11,2.631626671104764e-11,4.071814669462983e-12
sub-045,Fz,5.759825080690685e-10,6.379693370690228e-11,1.7033294648064813e-11,2.3923586673887003e-11,3.4427955862656693e-12
sub-045,Cz,5.492342186849409e-10,5.839205198916779e-11,1.4036841929224503e-11,2.093425451315073e-11,2.86315374954469e-12
sub-045,Pz,5.581196207336072e-10,6.06718298202872e-11,1.5999968170044837e-11,2.2529959891049054e-11,3.1408951596859208e-12
sub-046,Fp1,3.3620488249800915e-10,4.701109923485082e-11,2.7012966944191635e-11,2.8208471214337698e-11,6.6195067494352086e-12
sub-046,Fp2,5.167056459848135e-10,4.9368011795448764e-11,2.8040526000319102e-11,3.0062711286984296e-11,8.642138425054611e-12
sub-046,F3,2.8327380158429e-10,4.0428020343960404e-11,2.100940976445672e-11,2.5870429134190153e-11,4.273486222597679e-12
sub-046,F4,2.9827807499265235e-10,4.4447308486756004e-11,2.3700637483000323e-11,2.819376182211487e-11,5.7180908032951834e-12
sub-046,C3,2.809667977222281e-10,3.638828445661131e-11,1.8998036805494457e-11,1.9165276453867737e-11,2.9484768310936988e-12
sub-046,C4,2.8475368608831776e-10,3.64945783552976e-11,1.861142273238201e-11,1.9250610408158267e-11,2.9041863781418164e-12
sub-046,P3,2.8999843968663204e-10,5.94639679345389e-11,4.207063966270321e-11,2.8888030415097378e-11,3.702313982545288e-12
sub-046,P4,2.998790751920513e-10,5.4464385182610205e-11,4.616024515291694e-11,2.967809572161467e-11,3.758610364764255e-12
sub-046,O1,2.920093608937801e-10,7.47392153044322e-11,7.404119986058559e-11,3.871622355680969e-11,5.271310263022491e-12
sub-046,O2,3.1591582591278325e-10,8.0835914767018e-11,9.24023184462244e-11,4.363255865821391e-11,6.221249741253807e-12
sub-046,F7,2.9946651708834896e-10,4.6210256005709615e-11,2.7584390695241826e-11,3.377100327546124e-11,1.1087851459298304e-11
sub-046,F8,3.36385930698709e-10,4.882036039516237e-11,2.895650389233395e-11,2.9962445435948354e-11,6.913109156849017e-12
sub-046,T3,2.8972637162338797e-10,4.536080172913722e-11,2.761208875188665e-11,3.0581189752627115e-11,5.205679628550271e-12
sub-046,T4,5.678685250897937e-10,7.3365245737814e-11,4.1315474085285853e-11,4.674330301522481e-11,8.44345819229607e-12
sub-046,T5,2.878227369167118e-10,7.095555886119555e-11,6.131931569654824e-11,4.0094507560524135e-11,5.3299714841753214e-12
sub-046,T6,4.363744052807766e-10,6.445248697168477e-11,5.907111841220031e-11,3.285252147073905e-11,4.623418013997082e-12
sub-046,Fz,2.851021466234546e-10,4.4595173857827957e-11,2.1216584893150804e-11,2.5074929708214055e-11,3.6439369503890126e-12
sub-046,Cz,7.471155822141753e-10,4.736675852648576e-11,1.926865724898192e-11,3.3064239953545936e-11,4.6820848825914284e-12
sub-046,Pz,2.8298412005536117e-10,5.0134170075095097e-11,3.548769477515247e-11,2.684748518118183e-11,3.731038588911068e-12
sub-047,Fp1,3.212736866876427e-10,4.514921024011095e-11,2.6576620926933684e-11,1.8954363802536396e-11,4.157189457377389e-12
sub-047,Fp2,3.055790132980918e-10,4.313322089102102e-11,2.39884316706853e-11,1.840194604031224e-11,4.4934107558545024e-12
sub-047,F3,2.715797212504844e-10,3.4061286437386014e-11,1.783719553482472e-11,1.544082495516477e-11,3.657666979416689e-12
sub-047,F4,2.737989796503472e-10,3.5047126901999764e-11,1.7058718044471317e-11,1.649308562412638e-11,4.99105213453917e-12
sub-047,C3,2.7019898967282655e-10,3.429141992662871e-11,1.3882764861729802e-11,1.4370894727294436e-11,3.0017556805257073e-12
sub-047,C4,2.660661497748078e-10,3.082535379129595e-11,1.3272478113670107e-11,1.2882876330680009e-11,2.766107244872199e-12
sub-047,P3,8.855985745501614e-10,5.445932377126746e-11,2.8328471642191136e-11,1.8249259071840724e-11,3.2730259808641123e-12
sub-047,P4,2.677915811301588e-10,3.41877327338433e-11,2.22636794605792e-11,1.4773839969640492e-11,2.9118271366485768e-12
sub-047,O1,2.126651970005118e-09,8.86793908133909e-10,4.3855508454220284e-10,4.672259326503224e-10,4.643789627194057e-10
sub-047,O2,2.725165770622099e-10,4.264559510600216e-11,6.341736804230397e-11,2.2817437905618763e-11,3.7999303334631394e-12
sub-047,F7,2.738820912516692e-10,4.036703245781658e-11,2.481757765749812e-11,1.883886986046335e-11,5.451545447685048e-12
sub-047,F8,2.7284990439475875e-10,4.009217281291423e-11,2.2988885322482794e-11,1.809392927418865e-11,7.0808313048139494e-12
sub-047,T3,2.7040119274469616e-10,3.826342713695163e-11,2.8396552934048635e-11,2.140340621410845e-11,5.001702366957901e-12
sub-047,T4,2.697943308219231e-10,3.5425453230746827e-11,1.9742561213808303e-11,1.6851699914612337e-11,5.105090127890498e-12
sub-047,T5,2.7236323452760585e-10,4.458396584844134e-11,5.3212869374288853e-11,2.5654582908341912e-11,4.0334033796016426e-12
sub-047,T6,2.7224824977467913e-10,4.375111837602682e-11,4.81495510562905e-11,2.1411242459929946e-11,3.712857124862169e-12
sub-047,Fz,2.893150887332717e-10,3.554574544270098e-11,1.757427006724711e-11,1.623251858519795e-11,3.3047269926215434e-12
sub-047,Cz,5.818358127573319e-10,7.971904266540854e-11,1.6404551675542454e-11,1.2604385776252401e-11,2.7417474428408155e-12
sub-047,Pz,2.7249911991614746e-10,3.6472023109743037e-11,2.5942484679039113e-11,2.7064892763151988e-11,9.998517587668422e-12
sub-048,Fp1,1.9286405811528823e-09,3.1572739917531655e-10,7.723615124259495e-11,6.447573077044878e-11,1.6973077505976745e-11
sub-048,Fp2,1.2431444886090026e-09,1.5826419394238354e-10,5.4499107545053075e-11,5.958884847674496e-11,2.0653507620748246e-11
sub-048,F3,1.1996196688370531e-09,1.4045075983596534e-10,4.684816576343269e-11,5.507410257247909e-11,2.8264086775370676e-11
sub-048,F4,1.1746725578384028e-09,1.3410871697646952e-10,4.3340743162872055e-11,4.567053459000607e-11,2.0154150998163063e-11
sub-048,C3,1.1879560264040796e-09,1.4681679292707826e-10,4.262837717518069e-11,4.131670697489387e-11,1.100458200197007e-11
sub-048,C4,1.1815047673149062e-09,1.4837737107286685e-10,4.2416882201693766e-11,4.0981594919524354e-11,1.1205487201292904e-11
sub-048,P3,1.2608617717599152e-09,1.6031914156236353e-10,5.6248005946939684e-11,4.6173881924429825e-11,1.1343236541308896e-11
sub-048,P4,2.7895745876004143e-09,3.488499997893175e-10,7.42896915108337e-11,5.965670573315952e-11,1.3565698660448857e-11
sub-048,O1,1.2701498760549175e-09,1.8249286677362526e-10,1.0201387811416512e-10,5.522483366655525e-11,1.262147534138547e-11
sub-048,O2,8.467387713468128e-09,9.730814236446199e-10,4.3650270788906565e-10,4.1276414792874203e-10,4.0258943328453563e-10
sub-048,F7,1.185147343523059e-09,1.3870880488302573e-10,4.9879366216092485e-11,5.960346507630498e-11,2.970022169298219e-11
sub-048,F8,1.2160403775923561e-09,1.5438570361856344e-10,5.22797239296076e-11,5.446877528190795e-11,2.7715883750145722e-11
sub-048,T3,1.20167204267319e-09,1.5632455265073678e-10,5.275617019572633e-11,5.925034592451496e-11,2.999165796621574e-11
sub-048,T4,1.1929934641370017e-09,1.5278924753159313e-10,4.7597526188221474e-11,5.1578880351178014e-11,2.135612030140006e-11
sub-048,T5,1.2869407900617254e-09,1.7872146530786873e-10,9.48932109262933e-11,5.344003609015876e-11,1.1090448146176696e-11
sub-048,T6,1.4610751766408281e-09,1.7270884606200343e-10,7.983580076294108e-11,5.022256244968411e-11,1.2930479782490548e-11
sub-048,Fz,1.2221817224628277e-09,1.6490535883591393e-10,5.6061777443337857e-11,5.9073674180692e-11,1.4348592456092551e-11
sub-048,Cz,1.2008647742673845e-09,1.5603285800331664e-10,4.437263894303314e-11,4.103019190624285e-11,1.043798695218121e-11
sub-048,Pz,2.1308753935888512e-09,4.229409150323311e-10,8.721178463112283e-11,7.511456864689889e-11,1.6135284694195978e-11
sub-049,Fp1,2.8223675611585534e-10,3.052289514500312e-11,1.7171142190921752e-11,1.6688803577180223e-11,5.442226248027996e-12
sub-049,Fp2,2.7516454091660976e-10,3.032488143079344e-11,1.7209999340515915e-11,1.8534844341197696e-11,6.94306917777899e-12
sub-049,F3,2.6135268370069695e-10,2.833941771620569e-11,1.4357181922201052e-11,1.2089581715656734e-11,2.649091669023199e-12
sub-049,F4,2.5980848928099166e-10,2.845552176327283e-11,1.3726269741719393e-11,1.2339976372358854e-11,2.850485869169915e-12
sub-049,C3,2.5638185202840043e-10,2.690854843691591e-11,9.595994912384166e-12,1.0944898060467203e-11,2.1376541961913833e-12
sub-049,C4,2.568234539666012e-10,2.6913491765561466e-11,9.100628000509511e-12,1.0854533936669792e-11,2.1239097465600784e-12
sub-049,P3,2.606683468179366e-10,3.2507057871598415e-11,3.536769806392053e-11,1.6308473676622187e-11,2.9098777750900084e-12
sub-049,P4,2.6007963674965814e-10,3.326751507716497e-11,3.834637088675312e-11,1.5357281894035356e-11,2.3706680762221837e-12
sub-049,O1,2.8008092941016215e-10,5.117940385286007e-11,1.0176113575157485e-10,3.1595598613478267e-11,6.252216956427677e-12
sub-049,O2,2.7285714397556036e-10,5.80850914481123e-11,1.215074116580325e-10,3.325410784235101e-11,4.728570815267309e-12
sub-049,F7,2.61927718858151e-10,2.6256772686616075e-11,7.1367449840263675e-12,7.9483371681912e-12,1.6101491190179302e-12
sub-049,F8,2.6969850527505003e-10,3.020131358752618e-11,1.4440704100234994e-11,1.4365144588958276e-11,3.6151059712507167e-12
sub-049,T3,2.6033127791145574e-10,2.9830786709433537e-11,1.4819991226543604e-11,1.655858215675578e-11,4.186854575384071e-12
sub-049,T4,2.625657481362216e-10,2.959060542864196e-11,1.3535414466918307e-11,1.797880151290422e-11,5.412239515706081e-12
sub-049,T5,2.7177654423658936e-10,4.56038674223407e-11,6.91876486276395e-11,2.7452191642189857e-11,5.87742211173444e-12
sub-049,T6,2.648100922885843e-10,5.056452892844755e-11,8.736573341762129e-11,2.661220660488491e-11,4.585131641438511e-12
sub-049,Fz,2.655882018896195e-10,2.983685656212531e-11,1.57847506657453e-11,1.2234479301982844e-11,2.5368771422939482e-12
sub-049,Cz,2.6205343022035426e-10,2.7259063110906926e-11,9.341583153526426e-12,1.0216722701472216e-11,2.0272568667317742e-12
sub-049,Pz,2.6063124861773714e-10,3.165689501057759e-11,3.3792010921532275e-11,1.4332842350399774e-11,2.3965705830180718e-12
sub-050,Fp1,4.2566276381140274e-10,3.5171504101610183e-11,1.2950598254745809e-11,1.3998441684016407e-11,6.791060497825218e-12
sub-050,Fp2,3.705441370312519e-10,3.7591190548376044e-11,1.3077761012692379e-11,1.44138337531461e-11,7.291025392206977e-12
sub-050,F3,3.368339045486374e-10,3.067442844593194e-11,1.098035865867717e-11,1.3511204333144428e-11,7.1856383743078824e-12
sub-050,F4,2.8834046458764794e-10,3.051221889099281e-11,1.0877516560174766e-11,1.2520521891064352e-11,6.1594036472982975e-12
sub-050,C3,2.5560785688833357e-10,2.697759133833554e-11,8.574115064323847e-12,1.096985051299316e-11,4.780408086348057e-12
sub-050,C4,2.5508265961563887e-10,2.701635006387048e-11,8.641277891191008e-12,1.098323387161147e-11,4.689167446725989e-12
sub-050,P3,2.6235213422964745e-10,3.5842212303152763e-11,1.9212261401110946e-11,1.1975844161167373e-11,4.114178192505926e-12
sub-050,P4,2.721003084537915e-10,3.399968551195078e-11,1.7238885305279923e-11,1.1282723555063537e-11,4.062343668668826e-12
sub-050,O1,2.6682713486587355e-10,5.775801312877022e-11,3.162583570103477e-11,1.5856752593943587e-11,6.59660977114295e-12
sub-050,O2,3.568776301443387e-10,7.224951868786251e-11,4.2893720062689436e-11,1.976738720712347e-11,7.526238855957155e-12
sub-050,F7,3.472657677026358e-10,3.8543890273414554e-11,1.536593617700551e-11,2.6401938003446194e-11,2.1072860367361506e-11
sub-050,F8,2.7580455061705525e-10,3.2506117414555956e-11,1.2611141181001285e-11,1.6907827149194537e-11,1.0344980035391455e-11
sub-050,T3,2.688134214481102e-10,3.690473127481494e-11,1.3843416515667355e-11,2.802353290478599e-11,2.2159890513296556e-11
sub-050,T4,2.6645702980530266e-10,3.784763745269157e-11,1.3101831503042585e-11,2.6292916381722993e-11,1.566051796817388e-11
sub-050,T5,2.598569620097006e-10,6.016881234450004e-11,2.3522113369217092e-11,1.678344968834039e-11,7.666400402619847e-12
sub-050,T6,2.647017650158475e-10,6.12835805516239e-11,2.5795293505117584e-11,1.6644045080585156e-11,8.132703340771949e-12
sub-050,Fz,2.6679653694033496e-10,3.322824914432415e-11,1.13753660940279e-11,1.0504571082138458e-11,3.747159278663884e-12
sub-050,Cz,2.6803021701177824e-10,2.9005749515694942e-11,9.119349763109106e-12,9.512338086994393e-12,3.0190511669962065e-12
sub-050,Pz,2.6696991237163815e-10,3.4475038937808115e-11,1.9641855210693582e-11,1.1387325766779035e-11,3.974737543837329e-12
sub-051,Fp1,5.415297608636926e-10,3.7998145380627876e-11,1.6004342265617555e-11,1.6012950982605095e-11,5.6927053773296375e-12
sub-051,Fp2,7.265211687830843e-10,3.8552047346392426e-11,1.663891200015829e-11,1.494813494925289e-11,5.092570610230673e-12
sub-051,F3,6.386662206977437e-10,3.029340108906641e-11,1.2606678461990691e-11,1.2491443367151687e-11,3.503392451662309e-12
sub-051,F4,4.395381489746884e-10,3.016395513851958e-11,1.4234166181903056e-11,1.2078816228483748e-11,3.0485521409026793e-12
sub-051,C3,2.6487277591694495e-10,2.663779459244251e-11,9.21455440088766e-12,1.0007480804987535e-11,2.4456728675617396e-12
sub-051,C4,2.641529523416625e-10,2.657911935781165e-11,9.407104633373418e-12,9.898104328614642e-12,2.4065081747662195e-12
sub-051,P3,2.682811571079195e-10,2.949648299751438e-11,1.568178764255063e-11,1.179281309188464e-11,3.2143927593702733e-12
sub-051,P4,2.6521873858959234e-10,2.8446393192202192e-11,1.4520583389962266e-11,1.129645526330924e-11,3.088979650923791e-12
sub-051,O1,3.7160318953797127e-10,3.495882212560637e-11,2.674368913861942e-11,1.947010604984613e-11,8.819619961011584e-12
sub-051,O2,4.238509873764682e-10,3.696633544191047e-11,2.9532475848877445e-11,2.5736750029547283e-11,1.4062399281926619e-11
sub-051,F7,4.886164859188896e-10,3.0978342423383606e-11,1.4218281543149504e-11,1.6089865861063044e-11,6.867233351913179e-12
sub-051,F8,4.087578859884964e-10,3.087338693167957e-11,1.4776753198854913e-11,1.363434651931643e-11,4.280530834512939e-12
sub-051,T3,3.1046836648082754e-10,3.047546978944942e-11,1.4042179115337615e-11,1.7096063055124718e-11,8.229692506420505e-12
sub-051,T4,3.87645483492875e-10,3.00032855711907e-11,1.3655179416767607e-11,1.574833157268242e-11,6.649144351783485e-12
sub-051,T5,3.2609933899271047e-10,3.364992590682501e-11,2.0493115867234873e-11,1.480381775297463e-11,5.338121820259956e-12
sub-051,T6,4.2756952086230734e-10,3.6324754894737036e-11,2.6255425110763213e-11,1.8821220258778652e-11,8.748902801160693e-12
sub-051,Fz,2.72699898617764e-10,3.127828453109299e-11,1.4318728512857802e-11,1.2047933957610513e-11,2.6825700466331544e-12
sub-051,Cz,2.652517191472451e-10,2.7768587661533194e-11,9.909159051859835e-12,1.0272177475095567e-11,2.042413326438769e-12
sub-051,Pz,2.649829753551715e-10,2.8405349226441777e-11,1.561616469050976e-11,1.074325803510871e-11,2.6472865552466573e-12
sub-052,Fp1,3.1396593740242066e-10,3.532556517890883e-11,2.0729430190376623e-11,2.393933613879959e-11,8.158737370617338e-12
sub-052,Fp2,3.230884288719943e-10,3.574817179418525e-11,2.056521331117515e-11,2.8737235321125394e-11,1.1811441123467519e-11
sub-052,F3,2.6338341259562024e-10,3.1136201300213377e-11,1.7045533979307465e-11,1.9098118592341768e-11,4.95117804056221e-12
sub-052,F4,2.6575841664335046e-10,3.077429359366938e-11,1.6781469839064488e-11,1.9908934652822744e-11,6.269122020551751e-12
sub-052,C3,2.516421656241115e-10,2.806942678600354e-11,1.3000601138723328e-11,1.3475244940651339e-11,2.5021643407229158e-12
sub-052,C4,2.509042910346551e-10,2.7896748969552253e-11,1.2827784751070433e-11,1.34795133153171e-11,2.6065567085390766e-12
sub-052,P3,2.558878885115165e-10,3.417922224062758e-11,2.7015065536133184e-11,1.7603457287123643e-11,3.0957627326987817e-12
sub-052,P4,2.527268942483469e-10,3.126977520652834e-11,2.0681566967054236e-11,1.6553732042940228e-11,2.7413754864344815e-12
sub-052,O1,2.6600271151707834e-10,5.0137920693354346e-11,7.42574302481772e-11,2.305707682715666e-11,3.7613063506197786e-12
sub-052,O2,2.6414636461579937e-10,4.668550164753398e-11,5.995805969688686e-11,2.2845226340037624e-11,3.785889700048627e-12
sub-052,F7,2.708515532094405e-10,3.268135541963985e-11,1.89453667727819e-11,2.3685179438513255e-11,7.782415310043261e-12
sub-052,F8,2.811458367852392e-10,3.323056786824468e-11,1.99439225094162e-11,2.3194195400304804e-11,7.114345707281228e-12
sub-052,T3,2.6126065509117216e-10,3.3501931632370735e-11,2.0040975036564724e-11,2.435894565961387e-11,9.382521753815203e-12
sub-052,T4,2.5966689880418696e-10,3.15349405820861e-11,1.8122263985387915e-11,2.5196061409076852e-11,1.1683770630472032e-11
sub-052,T5,2.618773802519024e-10,4.2949640114452584e-11,4.3689258780811256e-11,2.329791747128561e-11,5.744752973478312e-12
sub-052,T6,2.586926206593007e-10,3.779205010596472e-11,3.0390286516103997e-11,2.1220294023424127e-11,4.92529155021765e-12
sub-052,Fz,2.629323439363858e-10,3.1088958366169966e-11,1.7289124664393324e-11,1.6915195698530026e-11,3.602815623500764e-12
sub-052,Cz,2.553771378655677e-10,2.9090978075329218e-11,1.1578393585916357e-11,1.5571319380057716e-11,2.8363247098149552e-12
sub-052,Pz,2.545789391342125e-10,3.090724862650384e-11,1.9332563243772765e-11,1.4740733325639616e-11,2.495212157525195e-12
sub-053,Fp1,1.1101979864140055e-09,8.672000987761256e-11,3.805883317168291e-11,4.791214055765853e-11,1.6194025940214153e-11
sub-053,Fp2,9.76299703478744e-10,8.453208413210398e-11,3.6988641118859324e-11,3.520999714193654e-11,1.0437394628388719e-11
sub-053,F3,7.997762343254059e-10,6.236411645568611e-11,2.2523723331045537e-11,2.279241504744006e-11,8.979756969232847e-12
sub-053,F4,8.187843363663305e-10,6.916849303049772e-11,2.718644861249895e-11,2.8678913571844347e-11,8.107875408539502e-12
sub-053,C3,7.874847589383809e-10,5.790887558781083e-11,1.8883748492961646e-11,1.7612369402429238e-11,2.8879218149501788e-12
sub-053,C4,7.919365031322597e-10,6.09330904358987e-11,2.0636110825162307e-11,1.995028088729742e-11,3.111451277380948e-12
sub-053,P3,8.262417022916232e-10,8.097356404645761e-11,3.9940654495416295e-11,2.2725455037293976e-11,4.348225581618041e-12
sub-053,P4,8.147898549174049e-10,5.7733304718433883e-11,1.808078148684231e-11,1.762934341306488e-11,2.6915070049273784e-12
sub-053,O1,8.429550142524934e-10,1.249254777475308e-10,7.742988823912893e-11,3.071243350042512e-11,8.95888070094e-12
sub-053,O2,8.462116639114141e-10,1.241166279657114e-10,7.049882566623878e-11,3.626878405071839e-11,1.3104160655042044e-11
sub-053,F7,3.280121614381976e-08,6.736199988248063e-09,2.7766760477729344e-09,2.4087661606074843e-09,1.4254239088409364e-09
sub-053,F8,8.347071325401134e-10,8.828435755507746e-11,3.92071476542806e-11,2.9283018225231644e-11,6.0385365510538995e-12
sub-053,T3,8.391078230424945e-10,9.426316909543649e-11,3.769325269507984e-11,3.9613863983567037e-11,1.6136362628725045e-11
sub-053,T4,8.335604034806675e-10,8.245140376590301e-11,3.531839807684272e-11,2.8498523413055685e-11,5.7380173777650745e-12
sub-053,T5,8.161322687386033e-10,1.179505508625425e-10,5.6132496475786376e-11,2.8933819661430363e-11,9.445532178265398e-12
sub-053,T6,8.167934519916173e-10,1.024945336587541e-10,4.2900745303770964e-11,3.399647747334337e-11,1.1523658749154054e-11
sub-053,Fz,8.26262373156245e-10,7.265857027219577e-11,2.6559869394912082e-11,2.1027503288051276e-11,3.2821958328687005e-12
sub-053,Cz,8.276316913675283e-10,6.560165685052194e-11,2.1929192986758313e-11,2.0168857603960175e-11,2.9231571011124854e-12
sub-053,Pz,8.296507106733397e-10,7.427356456798077e-11,3.963387208051911e-11,2.0989126218572983e-11,3.392786968753141e-12
sub-054,Fp1,3.373306852960704e-10,4.674564898339753e-11,3.8716205700363236e-11,2.4741482713617564e-11,4.645319790418892e-12
sub-054,Fp2,3.1349263024334206e-10,4.828976439894761e-11,4.151940083610944e-11,2.616052743479883e-11,6.158751079234587e-12
sub-054,F3,2.7663005984312247e-10,3.800138920766713e-11,2.3147274934249422e-11,2.0712556441116112e-11,2.781677266964466e-12
sub-054,F4,3.1142269228221166e-10,4.273384684732828e-11,2.983594643349029e-11,2.1089450611606864e-11,4.133522211713042e-12
sub-054,C3,2.5775884114275126e-10,3.463739771794867e-11,1.588832903961907e-11,1.447177895359845e-11,2.213265736290273e-12
sub-054,C4,2.5995791381367444e-10,3.530983874761172e-11,1.5526259717781785e-11,1.4297610620152658e-11,2.2146236087505132e-12
sub-054,P3,2.599613061463532e-10,4.575117619327139e-11,5.044468965205189e-11,2.1201921826076826e-11,2.3565082076494446e-12
sub-054,P4,2.6154789228998325e-10,4.235886962666454e-11,4.997215050166601e-11,1.9486312269147568e-11,2.2112752053363957e-12
sub-054,O1,2.6435920761531274e-10,2.6920400058925446e-11,7.759907755416304e-12,7.766343073265479e-12,1.5467598048136655e-12
sub-054,O2,2.6841665312721995e-10,5.4912945564267596e-11,1.056320583840466e-10,3.0162049657696426e-11,3.3436797345840805e-12
sub-054,F7,3.0169438626483527e-10,4.2987850838010686e-11,3.308342313441344e-11,2.8262495429779957e-11,1.0136240244987668e-11
sub-054,F8,2.9708547256682973e-10,5.064002600758452e-11,4.014373100581324e-11,3.316793126966554e-11,1.444830358357177e-11
sub-054,T3,2.693093433906407e-10,4.351438976248029e-11,3.3322256439311156e-11,2.4371931914842883e-11,7.367764349928151e-12
sub-054,T4,2.658817801649588e-10,4.269997063566843e-11,2.464942794986267e-11,2.0734153884279455e-11,6.101525018161168e-12
sub-054,T5,2.675746703642639e-10,7.013482243289678e-11,1.0117319381991777e-10,3.0153934258241564e-11,4.1094458880355725e-12
sub-054,T6,2.6764372152399714e-10,5.5981556368780915e-11,7.41294681656316e-11,2.3863472198038118e-11,2.938425361161591e-12
sub-054,Fz,2.6791910712088115e-10,3.9860501074637286e-11,2.6010654999255727e-11,1.8393819200592192e-11,2.341805611497075e-12
sub-054,Cz,2.7250557102680074e-10,3.356187871941297e-11,1.476965916112064e-11,1.4404291304224929e-11,2.114254411653728e-12
sub-054,Pz,2.7130180402254307e-10,3.777491641804786e-11,4.0000413731195133e-11,2.0018248381130546e-11,2.3303240355818473e-12
sub-055,Fp1,3.1816661273621673e-10,3.3016130311759534e-11,1.8197681521560035e-11,3.563149259363902e-11,8.335502887106877e-12
sub-055,Fp2,2.975772355697211e-10,3.210656123879868e-11,1.7318588121081697e-11,3.4666238814846524e-11,9.636003176968763e-12
sub-055,F3,2.8744397736665593e-10,2.9554605298578726e-11,1.3921345934736348e-11,2.4581027598570922e-11,3.604977464977037e-12
sub-055,F4,2.924966566184496e-10,2.915055886038886e-11,1.3286763758426972e-11,2.3383284590750228e-11,4.087397862570853e-12
sub-055,C3,2.506488758430199e-10,2.7562305876089255e-11,1.1816509883694728e-11,1.9772634311879666e-11,2.362288894085404e-12
sub-055,C4,2.498724007891597e-10,2.7691502395907975e-11,1.1784888833619063e-11,2.021590201677014e-11,2.37891683188716e-12
sub-055,P3,2.5240870028084024e-10,2.8601185341760995e-11,2.3304703243322997e-11,2.8533353707954467e-11,2.8997756732402697e-12
sub-055,P4,2.517037845252159e-10,2.8085479868392293e-11,2.1428785741536093e-11,2.4360773720529506e-11,2.5942808933982944e-12
sub-055,O1,2.530378974249512e-10,3.213443674033806e-11,9.454087367829084e-11,4.168961108931146e-11,4.3185097361413944e-12
sub-055,O2,2.531493744764957e-10,3.2227272231272846e-11,9.411233240622115e-11,4.034375282006768e-11,3.548428729964778e-12
sub-055,F7,2.8862956828294186e-10,3.118819351313254e-11,1.705715691077278e-11,2.6610644190218104e-11,4.245006165543386e-12
sub-055,F8,2.73101791800628e-10,3.14707275309191e-11,1.86357541164458e-11,2.692563673248768e-11,4.35171757718094e-12
sub-055,T3,2.7205298879313375e-10,3.095915942354175e-11,1.7627323183268748e-11,2.817276558301935e-11,5.013404443899098e-12
sub-055,T4,2.6894075447590075e-10,3.074232879136931e-11,1.842512202321593e-11,2.7576222322081965e-11,4.5055831825806875e-12
sub-055,T5,2.5406524339194015e-10,3.202399334449384e-11,4.828492460730375e-11,4.112138102838924e-11,5.03994258183926e-12
sub-055,T6,2.542941570364245e-10,3.1452198015416864e-11,3.961301988769646e-11,3.858053150672785e-11,3.475598639585955e-12
sub-055,Fz,2.5803914192009503e-10,2.8997342328970903e-11,1.2669605535687906e-11,2.218501410836329e-11,2.9993233787935833e-12
sub-055,Cz,2.523042402126902e-10,2.7318136700522516e-11,1.0135157750494617e-11,1.7733983456717024e-11,2.2922332222765863e-12
sub-055,Pz,2.5293801279154704e-10,2.797423093251212e-11,2.6105045384339177e-11,1.927021734646759e-11,2.4111795306577663e-12
sub-056,Fp1,3.727901196211773e-09,1.7280746646682437e-09,8.885337780837829e-10,1.2632395538046897e-09,3.5454406586185717e-10
sub-056,Fp2,3.748670865085987e-09,1.7295563633049353e-09,8.919956146192266e-10,1.2632803271418005e-09,3.5454084684119185e-10
sub-056,F3,3.6807082275280625e-09,1.7186524956381966e-09,8.723871166844126e-10,1.2586481749745624e-09,3.535749014874526e-10
sub-056,F4,3.6771849848103735e-09,1.7191643103112747e-09,8.783404489145376e-10,1.2589330307595106e-09,3.541228769303643e-10
sub-056,C3,3.6796192848553106e-09,1.7109729337418236e-09,8.649942938088714e-10,1.2557296598801261e-09,3.5323645567673935e-10
sub-056,C4,3.6724969122686383e-09,1.7102121770728864e-09,8.680475594409007e-10,1.2554870991532575e-09,3.5357344805902903e-10
sub-056,P3,3.6818786442683622e-09,1.7299846825055107e-09,8.963148562804525e-10,1.2561126266746697e-09,3.53495939376827e-10
sub-056,P4,3.67712557632175e-09,1.725211569902143e-09,8.913058944530432e-10,1.256017518699495e-09,3.535712383805716e-10
sub-056,O1,3.6895686740077626e-09,1.7459255914647538e-09,9.123452109932098e-10,1.2583781338762412e-09,3.5401276024276194e-10
sub-056,O2,3.6866905540465915e-09,1.7450429325140749e-09,9.144326673216792e-10,1.2594526468556136e-09,3.538583842007186e-10
sub-056,F7,3.689951805955877e-09,1.720741543058417e-09,8.807812796834023e-10,1.2625768452033248e-09,3.5611283376718867e-10
sub-056,F8,3.6906677655254143e-09,1.7229379588642408e-09,8.909319576359767e-10,1.263449931671345e-09,3.557089082386611e-10
sub-056,T3,3.689182722792172e-09,1.7241900355153603e-09,8.832848300875376e-10,1.2614310330075355e-09,3.540868743500349e-10
sub-056,T4,3.6791301150156586e-09,1.7211798529766334e-09,8.818411748007788e-10,1.260377026365025e-09,3.53906461907977e-10
sub-056,T5,3.691699351945641e-09,1.7581301247409862e-09,9.222030939965764e-10,1.2611581608375624e-09,3.5395796355350303e-10
sub-056,T6,3.6884007650513313e-09,1.753112445245118e-09,9.151038835868756e-10,1.261567819868672e-09,3.5375048804135067e-10
sub-056,Fz,3.6835031082370886e-09,1.7212743881336391e-09,8.761762725568739e-10,1.257595199536235e-09,3.535704879895326e-10
sub-056,Cz,3.6730775136973974e-09,1.712541887880055e-09,8.662599385434782e-10,1.2539854369698245e-09,3.5336101209342746e-10
sub-056,Pz,3.676482869100981e-09,1.7188580175542036e-09,8.880128330883633e-10,1.2536318134152492e-09,3.5336725385325637e-10
sub-057,Fp1,3.201703800132197e-10,3.4712832827113484e-11,1.7135490056286002e-11,1.849037249376433e-11,5.5598059968694195e-12
sub-057,Fp2,3.119962863371441e-10,3.306627469012346e-11,1.6680945359552594e-11,1.80632964446586e-11,5.104053416264476e-12
sub-057,F3,2.654487317916771e-10,2.8989714204059623e-11,1.3184614965636066e-11,1.4617007265487415e-11,4.583126097589607e-12
sub-057,F4,2.6568440207107653e-10,2.909055619173186e-11,1.3136916795138365e-11,1.3708532132091861e-11,3.1511514600268443e-12
sub-057,C3,2.505731755501494e-10,2.6099635830222503e-11,9.587809464023968e-12,1.0788169338800185e-11,2.3536576608985215e-12
sub-057,C4,2.5185855265923187e-10,2.6409028663661087e-11,9.408158486260814e-12,1.0575111863602167e-11,2.34812566402351e-12
sub-057,P3,2.534451866806412e-10,2.8229383630954386e-11,2.147810079394639e-11,1.581554761015648e-11,2.661344601285854e-12
sub-057,P4,2.534206674079583e-10,2.8170541405845925e-11,2.3694325900134773e-11,1.3387013305411646e-11,2.2400029644624616e-12
sub-057,O1,2.663754877602866e-10,3.701161620687699e-11,7.289599563140991e-11,2.5209649199177996e-11,3.517470938183956e-12
sub-057,O2,2.660809278603442e-10,4.089739895086643e-11,9.641786611889643e-11,2.6512824292141687e-11,3.3501237844012575e-12
sub-057,F7,2.8335202783492997e-10,3.612911045876648e-11,1.8298895433662625e-11,1.829057016614507e-11,5.617648157913578e-12
sub-057,F8,2.9245652525330495e-10,3.8677074677339733e-11,2.0425163585741013e-11,1.9073392376788467e-11,5.37316736974502e-12
sub-057,T3,2.5958707072708437e-10,3.262470930681388e-11,1.6742142096245573e-11,1.977352090672295e-11,7.12030183428407e-12
sub-057,T4,2.6269649597212187e-10,3.320496451589477e-11,1.791538849763465e-11,1.8682261344109885e-11,5.659018304410977e-12
sub-057,T5,2.5794892934860547e-10,3.180835826324628e-11,2.3138914098003413e-11,1.9710554083518842e-11,4.180763798886457e-12
sub-057,T6,2.572002711739143e-10,3.187450590311169e-11,2.4329449288119512e-11,1.645849928916985e-11,2.8969174823201287e-12
sub-057,Fz,2.5866277349657713e-10,2.8630804905198295e-11,1.1933141367063137e-11,1.1989868516571543e-11,2.350380770390415e-12
sub-057,Cz,2.5242947025977513e-10,2.666589857961828e-11,9.002480181939854e-12,1.036377559748486e-11,2.007335761760588e-12
sub-057,Pz,2.5392951602710684e-10,2.8565589308155737e-11,2.616131558215122e-11,1.367882726028027e-11,2.414834810135767e-12
sub-058,Fp1,2.820900278213667e-10,3.7268868624686634e-11,2.324060751778056e-11,3.22734226328143e-11,1.0232334412831668e-11
sub-058,Fp2,2.9039182367616157e-10,3.64163358586805e-11,2.191938575122746e-11,3.51251441218562e-11,7.370976383480547e-12
sub-058,F3,2.5935424466123296e-10,3.3742064338893235e-11,1.7792583379824224e-11,2.291940327299097e-11,5.615507078337845e-12
sub-058,F4,2.6209884381197444e-10,3.1870601607751445e-11,1.6318046947946683e-11,2.7314189954052226e-11,5.2877810506986095e-12
sub-058,C3,2.5479773240694675e-10,2.906469362644516e-11,1.1575701996939633e-11,1.2997679366190277e-11,2.744957472427932e-12
sub-058,C4,2.551727618859907e-10,2.8670135236707933e-11,1.1615208254661752e-11,1.326546479695733e-11,2.6936250806485927e-12
sub-058,P3,2.57197216262397e-10,3.300641195901349e-11,1.8860814787891293e-11,1.7025401446574404e-11,3.3042498913340327e-12
sub-058,P4,2.599693436780816e-10,3.612889877579298e-11,2.3200548704777373e-11,1.646641403906685e-11,3.2547223075064078e-12
sub-058,O1,2.5827163818979613e-10,4.76863154318408e-11,4.2353648325671334e-11,2.8023665387482263e-11,8.55736976827762e-12
sub-058,O2,2.5955551481193864e-10,4.448334004532263e-11,3.665992518606112e-11,2.7323564923408225e-11,8.569766169777186e-12
sub-058,F7,2.7073588639004203e-10,3.6314879335465664e-11,2.0765513517878783e-11,2.6339181744206583e-11,9.083296707888669e-12
sub-058,F8,2.804378091054143e-10,3.479307385816457e-11,1.9257932488329644e-11,2.6629687987692677e-11,6.426038959906911e-12
sub-058,T3,2.589050657974259e-10,3.63345187527919e-11,2.1028746269492795e-11,2.859242020477182e-11,1.6121162233496573e-11
sub-058,T4,2.616046265943188e-10,3.58693928974441e-11,1.8540555614017356e-11,2.0850752597081677e-11,4.134394293206733e-12
sub-058,T5,2.5685279190577054e-10,5.3906085416309035e-11,4.6382960798198325e-11,2.618222011170144e-11,6.914678212884558e-12
sub-058,T6,2.7277473534186204e-10,6.815536778055543e-11,5.8787644985641e-11,2.8665613861844835e-11,7.614214604349666e-12
sub-058,Fz,2.5775620436320984e-10,3.411880571193255e-11,1.8937248912698263e-11,2.0680880650552682e-11,3.3743209015451276e-12
sub-058,Cz,2.5682448552044924e-10,2.920623841691336e-11,1.1854960530188186e-11,1.6907317437170025e-11,2.6267760466376417e-12
sub-058,Pz,2.5591966149341376e-10,2.8247514211113736e-11,1.3030885571746793e-11,1.345624097808726e-11,2.5730666204479356e-12
sub-059,Fp1,2.850219482736021e-10,3.096031247917265e-11,1.1459078481391486e-11,3.390459603627462e-11,1.5221380238461645e-11
sub-059,Fp2,2.9518936689765097e-10,3.150155249249502e-11,1.080105354543115e-11,1.632763310791456e-11,5.13794681778447e-12
sub-059,F3,2.626743520874376e-10,2.7872993194337986e-11,9.562546373502941e-12,1.5459779766860766e-11,3.893626260860425e-12
sub-059,F4,2.637727806058036e-10,2.784492611313266e-11,9.477808304464551e-12,1.2189239888481406e-11,2.6940854359685794e-12
sub-059,C3,2.59487165533271e-10,2.699585354101767e-11,8.557487776473952e-12,1.0278516633314257e-11,1.7758515513624313e-12
sub-059,C4,2.595206108881911e-10,2.690274089763216e-11,8.465942077766556e-12,1.0420352624529393e-11,1.7596331530543622e-12
sub-059,P3,2.593272975393665e-10,2.8512553412994582e-11,1.1503327475933633e-11,1.1113356313723989e-11,1.90874168033747e-12
sub-059,P4,2.615743874755283e-10,2.7949652801500342e-11,1.0819349053617631e-11,1.138969063293125e-11,2.297130803312172e-12
sub-059,O1,2.609656518487071e-10,2.917260444455976e-11,1.0922471997769716e-11,1.275597657720312e-11,2.811898248387307e-12
sub-059,O2,2.6318627377110093e-10,2.914762560405219e-11,1.1154216624548922e-11,1.4868702564596783e-11,5.103542951162631e-12
sub-059,F7,2.6473813149601016e-10,2.8783951892742912e-11,1.0639833031613196e-11,1.8147047421690997e-11,6.855164578310873e-12
sub-059,F8,2.6840061139750955e-10,2.8792944865914215e-11,1.0476627364380387e-11,1.2874498991518013e-11,2.967004879261717e-12
sub-059,T3,2.618348996322874e-10,2.8523687473141644e-11,1.0247544958666368e-11,1.3494434638836588e-11,3.366757489835212e-12
sub-059,T4,2.615924291241341e-10,2.780669195851814e-11,9.680215832832922e-12,1.4218400391709648e-11,4.662066244813987e-12
sub-059,T5,2.62717598762323e-10,3.0178963062146954e-11,1.2814950830177837e-11,1.3378696746414757e-11,2.3723419301806405e-12
sub-059,T6,2.6081758746102836e-10,2.8803815752803545e-11,1.137334937492953e-11,1.4444458975712578e-11,4.018431399376806e-12
sub-059,Fz,2.6298809076120004e-10,2.755957223785014e-11,9.110649256364877e-12,1.1295971832866854e-11,1.939228185558443e-12
sub-059,Cz,2.589557476293875e-10,2.6625611232387077e-11,7.921529781214238e-12,9.921085576590515e-12,1.7392207515816802e-12
sub-059,Pz,2.5911106824150476e-10,2.7728287593482328e-11,9.970923565772388e-12,1.0397360964930062e-11,1.986963453182655e-12
sub-060,Fp1,3.7571323418628793e-10,3.2103058609001017e-11,9.787637733856855e-12,2.0046720190256302e-11,6.4360613169879976e-12
sub-060,Fp2,4.4845660687245225e-10,3.3824290578145986e-11,1.0534187481817729e-11,2.3677476729411276e-11,8.84096264048262e-12
sub-060,F3,2.6576793906820904e-10,2.843110015116512e-11,8.654917643993954e-12,1.515844127077733e-11,2.5101010050007448e-12
sub-060,F4,2.704015284729416e-10,2.9089891547827843e-11,9.256123077105917e-12,1.7212372288467154e-11,3.728758050033254e-12
sub-060,C3,2.629089392556936e-10,2.7525287924617588e-11,8.129380091678354e-12,1.1808144153821426e-11,1.945103296894208e-12
sub-060,C4,2.6444051705419716e-10,2.7564309178820528e-11,8.19047352211009e-12,1.2120277751894511e-11,1.9300878102624335e-12
sub-060,P3,2.6855348641979843e-10,2.860460863848811e-11,9.774629984169356e-12,1.5845950188073245e-11,2.3573073245180367e-12
sub-060,P4,2.719751655750976e-10,2.847613507865614e-11,9.30244275892962e-12,1.5276125013022618e-11,2.2936910062866004e-12
sub-060,O1,2.8137059988021775e-10,3.003345248938763e-11,1.2764963668276542e-11,2.1058815754718893e-11,3.6352099752563398e-12
sub-060,O2,3.141664377194215e-10,3.04747399009791e-11,1.3273507688784901e-11,2.2230184367229482e-11,3.83923303282586e-12
sub-060,F7,2.732011858736897e-10,2.911890831403516e-11,9.133115953244534e-12,1.5538621646308732e-11,3.4215087799713883e-12
sub-060,F8,2.8433886786936023e-10,2.9732677587035655e-11,9.611049235450841e-12,1.7743156757198365e-11,4.2159357609345755e-12
sub-060,T3,2.6965425757793524e-10,2.9121614454260043e-11,1.0090101923177079e-11,1.7625348974407486e-11,4.8403555962658705e-12
sub-060,T4,2.670925466119967e-10,2.8749852831001847e-11,9.615125803784399e-12,1.6303130507140752e-11,2.9287279162119356e-12
sub-060,T5,2.7405691832568476e-10,3.010391068769165e-11,1.3197644674622599e-11,2.1053340804397635e-11,3.846901751469233e-12
sub-060,T6,2.797645643379145e-10,2.9840029587044434e-11,1.2719062559089948e-11,2.140784031609669e-11,4.103264632688878e-12
sub-060,Fz,2.731263346791472e-10,2.8783865939732127e-11,8.920039394211878e-12,1.4428456390794869e-11,2.3630695835910834e-12
sub-060,Cz,2.674474973294202e-10,2.8030592697909455e-11,8.220589813086302e-12,1.2277887330658576e-11,2.0212937164140667e-12
sub-060,Pz,2.698772169505486e-10,2.797588176840142e-11,8.676667920815916e-12,1.3696829444859291e-11,2.110881794201728e-12
sub-061,Fp1,6.331281675209132e-10,3.939301624023799e-11,1.2501891060168265e-11,1.1725454260080678e-11,6.163632690310631e-12
sub-061,Fp2,5.621499870786254e-10,4.9648946566754025e-11,1.404105169622635e-11,1.189098448362476e-11,6.259546819095692e-12
sub-061,F3,2.6668973311972675e-10,2.696128896414133e-11,9.089665140004408e-12,9.9631451945672e-12,4.904450230653683e-12
sub-061,F4,2.7088984667180307e-10,2.743922722650707e-11,9.418429220949738e-12,1.1057043548677158e-11,6.3959845905858395e-12
sub-061,C3,2.538547035685112e-10,2.5655690776771494e-11,7.585692460190692e-12,8.651135526188096e-12,3.0959285365526283e-12
sub-061,C4,2.542927611258835e-10,2.5344610294061343e-11,7.536716097910938e-12,8.859035982961084e-12,3.26819968940322e-12
sub-061,P3,2.57099572485866e-10,2.7841179062907334e-11,1.3921357944671066e-11,9.549951948025846e-12,3.4101472575104837e-12
sub-061,P4,2.565772021366392e-10,2.770683940344564e-11,1.4361563393222165e-11,9.084487592545804e-12,2.89540282538279e-12
sub-061,O1,2.609125061398421e-10,3.556417734944587e-11,4.3746979830358406e-11,1.2177143194506833e-11,4.7211541139640405e-12
sub-061,O2,2.6899548755435684e-10,3.672376783199098e-11,4.8855770433067076e-11,1.2357824890098147e-11,4.7200879786255795e-12
sub-061,F7,2.969059831916765e-10,2.8164181540111267e-11,9.954741156524657e-12,1.1649339954356408e-11,6.570599880875672e-12
sub-061,F8,3.3273287727125855e-10,3.054167960235254e-11,1.1097873652511352e-11,1.4422219332015024e-11,1.0294684205541996e-11
sub-061,T3,2.6138928318074066e-10,2.7530646682080518e-11,9.460530417401439e-12,1.1764861753912808e-11,6.4325540141131666e-12
sub-061,T4,2.589522438728908e-10,2.7406102730240067e-11,1.0008871481275188e-11,1.3062521496696609e-11,8.89382550769507e-12
sub-061,T5,2.5992078376413276e-10,3.143820647569682e-11,1.984778647859539e-11,1.1685729941860557e-11,4.9264715257083604e-12
sub-061,T6,2.598578851931361e-10,3.430253025766329e-11,2.970610633827794e-11,1.1528321482265673e-11,4.539021545775402e-12
sub-061,Fz,2.607232876341226e-10,2.655522814569395e-11,9.188765432148766e-12,8.432428598470535e-12,2.467244783138458e-12
sub-061,Cz,2.538961222950351e-10,2.5615873937376693e-11,7.728015143107479e-12,8.122828456755042e-12,2.114292452285421e-12
sub-061,Pz,2.5610484980331767e-10,2.7405788327412243e-11,1.3898497256027274e-11,8.974741585915634e-12,2.821281823495272e-12
sub-062,Fp1,4.803255003651485e-10,5.856059802199703e-11,2.6019985452336563e-11,2.2119497839834254e-11,8.244754308846152e-12
sub-062,Fp2,3.7858023565338776e-10,4.1082721862455596e-11,2.4163073865957247e-11,2.6516277991419015e-11,1.2326992618752958e-11
sub-062,F3,2.829606660515751e-10,3.557919030042583e-11,1.8529121443024875e-11,1.415801021621844e-11,3.490845975674146e-12
sub-062,F4,2.7068469156723775e-10,3.5358656060142927e-11,1.6510334735320427e-11,1.4479731435498601e-11,3.49911336560134e-12
sub-062,C3,2.555707839469481e-10,2.994136992964963e-11,1.122667463698346e-11,1.04473795724301e-11,1.9805206966098388e-12
sub-062,C4,2.567727681404856e-10,3.032248150181969e-11,1.1063436043659586e-11,1.0528306172555349e-11,2.00935902773583e-12
sub-062,P3,2.674609761433389e-10,5.070188460133813e-11,3.919686596045939e-11,1.4024832399982938e-11,2.17712389070346e-12
sub-062,P4,2.5900629483956786e-10,5.405993114622109e-11,4.5246587873631566e-11,1.4385406926452746e-11,1.991635149257025e-12
sub-062,O1,2.8488362343758147e-10,9.252133267014331e-11,9.343915049616293e-11,1.8121711175049848e-11,2.43468220980803e-12
sub-062,O2,3.1085746808624584e-10,9.562139847113436e-11,9.682990506508528e-11,2.007916917565239e-11,2.965107039556991e-12
sub-062,F7,2.720717914592036e-10,3.9312474582336254e-11,1.9810429140634016e-11,1.4461409540409466e-11,3.7168241858666385e-12
sub-062,F8,2.698382039875396e-10,3.9378168464312007e-11,2.0282172091092196e-11,1.480118792347284e-11,4.203842757422609e-12
sub-062,T3,2.686663215369283e-10,4.0991092033329274e-11,2.1499620165527184e-11,1.4030658639170729e-11,2.8347234227013445e-12
sub-062,T4,3.0571366266583725e-10,4.6660313015881625e-11,2.582326655549103e-11,1.642150693040411e-11,4.1645041676588196e-12
sub-062,T5,2.666620254517461e-10,9.087195445476737e-11,8.517768399832151e-11,1.928692580446951e-11,2.4854889641283413e-12
sub-062,T6,3.020846198589088e-10,7.040467674024553e-11,6.177336527617548e-11,1.6903612517175545e-11,2.5728449451976497e-12
sub-062,Fz,2.61436018213534e-10,3.754596926927147e-11,2.033096906303537e-11,1.2390195588381475e-11,2.0978648013142434e-12
sub-062,Cz,2.8097786284883084e-10,3.372928018285145e-11,1.309202219868631e-11,1.1824840610748419e-11,2.1966528375899865e-12
sub-062,Pz,2.608482566996847e-10,4.765267820525655e-11,3.6630071519757894e-11,1.2939872616091254e-11,2.0350461313850056e-12
sub-063,Fp1,2.396070812863219e-10,2.845066762680001e-11,1.005560263618978e-11,1.3226508351521178e-11,3.97902289774321e-12
sub-063,Fp2,2.455186432872658e-10,2.859870734586394e-11,9.94158588273875e-12,1.3302544739490653e-11,4.125800544391243e-12
sub-063,F3,2.3105353587825565e-10,2.72744421751274e-11,9.26136474222971e-12,1.2189601398862176e-11,3.725831820738287e-12
sub-063,F4,2.341262855426573e-10,2.7232110588460655e-11,9.156730348551263e-12,1.2017306368859238e-11,3.5466723180838254e-12
sub-063,C3,2.2837384625057363e-10,2.6490006933229943e-11,8.675044927042919e-12,1.0825492619109923e-11,2.6645725674992164e-12
sub-063,C4,2.2966688418291965e-10,2.6397307722834735e-11,8.548877045717006e-12,1.1084306327116993e-11,2.735160874262438e-12
sub-063,P3,2.2986129109689774e-10,2.759528608811953e-11,1.1640528748942486e-11,1.3989424720340889e-11,2.8674194976921633e-12
sub-063,P4,2.3150697477218678e-10,2.7407856332447583e-11,1.2415883930362144e-11,1.2354517207196944e-11,2.256202524661109e-12
sub-063,O1,2.3529336081518375e-10,3.141384418703658e-11,2.611547371984222e-11,1.7454518248699854e-11,3.589598992568711e-12
sub-063,O2,2.3920812729104614e-10,3.270801421491183e-11,3.4795653526463505e-11,1.8152336597620474e-11,3.5577625221005165e-12
sub-063,F7,2.385869337125886e-10,2.9170342672443624e-11,1.146587509033852e-11,1.5405403720101954e-11,5.697579921116507e-12
sub-063,F8,2.4512521738993096e-10,2.880845037425453e-11,1.0991649472031462e-11,1.669422194890474e-11,7.60397824185686e-12
sub-063,T3,2.4069273653212586e-10,2.988374400503806e-11,1.235128868011943e-11,1.5264319320409586e-11,4.957594221794731e-12
sub-063,T4,2.3776753815323057e-10,2.884013759661549e-11,1.205668073090705e-11,1.8716284960804976e-11,9.673257759428889e-12
sub-063,T5,2.3158680467266518e-10,3.0318424373278124e-11,1.9181557636064548e-11,1.6675073447748287e-11,3.934462284713255e-12
sub-063,T6,2.349305734719305e-10,2.957981852724801e-11,1.9707086564000306e-11,1.507134295908344e-11,3.125602424486923e-12
sub-063,Fz,2.3083059853655506e-10,2.7101354304027108e-11,9.12821733452922e-12,1.122692233147714e-11,2.5568719883444724e-12
sub-063,Cz,2.3054884270627587e-10,2.6717663669729e-11,8.590710567776738e-12,1.0551524782314978e-11,2.3028138211479933e-12
sub-063,Pz,2.332010871418507e-10,2.7619948292543732e-11,1.1044819847863716e-11,1.186684263536347e-11,2.569493402617166e-12
sub-064,Fp1,4.850555944406437e-10,7.165774916468618e-11,5.301237696608771e-11,3.375691220985847e-11,9.179598078649038e-12
sub-064,Fp2,4.861643810367852e-10,7.212170853194059e-11,5.2828841080414567e-11,3.064818762150014e-11,7.061180415845514e-12
sub-064,F3,3.0335290564101763e-10,5.180224376769597e-11,4.147040534498645e-11,3.0386939080528865e-11,5.814905390618503e-12
sub-064,F4,3.366705182702519e-10,5.769401735137948e-11,4.3903542828325974e-11,3.059508130042654e-11,5.992672559144945e-12
sub-064,C3,2.897226324981834e-10,3.979575614002773e-11,2.625142986462256e-11,2.0784617106203613e-11,3.099733929896561e-12
sub-064,C4,2.8983939943728456e-10,3.8532997712710286e-11,2.4721705727730114e-11,2.042856255555514e-11,3.0485174796887778e-12
sub-064,P3,3.063788459070946e-10,7.026462207710312e-11,9.932187580418785e-11,3.4112449107634245e-11,3.446233295559256e-12
sub-064,P4,2.965316025492234e-10,5.958165163936808e-11,7.183721567205342e-11,3.241873165050488e-11,3.611226350691225e-12
sub-064,O1,3.24285025824285e-10,1.0197708331841422e-10,1.8540655706352683e-10,3.8044328781322775e-11,4.282246500741491e-12
sub-064,O2,3.2300717022355276e-10,1.479857621202113e-10,2.742110378031672e-10,4.6728846506716764e-11,4.684348447955626e-12
sub-064,F7,3.29671439177301e-10,5.5137151418600966e-11,4.73878552557251e-11,3.245079496230464e-11,1.1875369004141415e-11
sub-064,F8,3.4885324150987185e-10,5.970486059383003e-11,4.882742869653175e-11,3.0186175036285884e-11,8.130749981045465e-12
sub-064,T3,3.0202814393793054e-10,5.493832390368675e-11,6.012752042516985e-11,3.131238188325887e-11,9.576347022072063e-12
sub-064,T4,3.1576471958253305e-10,5.21633431205403e-11,4.7083404892077695e-11,3.214312405061397e-11,8.998386942029847e-12
sub-064,T5,3.154037944321144e-10,1.7265079273168484e-10,3.2390315544313165e-10,5.3644865840938195e-11,4.456260836443351e-12
sub-064,T6,3.0696217307839147e-10,1.0016821507968254e-10,1.3939341877380223e-10,3.5828405988690216e-11,4.336513199456855e-12
sub-064,Fz,2.9914720905108795e-10,5.578232126444342e-11,4.433675270740973e-11,2.3169414332572218e-11,3.4450009255616998e-12
sub-064,Cz,2.920478371269657e-10,4.308586183035111e-11,3.0140957632013404e-11,2.4577060507516836e-11,3.2183917060128116e-12
sub-064,Pz,3.087645619785352e-10,5.159782410357721e-11,7.07891630581189e-11,2.9898053052402915e-11,3.6333906676130297e-12
sub-065,Fp1,3.640549840548255e-10,3.5576195384365836e-11,1.0576787857919175e-11,2.3737505070905354e-11,1.3623659583682602e-11
sub-065,Fp2,3.8374714619755543e-10,3.7445789733296365e-11,1.0346476756712815e-11,1.867472300014198e-11,7.831355689805751e-12
sub-065,F3,2.6327759043896713e-10,2.702357958657971e-11,8.589922445843915e-12,1.4834092388423645e-11,7.877783934357716e-12
sub-065,F4,2.651240624479086e-10,2.6826116897480036e-11,8.427572320035188e-12,1.3552263387136264e-11,6.2664278083253975e-12
sub-065,C3,2.5103813519528117e-10,2.5532356291245548e-11,7.865644628202173e-12,1.0486512014162712e-11,2.683732569710868e-12
sub-065,C4,2.524490923649532e-10,2.5559472960858563e-11,7.699195966188763e-12,1.0448366137068676e-11,2.783531905515204e-12
sub-065,P3,2.551724459794723e-10,2.653164533222134e-11,1.2380447928462765e-11,1.3107180438394161e-11,2.755215476283642e-12
sub-065,P4,2.5475171319574043e-10,2.613395214809754e-11,1.0651204580369391e-11,1.1581934715729496e-11,2.4219322364416164e-12
sub-065,O1,2.6098174965410104e-10,2.928241119164149e-11,2.755950243559988e-11,1.7918594347607596e-11,3.5116817447663657e-12
sub-065,O2,2.641477161288944e-10,2.8849271529985713e-11,2.4412611168295645e-11,1.750508773768888e-11,3.5585553432354966e-12
sub-065,F7,2.716136204906712e-10,2.831812131688066e-11,1.0188441176363e-11,1.9804303272740924e-11,1.7053016696434394e-11
sub-065,F8,2.7758336924309123e-10,2.8468938307688473e-11,9.876715083591358e-12,1.9787757642579133e-11,1.3504009191413259e-11
sub-065,T3,2.613062749636985e-10,2.7936659888751565e-11,1.1543289162270758e-11,1.682200501750612e-11,5.511881090478452e-12
sub-065,T4,2.6152072120252715e-10,2.8040707441713463e-11,1.1534275351127674e-11,2.089408922771566e-11,1.1680115954908227e-11
sub-065,T5,2.593477665569543e-10,2.9895077471784e-11,2.7937040523624857e-11,1.928271979733044e-11,3.79332611365581e-12
sub-065,T6,2.5915660241701075e-10,2.8667286444933097e-11,2.4514963137414116e-11,1.7296413573405386e-11,3.696811268266795e-12
sub-065,Fz,2.65983995507245e-10,2.686285781587615e-11,8.237908424665036e-12,1.030911253883951e-11,2.5093992370393454e-12
sub-065,Cz,2.534634238659804e-10,2.5589391812707662e-11,7.656285061288846e-12,9.554940298906772e-12,2.2158552896573528e-12
sub-065,Pz,2.550481696862565e-10,2.624048157892571e-11,1.0725768689568307e-11,1.1376675578904333e-11,2.648500924447515e-12
sub-066,Fp1,3.867424339856764e-10,5.334725306811807e-11,1.6316179884088667e-11,1.5021699430869106e-11,5.6162074923373265e-12
sub-066,Fp2,4.487544101102257e-10,5.7853168677076825e-11,1.7371472560049484e-11,1.7098888515910686e-11,7.773156325674656e-12
sub-066,F3,2.768868177872094e-10,4.414188267224678e-11,1.5353931671092062e-11,1.29435859968337e-11,4.385647249381857e-12
sub-066,F4,2.6476751672678725e-10,4.8262076006829965e-11,1.6777246780473645e-11,1.2823870208314053e-11,4.5336890158835735e-12
sub-066,C3,2.3348316747413184e-10,3.593498332854483e-11,1.1213440663278404e-11,1.029772540528571e-11,3.3553228307846702e-12
sub-066,C4,2.3717576722819596e-10,3.607369961034135e-11,1.1191752961096812e-11,1.0056298345431219e-11,3.215904139550407e-12
sub-066,P3,2.5254369182305394e-10,5.000649631976503e-11,1.6019878037068982e-11,1.1366840901011009e-11,2.9026825054867275e-12
sub-066,P4,2.5478241506302204e-10,4.144757875148867e-11,1.396179519136318e-11,1.0955192264821146e-11,3.5982296770244182e-12
sub-066,O1,2.7673936091786583e-10,6.948930149710026e-11,2.1733261255601272e-11,1.3063387696977001e-11,3.839042101386679e-12
sub-066,O2,2.702431635192804e-10,5.8064678292694154e-11,1.9736830289826755e-11,1.2279657040550839e-11,3.846771443779504e-12
sub-066,F7,2.785477422554199e-10,4.58372892932446e-11,1.4377924748601564e-11,1.4879907235191335e-11,7.993051915734864e-12
sub-066,F8,2.751344184902861e-10,4.883327446055806e-11,1.5466152880424255e-11,1.4351724317671497e-11,6.122205819471795e-12
sub-066,T3,2.550784359313248e-10,4.789456395586322e-11,1.5066124808552965e-11,2.437984911972615e-11,1.5719424167858507e-11
sub-066,T4,2.6760470301979145e-10,4.9045746049456225e-11,1.525199639686042e-11,1.494636013361584e-11,6.895743568185236e-12
sub-066,T5,2.6378135182129305e-10,6.396162558859123e-11,1.9184180149841982e-11,1.3382574708824749e-11,4.3362448088414735e-12
sub-066,T6,2.673164316303049e-10,5.3557026985175324e-11,1.7666824814757598e-11,1.2935478757025463e-11,4.587936294140111e-12
sub-066,Fz,2.7146754362764317e-10,4.1273167911098185e-11,1.4784595891673787e-11,1.142313614780336e-11,3.300908180318515e-12
sub-066,Cz,2.357351525933152e-10,3.273248087657753e-11,1.2085749746975216e-11,1.1598133819935584e-11,2.7991914212779033e-12
sub-066,Pz,2.596382206033974e-10,4.4158022742606333e-11,1.5166976565431182e-11,1.1222410801462875e-11,3.172207738016309e-12
sub-067,Fp1,4.513379780797603e-10,5.300440574752527e-11,4.492999134340314e-11,2.669378534169391e-10,2.0565358787338903e-10
sub-067,Fp2,5.192334578532201e-10,5.000626169201767e-11,3.0717213255177553e-11,9.764998010418447e-11,6.585771521351897e-11
sub-067,F3,2.5791818932905827e-10,3.0800154845136815e-11,2.161193527759101e-11,1.0729439665842128e-10,7.84895331964214e-11
sub-067,F4,2.5304661069870764e-10,3.011958185916751e-11,1.6270925105063173e-11,4.527045567473874e-11,2.3790501803919422e-11
sub-067,C3,2.420682947056513e-10,2.7381657496597978e-11,1.1788355793696958e-11,1.9996303020846687e-11,3.6993443999119565e-12
sub-067,C4,2.3902421645004056e-10,2.6755941329990024e-11,1.2196238902040158e-11,2.010330681132882e-11,3.7833311772205535e-12
sub-067,P3,3.15091938325265e-10,3.275240267385471e-11,1.4668346041568596e-11,2.244633899656669e-11,4.4382868319367215e-12
sub-067,P4,2.4836359583111106e-10,2.791500840464778e-11,2.095686412651295e-11,2.130161065809955e-11,4.152091239780485e-12
sub-067,O1,6.587684472458745e-10,5.6329879248564875e-11,2.1696344098381136e-11,2.4866278624920688e-11,4.953418877607141e-12
sub-067,O2,3.218081769093814e-10,3.39868742250608e-11,1.967288889037866e-11,2.2288076201618187e-11,5.225304261405167e-12
sub-067,F7,2.6954658070446623e-10,3.949730298868557e-11,3.5690759401382e-11,4.78042260922777e-11,1.5344185238914865e-11
sub-067,F8,2.5869162279527407e-10,3.2493355051824746e-11,2.619665753642223e-11,5.314303952729314e-11,2.9167604082932296e-11
sub-067,T3,2.732528885866886e-10,3.557667949006587e-11,3.430476653865811e-11,1.9659953656561578e-10,1.5615850134928305e-10
sub-067,T4,2.539674790614933e-10,3.5362399826646244e-11,4.0135724773033554e-11,4.415422012982133e-10,4.239616152344284e-10
sub-067,T5,2.6019728054678073e-10,3.1432023865576126e-11,2.0745864614978923e-11,3.269143018795854e-11,1.317071074870196e-11
sub-067,T6,2.4737853017140836e-10,2.8968618786882213e-11,2.3764778980522527e-11,3.6962490997838956e-11,1.9228886669826398e-11
sub-067,Fz,2.5990698460109344e-10,2.984661172452433e-11,1.7176685822332638e-11,3.079211769053333e-11,5.0885087991369685e-12
sub-067,Cz,2.425343866763243e-10,2.6952482609078452e-11,9.994914653631006e-12,1.680663209476713e-11,3.0132455941333134e-12
sub-067,Pz,2.400444712790655e-10,2.6838442065003904e-11,1.3593346769958824e-11,1.6617092510382815e-11,3.495752131968774e-12
sub-068,Fp1,2.9115616430174834e-10,3.1299955893868764e-11,1.2731002401487052e-11,1.320717171943586e-11,5.112016301603074e-12
sub-068,Fp2,2.791808718706624e-10,3.004232468038451e-11,1.2557304152036744e-11,1.3172650398834741e-11,4.573814944676861e-12
sub-068,F3,2.565248140295835e-10,2.745921559964398e-11,1.0934983174102695e-11,1.1577568266353326e-11,3.2075684236162393e-12
sub-068,F4,2.5597631193044757e-10,2.745960330462715e-11,1.0460674392982029e-11,1.1167610617229512e-11,3.032998401658839e-12
sub-068,C3,2.4974227019204625e-10,2.6148484684085545e-11,9.107671201800898e-12,9.50765896137511e-12,1.9281609908710137e-12
sub-068,C4,2.483418308654446e-10,2.6141004665423438e-11,9.412122220226453e-12,9.440415533311332e-12,1.9225941128632407e-12
sub-068,P3,2.502081043097246e-10,2.7948680155931163e-11,1.2942664416293388e-11,1.0260970833021637e-11,1.951020296943059e-12
sub-068,P4,2.530324961761692e-10,3.0280490346716634e-11,1.660260931706109e-11,1.0693200558264917e-11,2.142669774719372e-12
sub-068,O1,2.5341132471077637e-10,3.313830007107534e-11,1.8075894861821158e-11,1.1327487789770846e-11,2.3013271498419962e-12
sub-068,O2,3.016368864034537e-10,3.520713381674188e-11,1.9307144614382553e-11,1.1553577628876255e-11,2.3901989153999165e-12
sub-068,F7,2.572156561129108e-10,2.8134095345515458e-11,1.2817681061066077e-11,1.3998012933670193e-11,6.45077760136838e-12
sub-068,F8,2.5453601577150113e-10,2.7354028441884278e-11,1.1140299849434777e-11,1.0856269553419421e-11,3.1923694108407425e-12
sub-068,T3,2.5121450402943576e-10,3.025406611287643e-11,1.527646354925494e-11,1.4034782584468434e-11,6.36605596464015e-12
sub-068,T4,2.5168661620937027e-10,2.8210110080226807e-11,1.1805281103764479e-11,1.0714192318856305e-11,3.349421822772677e-12
sub-068,T5,2.5378366368948397e-10,4.297595087801436e-11,2.726966629318504e-11,1.2717005337664148e-11,2.6174120642921646e-12
sub-068,T6,2.6275456295974844e-10,3.882527269376499e-11,2.2816888204769457e-11,1.1384172131640826e-11,2.42177368644102e-12
sub-068,Fz,2.5609314124551425e-10,2.762714516168108e-11,1.078798415156519e-11,1.0409030628595442e-11,2.2306726656000267e-12
sub-068,Cz,2.514869495025565e-10,2.6595263698378707e-11,8.859244694878475e-12,9.27825945909172e-12,1.875147814182695e-12
sub-068,Pz,2.511448489219793e-10,2.6923633798683406e-11,1.1662203012505593e-11,9.09831415939346e-12,1.9369840570836848e-12
sub-069,Fp1,3.607004937762938e-10,7.089105782302781e-11,2.2992572177404312e-11,2.594257938593245e-11,8.196023959749825e-12
sub-069,Fp2,3.0561699135886916e-10,6.916818628336918e-11,2.1418267361061106e-11,2.7068338905709967e-11,9.808460951721946e-12
sub-069,F3,2.3189251392559992e-10,5.443412814314316e-11,1.8051558546639183e-11,2.0315878716034515e-11,5.224486591475804e-12
sub-069,F4,2.1810593722348702e-10,6.03945333211879e-11,1.6901664585933854e-11,1.9395442293830646e-11,3.704790239832417e-12
sub-069,C3,2.024976379270466e-10,5.2985820639205815e-11,1.4565533417358118e-11,1.5318788960035354e-11,2.3734574609412937e-12
sub-069,C4,2.0580212520277623e-10,5.223380097514573e-11,1.4244086521571175e-11,1.5413346438355022e-11,2.367196764716754e-12
sub-069,P3,2.4066259563269903e-10,1.2372867226664775e-10,2.93111623811356e-11,1.697476744330897e-11,2.2937154347608906e-12
sub-069,P4,2.394777614638795e-10,9.630372025122616e-11,2.6301735260171666e-11,1.707977297674086e-11,2.417286557947128e-12
sub-069,O1,2.6795882473552225e-10,1.3542054253392924e-10,3.5002526362732334e-11,1.9315604440281757e-11,2.6942816200267384e-12
sub-069,O2,2.553164251729126e-10,1.1510607374969384e-10,3.204903291850148e-11,1.7937410665341617e-11,2.5017857900810454e-12
sub-069,F7,2.3775356075832524e-10,9.388871306844125e-11,2.96243632003096e-11,2.347578855782301e-11,8.65323181472829e-12
sub-069,F8,2.2046015320119422e-10,8.223146687677962e-11,2.609231418197622e-11,2.2658044948223423e-11,6.889936033476217e-12
sub-069,T3,2.2765739653888288e-10,1.39362456067581e-10,3.567932400630528e-11,2.986836421635078e-11,1.3488698629140859e-11
sub-069,T4,2.1862952782896106e-10,1.0799324897658049e-10,3.0959885135506156e-11,2.520670334458108e-11,1.1571184116398908e-11
sub-069,T5,2.65406186680537e-10,1.8080305264295024e-10,3.839817638931263e-11,1.96103831625788e-11,2.8924615729566184e-12
sub-069,T6,2.6466756342433564e-10,1.6495582146409997e-10,4.030379101925627e-11,1.926168760471508e-11,2.8642169466956788e-12
sub-069,Fz,2.229824814939659e-10,7.022686920765437e-11,1.853396895834236e-11,1.6187538477374017e-11,2.566162012066315e-12
sub-069,Cz,2.0695153733336402e-10,8.521349847217577e-11,2.1024373356584236e-11,1.858244583291231e-11,2.5364303938450724e-12
sub-069,Pz,2.2709255838025457e-10,1.1114402284344906e-10,3.3855785742133227e-11,1.6308410996875594e-11,2.332788584654309e-12
sub-070,Fp1,3.3046317111670703e-10,3.604139308588829e-11,1.109286706567885e-11,2.520974637881879e-11,1.1751806987271317e-11
sub-070,Fp2,2.914620929533803e-10,3.243049417928723e-11,9.961053867759075e-12,1.3901730248751704e-11,4.644647108761291e-12
sub-070,F3,2.5263098505155484e-10,2.6764723832415424e-11,9.464345684645392e-12,1.8582831652555545e-11,8.650541292775792e-12
sub-070,F4,2.3854335543432394e-10,2.5850648576720465e-11,8.418254643199208e-12,1.1170317898004623e-11,2.647621687534725e-12
sub-070,C3,2.3340128434893506e-10,2.441415393407536e-11,7.901368285245545e-12,9.703160789859233e-12,1.9008966810133807e-12
sub-070,C4,2.3222302545330005e-10,2.471880394462295e-11,7.891808211161027e-12,9.705373074637369e-12,1.891222759792061e-12
sub-070,P3,2.372457654634468e-10,2.6120243869337182e-11,9.904338021393522e-12,1.1255475061514715e-11,2.43683306209366e-12
sub-070,P4,2.3756537212635176e-10,2.6253228698675457e-11,9.38054686224496e-12,1.1087719975090231e-11,2.4903481455597546e-12
sub-070,O1,2.39794812970438e-10,2.7187482864354202e-11,1.0643365892000035e-11,1.2299327139968236e-11,3.1833618643412347e-12
sub-070,O2,2.3665081769858133e-10,2.6949661803957785e-11,1.02145216498082e-11,1.1961804906645183e-11,3.1854514596403707e-12
sub-070,F7,2.508288713948661e-10,2.8320423379076083e-11,1.2294450381386784e-11,1.626346906834026e-11,5.475145316508986e-12
sub-070,F8,2.387609527848741e-10,2.731377320911833e-11,9.785310096673364e-12,1.2200320929170027e-11,3.061005969252729e-12
sub-070,T3,2.4441974559776287e-10,2.921456615755248e-11,1.4857991476525995e-11,4.3235446957337565e-11,2.087978229091259e-11
sub-070,T4,2.375905074259062e-10,2.88378474731122e-11,1.0899385545673475e-11,1.3501466685703875e-11,4.038732950006598e-12
sub-070,T5,2.3888086161405107e-10,2.8336561423299052e-11,1.1339534199555071e-11,1.3675062100383868e-11,4.539342205044997e-12
sub-070,T6,2.4018867807915296e-10,2.8696312064301284e-11,1.0603604073479737e-11,1.3361621319211218e-11,5.3799400090206245e-12
sub-070,Fz,2.4795661294341083e-10,2.6850793267762004e-11,8.333297060458685e-12,1.0977307498917108e-11,2.2380728352718452e-12
sub-070,Cz,2.37375661015702e-10,2.630760257330501e-11,7.791820128390618e-12,1.0516805010442273e-11,2.1719430614623652e-12
sub-070,Pz,2.3529918109664987e-10,2.4934595574366046e-11,8.373523358951777e-12,9.821419867493387e-12,1.9564937126511697e-12
sub-071,Fp1,2.753562558134773e-10,3.5002589734434114e-11,1.994422216858723e-11,2.340447822822695e-11,1.0214852571720617e-11
sub-071,Fp2,2.5708869949427696e-10,3.3309561038384125e-11,1.914925043366323e-11,1.941281128012322e-11,6.266675211358358e-12
sub-071,F3,2.334853764755841e-10,2.91521576462653e-11,1.3419411025042941e-11,1.549531109067273e-11,4.308735776119696e-12
sub-071,F4,2.325392837281858e-10,2.927016897448696e-11,1.4023688727324817e-11,1.5403312832542335e-11,4.5829963135256596e-12
sub-071,C3,2.2838736761853202e-10,2.5964705702696343e-11,9.993520982294462e-12,1.2027640216025987e-11,2.9253939699231033e-12
sub-071,C4,2.2861363635376763e-10,2.6488718798420276e-11,9.861374440436846e-12,1.2077717047601993e-11,2.8513248489672807e-12
sub-071,P3,2.3054518679492002e-10,3.0682494780210825e-11,2.0028162298831672e-11,1.40581348288555e-11,2.6676804928149804e-12
sub-071,P4,2.3105376206856772e-10,2.94704305716253e-11,1.8075429626713545e-11,1.5482968749892225e-11,2.9549266266352705e-12
sub-071,O1,2.3391817770241627e-10,3.132588693529535e-11,2.17219243781316e-11,1.7015871804994938e-11,3.408699743661256e-12
sub-071,O2,2.3392827688657683e-10,3.216616994511533e-11,2.6488975384737907e-11,1.8098323921787814e-11,3.702723694381967e-12
sub-071,F7,2.510318711541596e-10,3.4663340907103865e-11,2.1948762472010272e-11,2.2479837315681434e-11,1.1078220378814235e-11
sub-071,F8,2.491132071672145e-10,3.47709285590539e-11,2.2340680377871073e-11,2.4167268323632197e-11,1.2764006136326091e-11
sub-071,T3,2.338287401723144e-10,3.179302915531516e-11,2.0194279221413614e-11,2.2507171859924868e-11,9.98115728113512e-12
sub-071,T4,2.3569651356254813e-10,3.340308254897374e-11,2.2878376227810516e-11,2.1951256550167552e-11,9.135545478385416e-12
sub-071,T5,2.334429054681821e-10,3.1662328473610864e-11,2.0756056698088337e-11,1.955302480471386e-11,4.603007226333294e-12
sub-071,T6,2.339213956511106e-10,3.315665662267182e-11,2.9629168289157394e-11,2.4205116924123206e-11,6.504608366514763e-12
sub-071,Fz,2.3223856813405136e-10,2.914002145561959e-11,1.263096175876346e-11,1.3308805086650538e-11,2.5573363546353614e-12
sub-071,Cz,2.2966185412132846e-10,2.651604549217354e-11,9.120686674245446e-12,1.1476911263637091e-11,2.266752494857603e-12
sub-071,Pz,2.3046139976188397e-10,2.970774052833748e-11,1.6869291736386567e-11,1.1622692136414992e-11,2.4665388504999e-12
sub-072,Fp1,4.735915032040137e-10,6.456964554653426e-11,1.404421949855747e-11,1.4980083965400127e-11,4.522570225758695e-12
sub-072,Fp2,4.3003439679797916e-10,6.332471478378886e-11,1.3321669452618432e-11,1.4241728442655604e-11,4.085398880302876e-12
sub-072,F3,2.8527676652961126e-10,4.009615601653097e-11,1.0993559086659522e-11,1.2136866824921241e-11,2.9264323165222596e-12
sub-072,F4,2.5091520792812873e-10,3.7090762706313316e-11,1.0656225626220775e-11,1.3501310441142623e-11,4.852300118191062e-12
sub-072,C3,2.3769610829879797e-10,3.389125642169627e-11,9.490824252617697e-12,1.0218700051339662e-11,2.4297036300860663e-12
sub-072,C4,2.3095943616721718e-10,3.3502780454426374e-11,9.42352213102e-12,1.0320559406780997e-11,2.4754425121520975e-12
sub-072,P3,2.544925196465416e-10,3.884594551794128e-11,1.0775822848407175e-11,1.139394344160259e-11,2.3839493853274475e-12
sub-072,P4,2.472243199464161e-10,3.8270719443981053e-11,1.0530717689175916e-11,1.1249094908876153e-11,2.581470780564131e-12
sub-072,O1,2.6770051151832e-10,4.078839831638475e-11,1.1495390058550684e-11,1.136889482881788e-11,2.8264291383976356e-12
sub-072,O2,2.67875469739916e-10,3.9840889073780185e-11,1.1276616377344003e-11,1.148911350566678e-11,3.0825011937177944e-12
sub-072,F7,2.768644047960643e-10,4.135378716945516e-11,1.1610044800414527e-11,1.525709695566862e-11,7.081046458173629e-12
sub-072,F8,2.5820108003066224e-10,4.1040668315996654e-11,1.1365331908324339e-11,1.4356671411723055e-11,6.564712260910213e-12
sub-072,T3,2.6026583601138565e-10,4.380182925803628e-11,1.1330486579519279e-11,1.252711992721383e-11,4.475950059204845e-12
sub-072,T4,2.4968694846222063e-10,4.6043629615539375e-11,1.2154671557915337e-11,1.272850918307659e-11,4.338606203458404e-12
sub-072,T5,2.7872032530355465e-10,5.113125045451021e-11,1.299275587726146e-11,1.209811007813665e-11,3.2222232612608877e-12
sub-072,T6,2.725553441271892e-10,4.935511950095946e-11,1.2936536459842832e-11,1.2613532612556171e-11,4.266616944649487e-12
sub-072,Fz,2.821349907538127e-10,4.0862334543679655e-11,1.116361870681444e-11,1.2247100984826887e-11,2.429838496526229e-12
sub-072,Cz,2.3981353631996173e-10,3.294714933283608e-11,1.0120654375496391e-11,1.1595946012409869e-11,2.2689014878694353e-12
sub-072,Pz,2.5798411126372133e-10,3.4559159142879405e-11,1.048401314406055e-11,1.1504729628061534e-11,2.4955973999726623e-12
sub-073,Fp1,3.18431270985505e-10,3.373763493035281e-11,1.2327552012554572e-11,1.0657460145081592e-11,2.9254854930127756e-12
sub-073,Fp2,3.158018246799908e-10,3.3077462266525573e-11,1.1214223514203603e-11,1.027525072488953e-11,2.875906795436627e-12
sub-073,F3,2.584646286437893e-10,2.8393327868108656e-11,9.47079318499314e-12,9.085826738254169e-12,2.286726854666307e-12
sub-073,F4,2.6421110098811966e-10,2.8673548956433628e-11,9.093690358055129e-12,9.150538293437258e-12,2.4147284305508157e-12
sub-073,C3,2.5026849872049065e-10,2.672422397485829e-11,8.340822851296695e-12,8.597552475931641e-12,2.0163515566783865e-12
sub-073,C4,2.4923766247416114e-10,2.7174279594010353e-11,8.349890393736434e-12,8.603804917263683e-12,2.068562397365712e-12
sub-073,P3,2.510935382530082e-10,2.8253507640426583e-11,1.0426620671502871e-11,9.624492867456054e-12,2.2603820979545937e-12
sub-073,P4,2.496455734323501e-10,2.8675818336395092e-11,1.1600069794996446e-11,9.050283824023793e-12,1.928991351583126e-12
sub-073,O1,2.528401818564486e-10,3.36056342721297e-11,1.9276602441567635e-11,1.0941066716662471e-11,2.8196527336215193e-12
sub-073,O2,2.540253825793657e-10,3.738606876114116e-11,2.580294021132332e-11,1.0727457272511839e-11,2.5128641840363414e-12
sub-073,F7,2.653556002860565e-10,3.202434900263389e-11,1.2199941789865189e-11,1.0690946097030351e-11,3.2365004072583572e-12
sub-073,F8,2.6248186260298123e-10,3.1963073503655523e-11,1.1734015782810564e-11,1.1494682256968858e-11,4.253068695112493e-12
sub-073,T3,2.580690620958488e-10,3.09554254947538e-11,1.2569652544614007e-11,1.1963481984962383e-11,4.983494539036322e-12
sub-073,T4,2.5176958233669134e-10,3.234880479284263e-11,1.3877432495030487e-11,1.2432892742745279e-11,5.85577575617281e-12
sub-073,T5,2.5218736318486276e-10,3.2489317360703863e-11,1.7072767027558637e-11,1.1236259244977353e-11,3.1836229542353596e-12
sub-073,T6,2.6115285391795374e-10,3.752511767836385e-11,2.131815943462958e-11,1.0820241322538025e-11,2.5647696575507344e-12
sub-073,Fz,2.6045538216399996e-10,2.910494657695123e-11,9.67292293108154e-12,8.839239366818843e-12,1.978194975719919e-12
sub-073,Cz,2.860262091535207e-10,2.957365465297469e-11,9.145341948711446e-12,9.39128024900644e-12,2.0706962268524652e-12
sub-073,Pz,2.498092243669439e-10,2.8028635423365012e-11,1.0546506672930324e-11,8.943892279793512e-12,2.0190008593501425e-12
sub-074,Fp1,2.5229010265939803e-09,5.203907224602609e-10,1.709004505506411e-10,1.9238867441800188e-10,2.095928282852233e-11
sub-074,Fp2,2.3202329471906614e-09,3.728040338518057e-10,8.374854569653097e-11,1.4475656978622721e-10,4.505610171533883e-11
sub-074,F3,2.194526735254634e-09,3.337412694155242e-10,6.519000120406136e-11,6.16497596873027e-11,9.557110747512416e-12
sub-074,F4,2.1455199713573227e-09,3.137601567381949e-10,4.8485174201893544e-11,6.422781650223239e-11,1.592036977755062e-11
sub-074,C3,2.3021171704161156e-09,3.1663564760299557e-10,5.1225170143537353e-11,4.5674221539091444e-11,7.30730839926463e-12
sub-074,C4,2.5692354581833403e-09,4.1892015190219703e-10,1.1064333128602075e-10,1.164876249171673e-10,8.7618150795339e-12
sub-074,P3,2.2173396511239164e-09,3.037933925613051e-10,5.290742344325187e-11,4.5830170559889547e-11,6.929914999877255e-12
sub-074,P4,2.2079512418597615e-09,3.242313099378809e-10,5.951657725521018e-11,4.7240724157916515e-11,7.764746698981292e-12
sub-074,O1,2.086771061127081e-09,3.0499522002489373e-10,6.239746504213537e-11,5.025857063611757e-11,8.139754169254318e-12
sub-074,O2,6.110115027279311e-09,1.4836639927295604e-09,6.759913346901397e-10,6.213548878162429e-10,7.871169948171356e-10
sub-074,F7,2.122160554457881e-09,3.0746436352216935e-10,5.488154127236127e-11,4.7771468416819814e-11,7.837362523642025e-12
sub-074,F8,2.351754467486731e-09,3.137726829706524e-10,5.551949867477934e-11,4.9692590154352504e-11,8.98984673362154e-12
sub-074,T3,2.1167808704165145e-09,3.068806525847236e-10,5.5290034826158124e-11,4.9784114940648284e-11,1.0982533735656045e-11
sub-074,T4,9.442047475066887e-09,2.2957896300581258e-09,4.1484812506042905e-10,8.00014840647227e-10,8.94172979508343e-10
sub-074,T5,2.107232435722845e-09,3.0743405618766976e-10,5.94384295127673e-11,4.916906357368377e-11,8.931619662422613e-12
sub-074,T6,2.1990257363545092e-09,3.3632022266651274e-10,7.041088035709675e-11,4.708941169776241e-11,6.868241761530928e-12
sub-074,Fz,2.2307501832323927e-09,3.178233090540447e-10,6.048503371747302e-11,7.057186592958993e-11,1.5351937783474726e-11
sub-074,Cz,3.4198136843853595e-09,5.188603546960696e-10,9.493869360551359e-11,9.657553490855088e-11,1.8226915448881813e-11
sub-074,Pz,2.648861115490108e-09,3.30168202572894e-10,5.416277418336524e-11,4.9430558747567584e-11,7.1120540259409746e-12
sub-075,Fp1,1.4211218330566328e-09,1.724163213935319e-10,6.983349397584023e-11,1.7109812565299574e-10,1.0641044136035865e-10
sub-075,Fp2,1.3231908597215815e-09,1.6846725503612312e-10,6.930894664925651e-11,2.2405491462188648e-10,1.3956152921001361e-10
sub-075,F3,1.193140955891491e-09,1.545012680890985e-10,5.956764835690732e-11,9.327967065533706e-11,4.327750151359502e-11
sub-075,F4,1.1936640511551174e-09,1.572062071200567e-10,5.953883951390333e-11,9.941211917196743e-11,4.573168852940996e-11
sub-075,C3,1.1699436590828217e-09,1.5128172616596528e-10,5.6902746891873355e-11,8.12196692254037e-11,3.1007847458529584e-11
sub-075,C4,1.167638537032571e-09,1.514946888428721e-10,5.6373701536134e-11,8.025869986802781e-11,3.062303609246346e-11
sub-075,P3,1.1701150147638357e-09,1.5692391230919913e-10,7.364565286402234e-11,9.119593288385207e-11,3.408023461392014e-11
sub-075,P4,1.1720938502249102e-09,1.5691767419477604e-10,7.678538823824381e-11,9.240590691795056e-11,3.5887107310331705e-11
sub-075,O1,1.1767310655021683e-09,1.6660313372897552e-10,1.336269575284942e-10,9.173700414797359e-11,2.5532504964476098e-11
sub-075,O2,1.1751171210334664e-09,1.6546489251891012e-10,1.462928658873483e-10,9.187926480868755e-11,2.8239890714986373e-11
sub-075,F7,1.2142464000895962e-09,1.6569002275126288e-10,6.511118187345773e-11,9.795329288088235e-11,4.9382956537139924e-11
sub-075,F8,1.2420578594822527e-09,1.6950689142032303e-10,6.489493580834055e-11,9.39441933357533e-11,3.975147968217258e-11
sub-075,T3,1.1855289999533702e-09,1.7171205828894787e-10,7.088534912395951e-11,9.29021364129696e-11,3.727783148694828e-11
sub-075,T4,5.256642595111083e-10,7.752113000134991e-11,2.946554150578393e-11,4.0581104932974894e-11,1.9907630354272358e-11
sub-075,T5,1.1740459600254276e-09,1.6484449005738143e-10,1.011377454346469e-10,9.393917647461633e-11,3.2477159457779815e-11
sub-075,T6,1.1786920102996545e-09,1.698681254502977e-10,1.5193287487067628e-10,9.91711829420239e-11,3.5115481887122255e-11
sub-075,Fz,1.1844275427216116e-09,1.5303722508776786e-10,5.966978586291645e-11,8.649168361028796e-11,3.339394213608875e-11
sub-075,Cz,1.169019206909603e-09,1.51502006995676e-10,5.848948864783629e-11,8.647884719546607e-11,3.248235687102109e-11
sub-075,Pz,1.1693183174171612e-09,1.5521059882388192e-10,6.980622679163483e-11,8.863198682608301e-11,3.329578309868269e-11
sub-076,Fp1,2.9428821492240003e-08,4.9394144849871965e-09,1.7549917959873362e-09,1.5982284542562383e-09,1.4824445287082866e-09
sub-076,Fp2,5.56749139912515e-10,8.295318943222218e-11,3.339726693931987e-11,5.7904402396868136e-11,2.1336879020256004e-11
sub-076,F3,5.428244755038311e-10,7.60051308929338e-11,2.6357117935092672e-11,3.466238525464648e-11,1.500404115615591e-11
sub-076,F4,5.411233605943329e-10,8.073123383295273e-11,2.9947430602580836e-11,3.53442949931613e-11,1.2098752189115524e-11
sub-076,C3,5.204734566483757e-10,7.680134558069576e-11,2.6486675213653195e-11,2.624093202693581e-11,8.765618670874998e-12
sub-076,C4,5.183620299465939e-10,7.779156218057562e-11,2.6517520760847447e-11,2.2635405749766688e-11,6.3084194609862995e-12
sub-076,P3,9.08300030054145e-10,8.296116085310288e-11,2.2071258176765812e-11,2.4786668606025066e-11,1.1240155108558313e-11
sub-076,P4,5.324221200544725e-10,7.433147353365152e-11,2.439212166922575e-11,2.0786801686110644e-11,5.512020059109832e-12
sub-076,O1,7.516034318841903e-10,8.189957507550582e-11,2.7958326006750246e-11,3.676410365011775e-11,1.66747032213712e-11
sub-076,O2,1.210843958604157e-09,7.893538753412553e-10,8.090767658662575e-10,3.6002311160453364e-10,9.525746469387492e-11
sub-076,F7,5.133693593697844e-10,6.801784882602747e-11,2.4295328911312352e-11,3.2841284045059156e-11,1.3437831656808851e-11
sub-076,F8,5.512047651241794e-10,8.197355752379667e-11,3.111488835968649e-11,3.56582165844423e-11,1.0109517385318042e-11
sub-076,T3,5.470208565930469e-10,8.415570850781913e-11,3.176649760288435e-11,2.9502442023613676e-11,1.079021183730614e-11
sub-076,T4,5.311229187704693e-10,8.085949222827901e-11,2.867599094769507e-11,2.7328290543365454e-11,8.9987898058447e-12
sub-076,T5,6.006155673871881e-10,7.725970250825531e-11,2.4123508486606982e-11,2.5413747414791086e-11,1.04251479998554e-11
sub-076,T6,5.485334686722338e-10,8.334246745561359e-11,2.7756955617976115e-11,2.5732116093816613e-11,8.561313722930495e-12
sub-076,Fz,5.373723077132793e-10,8.132786422383439e-11,2.9231120610179484e-11,3.096910522925625e-11,9.963632877231914e-12
sub-076,Cz,5.454150707872674e-10,8.414979443786278e-11,3.129424444408256e-11,2.6461422827624254e-11,7.647847992410874e-12
sub-076,Pz,1.096399569777877e-09,1.9180538048336416e-10,5.2550873139714336e-11,2.666646735862213e-11,1.3257809111126348e-11
sub-077,Fp1,4.3172130595141596e-10,3.924406278783169e-11,9.831178281354475e-12,1.9279984863905035e-11,1.339401065877745e-11
sub-077,Fp2,3.4194249542731386e-10,3.229923021728467e-11,9.221433916452655e-12,1.2984126969848612e-11,6.448442254752593e-12
sub-077,F3,2.85916701073733e-10,2.933357685135131e-11,8.578794726463146e-12,1.6707193907465368e-11,1.2752300166638156e-11
sub-077,F4,2.8170840145691813e-10,2.9043636863142253e-11,8.540120056861877e-12,1.2587935764421357e-11,8.047956701500895e-12
sub-077,C3,2.773890608985662e-10,2.8489755770226566e-11,8.031811068539414e-12,9.112656556788279e-12,2.804401043600497e-12
sub-077,C4,2.7803141507093934e-10,2.8351396671901585e-11,8.05052573314717e-12,9.006321754604182e-12,2.755475712282199e-12
sub-077,P3,2.781349938220565e-10,2.8761544102567917e-11,8.902955729213526e-12,1.0070519354217072e-11,2.9788488694604265e-12
sub-077,P4,2.784418938379821e-10,2.861090578162701e-11,8.55523061883097e-12,9.48504026189061e-12,2.648760763566145e-12
sub-077,O1,2.7985674903940705e-10,2.948103806486238e-11,1.1163104982250813e-11,1.280268722278693e-11,3.851926048627865e-12
sub-077,O2,2.8056529698015543e-10,2.920477418674909e-11,1.2426483545843707e-11,1.2874928090397733e-11,3.656374669592206e-12
sub-077,F7,3.019002567284539e-10,3.08869686121751e-11,1.017841873729601e-11,3.2471725964134134e-11,3.602780105657164e-11
sub-077,F8,3.138537186963679e-10,3.1718853819323235e-11,9.62309062456206e-12,1.4701395875997952e-11,1.0261751842305468e-11
sub-077,T3,2.8081206477429843e-10,2.949930844745616e-11,9.077382087446919e-12,1.6737345866179426e-11,7.236005575630477e-12
sub-077,T4,2.7917052211598743e-10,2.91099622667267e-11,9.131796552154083e-12,1.3295697239600246e-11,7.063616657844644e-12
sub-077,T5,2.778789163821256e-10,2.8398060582300043e-11,1.0093043855098005e-11,1.2286549478371108e-11,4.352615186690611e-12
sub-077,T6,2.790048139107703e-10,2.8944218441603748e-11,9.826081487557798e-12,1.0578611900602198e-11,3.1780673149094084e-12
sub-077,Fz,2.8224833818993353e-10,2.886339418931946e-11,8.133697582756899e-12,8.95682182963328e-12,2.5456564965984854e-12
sub-077,Cz,2.799278055838658e-10,2.877123844264433e-11,8.050670663663781e-12,8.655103759119059e-12,2.4273334076502884e-12
sub-077,Pz,2.7936533741999447e-10,2.8765213367675773e-11,8.756205893285335e-12,9.666564206086162e-12,2.898661745974785e-12
sub-078,Fp1,3.038634060905741e-10,2.9512748802247075e-11,1.1384015790650362e-11,2.5371962274468877e-11,1.5613394592622754e-11
sub-078,Fp2,3.026817023866835e-10,2.879302840543079e-11,9.887838255887741e-12,1.8787116419995805e-11,8.564629523606416e-12
sub-078,F3,2.8071703904269735e-10,2.7050785132869185e-11,8.59177333257865e-12,1.290013748501943e-11,5.0962989550380055e-12
sub-078,F4,2.8198801285131996e-10,2.827102161979384e-11,9.274081576641644e-12,1.4746099455260103e-11,6.526064784882677e-12
sub-078,C3,2.7078299291862247e-10,2.5967731131318577e-11,7.975050182573059e-12,9.555302739265958e-12,2.260919145099656e-12
sub-078,C4,2.6765111810229974e-10,2.60995817972613e-11,8.025147386969392e-12,9.385294483308367e-12,2.2885244512508172e-12
sub-078,P3,2.7082600696754677e-10,2.6415402523678536e-11,8.406830315478616e-12,1.0769008559224282e-11,2.2137710966869264e-12
sub-078,P4,2.904798143146602e-10,2.854257371840678e-11,8.889086769528326e-12,1.0711032275124991e-11,2.2649490756750774e-12
sub-078,O1,2.7578042563962127e-10,2.798511616323725e-11,9.754845252001955e-12,1.289027999502047e-11,2.691946234141275e-12
sub-078,O2,2.825116554055225e-10,2.8457268367824653e-11,9.89670803691439e-12,1.3043336028503814e-11,2.8713649134675586e-12
sub-078,F7,2.937243168958831e-10,2.9920430345918985e-11,1.0417083866154427e-11,1.494286931644363e-11,6.254528622002364e-12
sub-078,F8,2.9342140064417625e-10,3.1946521414650014e-11,1.1626991176815718e-11,1.618409204559421e-11,5.650055255908222e-12
sub-078,T3,2.756359525536684e-10,2.8532218821608816e-11,1.1024540438347447e-11,2.3011167930065723e-11,1.2349415100889245e-11
sub-078,T4,2.7281243019689776e-10,2.8151272238940282e-11,1.0739790497363034e-11,1.5942271257873735e-11,6.123085207889302e-12
sub-078,T5,2.738270528957561e-10,2.8244209372836288e-11,1.0344562109066192e-11,1.4318268793077567e-11,3.671522246305866e-12
sub-078,T6,2.7435989162178427e-10,2.7370078382673473e-11,9.32039029034156e-12,1.224075053516604e-11,2.744946712198718e-12
sub-078,Fz,2.7470229354604094e-10,2.6521986516351563e-11,8.012094892828208e-12,9.735035218481475e-12,2.2421004690981453e-12
sub-078,Cz,2.6865583587609923e-10,2.5890331896277327e-11,7.570459308474544e-12,8.88105172099394e-12,1.8533845204345132e-12
sub-078,Pz,2.7402976585509503e-10,2.6720111204007398e-11,8.11821854289789e-12,9.648611519225493e-12,2.110977617321824e-12
sub-079,Fp1,1.961345854844027e-09,2.5469658871098477e-10,1.062418084544412e-10,2.375603107025291e-10,1.1534666788053503e-10
sub-079,Fp2,2.2351846629845336e-09,2.857175554541996e-10,1.202649452775584e-10,2.632820734147591e-10,1.2442684939711575e-10
sub-079,F3,1.7854221811458747e-09,2.4754551297753706e-10,9.875234918164546e-11,1.6736518822679953e-10,7.113636438844891e-11
sub-079,F4,1.8064290988805656e-09,2.463984404441876e-10,9.794842395546845e-11,1.758827723377145e-10,8.442734570706013e-11
sub-079,C3,1.7792371200368122e-09,2.4619423836839045e-10,9.874234469372781e-11,1.6858779616288704e-10,7.284804201614316e-11
sub-079,C4,1.7681656105350922e-09,2.4225197168496376e-10,9.572784842619888e-11,1.5970714566973064e-10,6.8780962412202e-11
sub-079,P3,1.7697948600474707e-09,2.4199056121042106e-10,1.0167968548378215e-10,1.5712661406892925e-10,6.554232899753329e-11
sub-079,P4,1.788704834466857e-09,2.487877484889265e-10,1.0867409468813906e-10,1.6691279454346743e-10,7.03151090027268e-11
sub-079,O1,1.7671379812171901e-09,2.411612737244614e-10,1.2954182596836963e-10,1.4805019333254697e-10,5.943615995004471e-11
sub-079,O2,1.7852126151562073e-09,2.5083849836379546e-10,1.3946963461735575e-10,1.6573359940093175e-10,6.838497383583942e-11
sub-079,F7,1.7913387149114661e-09,2.493100955181304e-10,1.0246702066311243e-10,1.8576050601351428e-10,8.837002088797226e-11
sub-079,F8,1.8001514241058257e-09,2.604102669172862e-10,1.0828866325195322e-10,1.8725411558980015e-10,8.423467067799206e-11
sub-079,T3,1.7852484947689302e-09,2.4961609364322717e-10,1.0316625446050437e-10,1.7099888652623276e-10,7.513304094195252e-11
sub-079,T4,1.7884556977668528e-09,2.489175875496637e-10,1.0226485705661133e-10,1.737944523242145e-10,8.118208966882488e-11
sub-079,T5,1.787268522995057e-09,2.5366307801035554e-10,1.1066097104327436e-10,1.704455884419027e-10,7.043352881390905e-11
sub-079,T6,1.779376604746323e-09,2.479649422324362e-10,1.148476251939724e-10,1.6518410102443608e-10,7.109168276327352e-11
sub-079,Fz,1.7877456297838142e-09,2.48832809784014e-10,9.833872045550846e-11,1.58337393603236e-10,6.503540349469322e-11
sub-079,Cz,1.7778791999061624e-09,2.4628646008212563e-10,9.821048675214676e-11,1.66353698007891e-10,7.104284489755626e-11
sub-079,Pz,1.783415715344503e-09,2.4820935752782666e-10,1.0952376212167636e-10,1.6892508603164054e-10,7.22958426480442e-11
sub-080,Fp1,4.235623472871195e-10,3.7642968815146026e-11,2.483289499443541e-11,1.6911866541731576e-11,5.106439569113701e-12
sub-080,Fp2,3.142964082780828e-10,3.389248182924051e-11,2.090421058940295e-11,2.0723619235620862e-11,7.2004566985828275e-12
sub-080,F3,2.7373763271397464e-10,3.2646256743472625e-11,2.227762859248153e-11,1.7581617601927052e-11,9.650522527846581e-12
sub-080,F4,2.554106145151869e-10,2.9348402414744484e-11,1.560202048010186e-11,1.4544146209494167e-11,4.2706516323376865e-12
sub-080,C3,2.48878001172992e-10,2.779112616889843e-11,1.1295815182988299e-11,1.2578975736923187e-11,2.9938974896203193e-12
sub-080,C4,2.4698686960444917e-10,2.7285244153742055e-11,1.1021990219854163e-11,1.229270867962541e-11,2.8861126120746292e-12
sub-080,P3,2.510450643948817e-10,3.6930713026565455e-11,3.970038854398793e-11,1.8538453836869715e-11,2.7464901742874094e-12
sub-080,P4,2.4987561489967744e-10,4.359687165380942e-11,6.612598477885936e-11,1.8692408584860743e-11,3.1837570368154172e-12
sub-080,O1,2.564744745415519e-10,7.52021838152126e-11,1.6558942667643714e-10,3.619683153375107e-11,5.960404604870586e-12
sub-080,O2,2.533383384808066e-10,7.465729871687721e-11,1.6810431347470127e-10,3.2566860985092197e-11,4.749034183625371e-12
sub-080,F7,1.1436999408184864e-09,1.4847355917203557e-10,7.016801260104499e-11,1.1372663246158104e-10,2.0990570901620814e-10
sub-080,F8,2.904910674547947e-10,3.2959233146318956e-11,1.631614680695173e-11,1.766765388894951e-11,4.6410014243378445e-12
sub-080,T3,2.5382113673980257e-10,3.205936755707513e-11,1.7410829899504524e-11,2.168149875801932e-11,7.697354492852335e-12
sub-080,T4,2.5728254315398995e-10,3.256364212619533e-11,1.9146336265495862e-11,1.8204724709084834e-11,4.365432930002589e-12
sub-080,T5,2.555157667405673e-10,5.488625006759416e-11,9.028069046296192e-11,3.51007704119798e-11,6.131847306108523e-12
sub-080,T6,2.5491174225499537e-10,5.379100544766417e-11,9.332545666983676e-11,2.614548079014958e-11,4.307484043714848e-12
sub-080,Fz,3.1602050009033755e-10,3.3235484263295955e-11,2.0498725740934007e-11,1.3015029754359191e-11,2.6610646646540097e-12
sub-080,Cz,2.474795572396272e-10,2.6979626239694085e-11,8.85434590925197e-12,1.0234055269069368e-11,2.085873586613762e-12
sub-080,Pz,2.5203886612470156e-10,4.0269623376060064e-11,5.3121052888621546e-11,1.6625371349361478e-11,2.9171997062329194e-12
sub-081,Fp1,3.769923440698423e-10,4.021800119237913e-11,1.0686415696741047e-11,1.0909895827301724e-11,3.031297023777497e-12
sub-081,Fp2,3.785989813714501e-10,4.137184011273277e-11,1.0802834712494134e-11,1.1252656108309551e-11,3.805683476173708e-12
sub-081,F3,2.6473646358562804e-10,3.009353759614211e-11,8.993758047150034e-12,8.932736506790665e-12,1.7937578875602822e-12
sub-081,F4,2.6570192176216746e-10,2.950846856261943e-11,8.753925851864182e-12,8.963034731638653e-12,1.851379853201844e-12
sub-081,C3,2.5411075199271676e-10,2.7495882963757583e-11,8.300479973444899e-12,8.350423133026982e-12,1.6365815465525016e-12
sub-081,C4,2.552290892429529e-10,2.8131816934926376e-11,8.297206422762793e-12,8.39746285303334e-12,1.6361252108190982e-12
sub-081,P3,2.5757940941954375e-10,3.0036306845632e-11,1.064972957523569e-11,9.050818612418952e-12,1.7770144531899706e-12
sub-081,P4,2.5965349204129865e-10,2.923363377288323e-11,9.83658258408087e-12,9.023260472832251e-12,1.68897966726447e-12
sub-081,O1,2.594745364248941e-10,3.2132840895485776e-11,1.458205951931964e-11,1.002099326407876e-11,2.0172989192732595e-12
sub-081,O2,2.59306006619656e-10,3.1796456596324946e-11,1.486550027870816e-11,9.985614038669119e-12,1.8195328621809184e-12
sub-081,F7,2.687444597252358e-10,3.036475825264692e-11,9.438801588342085e-12,9.380493325982368e-12,2.081270896144551e-12
sub-081,F8,2.695311344348258e-10,3.169101218870923e-11,9.533000704704517e-12,9.619186765891649e-12,2.237341722814326e-12
sub-081,T3,2.5889776759545213e-10,3.010264029227738e-11,9.326515253739244e-12,9.39306678249186e-12,2.318028975408476e-12
sub-081,T4,2.5853334288982477e-10,3.151360259330428e-11,9.45901784370732e-12,9.216366882653846e-12,2.116331035401437e-12
sub-081,T5,2.5993433486044556e-10,3.201976322660248e-11,1.1326422726558626e-11,9.646597094892163e-12,2.1008730240857787e-12
sub-081,T6,2.5688301333643214e-10,3.1644647911714394e-11,1.1206120477587324e-11,9.198024786086937e-12,1.890296054327745e-12
sub-081,Fz,2.6264140778054937e-10,3.01756069488625e-11,9.032686193971932e-12,8.826744074223273e-12,1.6944758427887058e-12
sub-081,Cz,2.7892186887042316e-10,2.9716928730890856e-11,9.075366732586499e-12,9.566316020293807e-12,1.8388914874586762e-12
sub-081,Pz,2.5665941497474426e-10,2.8471737838753077e-11,9.424419667563794e-12,8.867829788048715e-12,1.6441806956621219e-12
sub-082,Fp1,2.7342845280865985e-10,3.01538402299659e-11,1.259646325004657e-11,1.3692099084254638e-11,4.726902042875252e-12
sub-082,Fp2,5.305536834123011e-10,4.44555904551135e-11,1.7151518036112344e-11,2.0484769226598516e-11,7.630167594268805e-12
sub-082,F3,2.632828794361493e-10,2.8337662388964846e-11,1.0107597116400744e-11,1.2021703276275328e-11,4.181236883716021e-12
sub-082,F4,2.6283494805276435e-10,2.8712223040294385e-11,1.0833270444458143e-11,1.5496365843322506e-11,7.276148963148578e-12
sub-082,C3,2.6069160842015264e-10,2.715747747384875e-11,8.89666067494384e-12,1.0556833494118498e-11,3.56650455126279e-12
sub-082,C4,2.5893586682008285e-10,2.706410887604606e-11,8.972126348565844e-12,1.0594296382939832e-11,3.5049274200184952e-12
sub-082,P3,2.652943729200109e-10,3.06572692976628e-11,1.624354420555248e-11,1.103869473813353e-11,2.77392607512666e-12
sub-082,P4,2.624922844254349e-10,2.931343017684106e-11,1.3027406972793448e-11,1.1311800665170092e-11,3.081706876831835e-12
sub-082,O1,2.701734576053538e-10,3.7523010749206583e-11,2.7476371055952853e-11,1.3369445287848338e-11,3.7767781050708515e-12
sub-082,O2,2.7994031080457253e-10,4.25917308732895e-11,3.275302869686001e-11,1.401017788388218e-11,4.023976260971725e-12
sub-082,F7,2.7241473918020675e-10,3.0460891688550197e-11,1.252854083841129e-11,1.674002102410131e-11,1.0746719633368645e-11
sub-082,F8,2.6446490280983095e-10,3.046968952371988e-11,1.2626416511569574e-11,1.4118348794697317e-11,6.327955243993553e-12
sub-082,T3,2.647149150690482e-10,3.327564818661111e-11,1.579489984852456e-11,1.5865320980776487e-11,9.45031830505755e-12
sub-082,T4,2.633412475961309e-10,3.192967476651184e-11,1.34290994649896e-11,1.3286174429916328e-11,6.2331258483330854e-12
sub-082,T5,2.710481374907829e-10,4.394249461269513e-11,3.603643214953239e-11,1.3629010140904378e-11,4.154889759194343e-12
sub-082,T6,2.70826420758406e-10,4.254255877857136e-11,2.908291146981345e-11,1.3031143088291963e-11,3.902527456575804e-12
sub-082,Fz,2.712240492319191e-10,2.9906629867736085e-11,1.1071618865153239e-11,1.1369990066212222e-11,3.2152586048962882e-12
sub-082,Cz,2.6288032003609496e-10,2.7930192078981436e-11,8.777898283330102e-12,9.900612728149563e-12,2.6575990225904953e-12
sub-082,Pz,2.616391162147251e-10,2.7730325938497094e-11,1.0915850497546663e-11,1.0268816258493418e-11,2.8809953526299263e-12
sub-083,Fp1,3.6712511291208e-10,3.981790819070418e-11,1.0631458520921548e-11,1.4407764269536297e-11,7.594409852175538e-12
sub-083,Fp2,3.775027440033436e-10,3.9202317857966095e-11,1.0190394416940718e-11,1.1590973552911802e-11,4.878816076333304e-12
sub-083,F3,2.620418060440804e-10,2.780597520931257e-11,8.427813542277655e-12,1.1368089781108462e-11,5.6636597383135196e-12
sub-083,F4,2.686688719189829e-10,2.791606945634023e-11,8.203135395494798e-12,1.0225914446249242e-11,3.990098168233516e-12
sub-083,C3,2.495783747001237e-10,2.5965982057178552e-11,7.571420792789679e-12,8.248675550617749e-12,2.312537054714755e-12
sub-083,C4,2.503881798725912e-10,2.6060753128307933e-11,7.530806597657083e-12,8.3249483655508e-12,2.3046238084214556e-12
sub-083,P3,2.5290472833293153e-10,2.6408301832768247e-11,8.000461447159054e-12,8.765384904858813e-12,2.3373793199750614e-12
sub-083,P4,2.523082719027513e-10,2.6475721098079865e-11,8.152591116787928e-12,9.267619813313456e-12,2.8403616102226506e-12
sub-083,O1,2.554654411758625e-10,2.7048116752959733e-11,9.030000103892271e-12,9.923656079816244e-12,3.1156572336157518e-12
sub-083,O2,2.5480814443960357e-10,2.6918394839828032e-11,9.074215260292063e-12,1.0315543993736156e-11,3.4826630731912914e-12
sub-083,F7,2.6902655873177385e-10,2.8369603175570725e-11,9.266796271329446e-12,1.43468238194574e-11,9.469587882076034e-12
sub-083,F8,2.7690813436345086e-10,2.936847669801001e-11,9.24127635074245e-12,1.296166350688886e-11,6.610672234633586e-12
sub-083,T3,2.574623600572984e-10,2.7544750456522368e-11,9.365373235818921e-12,1.3246803637482939e-11,7.122899025569387e-12
sub-083,T4,4.4365955874824154e-10,3.008389597661785e-11,9.885896860308952e-12,1.4980509431562675e-11,7.732590565861324e-12
sub-083,T5,2.5894221441380267e-10,2.741297140688133e-11,9.155474330717272e-12,1.067536073315763e-11,3.4668824474118145e-12
sub-083,T6,2.569922682922131e-10,2.735898291384761e-11,9.554398186340375e-12,1.3078338130914126e-11,5.595391812782441e-12
sub-083,Fz,2.582942452150217e-10,2.7276440896381817e-11,7.79588775207532e-12,8.322661109077582e-12,2.14339020724413e-12
sub-083,Cz,2.5354028947770734e-10,2.6066753880526757e-11,7.518162626318985e-12,7.862852975446392e-12,1.741138317845222e-12
sub-083,Pz,2.518710706220611e-10,2.6336533871410824e-11,7.839789992904532e-12,8.433964607240848e-12,2.217902812332599e-12
sub-084,Fp1,2.5917140097562017e-10,3.42804048999255e-11,9.856726506181535e-12,1.8871802614960862e-11,7.499850151344295e-12
sub-084,Fp2,2.416900612606069e-10,3.0303100419610146e-11,9.064173297822126e-12,1.65247846301295e-11,7.220146221309814e-12
sub-084,F3,2.091911112400948e-10,2.9106258470565914e-11,8.620135738019094e-12,1.2291943741321371e-11,4.038954718750143e-12
sub-084,F4,2.184311356165208e-10,2.937611549685298e-11,8.905970031441156e-12,1.4369433725383327e-11,7.1780060758230065e-12
sub-084,C3,1.9479663482237004e-10,2.6589822103836066e-11,7.835828996797932e-12,1.0033711205099505e-11,2.9786835192987053e-12
sub-084,C4,1.9246650195948277e-10,2.5920203599471855e-11,7.918471905263252e-12,9.9895763442648e-12,3.1160062875794e-12
sub-084,P3,2.008382086732723e-10,2.8475050840920238e-11,9.322660091326091e-12,1.097327425206018e-11,2.9678345269267004e-12
sub-084,P4,2.013600463796437e-10,3.1359322110115955e-11,1.0834370215036435e-11,1.1162681036283945e-11,3.2104288366970756e-12
sub-084,O1,2.0513597611924884e-10,2.9561042578490616e-11,1.0676681885861619e-11,1.2759891216517e-11,3.5421702063777533e-12
sub-084,O2,2.1376178828619781e-10,3.114407209541456e-11,1.2225414487096692e-11,1.265252941731671e-11,3.72951457876781e-12
sub-084,F7,2.5791509671555625e-10,4.453325793781477e-11,1.077175077228476e-11,1.666516697561517e-11,8.517403038017745e-12
sub-084,F8,2.3343584905536573e-10,3.992632193093297e-11,1.0159984808572982e-11,1.7827355628815412e-11,1.0271292316588072e-11
sub-084,T3,2.2541590199987585e-10,4.3978539735815906e-11,1.033935624664514e-11,1.7454155116116302e-11,1.0486521414041191e-11
sub-084,T4,2.1008534140784604e-10,4.651922995055786e-11,1.0237981233775315e-11,1.900292725815616e-11,1.1605371242233935e-11
sub-084,T5,2.0641972439255088e-10,3.551104885856063e-11,1.1192210127693257e-11,1.272179671530398e-11,3.817858384891908e-12
sub-084,T6,2.0477539653061214e-10,3.458494662647179e-11,1.1577206110244105e-11,1.2391400294161705e-11,4.391319941384595e-12
sub-084,Fz,2.0909675186041595e-10,2.7624331785862776e-11,8.342390233668134e-12,1.0808994425967795e-11,2.5880615343357222e-12
sub-084,Cz,1.9447278328583302e-10,2.7437003528983565e-11,7.980033650741866e-12,9.83799549216868e-12,2.242344087388353e-12
sub-084,Pz,2.0411128885936613e-10,2.719122464715577e-11,9.552047376108393e-12,1.1293378428942365e-11,2.9114005394225024e-12
sub-085,Fp1,1.1446811965015742e-09,1.0635546183466936e-10,2.8257304198747176e-11,4.3515330512608983e-11,4.088402799759146e-11
sub-085,Fp2,1.1260485027811241e-09,1.0658680639468222e-10,2.676311274658136e-11,3.9138609789574344e-11,3.252639493551372e-11
sub-085,F3,7.439095112593237e-10,7.343260335501768e-11,1.9623767087450603e-11,3.1257124561748284e-11,3.2433482471369614e-11
sub-085,F4,7.462084494508877e-10,7.303518121995396e-11,1.9932732916309646e-11,2.7654525326541555e-11,2.686981015408641e-11
sub-085,C3,7.371117339989018e-10,7.012751298289573e-11,1.8248138638377555e-11,1.8186851170347332e-11,1.3678996616831502e-11
sub-085,C4,7.061049779557278e-10,6.834058678354206e-11,1.750493535959368e-11,1.8333275189909948e-11,1.38582429148717e-11
sub-085,P3,7.369848432311848e-10,6.993114520294275e-11,1.851769010326707e-11,1.8132231755344527e-11,1.3016914791546072e-11
sub-085,P4,7.720445833953736e-10,7.699269757262534e-11,2.014916144545318e-11,1.7754441168671925e-11,1.0306438387969577e-11
sub-085,O1,7.87434788445717e-10,7.724864522184749e-11,2.1035789655028738e-11,2.1729706323973927e-11,1.4666604427650926e-11
sub-085,O2,7.313754752388245e-10,7.166776167865868e-11,1.8686945230114725e-11,1.8298565183262355e-11,1.2951014507700139e-11
sub-085,F7,1.163868693994819e-08,1.8535845126184069e-09,9.94100431892285e-10,9.07465972894778e-10,1.5489097328764451e-09
sub-085,F8,2.3977080591091852e-09,4.776666705833035e-10,2.034290978129967e-10,3.4934478750626194e-10,5.495847185577727e-10
sub-085,T3,7.417563988929585e-10,7.576387673662895e-11,1.9648801227931512e-11,2.6965926362988216e-11,2.5016373030355077e-11
sub-085,T4,7.439006155710897e-10,7.704924806918354e-11,1.9754063021527552e-11,3.223797835815636e-11,3.0133861925092304e-11
sub-085,T5,7.409852383248378e-10,7.428625543442763e-11,1.9690477245448123e-11,2.2877507221578863e-11,1.815386695024479e-11
sub-085,T6,7.546181135442755e-10,7.840818028627072e-11,1.9854503688549193e-11,2.0899849147242986e-11,1.4199376864347561e-11
sub-085,Fz,7.685740606556376e-10,7.229220571228686e-11,1.9679402139517608e-11,1.637837548761166e-11,9.322030524382468e-12
sub-085,Cz,7.324840415716741e-10,6.697367086827257e-11,1.7803627816297012e-11,1.5396563975061768e-11,8.242456359421301e-12
sub-085,Pz,7.346376728970181e-10,6.836812914083518e-11,1.8045333739730883e-11,1.586191772989216e-11,1.0390619082195703e-11
sub-086,Fp1,1.34726960868772e-09,4.5802994387725566e-11,1.8406780894202053e-11,8.752416665199118e-11,8.284033796845408e-11
sub-086,Fp2,9.031150667338632e-10,4.0110245008201525e-11,1.704233121692165e-11,7.444355836920725e-11,6.888023609896565e-11
sub-086,F3,1.3520615296406667e-09,3.593125274130878e-11,1.299266829282123e-11,5.55220257984909e-11,5.57615093880618e-11
sub-086,F4,2.0006439232061975e-09,3.7199799146944376e-11,1.2396847827965547e-11,4.4198255094688483e-11,4.306023597132169e-11
sub-086,C3,3.120407402014623e-10,3.035450669010925e-11,1.1737330035227055e-11,4.1577804281012214e-11,3.776696682756703e-11
sub-086,C4,3.1484680086201057e-10,3.0247248259938024e-11,1.1697851994607708e-11,4.009139528760397e-11,3.540966168407692e-11
sub-086,P3,3.60966534585909e-10,3.459520861716885e-11,1.8518380772796466e-11,3.0510164036727676e-11,1.884472852993605e-11
sub-086,P4,3.698164104966775e-10,3.4220980186983405e-11,2.2093303424679485e-11,3.813747815197288e-11,2.9080730622976176e-11
sub-086,O1,1.3027919223437053e-09,5.712422804228419e-11,5.250147003678436e-11,4.8323206978865106e-11,3.191502991411014e-11
sub-086,O2,1.3787124271040729e-09,5.7960004360462294e-11,5.258637730152544e-11,5.382183026909179e-11,3.7558428533521344e-11
sub-086,F7,6.982816057617949e-10,4.825613246143601e-11,3.4297330994338586e-11,3.006000058330852e-10,3.2903205356922534e-10
sub-086,F8,1.4086276228857632e-09,5.186930764114128e-11,3.495238996694372e-11,2.4069411967553853e-10,2.0916777438184674e-10
sub-086,T3,4.882782076138624e-10,4.590635709336123e-11,3.20633092409378e-11,2.2107849273152626e-10,2.2977325060647112e-10
sub-086,T4,5.256394823817601e-10,4.4811783900384203e-11,3.3994005988996374e-11,1.9915453633923423e-10,1.5602977626886648e-10
sub-086,T5,8.971636741707662e-10,5.082975609703799e-11,4.413447244911735e-11,5.927531369386394e-11,4.737749754422162e-11
sub-086,T6,1.204051563485373e-09,4.6299211567632476e-11,3.9694482930994335e-11,6.496211190149659e-11,5.425110226966118e-11
sub-086,Fz,4.416739435455916e-10,3.21334155573882e-11,1.1858023721529874e-11,3.406440702131625e-11,2.4194433705856758e-11
sub-086,Cz,5.677334905133529e-10,3.2907061309742636e-11,1.0257992254787157e-11,2.489160560405167e-11,1.6030625587942635e-11
sub-086,Pz,7.639151774130887e-10,3.634192574314759e-11,1.794529504698386e-11,3.3285854590702283e-11,2.1597185824729766e-11
sub-087,Fp1,1.0270144223809633e-09,1.0638578292893055e-10,1.9885751388480478e-11,1.460112269067253e-11,3.369467389261045e-12
sub-087,Fp2,9.29452356712881e-10,9.171791396675058e-11,1.704930206213979e-11,1.3783716175753185e-11,3.654778599385744e-12
sub-087,F3,2.911085686347273e-10,3.1330162918340485e-11,9.281296394263116e-12,1.0523292081421477e-11,2.0395554192040747e-12
sub-087,F4,2.795083811045218e-10,2.938695432463471e-11,8.952718492550687e-12,1.0947320540950105e-11,2.089144924022896e-12
sub-087,C3,2.5680520673846637e-10,2.514226486324434e-11,7.563323663669971e-12,9.338982813628632e-12,1.63703559581445e-12
sub-087,C4,2.5791635123610066e-10,2.498007184359151e-11,7.450406968342014e-12,9.189571084537118e-12,1.6082838560954538e-12
sub-087,P3,2.659809057269628e-10,2.7441348969541896e-11,9.120112048568272e-12,1.0285092393787652e-11,1.8772232923958133e-12
sub-087,P4,2.6693920608899386e-10,2.7636349507576002e-11,1.2898201618283782e-11,1.105340478556468e-11,1.829385423878065e-12
sub-087,O1,2.742586668055016e-10,3.0673684073015307e-11,1.2985207853313089e-11,1.2511427394565721e-11,2.1017585376660328e-12
sub-087,O2,2.7979724912778717e-10,3.1067341903326813e-11,2.1059211081192824e-11,1.4471328566342862e-11,2.249361573099029e-12
sub-087,F7,3.9644965091650237e-10,3.954373716715006e-11,1.1261404109424593e-11,1.2280337356776872e-11,3.3885531307580975e-12
sub-087,F8,3.3071530043321405e-10,3.4714032454629964e-11,1.1786282922398683e-11,1.4523868914452375e-11,3.4856068654075705e-12
sub-087,T3,2.918918034161417e-10,3.172823473332373e-11,1.1175513412208971e-11,1.3269725157744866e-11,4.323320105890629e-12
sub-087,T4,2.868087449263361e-10,3.125011278216492e-11,1.2490082724401422e-11,1.4682066627091644e-11,5.1825589736371916e-12
sub-087,T5,2.8217613289923985e-10,3.417005324735054e-11,1.860399715900048e-11,1.7003606922884663e-11,4.637559663631477e-12
sub-087,T6,2.8471009526443873e-10,3.642246483135663e-11,4.843180588485185e-11,2.150991881473552e-11,3.6930719238596984e-12
sub-087,Fz,2.909736525172484e-10,3.267349046356085e-11,9.589521678683389e-12,1.0538000103629837e-11,1.785615277101176e-12
sub-087,Cz,2.6019639761708956e-10,2.578867477944507e-11,7.687090365298047e-12,1.0202918110490025e-11,1.7295616219271612e-12
sub-087,Pz,2.618870388417043e-10,2.6046716572430876e-11,8.081168581027563e-12,9.423713054136316e-12,1.68653157197026e-12
sub-088,Fp1,3.630039014902936e-10,5.2052131997954816e-11,2.2824606711845267e-11,2.26095612002037e-11,6.073360825458118e-12
sub-088,Fp2,3.735053761900355e-10,5.346783015490062e-11,2.3450381183528214e-11,3.0780929594137186e-11,1.7616880451433184e-11
sub-088,F3,2.5041266801843587e-10,3.567112420226413e-11,1.8184917670321917e-11,1.713201167415437e-11,2.9538105604567975e-12
sub-088,F4,2.434025594086701e-10,3.246483103878513e-11,1.5785274887171906e-11,1.829952626805104e-11,3.931450388842141e-12
sub-088,C3,2.392416199529857e-10,2.6804095260532453e-11,1.1748271997531941e-11,1.2213423117169874e-11,2.114844250744209e-12
sub-088,C4,2.3744768696064327e-10,2.7107515895629735e-11,1.1685349259484583e-11,1.2712291151103284e-11,2.079445233418839e-12
sub-088,P3,2.447959276598717e-10,2.951077666599926e-11,1.8859771822164777e-11,1.4665914131308556e-11,2.0293891573561733e-12
sub-088,P4,2.438613940360138e-10,3.2302265540287677e-11,2.545111228244689e-11,1.661209895251313e-11,2.41414528384007e-12
sub-088,O1,2.493312754124295e-10,3.928257750756714e-11,4.9176890440159444e-11,2.1828671084886873e-11,2.8583175456939628e-12
sub-088,O2,2.53421648910521e-10,3.929243443220405e-11,4.6487078012823115e-11,2.1988332896117816e-11,2.9155556871122624e-12
sub-088,F7,2.714825965669608e-10,4.0591567290402794e-11,1.8851726101270355e-11,1.890177108451135e-11,4.425522601557199e-12
sub-088,F8,2.632578889189271e-10,3.9124770430865563e-11,1.9680989558976614e-11,2.144911629037152e-11,6.388645737339476e-12
sub-088,T3,2.4804691748369043e-10,3.2265046268169155e-11,1.5139015339585257e-11,2.8986285534405608e-11,1.825499513332347e-11
sub-088,T4,2.461900695485377e-10,3.1618961860432644e-11,1.4810455747639396e-11,1.7794092163143214e-11,7.020019287762524e-12
sub-088,T5,2.5521775633011154e-10,3.9955405437109695e-11,4.417275245828056e-11,2.0840750118726922e-11,3.178496911616262e-12
sub-088,T6,2.671419258823889e-10,4.4056227082191813e-11,5.607557456287503e-11,2.401522835753803e-11,4.440332687852995e-12
sub-088,Fz,2.4817122717742316e-10,3.741831280606921e-11,1.858727993063202e-11,1.7235598070567795e-11,2.7771291360445004e-12
sub-088,Cz,2.412001720059417e-10,2.784035729550563e-11,1.1176717647795516e-11,1.2383942763361136e-11,2.2482864696564047e-12
sub-088,Pz,2.4136144818008186e-10,3.0381618809742805e-11,1.9694383285835155e-11,1.3911769423424747e-11,2.0034531814791144e-12
