Subject,Channel,Degree_Centrality,Clustering_Coefficient,Betweenness_Centrality,Eigenvector_Centrality,Connectivity_Type
sub-001,0,0.2222222222222222,0.6666666666666666,0.027342047930283227,0.11373676919271083,PLV
sub-001,1,0.1111111111111111,1.0,0.0,0.04371763921826948,PLV
sub-001,2,0.2222222222222222,1.0,0.0,0.1994977283607276,PLV
sub-001,3,0.2222222222222222,0.6666666666666666,0.05228758169934641,0.0318224140788429,PLV
sub-001,4,0.4444444444444444,0.6428571428571429,0.06206179441473561,0.32911285015230335,PLV
sub-001,5,0.38888888888888884,0.6190476190476191,0.11969696969696972,0.27717216692754626,PLV
sub-001,6,0.5,0.6111111111111112,0.17077639136462666,0.35644208595525534,PLV
sub-001,7,0.16666666666666666,1.0,0.0,0.03072932403967636,PLV
sub-001,8,0.1111111111111111,1.0,0.0,0.008905267359872588,PLV
sub-001,9,0.05555555555555555,0.0,0.0,0.03878229107775524,PLV
sub-001,10,0.2777777777777778,0.8,0.004357298474945533,0.1933415260489688,PLV
sub-001,11,0.3333333333333333,0.6,0.08159041394335513,0.19870771147992972,PLV
sub-001,12,0.4444444444444444,0.6785714285714286,0.12393543275896217,0.331954446124243,PLV
sub-001,13,0.3333333333333333,0.4,0.36601307189542487,0.155973794043343,PLV
sub-001,14,0.2222222222222222,1.0,0.0,0.1815511306651512,PLV
sub-001,15,0.4444444444444444,0.6785714285714286,0.12393543275896217,0.33195444612424285,PLV
sub-001,16,0.5555555555555556,0.5333333333333333,0.19168152109328576,0.3770955380410025,PLV
sub-001,17,0.2222222222222222,0.6666666666666666,0.05228758169934641,0.031822414078842766,PLV
sub-001,18,0.5,0.6111111111111112,0.08808674985145575,0.36313475230965764,PLV
sub-002,0,0.0,0.0,0.0,,PLV
sub-002,1,0.05555555555555555,0.0,0.0,,PLV
sub-002,2,0.16666666666666666,0.6666666666666666,0.0018674136321195143,,PLV
sub-002,3,0.38888888888888884,0.5714285714285714,0.11274509803921569,,PLV
sub-002,4,0.16666666666666666,1.0,0.0,,PLV
sub-002,5,0.38888888888888884,0.6190476190476191,0.0279286798894642,,PLV
sub-002,6,0.05555555555555555,0.0,0.0,,PLV
sub-002,7,0.5555555555555556,0.6222222222222222,0.07006243574871023,,PLV
sub-002,8,0.2222222222222222,0.5,0.0980392156862745,,PLV
sub-002,9,0.05555555555555555,0.0,0.0,,PLV
sub-002,10,0.0,0.0,0.0,,PLV
sub-002,11,0.5,0.7222222222222222,0.038967169359326224,,PLV
sub-002,12,0.4444444444444444,0.6428571428571429,0.04338482867894632,,PLV
sub-002,13,0.38888888888888884,0.7619047619047619,0.031299927378358745,,PLV
sub-002,14,0.38888888888888884,0.8571428571428571,0.010870139301511851,,PLV
sub-002,15,0.4444444444444444,0.7142857142857143,0.030080921257391844,,PLV
sub-002,16,0.4444444444444444,0.5,0.12917409387997628,,PLV
sub-002,17,0.5555555555555556,0.6666666666666666,0.0686826245649775,,PLV
sub-002,18,0.5555555555555556,0.6222222222222222,0.14081902121117806,,PLV
sub-003,0,0.5,0.8055555555555556,0.017623716153127918,,PLV
sub-003,1,0.4444444444444444,0.5714285714285714,0.0625972611266729,,PLV
sub-003,2,0.0,0.0,0.0,,PLV
sub-003,3,0.05555555555555555,0.0,0.0,,PLV
sub-003,4,0.16666666666666666,1.0,0.0,,PLV
sub-003,5,0.0,0.0,0.0,,PLV
sub-003,6,0.4444444444444444,0.8214285714285714,0.021786492374727663,,PLV
sub-003,7,0.16666666666666666,1.0,0.0,,PLV
sub-003,8,0.5,0.8055555555555556,0.017623716153127918,,PLV
sub-003,9,0.3333333333333333,0.9333333333333333,0.002124183006535948,,PLV
sub-003,10,0.611111111111111,0.6,0.09426548397136633,,PLV
sub-003,11,0.4444444444444444,0.8214285714285714,0.021786492374727663,,PLV
sub-003,12,0.1111111111111111,0.0,0.006535947712418301,,PLV
sub-003,13,0.4444444444444444,0.8928571428571429,0.005228758169934641,,PLV
sub-003,14,0.05555555555555555,0.0,0.0,,PLV
sub-003,15,0.4444444444444444,0.8214285714285714,0.021786492374727663,,PLV
sub-003,16,0.5555555555555556,0.6888888888888889,0.045051353874883286,,PLV
sub-003,17,0.2777777777777778,0.7,0.016728913787737318,,PLV
sub-003,18,0.2222222222222222,0.8333333333333334,0.006730469965764083,,PLV
sub-004,0,0.1111111111111111,0.0,0.026828110161443493,,PLV
sub-004,1,0.2777777777777778,0.6,0.058963186414166806,,PLV
sub-004,2,0.38888888888888884,0.7142857142857143,0.019607843137254898,,PLV
sub-004,3,0.3333333333333333,0.7333333333333333,0.007625272331154683,,PLV
sub-004,4,0.4444444444444444,0.39285714285714285,0.37186470029607294,,PLV
sub-004,5,0.4444444444444444,0.6428571428571429,0.0196078431372549,,PLV
sub-004,6,0.2222222222222222,1.0,0.0,,PLV
sub-004,7,0.2222222222222222,1.0,0.0,,PLV
sub-004,8,0.0,0.0,0.0,,PLV
sub-004,9,0.1111111111111111,1.0,0.0,,PLV
sub-004,10,0.38888888888888884,0.7142857142857143,0.016339869281045753,,PLV
sub-004,11,0.5555555555555556,0.5333333333333333,0.17539522931679793,,PLV
sub-004,12,0.38888888888888884,0.6666666666666666,0.0680967543712642,,PLV
sub-004,13,0.3333333333333333,0.7333333333333333,0.029244176302999827,,PLV
sub-004,14,0.3333333333333333,0.6666666666666666,0.06505223171889839,,PLV
sub-004,15,0.2777777777777778,0.9,0.016032623875761133,,PLV
sub-004,16,0.3333333333333333,0.6,0.0766297972180325,,PLV
sub-004,17,0.2777777777777778,0.7,0.03594771241830066,,PLV
sub-004,18,0.3333333333333333,0.6666666666666666,0.06505223171889839,,PLV
sub-005,0,0.2222222222222222,0.3333333333333333,0.16993464052287582,,PLV
sub-005,1,0.1111111111111111,1.0,0.0,,PLV
sub-005,2,0.0,0.0,0.0,,PLV
sub-005,3,0.0,0.0,0.0,,PLV
sub-005,4,0.3333333333333333,0.6,0.04831932773109243,,PLV
sub-005,5,0.1111111111111111,1.0,0.0,,PLV
sub-005,6,0.4444444444444444,0.7857142857142857,0.017382508558979146,,PLV
sub-005,7,0.4444444444444444,0.6428571428571429,0.04640522875816993,,PLV
sub-005,8,0.5,0.8055555555555556,0.010690943043884222,,PLV
sub-005,9,0.2222222222222222,0.6666666666666666,0.027886710239651415,,PLV
sub-005,10,0.5555555555555556,0.5777777777777777,0.2100840336134454,,PLV
sub-005,11,0.0,0.0,0.0,,PLV
sub-005,12,0.5555555555555556,0.6888888888888889,0.033566760037348264,,PLV
sub-005,13,0.4444444444444444,0.7142857142857143,0.02254901960784314,,PLV
sub-005,14,0.4444444444444444,0.8928571428571429,0.005135387488328665,,PLV
sub-005,15,0.2222222222222222,0.8333333333333334,0.0009337068160597572,,PLV
sub-005,16,0.1111111111111111,1.0,0.0,,PLV
sub-005,17,0.5,0.7777777777777778,0.01940553999377529,,PLV
sub-005,18,0.5555555555555556,0.6666666666666666,0.047836912542794895,,PLV
sub-006,0,0.05555555555555555,0.0,0.0,,PLV
sub-006,1,0.38888888888888884,0.8095238095238095,0.007324411245979872,,PLV
sub-006,2,0.2777777777777778,0.5,0.03507625272331155,,PLV
sub-006,3,0.38888888888888884,0.8571428571428571,0.006235086627243491,,PLV
sub-006,4,0.0,0.0,0.0,,PLV
sub-006,5,0.0,0.0,0.0,,PLV
sub-006,6,0.5,0.6111111111111112,0.03437597261126672,,PLV
sub-006,7,0.5555555555555556,0.6888888888888889,0.024125946674966287,,PLV
sub-006,8,0.38888888888888884,0.7619047619047619,0.00801431683784625,,PLV
sub-006,9,0.2222222222222222,1.0,0.0,,PLV
sub-006,10,0.38888888888888884,0.7142857142857143,0.013279385828405436,,PLV
sub-006,11,0.3333333333333333,0.7333333333333333,0.00877684407096172,,PLV
sub-006,12,0.0,0.0,0.0,,PLV
sub-006,13,0.5,0.6388888888888888,0.02736798423072933,,PLV
sub-006,14,0.5555555555555556,0.6666666666666666,0.03454715219421102,,PLV
sub-006,15,0.5555555555555556,0.6222222222222222,0.041057163606183215,,PLV
sub-006,16,0.16666666666666666,0.3333333333333333,0.08496732026143791,,PLV
sub-006,17,0.5,0.5555555555555556,0.13236850295673827,,PLV
sub-006,18,0.0,0.0,0.0,,PLV
sub-007,0,0.38888888888888884,0.7619047619047619,0.016954559601618423,0.2758256878951965,PLV
sub-007,1,0.2777777777777778,0.9,0.0021786492374727667,0.20385551438029653,PLV
sub-007,2,0.3333333333333333,0.6666666666666666,0.0649859943977591,0.24208816949647335,PLV
sub-007,3,0.4444444444444444,0.5714285714285714,0.10974167444755678,0.29696501733121117,PLV
sub-007,4,0.3333333333333333,0.6666666666666666,0.018899782135076256,0.2157587078380956,PLV
sub-007,5,0.05555555555555555,0.0,0.0,0.0110858219030078,PLV
sub-007,6,0.16666666666666666,1.0,0.0,0.11847179540251376,PLV
sub-007,7,0.05555555555555555,0.0,0.0,0.047575798350797456,PLV
sub-007,8,0.1111111111111111,1.0,0.0,0.048160649277405966,PLV
sub-007,9,0.05555555555555555,0.0,0.0,0.04033906775824955,PLV
sub-007,10,0.2222222222222222,1.0,0.0,0.16184974275358419,PLV
sub-007,11,0.5,0.6388888888888888,0.05389822595704949,0.35310621454052915,PLV
sub-007,12,0.5555555555555556,0.5555555555555556,0.08812636165577341,0.3629028721038781,PLV
sub-007,13,0.5555555555555556,0.5555555555555556,0.0979614067849362,0.3666471316767889,PLV
sub-007,14,0.16666666666666666,0.3333333333333333,0.03006535947712418,0.05792769375884364,PLV
sub-007,15,0.5555555555555556,0.35555555555555557,0.2974400871459695,0.29875660796911285,PLV
sub-007,16,0.2222222222222222,0.0,0.1261437908496732,0.08210310084855643,PLV
sub-007,17,0.5555555555555556,0.5111111111111111,0.17671957671957672,0.35235281642818933,PLV
sub-007,18,0.2222222222222222,0.8333333333333334,0.001851851851851852,0.16773575141001423,PLV
sub-008,0,0.38888888888888884,0.6190476190476191,0.019779022720199192,,PLV
sub-008,1,0.2222222222222222,1.0,0.0,,PLV
sub-008,2,0.2222222222222222,1.0,0.0,,PLV
sub-008,3,0.6666666666666666,0.3787878787878788,0.199354186118892,,PLV
sub-008,4,0.6666666666666666,0.4393939393939394,0.12093837535014007,,PLV
sub-008,5,0.611111111111111,0.43636363636363634,0.09072517896047308,,PLV
sub-008,6,0.3333333333333333,0.6,0.03884998443821973,,PLV
sub-008,7,0.2222222222222222,1.0,0.0,,PLV
sub-008,8,0.2222222222222222,0.6666666666666666,0.005835667600373483,,PLV
sub-008,9,0.1111111111111111,1.0,0.0,,PLV
sub-008,10,0.0,0.0,0.0,,PLV
sub-008,11,0.16666666666666666,0.6666666666666666,0.01116557734204793,,PLV
sub-008,12,0.3333333333333333,0.6666666666666666,0.05043572984749455,,PLV
sub-008,13,0.0,0.0,0.0,,PLV
sub-008,14,0.2222222222222222,0.6666666666666666,0.005664488017429193,,PLV
sub-008,15,0.16666666666666666,0.6666666666666666,0.0021786492374727667,,PLV
sub-008,16,0.2777777777777778,0.8,0.0032679738562091504,,PLV
sub-008,17,0.5,0.5555555555555556,0.053516962340491754,,PLV
sub-008,18,0.4444444444444444,0.6071428571428571,0.03881107998755058,,PLV
sub-009,0,0.1111111111111111,1.0,0.0,,PLV
sub-009,1,0.0,0.0,0.0,,PLV
sub-009,2,0.2222222222222222,0.6666666666666666,0.010410830999066293,,PLV
sub-009,3,0.3333333333333333,0.4,0.14062392176579025,,PLV
sub-009,4,0.2222222222222222,0.5,0.030659148190866764,,PLV
sub-009,5,0.05555555555555555,0.0,0.0,,PLV
sub-009,6,0.4444444444444444,0.75,0.03093681917211329,,PLV
sub-009,7,0.1111111111111111,1.0,0.0,,PLV
sub-009,8,0.0,0.0,0.0,,PLV
sub-009,9,0.5,0.6944444444444444,0.06554748596271089,,PLV
sub-009,10,0.3333333333333333,0.8,0.02090529189721808,,PLV
sub-009,11,0.4444444444444444,0.75,0.02206660441954559,,PLV
sub-009,12,0.5555555555555556,0.6222222222222222,0.1266598176056077,,PLV
sub-009,13,0.5,0.6944444444444444,0.049617386756948455,,PLV
sub-009,14,0.2777777777777778,0.5,0.07158174816767666,,PLV
sub-009,15,0.38888888888888884,0.7142857142857143,0.03331300678474842,,PLV
sub-009,16,0.4444444444444444,0.75,0.06064010320065684,,PLV
sub-009,17,0.2777777777777778,0.6,0.047284574966235865,,PLV
sub-009,18,0.5555555555555556,0.5555555555555556,0.139426462725194,,PLV
sub-010,0,0.0,0.0,0.0,,PLV
sub-010,1,0.0,0.0,0.0,,PLV
sub-010,2,0.5555555555555556,0.8666666666666667,0.007679738562091504,,PLV
sub-010,3,0.2777777777777778,1.0,0.0,,PLV
sub-010,4,0.0,0.0,0.0,,PLV
sub-010,5,0.5555555555555556,0.8666666666666667,0.007679738562091504,,PLV
sub-010,6,0.5,0.9722222222222222,0.0008169934640522876,,PLV
sub-010,7,0.0,0.0,0.0,,PLV
sub-010,8,0.5,0.9722222222222222,0.0008169934640522876,,PLV
sub-010,9,0.0,0.0,0.0,,PLV
sub-010,10,0.4444444444444444,1.0,0.0,,PLV
sub-010,11,0.5555555555555556,0.8666666666666667,0.007679738562091504,,PLV
sub-010,12,0.1111111111111111,1.0,0.0,,PLV
sub-010,13,0.5,0.9722222222222222,0.0008169934640522876,,PLV
sub-010,14,0.1111111111111111,1.0,0.0,,PLV
sub-010,15,0.5555555555555556,0.8666666666666667,0.007679738562091504,,PLV
sub-010,16,0.1111111111111111,1.0,0.0,,PLV
sub-010,17,0.5,0.9722222222222222,0.0008169934640522876,,PLV
sub-010,18,0.5,0.8888888888888888,0.00522875816993464,,PLV
sub-011,0,0.0,0.0,0.0,,PLV
sub-011,1,0.0,0.0,0.0,,PLV
sub-011,2,0.38888888888888884,1.0,0.0,,PLV
sub-011,3,0.38888888888888884,1.0,0.0,,PLV
sub-011,4,0.3333333333333333,0.5333333333333333,0.15773420479302833,,PLV
sub-011,5,0.5,0.8333333333333334,0.013725490196078433,,PLV
sub-011,6,0.5,0.5833333333333334,0.09357298474945534,,PLV
sub-011,7,0.16666666666666666,0.6666666666666666,0.018736383442265796,,PLV
sub-011,8,0.611111111111111,0.6363636363636364,0.09836601307189541,,PLV
sub-011,9,0.0,0.0,0.0,,PLV
sub-011,10,0.4444444444444444,0.75,0.09150326797385622,,PLV
sub-011,11,0.05555555555555555,0.0,0.0,,PLV
sub-011,12,0.05555555555555555,0.0,0.0,,PLV
sub-011,13,0.5555555555555556,0.7333333333333333,0.055882352941176466,,PLV
sub-011,14,0.16666666666666666,1.0,0.0,,PLV
sub-011,15,0.38888888888888884,0.8095238095238095,0.008714596949891068,,PLV
sub-011,16,0.5,0.8333333333333334,0.013725490196078433,,PLV
sub-011,17,0.5555555555555556,0.7333333333333333,0.055882352941176466,,PLV
sub-011,18,0.16666666666666666,0.3333333333333333,0.09150326797385622,,PLV
sub-012,0,0.5,0.6944444444444444,0.02374727668845316,,PLV
sub-012,1,0.05555555555555555,0.0,0.0,,PLV
sub-012,2,0.38888888888888884,0.9047619047619048,0.0026143790849673205,,PLV
sub-012,3,0.2222222222222222,0.6666666666666666,0.006535947712418301,,PLV
sub-012,4,0.5,0.75,0.020915032679738564,,PLV
sub-012,5,0.0,0.0,0.0,,PLV
sub-012,6,0.3333333333333333,0.6666666666666666,0.08496732026143791,,PLV
sub-012,7,0.7222222222222222,0.47435897435897434,0.16241830065359475,,PLV
sub-012,8,0.1111111111111111,1.0,0.0,,PLV
sub-012,9,0.2222222222222222,1.0,0.0,,PLV
sub-012,10,0.3333333333333333,0.8,0.0065359477124183,,PLV
sub-012,11,0.05555555555555555,0.0,0.0,,PLV
sub-012,12,0.05555555555555555,0.0,0.0,,PLV
sub-012,13,0.0,0.0,0.0,,PLV
sub-012,14,0.4444444444444444,0.8214285714285714,0.0068627450980392165,,PLV
sub-012,15,0.38888888888888884,0.8095238095238095,0.009150326797385621,,PLV
sub-012,16,0.5555555555555556,0.6666666666666666,0.033442265795206975,,PLV
sub-012,17,0.2777777777777778,1.0,0.0,,PLV
sub-012,18,0.611111111111111,0.6181818181818182,0.048039215686274506,,PLV
sub-013,0,0.2222222222222222,1.0,0.0,,PLV
sub-013,1,0.5,0.6111111111111112,0.042099802884116605,,PLV
sub-013,2,0.4444444444444444,0.6785714285714286,0.02536051457620085,,PLV
sub-013,3,0.05555555555555555,0.0,0.0,,PLV
sub-013,4,0.611111111111111,0.4727272727272727,0.1098194833488951,,PLV
sub-013,5,0.05555555555555555,0.0,0.0,,PLV
sub-013,6,0.38888888888888884,0.7142857142857143,0.024260815437286025,,PLV
sub-013,7,0.4444444444444444,0.5,0.06721910986616869,,PLV
sub-013,8,0.2222222222222222,0.8333333333333334,0.003721859114015977,,PLV
sub-013,9,0.4444444444444444,0.5714285714285714,0.05473856209150328,,PLV
sub-013,10,0.3333333333333333,0.4666666666666667,0.04577757028737421,,PLV
sub-013,11,0.2222222222222222,0.8333333333333334,0.0029956427015250544,,PLV
sub-013,12,0.2777777777777778,0.6,0.01579520697167756,,PLV
sub-013,13,0.16666666666666666,0.3333333333333333,0.016339869281045753,,PLV
sub-013,14,0.2777777777777778,1.0,0.0,,PLV
sub-013,15,0.2222222222222222,0.8333333333333334,0.002904865649963689,,PLV
sub-013,16,0.38888888888888884,0.7142857142857143,0.024260815437286025,,PLV
sub-013,17,0.0,0.0,0.0,,PLV
sub-013,18,0.5,0.4722222222222222,0.06797385620915032,,PLV
sub-014,0,0.38888888888888884,0.7142857142857143,0.09803921568627451,,PLV
sub-014,1,0.05555555555555555,0.0,0.0,,PLV
sub-014,2,0.5,0.75,0.019389978213507627,,PLV
sub-014,3,0.0,0.0,0.0,,PLV
sub-014,4,0.4444444444444444,0.8571428571428571,0.0074074074074074086,,PLV
sub-014,5,0.05555555555555555,0.0,0.0,,PLV
sub-014,6,0.38888888888888884,0.7619047619047619,0.011943666355431062,,PLV
sub-014,7,0.4444444444444444,0.8571428571428571,0.0074074074074074086,,PLV
sub-014,8,0.2777777777777778,0.9,0.0024509803921568627,,PLV
sub-014,9,0.0,0.0,0.0,,PLV
sub-014,10,0.2222222222222222,0.3333333333333333,0.027233115468409584,,PLV
sub-014,11,0.2777777777777778,0.5,0.04487239340180517,,PLV
sub-014,12,0.2777777777777778,0.6,0.04514472455648927,,PLV
sub-014,13,0.38888888888888884,0.8095238095238095,0.012488328664799252,,PLV
sub-014,14,0.611111111111111,0.5818181818181818,0.07519452225334577,,PLV
sub-014,15,0.1111111111111111,1.0,0.0,,PLV
sub-014,16,0.2222222222222222,0.5,0.08046218487394959,,PLV
sub-014,17,0.7222222222222222,0.4230769230769231,0.2912776221599751,,PLV
sub-014,18,0.38888888888888884,0.9523809523809523,0.0021786492374727667,,PLV
sub-015,0,0.5555555555555556,0.7111111111111111,0.030936819172113286,,PLV
sub-015,1,0.2222222222222222,1.0,0.0,,PLV
sub-015,2,0.5,0.8055555555555556,0.012418300653594774,,PLV
sub-015,3,0.16666666666666666,1.0,0.0,,PLV
sub-015,4,0.5,0.75,0.021350762527233117,,PLV
sub-015,5,0.0,0.0,0.0,,PLV
sub-015,6,0.16666666666666666,1.0,0.0,,PLV
sub-015,7,0.2222222222222222,0.5,0.0196078431372549,,PLV
sub-015,8,0.05555555555555555,0.0,0.0,,PLV
sub-015,9,0.3333333333333333,0.8666666666666667,0.0032679738562091504,,PLV
sub-015,10,0.2777777777777778,1.0,0.0,,PLV
sub-015,11,0.4444444444444444,0.8928571428571429,0.00522875816993464,,PLV
sub-015,12,0.5,0.75,0.021350762527233117,,PLV
sub-015,13,0.16666666666666666,1.0,0.0,,PLV
sub-015,14,0.5,0.7777777777777778,0.017211328976034855,,PLV
sub-015,15,0.16666666666666666,1.0,0.0,,PLV
sub-015,16,0.5,0.75,0.021350762527233117,,PLV
sub-015,17,0.5,0.7777777777777778,0.017211328976034855,,PLV
sub-015,18,0.0,0.0,0.0,,PLV
sub-016,0,0.3333333333333333,1.0,0.0,,PLV
sub-016,1,0.38888888888888884,0.7619047619047619,0.10958605664488018,,PLV
sub-016,2,0.3333333333333333,1.0,0.0,,PLV
sub-016,3,0.5,0.5,0.3395424836601307,,PLV
sub-016,4,0.38888888888888884,0.8095238095238095,0.012091503267973855,,PLV
sub-016,5,0.05555555555555555,0.0,0.0,,PLV
sub-016,6,0.2777777777777778,0.5,0.07821350762527235,,PLV
sub-016,7,0.38888888888888884,0.7619047619047619,0.04575163398692811,,PLV
sub-016,8,0.3333333333333333,1.0,0.0,,PLV
sub-016,9,0.3333333333333333,1.0,0.0,,PLV
sub-016,10,0.1111111111111111,1.0,0.0,,PLV
sub-016,11,0.4444444444444444,0.6785714285714286,0.12167755991285406,,PLV
sub-016,12,0.3333333333333333,1.0,0.0,,PLV
sub-016,13,0.0,0.0,0.0,,PLV
sub-016,14,0.38888888888888884,0.7619047619047619,0.04575163398692811,,PLV
sub-016,15,0.0,0.0,0.0,,PLV
sub-016,16,0.38888888888888884,0.7619047619047619,0.04575163398692811,,PLV
sub-016,17,0.38888888888888884,0.8095238095238095,0.012091503267973855,,PLV
sub-016,18,0.38888888888888884,0.7142857142857143,0.09803921568627451,,PLV
sub-017,0,0.05555555555555555,0.0,0.0,,PLV
sub-017,1,0.0,0.0,0.0,,PLV
sub-017,2,0.2222222222222222,0.8333333333333334,0.0010893246187363833,,PLV
sub-017,3,0.38888888888888884,0.6190476190476191,0.17352941176470588,,PLV
sub-017,4,0.5555555555555556,0.7111111111111111,0.039799960388195686,,PLV
sub-017,5,0.0,0.0,0.0,,PLV
sub-017,6,0.4444444444444444,0.75,0.017880485527544353,,PLV
sub-017,7,0.38888888888888884,0.7619047619047619,0.028642163936281585,,PLV
sub-017,8,0.05555555555555555,0.0,0.0,,PLV
sub-017,9,0.5,0.5833333333333334,0.11454602042837339,,PLV
sub-017,10,0.0,0.0,0.0,,PLV
sub-017,11,0.38888888888888884,0.8095238095238095,0.013834422657952067,,PLV
sub-017,12,0.1111111111111111,0.0,0.09150326797385622,,PLV
sub-017,13,0.3333333333333333,0.8,0.004901960784313725,,PLV
sub-017,14,0.5555555555555556,0.7111111111111111,0.039799960388195686,,PLV
sub-017,15,0.16666666666666666,1.0,0.0,,PLV
sub-017,16,0.5,0.6944444444444444,0.04896867838044309,,PLV
sub-017,17,0.5,0.7222222222222222,0.025060125060125064,,PLV
sub-017,18,0.611111111111111,0.6363636363636364,0.08018278018278018,,PLV
sub-018,0,0.4444444444444444,0.6428571428571429,0.037799564270152505,,PLV
sub-018,1,0.3333333333333333,0.7333333333333333,0.01675485008818342,,PLV
sub-018,2,0.16666666666666666,0.6666666666666666,0.006100217864923748,,PLV
sub-018,3,0.5555555555555556,0.5333333333333333,0.1492737835875091,,PLV
sub-018,4,0.4444444444444444,0.6428571428571429,0.05259363004461042,,PLV
sub-018,5,0.5,0.4444444444444444,0.1379396202925615,,PLV
sub-018,6,0.16666666666666666,1.0,0.0,,PLV
sub-018,7,0.1111111111111111,1.0,0.0,,PLV
sub-018,8,0.05555555555555555,0.0,0.0,,PLV
sub-018,9,0.2777777777777778,0.4,0.06616868969810147,,PLV
sub-018,10,0.2222222222222222,0.6666666666666666,0.026392779333955806,,PLV
sub-018,11,0.3333333333333333,0.7333333333333333,0.01675485008818342,,PLV
sub-018,12,0.16666666666666666,0.3333333333333333,0.10457516339869281,,PLV
sub-018,13,0.2777777777777778,0.5,0.05319016495487085,,PLV
sub-018,14,0.4444444444444444,0.6428571428571429,0.046332607116920846,,PLV
sub-018,15,0.5,0.5,0.13238925199709511,,PLV
sub-018,16,0.0,0.0,0.0,,PLV
sub-018,17,0.4444444444444444,0.5357142857142857,0.09109866168689697,,PLV
sub-018,18,0.3333333333333333,0.7333333333333333,0.010348583877995643,,PLV
sub-019,0,0.2222222222222222,1.0,0.0,,PLV
sub-019,1,0.5,0.7777777777777778,0.019270671231455545,,PLV
sub-019,2,0.1111111111111111,1.0,0.0,,PLV
sub-019,3,0.611111111111111,0.5818181818181818,0.07646021371511567,,PLV
sub-019,4,0.5,0.75,0.027259051768855694,,PLV
sub-019,5,0.16666666666666666,0.3333333333333333,0.08496732026143791,,PLV
sub-019,6,0.16666666666666666,1.0,0.0,,PLV
sub-019,7,0.3333333333333333,0.9333333333333333,0.002386139641041602,,PLV
sub-019,8,0.1111111111111111,1.0,0.0,,PLV
sub-019,9,0.2222222222222222,0.6666666666666666,0.015976761074800293,,PLV
sub-019,10,0.0,0.0,0.0,,PLV
sub-019,11,0.16666666666666666,1.0,0.0,,PLV
sub-019,12,0.5,0.6111111111111112,0.14633260711692084,,PLV
sub-019,13,0.1111111111111111,1.0,0.0,,PLV
sub-019,14,0.5,0.75,0.027259051768855694,,PLV
sub-019,15,0.5555555555555556,0.6,0.06447764290901546,,PLV
sub-019,16,0.05555555555555555,0.0,0.0,,PLV
sub-019,17,0.4444444444444444,0.8214285714285714,0.013824048137773626,,PLV
sub-019,18,0.5,0.6388888888888888,0.03159041394335512,,PLV
sub-020,0,0.38888888888888884,1.0,0.0,0.32596242347447923,PLV
sub-020,1,0.38888888888888884,1.0,0.0,0.32596242347447907,PLV
sub-020,2,0.38888888888888884,1.0,0.0,0.325962423474479,PLV
sub-020,3,0.4444444444444444,0.8214285714285714,0.09313725490196076,0.35034356909682024,PLV
sub-020,4,0.16666666666666666,0.3333333333333333,0.014705882352941176,0.007674233000512645,PLV
sub-020,5,0.2777777777777778,0.6,0.023420479302832246,0.05017111901663276,PLV
sub-020,6,0.1111111111111111,1.0,0.0,0.07872215310919588,PLV
sub-020,7,0.1111111111111111,1.0,0.0,0.03453074951571197,PLV
sub-020,8,0.1111111111111111,0.0,0.008169934640522876,0.00672363471352441,PLV
sub-020,9,0.2222222222222222,0.5,0.09150326797385622,0.04171313223704764,PLV
sub-020,10,0.4444444444444444,0.7857142857142857,0.017429193899782133,0.3409576708804345,PLV
sub-020,11,0.38888888888888884,1.0,0.0,0.32596242347447907,PLV
sub-020,12,0.16666666666666666,0.6666666666666666,0.014705882352941176,0.12514039835769325,PLV
sub-020,13,0.5555555555555556,0.5777777777777777,0.1530501089324619,0.3747718866998815,PLV
sub-020,14,0.5555555555555556,0.24444444444444444,0.5604575163398694,0.20346888537396743,PLV
sub-020,15,0.1111111111111111,1.0,0.0,0.006868557396792733,PLV
sub-020,16,0.4444444444444444,0.8214285714285714,0.09313725490196076,0.3503435690968203,PLV
sub-020,17,0.2777777777777778,0.4,0.18790849673202614,0.04277763823636614,PLV
sub-020,18,0.2222222222222222,0.8333333333333334,0.0038126361655773425,0.04603338940336169,PLV
sub-021,0,0.2777777777777778,0.3,0.15564256005432478,,PLV
sub-021,1,0.2777777777777778,0.8,0.019859896820681136,,PLV
sub-021,2,0.4444444444444444,0.75,0.061080459119674815,,PLV
sub-021,3,0.2777777777777778,0.8,0.019859896820681136,,PLV
sub-021,4,0.5555555555555556,0.4888888888888889,0.16389195408803256,,PLV
sub-021,5,0.38888888888888884,0.9047619047619048,0.007282913165266107,,PLV
sub-021,6,0.1111111111111111,0.0,0.014854426619132503,,PLV
sub-021,7,0.16666666666666666,0.3333333333333333,0.03182384064737006,,PLV
sub-021,8,0.16666666666666666,0.6666666666666666,0.005446623093681917,,PLV
sub-021,9,0.38888888888888884,0.2857142857142857,0.25928708183610144,,PLV
sub-021,10,0.0,0.0,0.0,,PLV
sub-021,11,0.2777777777777778,0.7,0.016417678182384064,,PLV
sub-021,12,0.3333333333333333,1.0,0.0,,PLV
sub-021,13,0.4444444444444444,0.7142857142857143,0.0466341755557442,,PLV
sub-021,14,0.4444444444444444,0.75,0.061080459119674815,,PLV
sub-021,15,0.16666666666666666,0.6666666666666666,0.008896151053013798,,PLV
sub-021,16,0.38888888888888884,0.9047619047619048,0.007282913165266107,,PLV
sub-021,17,0.2777777777777778,0.8,0.019859896820681136,,PLV
sub-021,18,0.38888888888888884,0.6190476190476191,0.07465528298861632,,PLV
sub-022,0,0.38888888888888884,0.9523809523809523,0.0047385620915032685,,PLV
sub-022,1,0.38888888888888884,0.9523809523809523,0.0047385620915032685,,PLV
sub-022,2,0.38888888888888884,0.9523809523809523,0.0047385620915032685,,PLV
sub-022,3,0.5,0.75,0.021486928104575167,,PLV
sub-022,4,0.38888888888888884,0.8571428571428571,0.004901960784313725,,PLV
sub-022,5,0.16666666666666666,1.0,0.0,,PLV
sub-022,6,0.5555555555555556,0.4888888888888889,0.18431372549019606,,PLV
sub-022,7,0.16666666666666666,1.0,0.0,,PLV
sub-022,8,0.2777777777777778,0.5,0.055718954248366016,,PLV
sub-022,9,0.1111111111111111,1.0,0.0,,PLV
sub-022,10,0.2777777777777778,0.9,0.002696078431372549,,PLV
sub-022,11,0.2222222222222222,0.6666666666666666,0.025326797385620912,,PLV
sub-022,12,0.3333333333333333,0.6666666666666666,0.040522875816993466,,PLV
sub-022,13,0.16666666666666666,1.0,0.0,,PLV
sub-022,14,0.2222222222222222,0.5,0.0196078431372549,,PLV
sub-022,15,0.05555555555555555,0.0,0.0,,PLV
sub-022,16,0.5,0.75,0.021486928104575167,,PLV
sub-022,17,0.5,0.75,0.021486928104575167,,PLV
sub-022,18,0.16666666666666666,1.0,0.0,,PLV
sub-023,0,0.2777777777777778,0.8,0.007858699035169624,,PLV
sub-023,1,0.2222222222222222,0.8333333333333334,0.0032679738562091504,,PLV
sub-023,2,0.5555555555555556,0.4888888888888889,0.15774198568316217,,PLV
sub-023,3,0.05555555555555555,0.0,0.0,,PLV
sub-023,4,0.3333333333333333,0.7333333333333333,0.01690009337068161,,PLV
sub-023,5,0.611111111111111,0.5272727272727272,0.12633831310301896,,PLV
sub-023,6,0.4444444444444444,0.6785714285714286,0.04128540305010893,,PLV
sub-023,7,0.1111111111111111,0.0,0.017009025832555247,,PLV
sub-023,8,0.0,0.0,0.0,,PLV
sub-023,9,0.1111111111111111,1.0,0.0,,PLV
sub-023,10,0.38888888888888884,0.47619047619047616,0.11151571739807038,,PLV
sub-023,11,0.5,0.5,0.14126984126984127,,PLV
sub-023,12,0.38888888888888884,0.8095238095238095,0.010457516339869282,,PLV
sub-023,13,0.5,0.5833333333333334,0.10392156862745097,,PLV
sub-023,14,0.38888888888888884,0.6190476190476191,0.04735449735449736,,PLV
sub-023,15,0.05555555555555555,0.0,0.0,,PLV
sub-023,16,0.2222222222222222,0.5,0.031870525988173054,,PLV
sub-023,17,0.38888888888888884,0.6190476190476191,0.06207594148770621,,PLV
sub-023,18,0.2222222222222222,0.8333333333333334,0.003485838779956427,,PLV
sub-024,0,0.1111111111111111,1.0,0.0,,PLV
sub-024,1,0.0,0.0,0.0,,PLV
sub-024,2,0.611111111111111,0.4909090909090909,0.1691908789659655,,PLV
sub-024,3,0.5,0.5,0.12766884531590414,,PLV
sub-024,4,0.2222222222222222,1.0,0.0,,PLV
sub-024,5,0.2222222222222222,1.0,0.0,,PLV
sub-024,6,0.4444444444444444,0.6071428571428571,0.07440407535563245,,PLV
sub-024,7,0.1111111111111111,1.0,0.0,,PLV
sub-024,8,0.2222222222222222,1.0,0.0,,PLV
sub-024,9,0.0,0.0,0.0,,PLV
sub-024,10,0.38888888888888884,0.6666666666666666,0.047976053166364586,,PLV
sub-024,11,0.38888888888888884,0.7142857142857143,0.048102378206184425,,PLV
sub-024,12,0.5,0.5555555555555556,0.10551390490836857,,PLV
sub-024,13,0.3333333333333333,0.8666666666666667,0.013525017850277364,,PLV
sub-024,14,0.38888888888888884,0.6666666666666666,0.04775086505190311,,PLV
sub-024,15,0.5,0.6388888888888888,0.07681615129712015,,PLV
sub-024,16,0.05555555555555555,0.0,0.0,,PLV
sub-024,17,0.5,0.6388888888888888,0.06519562073195292,,PLV
sub-024,18,0.2777777777777778,0.9,0.0016339869281045752,,PLV
sub-025,0,0.2777777777777778,0.5,0.13848787378199143,0.09931189361905592,PLV
sub-025,1,0.2777777777777778,0.8,0.011545643898585076,0.10213365082025827,PLV
sub-025,2,0.4444444444444444,0.6428571428571429,0.04759530592863925,0.3655246592588911,PLV
sub-025,3,0.3333333333333333,0.6,0.15399259418867262,0.27611034773695214,PLV
sub-025,4,0.5,0.4444444444444444,0.2530243721420191,0.37414278786723937,PLV
sub-025,5,0.38888888888888884,0.5238095238095238,0.060656028793283696,0.12105022790353415,PLV
sub-025,6,0.1111111111111111,1.0,0.0,0.11463816622743486,PLV
sub-025,7,0.05555555555555555,0.0,0.0,0.04968570426889225,PLV
sub-025,8,0.38888888888888884,0.8095238095238095,0.011803211313015234,0.35014151188098674,PLV
sub-025,9,0.16666666666666666,1.0,0.0,0.04601742922881116,PLV
sub-025,10,0.38888888888888884,0.5714285714285714,0.06291248693209478,0.12163520484254146,PLV
sub-025,11,0.2777777777777778,0.7,0.010893246187363835,0.07596618549179153,PLV
sub-025,12,0.3333333333333333,0.5333333333333333,0.14285215510705707,0.19259866973584364,PLV
sub-025,13,0.38888888888888884,0.6190476190476191,0.11866595641105444,0.32058169843997647,PLV
sub-025,14,0.2777777777777778,0.9,0.00285039941902687,0.2699711064467195,PLV
sub-025,15,0.3333333333333333,0.5333333333333333,0.13686984765416138,0.14773562617651798,PLV
sub-025,16,0.2777777777777778,1.0,0.0,0.2768635472511106,PLV
sub-025,17,0.4444444444444444,0.6428571428571429,0.07660904817767564,0.3759860784754739,PLV
sub-025,18,0.1111111111111111,1.0,0.0,0.041658068824485826,PLV
sub-026,0,0.3333333333333333,0.6,0.0351620782993332,0.2024739324746693,PLV
sub-026,1,0.16666666666666666,0.3333333333333333,0.026600505522074148,0.10158232666602103,PLV
sub-026,2,0.16666666666666666,1.0,0.0,0.10605456968873271,PLV
sub-026,3,0.38888888888888884,0.38095238095238093,0.09102663857565818,0.27341459864944484,PLV
sub-026,4,0.38888888888888884,0.5714285714285714,0.05422114196624002,0.2562865592898397,PLV
sub-026,5,0.38888888888888884,0.6190476190476191,0.058713472438962654,0.32073048008383614,PLV
sub-026,6,0.4444444444444444,0.4642857142857143,0.12293229646170824,0.3093200924895352,PLV
sub-026,7,0.05555555555555555,0.0,0.0,0.048670271350061946,PLV
sub-026,8,0.2777777777777778,0.4,0.12852976725525744,0.15984300739682566,PLV
sub-026,9,0.2777777777777778,0.8,0.011328976034858386,0.1736261795177573,PLV
sub-026,10,0.2777777777777778,0.9,0.0054466230936819175,0.2425976411747341,PLV
sub-026,11,0.2777777777777778,0.5,0.05334130285110678,0.18015610907036217,PLV
sub-026,12,0.4444444444444444,0.5357142857142857,0.13377742446369897,0.2984311397399414,PLV
sub-026,13,0.5,0.4722222222222222,0.16354555031025622,0.3769843624127671,PLV
sub-026,14,0.05555555555555555,0.0,0.0,0.02475018253003342,PLV
sub-026,15,0.4444444444444444,0.39285714285714285,0.23850430615136495,0.31432505735960037,PLV
sub-026,16,0.3333333333333333,0.6666666666666666,0.031336147512618096,0.2393997294478704,PLV
sub-026,17,0.2222222222222222,0.8333333333333334,0.004793028322440087,0.1302098301572195,PLV
sub-026,18,0.3333333333333333,0.6666666666666666,0.023747276688453157,0.21028550170418747,PLV
sub-027,0,0.2777777777777778,1.0,0.0,,PLV
sub-027,1,0.05555555555555555,0.0,0.0,,PLV
sub-027,2,0.5555555555555556,0.8,0.034282601929660754,,PLV
sub-027,3,0.05555555555555555,0.0,0.0,,PLV
sub-027,4,0.5555555555555556,0.6888888888888889,0.10459850606909432,,PLV
sub-027,5,0.1111111111111111,1.0,0.0,,PLV
sub-027,6,0.5,0.8888888888888888,0.020448179271708684,,PLV
sub-027,7,0.0,0.0,0.0,,PLV
sub-027,8,0.4444444444444444,0.75,0.16993464052287582,,PLV
sub-027,9,0.05555555555555555,0.0,0.0,,PLV
sub-027,10,0.5,0.8611111111111112,0.013095238095238099,,PLV
sub-027,11,0.0,0.0,0.0,,PLV
sub-027,12,0.5555555555555556,0.8,0.034282601929660754,,PLV
sub-027,13,0.0,0.0,0.0,,PLV
sub-027,14,0.5,0.8888888888888888,0.020448179271708684,,PLV
sub-027,15,0.1111111111111111,0.0,0.09150326797385622,,PLV
sub-027,16,0.4444444444444444,0.5714285714285714,0.11846405228758171,,PLV
sub-027,17,0.5555555555555556,0.8,0.034282601929660754,,PLV
sub-027,18,0.5,0.75,0.05800653594771242,,PLV
sub-028,0,0.2777777777777778,1.0,0.0,0.25303631368949175,PLV
sub-028,1,0.2222222222222222,0.8333333333333334,0.0050186741363211955,0.12472829536554901,PLV
sub-028,2,0.3333333333333333,0.6666666666666666,0.023054777466542168,0.2843154279191759,PLV
sub-028,3,0.1111111111111111,1.0,0.0,0.0479102042655867,PLV
sub-028,4,0.38888888888888884,0.5238095238095238,0.10500829961614278,0.2945372008475405,PLV
sub-028,5,0.4444444444444444,0.6071428571428571,0.046176989314244216,0.35486424082362505,PLV
sub-028,6,0.16666666666666666,0.3333333333333333,0.05223311546840959,0.06592174292512254,PLV
sub-028,7,0.16666666666666666,0.6666666666666666,0.005291005291005291,0.05063326423364216,PLV
sub-028,8,0.2777777777777778,0.5,0.05935003631082063,0.1167971317930764,PLV
sub-028,9,0.2222222222222222,0.6666666666666666,0.014005602240896359,0.18568695991335943,PLV
sub-028,10,0.5,0.5277777777777778,0.10506276584707959,0.380837312123221,PLV
sub-028,11,0.3333333333333333,0.3333333333333333,0.12019400352733683,0.1950097758740977,PLV
sub-028,12,0.3333333333333333,0.6666666666666666,0.08913009648303766,0.26181633572435264,PLV
sub-028,13,0.3333333333333333,0.5333333333333333,0.05848376387592074,0.14702810876838646,PLV
sub-028,14,0.5,0.4722222222222222,0.18503734827264237,0.3715132940561589,PLV
sub-028,15,0.3333333333333333,0.8,0.011619462599854758,0.27776769255302447,PLV
sub-028,16,0.3333333333333333,0.4666666666666667,0.0698308953210914,0.11657914505775523,PLV
sub-028,17,0.05555555555555555,0.0,0.0,0.05708429597913422,PLV
sub-028,18,0.4444444444444444,0.42857142857142855,0.15507832762734727,0.25360629180486743,PLV
sub-029,0,0.2777777777777778,1.0,0.0,,PLV
sub-029,1,0.2777777777777778,0.7,0.016557734204793024,,PLV
sub-029,2,0.38888888888888884,0.7142857142857143,0.15140056022408965,,PLV
sub-029,3,0.2777777777777778,0.4,0.1490351696234049,,PLV
sub-029,4,0.38888888888888884,0.9047619047619048,0.0057267351384998446,,PLV
sub-029,5,0.3333333333333333,0.4,0.18507625272331157,,PLV
sub-029,6,0.1111111111111111,1.0,0.0,,PLV
sub-029,7,0.2222222222222222,0.5,0.0514161220043573,,PLV
sub-029,8,0.16666666666666666,1.0,0.0,,PLV
sub-029,9,0.0,0.0,0.0,,PLV
sub-029,10,0.4444444444444444,0.7857142857142857,0.02359165888577653,,PLV
sub-029,11,0.1111111111111111,0.0,0.052505446623093685,,PLV
sub-029,12,0.5,0.6666666666666666,0.06047307812013693,,PLV
sub-029,13,0.4444444444444444,0.7142857142857143,0.03594771241830065,,PLV
sub-029,14,0.3333333333333333,0.5333333333333333,0.08616557734204794,,PLV
sub-029,15,0.2777777777777778,0.6,0.09259259259259257,,PLV
sub-029,16,0.5,0.6111111111111112,0.08759726112667288,,PLV
sub-029,17,0.2222222222222222,0.8333333333333334,0.007189542483660131,,PLV
sub-029,18,0.5,0.6388888888888888,0.06661998132586368,,PLV
sub-030,0,0.16666666666666666,0.6666666666666666,0.005291005291005292,,PLV
sub-030,1,0.1111111111111111,1.0,0.0,,PLV
sub-030,2,0.4444444444444444,0.6785714285714286,0.038577653283535636,,PLV
sub-030,3,0.38888888888888884,0.7619047619047619,0.01688453159041394,,PLV
sub-030,4,0.38888888888888884,0.8571428571428571,0.005508870214752569,,PLV
sub-030,5,0.3333333333333333,0.5333333333333333,0.10343915343915346,,PLV
sub-030,6,0.2222222222222222,1.0,0.0,,PLV
sub-030,7,0.16666666666666666,1.0,0.0,,PLV
sub-030,8,0.2777777777777778,0.7,0.03485838779956427,,PLV
sub-030,9,0.0,0.0,0.0,,PLV
sub-030,10,0.5,0.4166666666666667,0.22880485527544348,,PLV
sub-030,11,0.1111111111111111,1.0,0.0,,PLV
sub-030,12,0.38888888888888884,0.47619047619047616,0.3005446623093682,,PLV
sub-030,13,0.4444444444444444,0.6428571428571429,0.04379084967320261,,PLV
sub-030,14,0.3333333333333333,0.8666666666666667,0.004419545596016185,,PLV
sub-030,15,0.2777777777777778,0.7,0.049019607843137254,,PLV
sub-030,16,0.5,0.6388888888888888,0.1388422035480859,,PLV
sub-030,17,0.4444444444444444,0.6428571428571429,0.05943043884220355,,PLV
sub-030,18,0.2777777777777778,0.7,0.049019607843137254,,PLV
sub-031,0,0.0,0.0,0.0,,PLV
sub-031,1,0.05555555555555555,0.0,0.0,,PLV
sub-031,2,0.4444444444444444,0.7857142857142857,0.04953314659197011,,PLV
sub-031,3,0.2222222222222222,1.0,0.0,,PLV
sub-031,4,0.5,0.6944444444444444,0.033644568938686586,,PLV
sub-031,5,0.5,0.6111111111111112,0.07203548085901026,,PLV
sub-031,6,0.16666666666666666,1.0,0.0,,PLV
sub-031,7,0.3333333333333333,0.6,0.09967320261437909,,PLV
sub-031,8,0.4444444444444444,0.6428571428571429,0.04645191409897293,,PLV
sub-031,9,0.0,0.0,0.0,,PLV
sub-031,10,0.4444444444444444,0.7142857142857143,0.048163709928415815,,PLV
sub-031,11,0.05555555555555555,0.0,0.0,,PLV
sub-031,12,0.5555555555555556,0.6222222222222222,0.12117958294428881,,PLV
sub-031,13,0.38888888888888884,0.8571428571428571,0.02591036414565826,,PLV
sub-031,14,0.2222222222222222,1.0,0.0,,PLV
sub-031,15,0.2777777777777778,0.6,0.18300653594771243,,PLV
sub-031,16,0.611111111111111,0.5636363636363636,0.15634920634920638,,PLV
sub-031,17,0.4444444444444444,0.8214285714285714,0.007189542483660131,,PLV
sub-031,18,0.1111111111111111,0.0,0.09803921568627451,,PLV
sub-032,0,0.05555555555555555,0.0,0.0,,PLV
sub-032,1,0.05555555555555555,0.0,0.0,,PLV
sub-032,2,0.3333333333333333,0.7333333333333333,0.02464985994397759,,PLV
sub-032,3,0.5,0.6111111111111112,0.07476657329598506,,PLV
sub-032,4,0.5,0.5833333333333334,0.09731559290382819,,PLV
sub-032,5,0.5555555555555556,0.5111111111111111,0.16486150015561782,,PLV
sub-032,6,0.38888888888888884,0.7142857142857143,0.02668845315904139,,PLV
sub-032,7,0.2777777777777778,1.0,0.0,,PLV
sub-032,8,0.38888888888888884,0.7142857142857143,0.02668845315904139,,PLV
sub-032,9,0.38888888888888884,0.8095238095238095,0.015087145969498913,,PLV
sub-032,10,0.16666666666666666,1.0,0.0,,PLV
sub-032,11,0.0,0.0,0.0,,PLV
sub-032,12,0.4444444444444444,0.6071428571428571,0.03982259570494864,,PLV
sub-032,13,0.4444444444444444,0.6428571428571429,0.06233271086212262,,PLV
sub-032,14,0.2777777777777778,1.0,0.0,,PLV
sub-032,15,0.2777777777777778,1.0,0.0,,PLV
sub-032,16,0.2222222222222222,0.6666666666666666,0.015468409586056645,,PLV
sub-032,17,0.1111111111111111,1.0,0.0,,PLV
sub-032,18,0.38888888888888884,0.6190476190476191,0.0797696856520386,,PLV
sub-033,0,0.2222222222222222,0.6666666666666666,0.003485838779956427,,PLV
sub-033,1,0.2222222222222222,0.8333333333333334,0.0016339869281045752,,PLV
sub-033,2,0.38888888888888884,0.9523809523809523,0.0010893246187363833,,PLV
sub-033,3,0.38888888888888884,0.9523809523809523,0.0010893246187363833,,PLV
sub-033,4,0.0,0.0,0.0,,PLV
sub-033,5,0.4444444444444444,0.6428571428571429,0.024727668845315905,,PLV
sub-033,6,0.5,0.75,0.015250544662309367,,PLV
sub-033,7,0.38888888888888884,0.7619047619047619,0.01056644880174292,,PLV
sub-033,8,0.0,0.0,0.0,,PLV
sub-033,9,0.0,0.0,0.0,,PLV
sub-033,10,0.5,0.6388888888888888,0.03104575163398693,,PLV
sub-033,11,0.38888888888888884,0.6190476190476191,0.023420479302832243,,PLV
sub-033,12,0.0,0.0,0.0,,PLV
sub-033,13,0.7222222222222222,0.48717948717948717,0.13638344226579519,,PLV
sub-033,14,0.05555555555555555,0.0,0.0,,PLV
sub-033,15,0.2222222222222222,1.0,0.0,,PLV
sub-033,16,0.38888888888888884,0.9523809523809523,0.0010893246187363833,,PLV
sub-033,17,0.611111111111111,0.5454545454545454,0.11623093681917213,,PLV
sub-033,18,0.3333333333333333,1.0,0.0,,PLV
sub-034,0,0.4444444444444444,1.0,0.0,,PLV
sub-034,1,0.5555555555555556,0.8444444444444444,0.02369281045751634,,PLV
sub-034,2,0.5,0.9722222222222222,0.0008169934640522876,,PLV
sub-034,3,0.5,0.9722222222222222,0.0008169934640522876,,PLV
sub-034,4,0.2777777777777778,0.6,0.07189542483660132,,PLV
sub-034,5,0.05555555555555555,0.0,0.0,,PLV
sub-034,6,0.0,0.0,0.0,,PLV
sub-034,7,0.05555555555555555,0.0,0.0,,PLV
sub-034,8,0.4444444444444444,1.0,0.0,,PLV
sub-034,9,0.05555555555555555,0.0,0.0,,PLV
sub-034,10,0.0,0.0,0.0,,PLV
sub-034,11,0.1111111111111111,1.0,0.0,,PLV
sub-034,12,0.0,0.0,0.0,,PLV
sub-034,13,0.5555555555555556,0.8,0.03349673202614379,,PLV
sub-034,14,0.5555555555555556,0.8,0.03349673202614379,,PLV
sub-034,15,0.0,0.0,0.0,,PLV
sub-034,16,0.5555555555555556,0.8444444444444444,0.02369281045751634,,PLV
sub-034,17,0.5555555555555556,0.8444444444444444,0.02369281045751634,,PLV
sub-034,18,0.5555555555555556,0.8444444444444444,0.02369281045751634,,PLV
sub-035,0,0.2222222222222222,0.8333333333333334,0.003159041394335512,,PLV
sub-035,1,0.5,0.5,0.09809108828716673,,PLV
sub-035,2,0.2222222222222222,1.0,0.0,,PLV
sub-035,3,0.2222222222222222,1.0,0.0,,PLV
sub-035,4,0.0,0.0,0.0,,PLV
sub-035,5,0.16666666666666666,1.0,0.0,,PLV
sub-035,6,0.5,0.5,0.08117543313621743,,PLV
sub-035,7,0.16666666666666666,1.0,0.0,,PLV
sub-035,8,0.0,0.0,0.0,,PLV
sub-035,9,0.1111111111111111,1.0,0.0,,PLV
sub-035,10,0.5555555555555556,0.5555555555555556,0.07356053532524122,,PLV
sub-035,11,0.4444444444444444,0.6785714285714286,0.02565100114119722,,PLV
sub-035,12,0.1111111111111111,1.0,0.0,,PLV
sub-035,13,0.38888888888888884,0.6666666666666666,0.05188297541238718,,PLV
sub-035,14,0.5555555555555556,0.4444444444444444,0.12678182384064735,,PLV
sub-035,15,0.5555555555555556,0.4888888888888889,0.10371407822388215,,PLV
sub-035,16,0.2777777777777778,0.8,0.006535947712418301,,PLV
sub-035,17,0.4444444444444444,0.5357142857142857,0.07890341321713873,,PLV
sub-035,18,0.3333333333333333,0.7333333333333333,0.01721132897603486,,PLV
sub-036,0,0.16666666666666666,0.3333333333333333,0.020697167755991286,,PLV
sub-036,1,0.1111111111111111,0.0,0.025326797385620915,,PLV
sub-036,2,0.4444444444444444,0.5714285714285714,0.06356209150326797,,PLV
sub-036,3,0.5,0.4722222222222222,0.14090413943355123,,PLV
sub-036,4,0.0,0.0,0.0,,PLV
sub-036,5,0.16666666666666666,1.0,0.0,,PLV
sub-036,6,0.2222222222222222,1.0,0.0,,PLV
sub-036,7,0.5,0.5833333333333334,0.07211328976034859,,PLV
sub-036,8,0.4444444444444444,0.6428571428571429,0.03485838779956427,,PLV
sub-036,9,0.3333333333333333,0.7333333333333333,0.011546840958605665,,PLV
sub-036,10,0.2777777777777778,0.7,0.01661220043572985,,PLV
sub-036,11,0.16666666666666666,1.0,0.0,,PLV
sub-036,12,0.0,0.0,0.0,,PLV
sub-036,13,0.5,0.5555555555555556,0.08360566448801743,,PLV
sub-036,14,0.3333333333333333,0.8,0.016067538126361653,,PLV
sub-036,15,0.38888888888888884,0.7142857142857143,0.024945533769063184,,PLV
sub-036,16,0.2777777777777778,0.8,0.005991285403050109,,PLV
sub-036,17,0.3333333333333333,0.7333333333333333,0.013017429193899784,,PLV
sub-036,18,0.611111111111111,0.4727272727272727,0.17009803921568628,,PLV
sub-037,0,0.5,0.7222222222222222,0.026034858387799568,,PLV
sub-037,1,0.5,0.6111111111111112,0.1676470588235294,,PLV
sub-037,2,0.16666666666666666,0.3333333333333333,0.10457516339869281,,PLV
sub-037,3,0.2777777777777778,1.0,0.0,,PLV
sub-037,4,0.05555555555555555,0.0,0.0,,PLV
sub-037,5,0.4444444444444444,0.75,0.013507625272331153,,PLV
sub-037,6,0.611111111111111,0.5272727272727272,0.27570806100217865,,PLV
sub-037,7,0.38888888888888884,0.7619047619047619,0.01383442265795207,,PLV
sub-037,8,0.1111111111111111,1.0,0.0,,PLV
sub-037,9,0.05555555555555555,0.0,0.0,,PLV
sub-037,10,0.5555555555555556,0.6444444444444445,0.04444444444444444,,PLV
sub-037,11,0.5,0.75,0.023747276688453164,,PLV
sub-037,12,0.4444444444444444,0.8214285714285714,0.015686274509803925,,PLV
sub-037,13,0.0,0.0,0.0,,PLV
sub-037,14,0.2777777777777778,0.3,0.39869281045751637,,PLV
sub-037,15,0.2222222222222222,0.3333333333333333,0.11111111111111112,,PLV
sub-037,16,0.2777777777777778,1.0,0.0,,PLV
sub-037,17,0.16666666666666666,1.0,0.0,,PLV
sub-037,18,0.2222222222222222,0.8333333333333334,0.0010893246187363833,,PLV
sub-038,0,0.2777777777777778,1.0,0.0,,PLV
sub-038,1,0.5,0.6944444444444444,0.027591036414565822,,PLV
sub-038,2,0.5555555555555556,0.6666666666666666,0.03160597572362279,,PLV
sub-038,3,0.3333333333333333,0.8,0.006699346405228758,,PLV
sub-038,4,0.0,0.0,0.0,,PLV
sub-038,5,0.3333333333333333,0.6,0.04750233426704015,,PLV
sub-038,6,0.0,0.0,0.0,,PLV
sub-038,7,0.0,0.0,0.0,,PLV
sub-038,8,0.5555555555555556,0.5777777777777777,0.05724400871459695,,PLV
sub-038,9,0.16666666666666666,1.0,0.0,,PLV
sub-038,10,0.5555555555555556,0.6666666666666666,0.028120136943666354,,PLV
sub-038,11,0.3333333333333333,0.9333333333333333,0.0013071895424836603,,PLV
sub-038,12,0.611111111111111,0.5636363636363636,0.07468876439464676,,PLV
sub-038,13,0.611111111111111,0.5818181818181818,0.07007469654528478,,PLV
sub-038,14,0.1111111111111111,1.0,0.0,,PLV
sub-038,15,0.0,0.0,0.0,,PLV
sub-038,16,0.3333333333333333,0.5333333333333333,0.03860877684407096,,PLV
sub-038,17,0.38888888888888884,0.8095238095238095,0.008714596949891068,,PLV
sub-038,18,0.1111111111111111,1.0,0.0,,PLV
sub-039,0,0.2777777777777778,0.7,0.008714596949891067,,PLV
sub-039,1,0.3333333333333333,0.26666666666666666,0.06507158418923124,,PLV
sub-039,2,0.16666666666666666,1.0,0.0,,PLV
sub-039,3,0.1111111111111111,0.0,0.0021786492374727667,,PLV
sub-039,4,0.611111111111111,0.509090909090909,0.1027544351073763,,PLV
sub-039,5,0.0,0.0,0.0,,PLV
sub-039,6,0.5555555555555556,0.6,0.08765172735760972,,PLV
sub-039,7,0.38888888888888884,0.8095238095238095,0.013398692810457516,,PLV
sub-039,8,0.16666666666666666,1.0,0.0,,PLV
sub-039,9,0.05555555555555555,0.0,0.0,,PLV
sub-039,10,0.5,0.4444444444444444,0.10992063492063492,,PLV
sub-039,11,0.1111111111111111,0.0,0.0016339869281045752,,PLV
sub-039,12,0.5,0.6944444444444444,0.041246498599439775,,PLV
sub-039,13,0.0,0.0,0.0,,PLV
sub-039,14,0.4444444444444444,0.6785714285714286,0.04351851851851851,,PLV
sub-039,15,0.38888888888888884,0.5714285714285714,0.10566448801742918,,PLV
sub-039,16,0.38888888888888884,0.6190476190476191,0.02533457827575475,,PLV
sub-039,17,0.3333333333333333,0.6,0.05546218487394957,,PLV
sub-039,18,0.4444444444444444,0.6428571428571429,0.05640367258014317,,PLV
sub-040,0,0.5,0.8333333333333334,0.008232181761593526,,PLV
sub-040,1,0.3333333333333333,1.0,0.0,,PLV
sub-040,2,0.5555555555555556,0.7777777777777778,0.014036725801431683,,PLV
sub-040,3,0.5555555555555556,0.7777777777777778,0.014036725801431683,,PLV
sub-040,4,0.16666666666666666,0.3333333333333333,0.013071895424836602,,PLV
sub-040,5,0.0,0.0,0.0,,PLV
sub-040,6,0.1111111111111111,1.0,0.0,,PLV
sub-040,7,0.1111111111111111,1.0,0.0,,PLV
sub-040,8,0.5555555555555556,0.7111111111111111,0.03264861500155618,,PLV
sub-040,9,0.16666666666666666,1.0,0.0,,PLV
sub-040,10,0.4444444444444444,0.8928571428571429,0.003952692187986305,,PLV
sub-040,11,0.38888888888888884,0.9523809523809523,0.0010893246187363833,,PLV
sub-040,12,0.4444444444444444,0.8571428571428571,0.006053532524120759,,PLV
sub-040,13,0.5555555555555556,0.7777777777777778,0.014036725801431683,,PLV
sub-040,14,0.38888888888888884,0.7619047619047619,0.012760659819483348,,PLV
sub-040,15,0.4444444444444444,0.75,0.017335823218176158,,PLV
sub-040,16,0.0,0.0,0.0,,PLV
sub-040,17,0.05555555555555555,0.0,0.0,,PLV
sub-040,18,0.0,0.0,0.0,,PLV
sub-041,0,0.5,0.8333333333333334,0.014814814814814817,,PLV
sub-041,1,0.4444444444444444,0.8928571428571429,0.00392156862745098,,PLV
sub-041,2,0.4444444444444444,0.9285714285714286,0.0065359477124183,,PLV
sub-041,3,0.38888888888888884,0.7142857142857143,0.10457516339869281,,PLV
sub-041,4,0.2777777777777778,1.0,0.0,,PLV
sub-041,5,0.0,0.0,0.0,,PLV
sub-041,6,0.5,0.75,0.08496732026143791,,PLV
sub-041,7,0.2222222222222222,0.5,0.14379084967320263,,PLV
sub-041,8,0.5,0.6944444444444444,0.10849673202614381,,PLV
sub-041,9,0.05555555555555555,0.0,0.0,,PLV
sub-041,10,0.4444444444444444,0.9285714285714286,0.0065359477124183,,PLV
sub-041,11,0.16666666666666666,0.3333333333333333,0.10457516339869281,,PLV
sub-041,12,0.16666666666666666,0.6666666666666666,0.04466230936819172,,PLV
sub-041,13,0.5,0.8333333333333334,0.014814814814814817,,PLV
sub-041,14,0.611111111111111,0.5818181818181818,0.3339869281045752,,PLV
sub-041,15,0.2222222222222222,0.5,0.18191721132897606,,PLV
sub-041,16,0.05555555555555555,0.0,0.0,,PLV
sub-041,17,0.2222222222222222,0.5,0.14052287581699344,,PLV
sub-041,18,0.05555555555555555,0.0,0.0,,PLV
sub-042,0,0.5,0.5555555555555556,0.1076677135500665,,PLV
sub-042,1,0.2222222222222222,0.16666666666666666,0.06241971536089183,,PLV
sub-042,2,0.4444444444444444,0.6785714285714286,0.0382409529468353,,PLV
sub-042,3,0.4444444444444444,0.6785714285714286,0.0382409529468353,,PLV
sub-042,4,0.16666666666666666,0.3333333333333333,0.04787369493251847,,PLV
sub-042,5,0.2777777777777778,0.4,0.03173612879495233,,PLV
sub-042,6,0.0,0.0,0.0,,PLV
sub-042,7,0.16666666666666666,0.6666666666666666,0.004575163398692811,,PLV
sub-042,8,0.2222222222222222,0.5,0.02351950881362646,,PLV
sub-042,9,0.2222222222222222,0.3333333333333333,0.07118524177347707,,PLV
sub-042,10,0.5,0.6388888888888888,0.07669694140282377,,PLV
sub-042,11,0.2777777777777778,1.0,0.0,,PLV
sub-042,12,0.4444444444444444,0.6785714285714286,0.03127917833800187,,PLV
sub-042,13,0.4444444444444444,0.7142857142857143,0.03721387544916957,,PLV
sub-042,14,0.3333333333333333,0.4666666666666667,0.1090909090909091,,PLV
sub-042,15,0.38888888888888884,0.47619047619047616,0.07534023710494298,,PLV
sub-042,16,0.3333333333333333,0.4666666666666667,0.12499221910986619,,PLV
sub-042,17,0.1111111111111111,1.0,0.0,,PLV
sub-042,18,0.2777777777777778,0.3,0.06110403757462581,,PLV
sub-043,0,0.3333333333333333,0.7333333333333333,0.02211328976034858,,PLV
sub-043,1,0.3333333333333333,0.8,0.02118736383442266,,PLV
sub-043,2,0.2777777777777778,0.9,0.0032679738562091504,,PLV
sub-043,3,0.38888888888888884,0.6666666666666666,0.04384531590413944,,PLV
sub-043,4,0.611111111111111,0.5272727272727272,0.13583877995642704,,PLV
sub-043,5,0.4444444444444444,0.5714285714285714,0.08453159041394334,,PLV
sub-043,6,0.3333333333333333,0.8,0.007080610021786492,,PLV
sub-043,7,0.5,0.5555555555555556,0.1322984749455338,,PLV
sub-043,8,0.2777777777777778,0.9,0.0016339869281045752,,PLV
sub-043,9,0.0,0.0,0.0,,PLV
sub-043,10,0.5,0.5833333333333334,0.05016339869281046,,PLV
sub-043,11,0.1111111111111111,1.0,0.0,,PLV
sub-043,12,0.05555555555555555,0.0,0.0,,PLV
sub-043,13,0.5,0.6388888888888888,0.0429193899782135,,PLV
sub-043,14,0.4444444444444444,0.4642857142857143,0.1284313725490196,,PLV
sub-043,15,0.0,0.0,0.0,,PLV
sub-043,16,0.05555555555555555,0.0,0.0,,PLV
sub-043,17,0.3333333333333333,0.7333333333333333,0.012962962962962963,,PLV
sub-043,18,0.2777777777777778,0.6,0.09803921568627451,,PLV
sub-044,0,0.16666666666666666,1.0,0.0,,PLV
sub-044,1,0.38888888888888884,1.0,0.0,,PLV
sub-044,2,0.2777777777777778,0.8,0.004357298474945533,,PLV
sub-044,3,0.4444444444444444,0.75,0.058823529411764705,,PLV
sub-044,4,0.38888888888888884,1.0,0.0,,PLV
sub-044,5,0.0,0.0,0.0,,PLV
sub-044,6,0.2222222222222222,1.0,0.0,,PLV
sub-044,7,0.5,0.8055555555555556,0.013071895424836602,,PLV
sub-044,8,0.0,0.0,0.0,,PLV
sub-044,9,0.5,0.8055555555555556,0.013071895424836602,,PLV
sub-044,10,0.2222222222222222,1.0,0.0,,PLV
sub-044,11,0.4444444444444444,0.8928571428571429,0.005228758169934641,,PLV
sub-044,12,0.2777777777777778,0.8,0.004357298474945533,,PLV
sub-044,13,0.5,0.8055555555555556,0.013071895424836602,,PLV
sub-044,14,0.3333333333333333,0.9333333333333333,0.0013071895424836603,,PLV
sub-044,15,0.05555555555555555,0.0,0.0,,PLV
sub-044,16,0.5,0.8055555555555556,0.013071895424836602,,PLV
sub-044,17,0.2777777777777778,0.8,0.004357298474945533,,PLV
sub-044,18,0.2777777777777778,1.0,0.0,,PLV
sub-045,0,0.38888888888888884,0.8571428571428571,0.011764705882352941,,PLV
sub-045,1,0.5555555555555556,0.6,0.10284780578898226,,PLV
sub-045,2,0.4444444444444444,0.75,0.03481170245876128,,PLV
sub-045,3,0.38888888888888884,0.8095238095238095,0.02396514161220043,,PLV
sub-045,4,0.3333333333333333,0.8,0.007469654528478057,,PLV
sub-045,5,0.0,0.0,0.0,,PLV
sub-045,6,0.5,0.6666666666666666,0.05692499221910986,,PLV
sub-045,7,0.5,0.5833333333333334,0.0815126050420168,,PLV
sub-045,8,0.38888888888888884,0.8095238095238095,0.02396514161220043,,PLV
sub-045,9,0.16666666666666666,1.0,0.0,,PLV
sub-045,10,0.2777777777777778,1.0,0.0,,PLV
sub-045,11,0.38888888888888884,0.8095238095238095,0.02396514161220043,,PLV
sub-045,12,0.5,0.6111111111111112,0.06347650171179582,,PLV
sub-045,13,0.0,0.0,0.0,,PLV
sub-045,14,0.38888888888888884,0.7619047619047619,0.01971677559912854,,PLV
sub-045,15,0.16666666666666666,1.0,0.0,,PLV
sub-045,16,0.0,0.0,0.0,,PLV
sub-045,17,0.38888888888888884,0.7142857142857143,0.026704014939309056,,PLV
sub-045,18,0.0,0.0,0.0,,PLV
sub-046,0,0.5,0.7222222222222222,0.017429193899782133,,PLV
sub-046,1,0.0,0.0,0.0,,PLV
sub-046,2,0.0,0.0,0.0,,PLV
sub-046,3,0.4444444444444444,0.6071428571428571,0.08339558045440398,,PLV
sub-046,4,0.0,0.0,0.0,,PLV
sub-046,5,0.0,0.0,0.0,,PLV
sub-046,6,0.5,0.7777777777777778,0.008994708994708995,,PLV
sub-046,7,0.6666666666666666,0.5909090909090909,0.05855897914721444,,PLV
sub-046,8,0.2777777777777778,1.0,0.0,,PLV
sub-046,9,0.4444444444444444,0.7857142857142857,0.01263616557734205,,PLV
sub-046,10,0.3333333333333333,0.8666666666666667,0.0021786492374727667,,PLV
sub-046,11,0.05555555555555555,0.0,0.0,,PLV
sub-046,12,0.6666666666666666,0.5909090909090909,0.05855897914721444,,PLV
sub-046,13,0.16666666666666666,1.0,0.0,,PLV
sub-046,14,0.5,0.75,0.014114534702769996,,PLV
sub-046,15,0.38888888888888884,0.8095238095238095,0.004419545596016185,,PLV
sub-046,16,0.38888888888888884,0.8095238095238095,0.00463741051976346,,PLV
sub-046,17,0.4444444444444444,0.6428571428571429,0.022657952069716776,,PLV
sub-046,18,0.0,0.0,0.0,,PLV
sub-047,0,0.2222222222222222,0.8333333333333334,0.0016339869281045752,,PLV
sub-047,1,0.2222222222222222,0.8333333333333334,0.0016339869281045752,,PLV
sub-047,2,0.611111111111111,0.5818181818181818,0.04400871459694989,,PLV
sub-047,3,0.05555555555555555,0.0,0.0,,PLV
sub-047,4,0.0,0.0,0.0,,PLV
sub-047,5,0.3333333333333333,0.8666666666666667,0.0032679738562091504,,PLV
sub-047,6,0.2222222222222222,1.0,0.0,,PLV
sub-047,7,0.5555555555555556,0.6444444444444445,0.02821350762527233,,PLV
sub-047,8,0.2222222222222222,1.0,0.0,,PLV
sub-047,9,0.0,0.0,0.0,,PLV
sub-047,10,0.5555555555555556,0.6222222222222222,0.032135076252723306,,PLV
sub-047,11,0.7222222222222222,0.48717948717948717,0.11045751633986928,,PLV
sub-047,12,0.4444444444444444,0.7857142857142857,0.010239651416122004,,PLV
sub-047,13,0.4444444444444444,0.7857142857142857,0.010239651416122004,,PLV
sub-047,14,0.05555555555555555,0.0,0.0,,PLV
sub-047,15,0.5,0.7222222222222222,0.016339869281045753,,PLV
sub-047,16,0.3333333333333333,0.8666666666666667,0.0032679738562091504,,PLV
sub-047,17,0.2777777777777778,1.0,0.0,,PLV
sub-047,18,0.0,0.0,0.0,,PLV
sub-048,0,0.5,0.9166666666666666,0.008169934640522876,,PLV
sub-048,1,0.5,0.9166666666666666,0.008169934640522876,,PLV
sub-048,2,0.5,0.9166666666666666,0.008169934640522876,,PLV
sub-048,3,0.4444444444444444,1.0,0.0,,PLV
sub-048,4,0.5555555555555556,0.7777777777777778,0.03159041394335513,,PLV
sub-048,5,0.5555555555555556,0.4666666666666667,0.12854030501089322,,PLV
sub-048,6,0.0,0.0,0.0,,PLV
sub-048,7,0.0,0.0,0.0,,PLV
sub-048,8,0.16666666666666666,1.0,0.0,,PLV
sub-048,9,0.0,0.0,0.0,,PLV
sub-048,10,0.4444444444444444,1.0,0.0,,PLV
sub-048,11,0.5,0.9166666666666666,0.008169934640522876,,PLV
sub-048,12,0.611111111111111,0.6727272727272727,0.0664488017429194,,PLV
sub-048,13,0.1111111111111111,1.0,0.0,,PLV
sub-048,14,0.0,0.0,0.0,,PLV
sub-048,15,0.0,0.0,0.0,,PLV
sub-048,16,0.4444444444444444,1.0,0.0,,PLV
sub-048,17,0.3333333333333333,0.4666666666666667,0.03485838779956427,,PLV
sub-048,18,0.1111111111111111,1.0,0.0,,PLV
sub-049,0,0.05555555555555555,0.0,0.0,0.04117460809583641,PLV
sub-049,1,0.3333333333333333,0.8,0.017507002801120452,0.284127322346999,PLV
sub-049,2,0.38888888888888884,0.5714285714285714,0.07411085646379764,0.300957500943621,PLV
sub-049,3,0.1111111111111111,1.0,0.0,0.029908192339084275,PLV
sub-049,4,0.3333333333333333,0.6666666666666666,0.04321506380329909,0.2313778821014989,PLV
sub-049,5,0.2777777777777778,0.4,0.12152335681747445,0.10122569417841325,PLV
sub-049,6,0.38888888888888884,0.6666666666666666,0.03672155730979261,0.3170992600806047,PLV
sub-049,7,0.3333333333333333,0.6,0.08057465410406586,0.22556244170854503,PLV
sub-049,8,0.3333333333333333,0.4666666666666667,0.03879551820728291,0.2497661695384659,PLV
sub-049,9,0.3333333333333333,0.7333333333333333,0.012278244631185807,0.25320138593158636,PLV
sub-049,10,0.4444444444444444,0.5357142857142857,0.06618425147836911,0.3393278732414294,PLV
sub-049,11,0.4444444444444444,0.42857142857142855,0.2239821180997652,0.27072772016383584,PLV
sub-049,12,0.5555555555555556,0.4888888888888889,0.20035367682426508,0.4144945871920922,PLV
sub-049,13,0.3333333333333333,0.7333333333333333,0.012278244631185807,0.2532013859315866,PLV
sub-049,14,0.2222222222222222,0.3333333333333333,0.05102990691225985,0.10328678469892358,PLV
sub-049,15,0.2777777777777778,0.7,0.019281045751633984,0.17665994433967794,PLV
sub-049,16,0.2222222222222222,0.3333333333333333,0.05754746342981638,0.0844506517915833,PLV
sub-049,17,0.16666666666666666,0.3333333333333333,0.0632147808618397,0.04394800669927152,PLV
sub-049,18,0.2222222222222222,0.6666666666666666,0.03826500297088532,0.09542406402537018,PLV
sub-050,0,0.2222222222222222,0.8333333333333334,0.00469187675070028,0.14252332095035838,PLV
sub-050,1,0.2777777777777778,0.7,0.0173202614379085,0.17972002661703348,PLV
sub-050,2,0.2777777777777778,0.8,0.016565515094926864,0.1958596666641036,PLV
sub-050,3,0.38888888888888884,0.6190476190476191,0.03487394957983193,0.24421140463332072,PLV
sub-050,4,0.05555555555555555,0.0,0.0,0.009602518639657718,PLV
sub-050,5,0.2222222222222222,0.8333333333333334,0.003112356053532524,0.15979202094947734,PLV
sub-050,6,0.38888888888888884,0.6666666666666666,0.10751633986928102,0.30736459396900756,PLV
sub-050,7,0.16666666666666666,0.3333333333333333,0.11111111111111112,0.06045830102297678,PLV
sub-050,8,0.38888888888888884,0.6666666666666666,0.10751633986928102,0.3073645939690075,PLV
sub-050,9,0.2777777777777778,0.7,0.09803921568627451,0.18552412820345562,PLV
sub-050,10,0.4444444444444444,0.39285714285714285,0.11718798630563333,0.27754825274554534,PLV
sub-050,11,0.2222222222222222,0.6666666666666666,0.008660130718954249,0.14436166351683494,PLV
sub-050,12,0.5555555555555556,0.35555555555555557,0.3530656707127295,0.3891466644055157,PLV
sub-050,13,0.2777777777777778,0.6,0.022300031123560538,0.19298650740931012,PLV
sub-050,14,0.38888888888888884,0.47619047619047616,0.10718954248366012,0.28238045141613477,PLV
sub-050,15,0.3333333333333333,0.6666666666666666,0.03169934640522876,0.2778899282083519,PLV
sub-050,16,0.2222222222222222,0.6666666666666666,0.006535947712418301,0.15599850540249072,PLV
sub-050,17,0.2777777777777778,0.7,0.09803921568627451,0.18552412820345568,PLV
sub-050,18,0.38888888888888884,0.6666666666666666,0.10751633986928102,0.3073645939690074,PLV
sub-051,0,0.5,0.75,0.05975723622782446,,PLV
sub-051,1,0.4444444444444444,0.9642857142857143,0.0009337068160597572,,PLV
sub-051,2,0.38888888888888884,1.0,0.0,,PLV
sub-051,3,0.4444444444444444,0.9642857142857143,0.0009337068160597572,,PLV
sub-051,4,0.0,0.0,0.0,,PLV
sub-051,5,0.2222222222222222,0.8333333333333334,0.0021786492374727667,,PLV
sub-051,6,0.16666666666666666,1.0,0.0,,PLV
sub-051,7,0.2777777777777778,0.7,0.007625272331154683,,PLV
sub-051,8,0.0,0.0,0.0,,PLV
sub-051,9,0.4444444444444444,0.8571428571428571,0.008169934640522876,,PLV
sub-051,10,0.4444444444444444,0.9642857142857143,0.0009337068160597572,,PLV
sub-051,11,0.5,0.8333333333333334,0.0112822906940554,,PLV
sub-051,12,0.05555555555555555,0.0,0.0,,PLV
sub-051,13,0.5,0.8333333333333334,0.0112822906940554,,PLV
sub-051,14,0.2222222222222222,1.0,0.0,,PLV
sub-051,15,0.5,0.8333333333333334,0.0112822906940554,,PLV
sub-051,16,0.2777777777777778,0.7,0.007625272331154683,,PLV
sub-051,17,0.2222222222222222,0.8333333333333334,0.0021786492374727667,,PLV
sub-051,18,0.16666666666666666,1.0,0.0,,PLV
sub-052,0,0.16666666666666666,0.6666666666666666,0.028944911297852476,0.046055601063899,PLV
sub-052,1,0.1111111111111111,1.0,0.0,0.013121029453168346,PLV
sub-052,2,0.16666666666666666,0.6666666666666666,0.0032679738562091504,0.002472796582349857,PLV
sub-052,3,0.1111111111111111,1.0,0.0,0.0014782428835040098,PLV
sub-052,4,0.2222222222222222,0.5,0.1503267973856209,0.008653884932670329,PLV
sub-052,5,0.2777777777777778,0.6,0.0457282913165266,0.1951278307502561,PLV
sub-052,6,0.3333333333333333,1.0,0.0,0.27627733777816155,PLV
sub-052,7,0.1111111111111111,0.0,0.012394957983193277,0.05002798659071175,PLV
sub-052,8,0.16666666666666666,0.6666666666666666,0.049019607843137254,0.008480523954568497,PLV
sub-052,9,0.5,0.75,0.0359088079676315,0.3640537857160225,PLV
sub-052,10,0.5,0.75,0.0359088079676315,0.36405378571602237,PLV
sub-052,11,0.38888888888888884,0.9047619047619048,0.018588546529723006,0.3092119093888924,PLV
sub-052,12,0.4444444444444444,0.5357142857142857,0.3661686896981015,0.2808319186810359,PLV
sub-052,13,0.3333333333333333,0.2,0.44094304388422034,0.05270592013384247,PLV
sub-052,14,0.5,0.75,0.0359088079676315,0.36405378571602237,PLV
sub-052,15,0.5,0.6111111111111112,0.07270463741051975,0.3369862477197429,PLV
sub-052,16,0.16666666666666666,0.0,0.09990662931839402,0.03957262487435429,PLV
sub-052,17,0.4444444444444444,0.8571428571428571,0.02098506069094305,0.3411701635648314,PLV
sub-052,18,0.3333333333333333,0.9333333333333333,0.00813103018985372,0.2725068947003071,PLV
sub-053,0,0.611111111111111,0.32727272727272727,0.3696389666977903,0.4053000999179439,PLV
sub-053,1,0.38888888888888884,0.6666666666666666,0.07426081543728602,0.2746773351463166,PLV
sub-053,2,0.16666666666666666,0.3333333333333333,0.0934640522875817,0.06143855483175753,PLV
sub-053,3,0.2777777777777778,1.0,0.0,0.17945417373600975,PLV
sub-053,4,0.2777777777777778,1.0,0.0,0.17945417373600964,PLV
sub-053,5,0.16666666666666666,0.6666666666666666,0.01579520697167756,0.025904563998580342,PLV
sub-053,6,0.3333333333333333,0.9333333333333333,0.004979769685652039,0.27830845695277745,PLV
sub-053,7,0.3333333333333333,0.7333333333333333,0.012200435729847494,0.2437828142131084,PLV
sub-053,8,0.3333333333333333,0.8666666666666667,0.020261437908496733,0.23306143906439872,PLV
sub-053,9,0.3333333333333333,0.9333333333333333,0.004979769685652039,0.2783084569527775,PLV
sub-053,10,0.05555555555555555,0.0,0.0,0.06177842667531303,PLV
sub-053,11,0.38888888888888884,0.7142857142857143,0.05255213196389668,0.31463882249639485,PLV
sub-053,12,0.2777777777777778,0.3,0.17309368191721133,0.090731126718612,PLV
sub-053,13,0.1111111111111111,1.0,0.0,0.01777835600868438,PLV
sub-053,14,0.38888888888888884,0.7619047619047619,0.017180205415499535,0.2973900795414974,PLV
sub-053,15,0.38888888888888884,0.6666666666666666,0.13657018362900722,0.28643466494267344,PLV
sub-053,16,0.38888888888888884,0.6666666666666666,0.1113289760348584,0.24506204697081932,PLV
sub-053,17,0.38888888888888884,0.6666666666666666,0.1113289760348584,0.24506204697081937,PLV
sub-053,18,0.16666666666666666,0.6666666666666666,0.004979769685652039,0.14426745133199254,PLV
sub-054,0,0.2222222222222222,1.0,0.0,0.16570339646789825,PLV
sub-054,1,0.3333333333333333,0.6,0.03306383159324336,0.23097342897754033,PLV
sub-054,2,0.3333333333333333,0.4666666666666667,0.0832102537984891,0.2595462195675797,PLV
sub-054,3,0.16666666666666666,0.6666666666666666,0.005446623093681917,0.09525792123737513,PLV
sub-054,4,0.38888888888888884,0.47619047619047616,0.06371558724499901,0.23074274738745876,PLV
sub-054,5,0.2222222222222222,0.5,0.05010893246187364,0.13443629135917878,PLV
sub-054,6,0.3333333333333333,0.5333333333333333,0.06914240443652209,0.24474686687763905,PLV
sub-054,7,0.16666666666666666,1.0,0.0,0.09589561670668952,PLV
sub-054,8,0.1111111111111111,0.0,0.0032679738562091504,0.038587864903809534,PLV
sub-054,9,0.2222222222222222,0.3333333333333333,0.06327985739750445,0.11553538704491101,PLV
sub-054,10,0.38888888888888884,0.47619047619047616,0.05624876213111507,0.2419979470852451,PLV
sub-054,11,0.16666666666666666,1.0,0.0,0.1718292609961383,PLV
sub-054,12,0.611111111111111,0.38181818181818183,0.20982514217808335,0.4154428390994608,PLV
sub-054,13,0.4444444444444444,0.5,0.09918088447500212,0.32507186492399104,PLV
sub-054,14,0.5555555555555556,0.35555555555555557,0.22302506861330396,0.3725929757408869,PLV
sub-054,15,0.3333333333333333,0.6,0.05083255524431996,0.2652188401797049,PLV
sub-054,16,0.2777777777777778,0.8,0.005446623093681917,0.19626539491927433,PLV
sub-054,17,0.2222222222222222,0.6666666666666666,0.023732422261834026,0.1457209222473781,PLV
sub-054,18,0.2777777777777778,0.6,0.02583255524431995,0.22854222014328884,PLV
sub-055,0,0.3333333333333333,1.0,0.0,,PLV
sub-055,1,0.3333333333333333,1.0,0.0,,PLV
sub-055,2,0.0,0.0,0.0,,PLV
sub-055,3,0.3333333333333333,0.8666666666666667,0.014285714285714287,,PLV
sub-055,4,0.0,0.0,0.0,,PLV
sub-055,5,0.5,0.4722222222222222,0.20112044817927172,,PLV
sub-055,6,0.2222222222222222,0.8333333333333334,0.0021786492374727667,,PLV
sub-055,7,0.0,0.0,0.0,,PLV
sub-055,8,0.38888888888888884,0.5714285714285714,0.07760141093474426,,PLV
sub-055,9,0.2777777777777778,0.7,0.024634298163709926,,PLV
sub-055,10,0.38888888888888884,0.9047619047619048,0.0026143790849673205,,PLV
sub-055,11,0.38888888888888884,0.9047619047619048,0.0026143790849673205,,PLV
sub-055,12,0.4444444444444444,0.7857142857142857,0.03454715219421102,,PLV
sub-055,13,0.5,0.6666666666666666,0.06640730366220564,,PLV
sub-055,14,0.16666666666666666,1.0,0.0,,PLV
sub-055,15,0.3333333333333333,0.6,0.052624753605145756,,PLV
sub-055,16,0.5555555555555556,0.5777777777777777,0.11918248780993879,,PLV
sub-055,17,0.2777777777777778,0.7,0.029479199087042225,,PLV
sub-055,18,0.3333333333333333,0.6,0.05244838676211225,,PLV
sub-056,0,0.2777777777777778,0.6,0.027233115468409584,,PLV
sub-056,1,0.2777777777777778,0.6,0.07505446623093681,,PLV
sub-056,2,0.3333333333333333,0.8666666666666667,0.005672268907563026,,PLV
sub-056,3,0.2222222222222222,0.6666666666666666,0.015087145969498913,,PLV
sub-056,4,0.2222222222222222,0.8333333333333334,0.003485838779956427,,PLV
sub-056,5,0.3333333333333333,0.8666666666666667,0.005672268907563026,,PLV
sub-056,6,0.5,0.4722222222222222,0.12299253034547157,,PLV
sub-056,7,0.0,0.0,0.0,,PLV
sub-056,8,0.5555555555555556,0.4222222222222222,0.2619592281356987,,PLV
sub-056,9,0.3333333333333333,0.8,0.0065359477124183,,PLV
sub-056,10,0.2222222222222222,0.8333333333333334,0.00326797385620915,,PLV
sub-056,11,0.38888888888888884,0.38095238095238093,0.14953314659197015,,PLV
sub-056,12,0.16666666666666666,1.0,0.0,,PLV
sub-056,13,0.3333333333333333,0.8666666666666667,0.005672268907563026,,PLV
sub-056,14,0.4444444444444444,0.4642857142857143,0.10365701836290071,,PLV
sub-056,15,0.2222222222222222,1.0,0.0,,PLV
sub-056,16,0.1111111111111111,1.0,0.0,,PLV
sub-056,17,0.4444444444444444,0.5357142857142857,0.09085745409274822,,PLV
sub-056,18,0.38888888888888884,0.7142857142857143,0.018744164332399626,,PLV
sub-057,0,0.3333333333333333,1.0,0.0,0.2891064937117935,PLV
sub-057,1,0.2222222222222222,0.6666666666666666,0.017320261437908498,0.008938094792431097,PLV
sub-057,2,0.4444444444444444,0.7142857142857143,0.042919389978213505,0.3351892603890887,PLV
sub-057,3,0.5,0.6944444444444444,0.0514161220043573,0.37304373904838584,PLV
sub-057,4,0.1111111111111111,1.0,0.0,0.016683005900295925,PLV
sub-057,5,0.2222222222222222,0.3333333333333333,0.21666666666666667,0.0984906210766744,PLV
sub-057,6,0.4444444444444444,0.6428571428571429,0.0994553376906318,0.32249795164748907,PLV
sub-057,7,0.2222222222222222,0.5,0.07254901960784314,0.006446767501681921,PLV
sub-057,8,0.4444444444444444,0.7857142857142857,0.011328976034858388,0.3507019142392704,PLV
sub-057,9,0.2222222222222222,0.5,0.04934640522875817,0.0054172008433854045,PLV
sub-057,10,0.38888888888888884,0.9047619047619048,0.0026143790849673205,0.3241396272625088,PLV
sub-057,11,0.2777777777777778,0.5,0.2465686274509804,0.18389963454958988,PLV
sub-057,12,0.5555555555555556,0.5777777777777777,0.18943355119825706,0.3850092886636716,PLV
sub-057,13,0.38888888888888884,0.6666666666666666,0.0778322440087146,0.2883641113538273,PLV
sub-057,14,0.2777777777777778,0.3,0.17026143790849674,0.022147237118307687,PLV
sub-057,15,0.2777777777777778,0.8,0.011982570806100218,0.21863902834985793,PLV
sub-057,16,0.2222222222222222,0.3333333333333333,0.22396514161220044,0.030621788047913413,PLV
sub-057,17,0.1111111111111111,1.0,0.0,0.09095154541969304,PLV
sub-057,18,0.1111111111111111,1.0,0.0,0.0016406678373034377,PLV
sub-058,0,0.38888888888888884,0.6666666666666666,0.08688920012449423,,PLV
sub-058,1,0.4444444444444444,0.7857142857142857,0.015102707749766572,,PLV
sub-058,2,0.3333333333333333,0.3333333333333333,0.15210084033613447,,PLV
sub-058,3,0.38888888888888884,0.9047619047619048,0.0037581699346405225,,PLV
sub-058,4,0.5,0.7222222222222222,0.03183940242763773,,PLV
sub-058,5,0.3333333333333333,0.3333333333333333,0.18736383442265794,,PLV
sub-058,6,0.0,0.0,0.0,,PLV
sub-058,7,0.2222222222222222,1.0,0.0,,PLV
sub-058,8,0.1111111111111111,1.0,0.0,,PLV
sub-058,9,0.2777777777777778,0.7,0.023599439775910364,,PLV
sub-058,10,0.2222222222222222,0.5,0.022253345782757547,,PLV
sub-058,11,0.0,0.0,0.0,,PLV
sub-058,12,0.4444444444444444,0.5357142857142857,0.23104575163398694,,PLV
sub-058,13,0.5,0.7222222222222222,0.03183940242763773,,PLV
sub-058,14,0.4444444444444444,0.75,0.0402583255524432,,PLV
sub-058,15,0.1111111111111111,1.0,0.0,,PLV
sub-058,16,0.5555555555555556,0.6444444444444445,0.07100840336134454,,PLV
sub-058,17,0.1111111111111111,1.0,0.0,,PLV
sub-058,18,0.38888888888888884,0.8571428571428571,0.004901960784313725,,PLV
sub-059,0,0.4444444444444444,0.7857142857142857,0.01903754966038703,,PLV
sub-059,1,0.38888888888888884,0.8095238095238095,0.015626468452304674,,PLV
sub-059,2,0.38888888888888884,0.6666666666666666,0.07564978060941152,,PLV
sub-059,3,0.0,0.0,0.0,,PLV
sub-059,4,0.5,0.7222222222222222,0.037705888455600106,,PLV
sub-059,5,0.2222222222222222,0.5,0.09150326797385622,,PLV
sub-059,6,0.4444444444444444,0.75,0.020447263872869412,,PLV
sub-059,7,0.0,0.0,0.0,,PLV
sub-059,8,0.2777777777777778,0.8,0.0032679738562091504,,PLV
sub-059,9,0.05555555555555555,0.0,0.0,,PLV
sub-059,10,0.1111111111111111,1.0,0.0,,PLV
sub-059,11,0.2222222222222222,0.8333333333333334,0.01253486143912903,,PLV
sub-059,12,0.5555555555555556,0.6222222222222222,0.09119935555921715,,PLV
sub-059,13,0.611111111111111,0.5272727272727272,0.15546828753287809,,PLV
sub-059,14,0.4444444444444444,0.7857142857142857,0.01903754966038703,,PLV
sub-059,15,0.4444444444444444,0.75,0.020447263872869412,,PLV
sub-059,16,0.0,0.0,0.0,,PLV
sub-059,17,0.38888888888888884,0.6666666666666666,0.07564978060941152,,PLV
sub-059,18,0.2777777777777778,0.6,0.016019479687299755,,PLV
sub-060,0,0.38888888888888884,0.6666666666666666,0.03714125380792047,,PLV
sub-060,1,0.2777777777777778,0.6,0.02998047703930058,,PLV
sub-060,2,0.38888888888888884,0.6666666666666666,0.042110648973394074,,PLV
sub-060,3,0.38888888888888884,0.6666666666666666,0.026071169208424113,,PLV
sub-060,4,0.5555555555555556,0.5333333333333333,0.1031797904346924,,PLV
sub-060,5,0.38888888888888884,0.7142857142857143,0.030794405304209228,,PLV
sub-060,6,0.05555555555555555,0.0,0.0,,PLV
sub-060,7,0.2222222222222222,0.3333333333333333,0.04777466542172424,,PLV
sub-060,8,0.2222222222222222,0.6666666666666666,0.006427015250544662,,PLV
sub-060,9,0.05555555555555555,0.0,0.0,,PLV
sub-060,10,0.4444444444444444,0.6428571428571429,0.047665732959850604,,PLV
sub-060,11,0.0,0.0,0.0,,PLV
sub-060,12,0.2777777777777778,0.7,0.025462373501589187,,PLV
sub-060,13,0.38888888888888884,0.6666666666666666,0.02487291212781409,,PLV
sub-060,14,0.2777777777777778,0.7,0.025462373501589187,,PLV
sub-060,15,0.38888888888888884,0.6190476190476191,0.03594818398739968,,PLV
sub-060,16,0.38888888888888884,0.6666666666666666,0.042110648973394074,,PLV
sub-060,17,0.4444444444444444,0.5714285714285714,0.054243650322081706,,PLV
sub-060,18,0.2222222222222222,0.6666666666666666,0.015525941016137095,,PLV
sub-061,0,0.16666666666666666,0.6666666666666666,0.027233115468409584,,PLV
sub-061,1,0.16666666666666666,0.6666666666666666,0.027233115468409584,,PLV
sub-061,2,0.3333333333333333,0.6666666666666666,0.053267973856209155,,PLV
sub-061,3,0.38888888888888884,0.6190476190476191,0.039760348583878,,PLV
sub-061,4,0.38888888888888884,0.47619047619047616,0.16361655773420483,,PLV
sub-061,5,0.5555555555555556,0.4888888888888889,0.12936507936507935,,PLV
sub-061,6,0.2222222222222222,0.8333333333333334,0.008403361344537815,,PLV
sub-061,7,0.2222222222222222,0.3333333333333333,0.07080610021786492,,PLV
sub-061,8,0.5,0.5555555555555556,0.09405539993775287,,PLV
sub-061,9,0.16666666666666666,0.6666666666666666,0.020697167755991286,,PLV
sub-061,10,0.2777777777777778,0.9,0.0029411764705882353,,PLV
sub-061,11,0.0,0.0,0.0,,PLV
sub-061,12,0.38888888888888884,0.47619047619047616,0.12178649237472765,,PLV
sub-061,13,0.3333333333333333,0.6666666666666666,0.035869903516962336,,PLV
sub-061,14,0.3333333333333333,0.7333333333333333,0.02692187986305633,,PLV
sub-061,15,0.2222222222222222,0.5,0.05904139433551198,,PLV
sub-061,16,0.4444444444444444,0.5714285714285714,0.05515094926859633,,PLV
sub-061,17,0.2777777777777778,0.9,0.0013071895424836603,,PLV
sub-061,18,0.38888888888888884,0.7142857142857143,0.02986305633364457,,PLV
sub-062,0,0.5,0.3888888888888889,0.11379551820728291,,PLV
sub-062,1,0.3333333333333333,0.4,0.03790849673202614,,PLV
sub-062,2,0.2777777777777778,0.7,0.004575163398692811,,PLV
sub-062,3,0.2777777777777778,0.4,0.02766884531590414,,PLV
sub-062,4,0.16666666666666666,1.0,0.0,,PLV
sub-062,5,0.3333333333333333,0.8,0.005065359477124183,,PLV
sub-062,6,0.2777777777777778,0.4,0.03867102396514161,,PLV
sub-062,7,0.38888888888888884,0.38095238095238093,0.08340336134453784,,PLV
sub-062,8,0.5,0.4722222222222222,0.0808434484905073,,PLV
sub-062,9,0.2777777777777778,0.6,0.021475256769374416,,PLV
sub-062,10,0.4444444444444444,0.6071428571428571,0.03676470588235294,,PLV
sub-062,11,0.3333333333333333,0.6,0.016775599128540306,,PLV
sub-062,12,0.0,0.0,0.0,,PLV
sub-062,13,0.0,0.0,0.0,,PLV
sub-062,14,0.3333333333333333,0.5333333333333333,0.04560379707438532,,PLV
sub-062,15,0.2777777777777778,0.4,0.026478369125427944,,PLV
sub-062,16,0.4444444444444444,0.5,0.07975412387177093,,PLV
sub-062,17,0.2222222222222222,0.8333333333333334,0.0024509803921568627,,PLV
sub-062,18,0.38888888888888884,0.5714285714285714,0.038896669779022716,,PLV
sub-063,0,0.5,0.6666666666666666,0.0838935574229692,,PLV
sub-063,1,0.38888888888888884,0.8571428571428571,0.004901960784313725,,PLV
sub-063,2,0.38888888888888884,0.38095238095238093,0.417896047307812,,PLV
sub-063,3,0.2777777777777778,1.0,0.0,,PLV
sub-063,4,0.3333333333333333,1.0,0.0,,PLV
sub-063,5,0.2777777777777778,1.0,0.0,,PLV
sub-063,6,0.2777777777777778,0.9,0.012371615312791783,,PLV
sub-063,7,0.2777777777777778,0.5,0.1031279178338002,,PLV
sub-063,8,0.4444444444444444,0.75,0.06008403361344538,,PLV
sub-063,9,0.3333333333333333,0.6666666666666666,0.050980392156862744,,PLV
sub-063,10,0.3333333333333333,0.6666666666666666,0.3122315592903828,,PLV
sub-063,11,0.1111111111111111,0.0,0.047245564892623715,,PLV
sub-063,12,0.0,0.0,0.0,,PLV
sub-063,13,0.2777777777777778,1.0,0.0,,PLV
sub-063,14,0.3333333333333333,1.0,0.0,,PLV
sub-063,15,0.38888888888888884,0.8095238095238095,0.019452225334578275,,PLV
sub-063,16,0.5,0.6666666666666666,0.0838935574229692,,PLV
sub-063,17,0.05555555555555555,0.0,0.0,,PLV
sub-063,18,0.2777777777777778,1.0,0.0,,PLV
sub-064,0,0.2777777777777778,1.0,0.0,,PLV
sub-064,1,0.3333333333333333,0.7333333333333333,0.04575163398692811,,PLV
sub-064,2,0.2777777777777778,0.8,0.004357298474945533,,PLV
sub-064,3,0.1111111111111111,1.0,0.0,,PLV
sub-064,4,0.05555555555555555,0.0,0.0,,PLV
sub-064,5,0.2777777777777778,1.0,0.0,,PLV
sub-064,6,0.16666666666666666,1.0,0.0,,PLV
sub-064,7,0.4444444444444444,0.6071428571428571,0.03415103415103415,,PLV
sub-064,8,0.38888888888888884,0.6190476190476191,0.06203208556149732,,PLV
sub-064,9,0.2222222222222222,0.5,0.04662875251110545,,PLV
sub-064,10,0.4444444444444444,0.5357142857142857,0.18373086608380726,,PLV
sub-064,11,0.0,0.0,0.0,,PLV
sub-064,12,0.4444444444444444,0.6071428571428571,0.09254449254449254,,PLV
sub-064,13,0.16666666666666666,1.0,0.0,,PLV
sub-064,14,0.38888888888888884,0.7142857142857143,0.03946467475879241,,PLV
sub-064,15,0.4444444444444444,0.5,0.13353705118411,,PLV
sub-064,16,0.4444444444444444,0.5,0.15226777579718756,,PLV
sub-064,17,0.4444444444444444,0.6071428571428571,0.03415103415103415,,PLV
sub-064,18,0.4444444444444444,0.5357142857142857,0.1648473530826472,,PLV
sub-065,0,0.0,0.0,0.0,,PLV
sub-065,1,0.2222222222222222,0.8333333333333334,0.0010893246187363833,,PLV
sub-065,2,0.611111111111111,0.5636363636363636,0.08311546840958604,,PLV
sub-065,3,0.5,0.6388888888888888,0.023747276688453164,,PLV
sub-065,4,0.38888888888888884,0.8095238095238095,0.007516339869281045,,PLV
sub-065,5,0.1111111111111111,1.0,0.0,,PLV
sub-065,6,0.611111111111111,0.5272727272727272,0.1088235294117647,,PLV
sub-065,7,0.3333333333333333,0.4,0.1715686274509804,,PLV
sub-065,8,0.1111111111111111,1.0,0.0,,PLV
sub-065,9,0.0,0.0,0.0,,PLV
sub-065,10,0.3333333333333333,0.8,0.004357298474945533,,PLV
sub-065,11,0.38888888888888884,0.5714285714285714,0.04035947712418301,,PLV
sub-065,12,0.2777777777777778,0.8,0.0027233115468409583,,PLV
sub-065,13,0.0,0.0,0.0,,PLV
sub-065,14,0.16666666666666666,1.0,0.0,,PLV
sub-065,15,0.5,0.5833333333333334,0.069880174291939,,PLV
sub-065,16,0.5555555555555556,0.5777777777777777,0.048093681917211334,,PLV
sub-065,17,0.38888888888888884,0.7619047619047619,0.008061002178649239,,PLV
sub-065,18,0.2777777777777778,0.8,0.005827886710239651,,PLV
sub-066,0,0.3333333333333333,0.8666666666666667,0.0027233115468409583,,PLV
sub-066,1,0.16666666666666666,1.0,0.0,,PLV
sub-066,2,0.2777777777777778,1.0,0.0,,PLV
sub-066,3,0.611111111111111,0.5454545454545454,0.06372690490337549,,PLV
sub-066,4,0.0,0.0,0.0,,PLV
sub-066,5,0.4444444444444444,0.6428571428571429,0.04390685567156156,,PLV
sub-066,6,0.5,0.6388888888888888,0.04155631949749597,,PLV
sub-066,7,0.0,0.0,0.0,,PLV
sub-066,8,0.0,0.0,0.0,,PLV
sub-066,9,0.2222222222222222,1.0,0.0,,PLV
sub-066,10,0.2222222222222222,0.8333333333333334,0.0019013666072489601,,PLV
sub-066,11,0.5555555555555556,0.5777777777777777,0.050919559743089156,,PLV
sub-066,12,0.4444444444444444,0.7142857142857143,0.013289760348583878,,PLV
sub-066,13,0.4444444444444444,0.6428571428571429,0.03678168236991766,,PLV
sub-066,14,0.6666666666666666,0.48484848484848486,0.09917946976770506,,PLV
sub-066,15,0.16666666666666666,1.0,0.0,,PLV
sub-066,16,0.38888888888888884,0.6666666666666666,0.016869677163794807,,PLV
sub-066,17,0.3333333333333333,0.6666666666666666,0.014766007413066237,,PLV
sub-066,18,0.0,0.0,0.0,,PLV
sub-067,0,0.16666666666666666,1.0,0.0,,PLV
sub-067,1,0.0,0.0,0.0,,PLV
sub-067,2,0.3333333333333333,0.4666666666666667,0.06383442265795208,,PLV
sub-067,3,0.16666666666666666,0.3333333333333333,0.10457516339869281,,PLV
sub-067,4,0.05555555555555555,0.0,0.0,,PLV
sub-067,5,0.05555555555555555,0.0,0.0,,PLV
sub-067,6,0.1111111111111111,1.0,0.0,,PLV
sub-067,7,0.3333333333333333,0.8,0.007469654528478057,,PLV
sub-067,8,0.5,0.6944444444444444,0.05784313725490196,,PLV
sub-067,9,0.4444444444444444,0.5,0.173015873015873,,PLV
sub-067,10,0.5555555555555556,0.5777777777777777,0.0972144413320884,,PLV
sub-067,11,0.38888888888888884,0.9047619047619048,0.004855275443510738,,PLV
sub-067,12,0.16666666666666666,1.0,0.0,,PLV
sub-067,13,0.1111111111111111,1.0,0.0,,PLV
sub-067,14,0.38888888888888884,0.47619047619047616,0.12536570183629006,,PLV
sub-067,15,0.5555555555555556,0.6,0.12055711173358233,,PLV
sub-067,16,0.5555555555555556,0.4888888888888889,0.17004357298474942,,PLV
sub-067,17,0.4444444444444444,0.75,0.026174914410208527,,PLV
sub-067,18,0.4444444444444444,0.75,0.022906940553999378,,PLV
sub-068,0,0.2222222222222222,1.0,0.0,,PLV
sub-068,1,0.4444444444444444,0.8214285714285714,0.015522875816993464,,PLV
sub-068,2,0.4444444444444444,0.7142857142857143,0.018518518518518517,,PLV
sub-068,3,0.1111111111111111,0.0,0.07298474945533769,,PLV
sub-068,4,0.5,0.5833333333333334,0.21977124183006536,,PLV
sub-068,5,0.16666666666666666,1.0,0.0,,PLV
sub-068,6,0.2222222222222222,0.3333333333333333,0.18191721132897606,,PLV
sub-068,7,0.16666666666666666,0.6666666666666666,0.014705882352941176,,PLV
sub-068,8,0.16666666666666666,0.6666666666666666,0.014705882352941176,,PLV
sub-068,9,0.0,0.0,0.0,,PLV
sub-068,10,0.5555555555555556,0.6222222222222222,0.08169934640522875,,PLV
sub-068,11,0.611111111111111,0.5272727272727272,0.14733115468409588,,PLV
sub-068,12,0.4444444444444444,0.7857142857142857,0.022603485838779955,,PLV
sub-068,13,0.4444444444444444,0.7857142857142857,0.02777777777777778,,PLV
sub-068,14,0.2222222222222222,0.6666666666666666,0.03104575163398693,,PLV
sub-068,15,0.1111111111111111,1.0,0.0,,PLV
sub-068,16,0.2777777777777778,0.6,0.14052287581699344,,PLV
sub-068,17,0.5,0.6666666666666666,0.06535947712418301,,PLV
sub-068,18,0.16666666666666666,0.3333333333333333,0.023965141612200435,,PLV
sub-069,0,0.05555555555555555,0.0,0.0,0.047338076050380096,PLV
sub-069,1,0.05555555555555555,0.0,0.0,0.00044095697365299536,PLV
sub-069,2,0.16666666666666666,0.6666666666666666,0.0032679738562091504,0.10086336509325343,PLV
sub-069,3,0.1111111111111111,1.0,0.0,0.06032749157357312,PLV
sub-069,4,0.5,0.6944444444444444,0.04064737005913476,0.33572706998208873,PLV
sub-069,5,0.3333333333333333,0.4666666666666667,0.303921568627451,0.1996080133454664,PLV
sub-069,6,0.5555555555555556,0.6,0.10006224712107065,0.3552986588728123,PLV
sub-069,7,0.1111111111111111,0.0,0.20915032679738563,0.026146934805209375,PLV
sub-069,8,0.1111111111111111,0.0,0.11111111111111112,0.0034240496921952284,PLV
sub-069,9,0.2222222222222222,0.6666666666666666,0.017864923747276686,0.15175128211767971,PLV
sub-069,10,0.1111111111111111,1.0,0.0,0.059748159513429405,PLV
sub-069,11,0.38888888888888884,0.8095238095238095,0.011982570806100218,0.28262128244841733,PLV
sub-069,12,0.38888888888888884,0.7619047619047619,0.026050420168067225,0.27061586127448906,PLV
sub-069,13,0.2777777777777778,1.0,0.0,0.2176843439762419,PLV
sub-069,14,0.5555555555555556,0.6444444444444445,0.07609710550887021,0.3611044397747901,PLV
sub-069,15,0.38888888888888884,0.8571428571428571,0.026579520697167756,0.28808123664658214,PLV
sub-069,16,0.5555555555555556,0.5333333333333333,0.15107376283846874,0.3350214370928751,PLV
sub-069,17,0.6666666666666666,0.42424242424242425,0.3059446000622471,0.36758217788601355,PLV
sub-069,18,0.2222222222222222,0.6666666666666666,0.008403361344537815,0.1289255677506144,PLV
sub-070,0,0.2777777777777778,0.5,0.1769508613161864,0.10664671757589976,PLV
sub-070,1,0.2222222222222222,1.0,0.0,0.1918374334559552,PLV
sub-070,2,0.16666666666666666,0.3333333333333333,0.11111111111111112,0.01124957948190477,PLV
sub-070,3,0.3333333333333333,0.5333333333333333,0.10991713824531166,0.16810080826926907,PLV
sub-070,4,0.4444444444444444,0.6071428571428571,0.10633899983745185,0.35113511384882384,PLV
sub-070,5,0.2222222222222222,0.5,0.06562724054984118,0.055270318671779485,PLV
sub-070,6,0.4444444444444444,0.7142857142857143,0.07328785765318271,0.36572136942766303,PLV
sub-070,7,0.2222222222222222,0.5,0.022346716464363526,0.0216730622110951,PLV
sub-070,8,0.2222222222222222,0.8333333333333334,0.007407407407407408,0.14712655396280105,PLV
sub-070,9,0.4444444444444444,0.7142857142857143,0.07328785765318271,0.36572136942766276,PLV
sub-070,10,0.16666666666666666,0.6666666666666666,0.010969984034999516,0.026870971798470943,PLV
sub-070,11,0.2777777777777778,0.9,0.0016339869281045752,0.2359928961458989,PLV
sub-070,12,0.38888888888888884,0.8095238095238095,0.03337428538666929,0.34087131530086584,PLV
sub-070,13,0.05555555555555555,0.0,0.0,0.0016740945342821345,PLV
sub-070,14,0.38888888888888884,0.7619047619047619,0.016175116020317258,0.3216734392320369,PLV
sub-070,15,0.3333333333333333,0.5333333333333333,0.1583856574568649,0.129383823978199,PLV
sub-070,16,0.3333333333333333,0.4,0.21146688994986215,0.05224776094184735,PLV
sub-070,17,0.3333333333333333,0.9333333333333333,0.007096171802054156,0.31030149304502513,PLV
sub-070,18,0.5,0.4722222222222222,0.3767142214510636,0.34004118601350825,PLV
sub-071,0,0.16666666666666666,1.0,0.0,0.052028261685822814,PLV
sub-071,1,0.2777777777777778,0.7,0.05713861302096597,0.13245143761836722,PLV
sub-071,2,0.2222222222222222,0.8333333333333334,0.008387799564270153,0.13699748446744003,PLV
sub-071,3,0.5,0.4166666666666667,0.17334337775514247,0.3149913453195058,PLV
sub-071,4,0.2222222222222222,1.0,0.0,0.21203091089811593,PLV
sub-071,5,0.1111111111111111,1.0,0.0,0.06189333136683766,PLV
sub-071,6,0.1111111111111111,1.0,0.0,0.10212029677784262,PLV
sub-071,7,0.2222222222222222,0.6666666666666666,0.02298545680898622,0.1469710674635429,PLV
sub-071,8,0.3333333333333333,0.7333333333333333,0.021208584443878558,0.27621535582470647,PLV
sub-071,9,0.16666666666666666,1.0,0.0,0.08772768895711414,PLV
sub-071,10,0.4444444444444444,0.6428571428571429,0.04641442435560083,0.35786064039916077,PLV
sub-071,11,0.38888888888888884,0.7142857142857143,0.03225320431202784,0.3303734276146042,PLV
sub-071,12,0.2222222222222222,0.8333333333333334,0.01008403361344538,0.08440456066729118,PLV
sub-071,13,0.38888888888888884,0.47619047619047616,0.1361224287694876,0.24974435270524836,PLV
sub-071,14,0.2777777777777778,0.7,0.05713861302096597,0.1324514376183671,PLV
sub-071,15,0.38888888888888884,0.5238095238095238,0.11467971026794556,0.2685684908223217,PLV
sub-071,16,0.2222222222222222,0.8333333333333334,0.008387799564270153,0.13699748446744006,PLV
sub-071,17,0.5555555555555556,0.4,0.28046925841043496,0.37062408493705445,PLV
sub-071,18,0.5555555555555556,0.4444444444444444,0.18824944119061773,0.3800574362958958,PLV
sub-072,0,0.05555555555555555,0.0,0.0,0.023894449772134545,PLV
sub-072,1,0.16666666666666666,1.0,0.0,0.15640240009441767,PLV
sub-072,2,0.3333333333333333,0.3333333333333333,0.13176937441643322,0.17924414078419978,PLV
sub-072,3,0.38888888888888884,0.47619047619047616,0.09528737420894283,0.14792477397451864,PLV
sub-072,4,0.5,0.4722222222222222,0.14961614275339763,0.3945154282028528,PLV
sub-072,5,0.2222222222222222,0.3333333333333333,0.0771397447868036,0.14610756832822297,PLV
sub-072,6,0.2777777777777778,0.7,0.011826953003423592,0.09340600230392643,PLV
sub-072,7,0.3333333333333333,0.5333333333333333,0.03748832866479925,0.11365212541021012,PLV
sub-072,8,0.2777777777777778,0.5,0.10721547878410623,0.18185511847880248,PLV
sub-072,9,0.2222222222222222,0.16666666666666666,0.07142857142857142,0.11376828554464527,PLV
sub-072,10,0.3333333333333333,0.6,0.06481481481481481,0.2811521133141073,PLV
sub-072,11,0.38888888888888884,0.7142857142857143,0.03418663761801017,0.3455671918237849,PLV
sub-072,12,0.38888888888888884,0.5714285714285714,0.08313362381989833,0.3257647902025179,PLV
sub-072,13,0.3333333333333333,0.8666666666666667,0.005809731299927378,0.3238945140654616,PLV
sub-072,14,0.38888888888888884,0.5238095238095238,0.1173928830791576,0.3209462631786842,PLV
sub-072,15,0.38888888888888884,0.7142857142857143,0.03418663761801017,0.345567191823785,PLV
sub-072,16,0.2222222222222222,0.3333333333333333,0.11568627450980394,0.14854152399036313,PLV
sub-072,17,0.3333333333333333,0.6,0.05909586056644881,0.12767865086823502,PLV
sub-072,18,0.2222222222222222,1.0,0.0,0.07764113302930187,PLV
sub-073,0,0.2777777777777778,0.8,0.0051820728291316525,,PLV
sub-073,1,0.38888888888888884,0.6666666666666666,0.016583670505239134,,PLV
sub-073,2,0.4444444444444444,0.75,0.01904243178752983,,PLV
sub-073,3,0.16666666666666666,1.0,0.0,,PLV
sub-073,4,0.4444444444444444,0.42857142857142855,0.127336860670194,,PLV
sub-073,5,0.5555555555555556,0.4888888888888889,0.09755680049797698,,PLV
sub-073,6,0.4444444444444444,0.6785714285714286,0.03965141612200436,,PLV
sub-073,7,0.5555555555555556,0.5111111111111111,0.06803091607013176,,PLV
sub-073,8,0.16666666666666666,0.6666666666666666,0.005835667600373483,,PLV
sub-073,9,0.16666666666666666,1.0,0.0,,PLV
sub-073,10,0.16666666666666666,0.6666666666666666,0.005835667600373483,,PLV
sub-073,11,0.0,0.0,0.0,,PLV
sub-073,12,0.16666666666666666,1.0,0.0,,PLV
sub-073,13,0.2222222222222222,0.8333333333333334,0.0009337068160597572,,PLV
sub-073,14,0.611111111111111,0.43636363636363634,0.14845419649341215,,PLV
sub-073,15,0.2222222222222222,0.3333333333333333,0.05925925925925926,,PLV
sub-073,16,0.2777777777777778,0.6,0.023083307397032887,,PLV
sub-073,17,0.0,0.0,0.0,,PLV
sub-073,18,0.5,0.6388888888888888,0.049880693017947925,,PLV
sub-074,0,0.38888888888888884,0.8095238095238095,0.0067538126361655765,,PLV
sub-074,1,0.5555555555555556,0.7111111111111111,0.025381263616557737,,PLV
sub-074,2,0.0,0.0,0.0,,PLV
sub-074,3,0.05555555555555555,0.0,0.0,,PLV
sub-074,4,0.5555555555555556,0.7777777777777778,0.01962340491752257,,PLV
sub-074,5,0.0,0.0,0.0,,PLV
sub-074,6,0.4444444444444444,0.75,0.0784313725490196,,PLV
sub-074,7,0.4444444444444444,0.9642857142857143,0.0018674136321195143,,PLV
sub-074,8,0.5,0.7777777777777778,0.028011204481792718,,PLV
sub-074,9,0.1111111111111111,1.0,0.0,,PLV
sub-074,10,0.2222222222222222,1.0,0.0,,PLV
sub-074,11,0.3333333333333333,0.8666666666666667,0.0032679738562091504,,PLV
sub-074,12,0.5,0.8611111111111112,0.009056956115779646,,PLV
sub-074,13,0.0,0.0,0.0,,PLV
sub-074,14,0.5555555555555556,0.7777777777777778,0.01962340491752257,,PLV
sub-074,15,0.0,0.0,0.0,,PLV
sub-074,16,0.6666666666666666,0.5909090909090909,0.09369747899159662,,PLV
sub-074,17,0.0,0.0,0.0,,PLV
sub-074,18,0.4444444444444444,0.9642857142857143,0.0018674136321195143,,PLV
sub-075,0,0.0,0.0,0.0,,PLV
sub-075,1,0.0,0.0,0.0,,PLV
sub-075,2,0.38888888888888884,0.9047619047619048,0.003703703703703704,,PLV
sub-075,3,0.16666666666666666,1.0,0.0,,PLV
sub-075,4,0.4444444444444444,0.8571428571428571,0.007407407407407408,,PLV
sub-075,5,0.4444444444444444,0.39285714285714285,0.31209150326797386,,PLV
sub-075,6,0.2777777777777778,0.7,0.014705882352941176,,PLV
sub-075,7,0.2222222222222222,1.0,0.0,,PLV
sub-075,8,0.5,0.6944444444444444,0.05860566448801742,,PLV
sub-075,9,0.05555555555555555,0.0,0.0,,PLV
sub-075,10,0.3333333333333333,0.9333333333333333,0.0010893246187363833,,PLV
sub-075,11,0.2222222222222222,0.5,0.046840958605664486,,PLV
sub-075,12,0.2777777777777778,0.8,0.004357298474945533,,PLV
sub-075,13,0.38888888888888884,0.9047619047619048,0.003703703703703704,,PLV
sub-075,14,0.38888888888888884,0.7142857142857143,0.09803921568627451,,PLV
sub-075,15,0.4444444444444444,0.6071428571428571,0.10403050108932461,,PLV
sub-075,16,0.2777777777777778,0.8,0.004357298474945533,,PLV
sub-075,17,0.5,0.6944444444444444,0.19640522875816996,,PLV
sub-075,18,0.4444444444444444,0.8571428571428571,0.007407407407407408,,PLV
sub-076,0,0.0,0.0,0.0,,PLV
sub-076,1,0.5,0.8611111111111112,0.02051184110007639,,PLV
sub-076,2,0.5555555555555556,0.8,0.025849531731884673,,PLV
sub-076,3,0.38888888888888884,1.0,0.0,,PLV
sub-076,4,0.3333333333333333,0.9333333333333333,0.005050505050505051,,PLV
sub-076,5,0.5555555555555556,0.8,0.025849531731884673,,PLV
sub-076,6,0.0,0.0,0.0,,PLV
sub-076,7,0.0,0.0,0.0,,PLV
sub-076,8,0.05555555555555555,0.0,0.0,,PLV
sub-076,9,0.1111111111111111,1.0,0.0,,PLV
sub-076,10,0.5555555555555556,0.7111111111111111,0.049646323175734926,,PLV
sub-076,11,0.0,0.0,0.0,,PLV
sub-076,12,0.4444444444444444,0.5357142857142857,0.17429193899782133,,PLV
sub-076,13,0.4444444444444444,0.9642857142857143,0.0009337068160597572,,PLV
sub-076,14,0.611111111111111,0.6727272727272727,0.07486913957502192,,PLV
sub-076,15,0.1111111111111111,0.0,0.08496732026143791,,PLV
sub-076,16,0.5,0.8333333333333334,0.018379877203406614,,PLV
sub-076,17,0.5,0.7777777777777778,0.03599015363721246,,PLV
sub-076,18,0.1111111111111111,1.0,0.0,,PLV
sub-077,0,0.2222222222222222,0.8333333333333334,0.0026814144461203286,,PLV
sub-077,1,0.38888888888888884,0.5238095238095238,0.07566616390145803,,PLV
sub-077,2,0.3333333333333333,0.4,0.058400749577220155,,PLV
sub-077,3,0.4444444444444444,0.8571428571428571,0.022633575574752044,,PLV
sub-077,4,0.5,0.75,0.047688041805688856,,PLV
sub-077,5,0.1111111111111111,0.0,0.10457516339869281,,PLV
sub-077,6,0.0,0.0,0.0,,PLV
sub-077,7,0.05555555555555555,0.0,0.0,,PLV
sub-077,8,0.38888888888888884,0.7619047619047619,0.032618797324679684,,PLV
sub-077,9,0.1111111111111111,1.0,0.0,,PLV
sub-077,10,0.611111111111111,0.5818181818181818,0.14593293416822828,,PLV
sub-077,11,0.4444444444444444,0.7142857142857143,0.04738562091503268,,PLV
sub-077,12,0.4444444444444444,0.8571428571428571,0.022633575574752044,,PLV
sub-077,13,0.5,0.75,0.047688041805688856,,PLV
sub-077,14,0.4444444444444444,0.6428571428571429,0.04895866660572543,,PLV
sub-077,15,0.16666666666666666,0.6666666666666666,0.00326797385620915,,PLV
sub-077,16,0.4444444444444444,0.5357142857142857,0.35947712418300654,,PLV
sub-077,17,0.1111111111111111,0.0,0.19607843137254902,,PLV
sub-077,18,0.05555555555555555,0.0,0.0,,PLV
sub-078,0,0.4444444444444444,0.75,0.02476397966594045,,PLV
sub-078,1,0.1111111111111111,1.0,0.0,,PLV
sub-078,2,0.38888888888888884,0.7142857142857143,0.03812636165577342,,PLV
sub-078,3,0.2222222222222222,0.3333333333333333,0.10784313725490197,,PLV
sub-078,4,0.0,0.0,0.0,,PLV
sub-078,5,0.4444444444444444,0.5,0.09760348583877997,,PLV
sub-078,6,0.1111111111111111,1.0,0.0,,PLV
sub-078,7,0.05555555555555555,0.0,0.0,,PLV
sub-078,8,0.2777777777777778,0.3,0.12098765432098767,,PLV
sub-078,9,0.5,0.5555555555555556,0.13409586056644882,,PLV
sub-078,10,0.5,0.7222222222222222,0.030755265068990567,,PLV
sub-078,11,0.3333333333333333,0.9333333333333333,0.003631082062454611,,PLV
sub-078,12,0.3333333333333333,0.9333333333333333,0.0010893246187363833,,PLV
sub-078,13,0.16666666666666666,0.3333333333333333,0.022694262890341325,,PLV
sub-078,14,0.611111111111111,0.45454545454545453,0.2841684822076979,,PLV
sub-078,15,0.5,0.7222222222222222,0.030755265068990567,,PLV
sub-078,16,0.16666666666666666,0.6666666666666666,0.0016339869281045752,,PLV
sub-078,17,0.2777777777777778,0.3,0.10268700072621641,,PLV
sub-078,18,0.3333333333333333,0.8666666666666667,0.005700798838053739,,PLV
sub-079,0,0.1111111111111111,1.0,0.0,,PLV
sub-079,1,0.16666666666666666,0.6666666666666666,0.017864923747276693,,PLV
sub-079,2,0.38888888888888884,0.7142857142857143,0.09150326797385622,,PLV
sub-079,3,0.0,0.0,0.0,,PLV
sub-079,4,0.4444444444444444,0.8928571428571429,0.006816059757236229,,PLV
sub-079,5,0.4444444444444444,0.8928571428571429,0.006816059757236229,,PLV
sub-079,6,0.0,0.0,0.0,,PLV
sub-079,7,0.05555555555555555,0.0,0.0,,PLV
sub-079,8,0.38888888888888884,0.7619047619047619,0.021895424836601306,,PLV
sub-079,9,0.0,0.0,0.0,,PLV
sub-079,10,0.3333333333333333,0.4666666666666667,0.079474011826953,,PLV
sub-079,11,0.2222222222222222,0.8333333333333334,0.0029411764705882353,,PLV
sub-079,12,0.611111111111111,0.6181818181818182,0.08716153127917833,,PLV
sub-079,13,0.611111111111111,0.5454545454545454,0.14165888577653285,,PLV
sub-079,14,0.5555555555555556,0.6666666666666666,0.07740429505135386,,PLV
sub-079,15,0.3333333333333333,0.8,0.013507625272331156,,PLV
sub-079,16,0.5555555555555556,0.6888888888888889,0.03492063492063492,,PLV
sub-079,17,0.4444444444444444,0.8571428571428571,0.0062713974478680375,,PLV
sub-079,18,0.1111111111111111,1.0,0.0,,PLV
sub-080,0,0.38888888888888884,0.9047619047619048,0.0021786492374727667,,PLV
sub-080,1,0.05555555555555555,0.0,0.0,,PLV
sub-080,2,0.5,0.8611111111111112,0.007469654528478057,,PLV
sub-080,3,0.05555555555555555,0.0,0.0,,PLV
sub-080,4,0.0,0.0,0.0,,PLV
sub-080,5,0.4444444444444444,0.75,0.07189542483660132,,PLV
sub-080,6,0.5555555555555556,0.8,0.014550264550264551,,PLV
sub-080,7,0.0,0.0,0.0,,PLV
sub-080,8,0.5,0.8611111111111112,0.007469654528478057,,PLV
sub-080,9,0.05555555555555555,0.0,0.0,,PLV
sub-080,10,0.0,0.0,0.0,,PLV
sub-080,11,0.2222222222222222,1.0,0.0,,PLV
sub-080,12,0.5555555555555556,0.8,0.014550264550264551,,PLV
sub-080,13,0.38888888888888884,0.8095238095238095,0.006380329909741674,,PLV
sub-080,14,0.611111111111111,0.7090909090909091,0.03415810768751945,,PLV
sub-080,15,0.4444444444444444,0.7857142857142857,0.00980392156862745,,PLV
sub-080,16,0.0,0.0,0.0,,PLV
sub-080,17,0.38888888888888884,1.0,0.0,,PLV
sub-080,18,0.611111111111111,0.7090909090909091,0.03415810768751945,,PLV
sub-081,0,0.2777777777777778,0.9,0.013071895424836602,,PLV
sub-081,1,0.5555555555555556,0.6888888888888889,0.07222222222222223,,PLV
sub-081,2,0.4444444444444444,0.8571428571428571,0.028758169934640525,,PLV
sub-081,3,0.05555555555555555,0.0,0.0,,PLV
sub-081,4,0.1111111111111111,0.0,0.10457516339869281,,PLV
sub-081,5,0.1111111111111111,0.0,0.10457516339869281,,PLV
sub-081,6,0.2777777777777778,0.6,0.10457516339869281,,PLV
sub-081,7,0.4444444444444444,0.8571428571428571,0.028758169934640525,,PLV
sub-081,8,0.05555555555555555,0.0,0.0,,PLV
sub-081,9,0.38888888888888884,1.0,0.0,,PLV
sub-081,10,0.3333333333333333,0.6,0.3934640522875817,,PLV
sub-081,11,0.05555555555555555,0.0,0.0,,PLV
sub-081,12,0.16666666666666666,0.0,0.36601307189542487,,PLV
sub-081,13,0.5,0.7777777777777778,0.08169934640522877,,PLV
sub-081,14,0.5555555555555556,0.7111111111111111,0.0911764705882353,,PLV
sub-081,15,0.5555555555555556,0.7111111111111111,0.0911764705882353,,PLV
sub-081,16,0.38888888888888884,0.8095238095238095,0.03104575163398693,,PLV
sub-081,17,0.0,0.0,0.0,,PLV
sub-081,18,0.5,0.7777777777777778,0.044444444444444446,,PLV
sub-082,0,0.4444444444444444,0.75,0.04139433551198258,0.3212611689360764,PLV
sub-082,1,0.3333333333333333,1.0,0.0,0.2723047482030588,PLV
sub-082,2,0.4444444444444444,0.8214285714285714,0.01601307189542484,0.3330447519263982,PLV
sub-082,3,0.6666666666666666,0.45454545454545453,0.2526143790849673,0.3948353691401002,PLV
sub-082,4,0.3333333333333333,0.4666666666666667,0.11808278867102397,0.17029171746630328,PLV
sub-082,5,0.2222222222222222,0.16666666666666666,0.12962962962962965,0.044356824962963705,PLV
sub-082,6,0.4444444444444444,0.5714285714285714,0.29411764705882354,0.28288547574646206,PLV
sub-082,7,0.16666666666666666,0.6666666666666666,0.05228758169934641,0.045139607784658996,PLV
sub-082,8,0.3333333333333333,0.8,0.014379084967320262,0.25028281075719616,PLV
sub-082,9,0.16666666666666666,0.6666666666666666,0.05228758169934641,0.04513960778465903,PLV
sub-082,10,0.4444444444444444,0.8214285714285714,0.01601307189542484,0.3330447519263982,PLV
sub-082,11,0.3333333333333333,0.9333333333333333,0.0013071895424836603,0.2679764362866759,PLV
sub-082,12,0.611111111111111,0.5272727272727272,0.17418300653594773,0.386042323507634,PLV
sub-082,13,0.2222222222222222,0.6666666666666666,0.06666666666666667,0.13216551676908442,PLV
sub-082,14,0.1111111111111111,0.0,0.01568627450980392,0.025768231379905245,PLV
sub-082,15,0.1111111111111111,1.0,0.0,0.07502596195846663,PLV
sub-082,16,0.05555555555555555,0.0,0.0,0.00588878774552071,PLV
sub-082,17,0.2222222222222222,0.5,0.08213507625272333,0.14974032683079933,PLV
sub-082,18,0.1111111111111111,1.0,0.0,0.011985419126903851,PLV
sub-083,0,0.5,0.9444444444444444,0.0017507002801120449,,PLV
sub-083,1,0.0,0.0,0.0,,PLV
sub-083,2,0.5555555555555556,0.8666666666666667,0.013079676314970434,,PLV
sub-083,3,0.5555555555555556,0.7555555555555555,0.07364612511671335,,PLV
sub-083,4,0.5,0.8888888888888888,0.011328976034858386,,PLV
sub-083,5,0.05555555555555555,0.0,0.0,,PLV
sub-083,6,0.38888888888888884,0.6666666666666666,0.0727124183006536,,PLV
sub-083,7,0.5,0.9444444444444444,0.0017507002801120449,,PLV
sub-083,8,0.5555555555555556,0.8666666666666667,0.013079676314970434,,PLV
sub-083,9,0.5555555555555556,0.8666666666666667,0.013079676314970434,,PLV
sub-083,10,0.0,0.0,0.0,,PLV
sub-083,11,0.4444444444444444,0.8928571428571429,0.008714596949891067,,PLV
sub-083,12,0.05555555555555555,0.0,0.0,,PLV
sub-083,13,0.0,0.0,0.0,,PLV
sub-083,14,0.5555555555555556,0.8666666666666667,0.013079676314970434,,PLV
sub-083,15,0.05555555555555555,0.0,0.0,,PLV
sub-083,16,0.05555555555555555,0.0,0.0,,PLV
sub-083,17,0.0,0.0,0.0,,PLV
sub-083,18,0.4444444444444444,1.0,0.0,,PLV
sub-084,0,0.4444444444444444,0.6785714285714286,0.3452847805788982,,PLV
sub-084,1,0.4444444444444444,0.7857142857142857,0.04253034547152195,,PLV
sub-084,2,0.1111111111111111,0.0,0.27450980392156865,,PLV
sub-084,3,0.05555555555555555,0.0,0.0,,PLV
sub-084,4,0.1111111111111111,0.0,0.10457516339869281,,PLV
sub-084,5,0.5,0.5277777777777778,0.14285714285714288,,PLV
sub-084,6,0.3333333333333333,0.8666666666666667,0.016339869281045753,,PLV
sub-084,7,0.38888888888888884,0.9047619047619048,0.005415499533146591,,PLV
sub-084,8,0.2777777777777778,1.0,0.0,,PLV
sub-084,9,0.2777777777777778,1.0,0.0,,PLV
sub-084,10,0.2777777777777778,1.0,0.0,,PLV
sub-084,11,0.38888888888888884,0.8571428571428571,0.024509803921568627,,PLV
sub-084,12,0.38888888888888884,0.9047619047619048,0.005415499533146591,,PLV
sub-084,13,0.4444444444444444,0.7857142857142857,0.04253034547152195,,PLV
sub-084,14,0.3333333333333333,0.8666666666666667,0.016339869281045753,,PLV
sub-084,15,0.5555555555555556,0.5333333333333333,0.24439775910364145,,PLV
sub-084,16,0.1111111111111111,0.0,0.19607843137254902,,PLV
sub-084,17,0.0,0.0,0.0,,PLV
sub-084,18,0.3333333333333333,0.8666666666666667,0.016339869281045753,,PLV
sub-085,0,0.3333333333333333,0.9333333333333333,0.0042743023135179995,,PLV
sub-085,1,0.3333333333333333,0.9333333333333333,0.0042743023135179995,,PLV
sub-085,2,0.3333333333333333,0.6,0.06290590310198153,,PLV
sub-085,3,0.4444444444444444,0.6785714285714286,0.036777674032575994,,PLV
sub-085,4,0.38888888888888884,0.5714285714285714,0.09534702769996888,,PLV
sub-085,5,0.05555555555555555,0.0,0.0,,PLV
sub-085,6,0.3333333333333333,0.6,0.05299823633156966,,PLV
sub-085,7,0.4444444444444444,0.4642857142857143,0.1665992322855068,,PLV
sub-085,8,0.2777777777777778,0.7,0.021018777881522985,,PLV
sub-085,9,0.3333333333333333,0.5333333333333333,0.05408237369021683,,PLV
sub-085,10,0.0,0.0,0.0,,PLV
sub-085,11,0.0,0.0,0.0,,PLV
sub-085,12,0.4444444444444444,0.7142857142857143,0.03291835252619566,,PLV
sub-085,13,0.3333333333333333,0.8,0.010167029774872912,,PLV
sub-085,14,0.3333333333333333,0.4,0.12818757132482622,,PLV
sub-085,15,0.2222222222222222,0.8333333333333334,0.010955493308434485,,PLV
sub-085,16,0.38888888888888884,0.8095238095238095,0.014140471003216101,,PLV
sub-085,17,0.5,0.6388888888888888,0.05947712418300655,,PLV
sub-085,18,0.2777777777777778,0.7,0.01711795829442888,,PLV
sub-086,0,0.16666666666666666,1.0,0.0,,PLV
sub-086,1,0.5,0.6666666666666666,0.034767710503004624,,PLV
sub-086,2,0.38888888888888884,0.5238095238095238,0.07819196054490171,,PLV
sub-086,3,0.38888888888888884,0.5714285714285714,0.06252424046541695,,PLV
sub-086,4,0.1111111111111111,0.0,0.006107998755057579,,PLV
sub-086,5,0.16666666666666666,0.0,0.03902505446623094,,PLV
sub-086,6,0.1111111111111111,1.0,0.0,,PLV
sub-086,7,0.2222222222222222,0.3333333333333333,0.05662542794895735,,PLV
sub-086,8,0.3333333333333333,0.4,0.09354575163398691,,PLV
sub-086,9,0.38888888888888884,0.6190476190476191,0.03514119322942852,,PLV
sub-086,10,0.5,0.6111111111111112,0.06790263113792525,,PLV
sub-086,11,0.5,0.6666666666666666,0.045851588498647323,,PLV
sub-086,12,0.0,0.0,0.0,,PLV
sub-086,13,0.3333333333333333,0.9333333333333333,0.003057889822595705,,PLV
sub-086,14,0.2777777777777778,0.6,0.027461454667337022,,PLV
sub-086,15,0.5,0.5833333333333334,0.07258463214345569,,PLV
sub-086,16,0.4444444444444444,0.6428571428571429,0.07810547295841413,,PLV
sub-086,17,0.4444444444444444,0.75,0.018061241590653355,,PLV
sub-086,18,0.0,0.0,0.0,,PLV
sub-087,0,0.1111111111111111,1.0,0.0,,PLV
sub-087,1,0.1111111111111111,1.0,0.0,,PLV
sub-087,2,0.2777777777777778,0.4,0.16993464052287582,,PLV
sub-087,3,0.16666666666666666,1.0,0.0,,PLV
sub-087,4,0.611111111111111,0.6545454545454545,0.08910675381263614,,PLV
sub-087,5,0.0,0.0,0.0,,PLV
sub-087,6,0.1111111111111111,0.0,0.09150326797385622,,PLV
sub-087,7,0.05555555555555555,0.0,0.0,,PLV
sub-087,8,0.5555555555555556,0.7555555555555555,0.06405228758169934,,PLV
sub-087,9,0.0,0.0,0.0,,PLV
sub-087,10,0.2777777777777778,1.0,0.0,,PLV
sub-087,11,0.0,0.0,0.0,,PLV
sub-087,12,0.5,0.8888888888888888,0.00522875816993464,,PLV
sub-087,13,0.4444444444444444,1.0,0.0,,PLV
sub-087,14,0.4444444444444444,1.0,0.0,,PLV
sub-087,15,0.4444444444444444,1.0,0.0,,PLV
sub-087,16,0.4444444444444444,1.0,0.0,,PLV
sub-087,17,0.611111111111111,0.6545454545454545,0.08910675381263614,,PLV
sub-087,18,0.611111111111111,0.6181818181818182,0.19041394335511982,,PLV
sub-088,0,0.0,0.0,0.0,,PLV
sub-088,1,0.0,0.0,0.0,,PLV
sub-088,2,0.4444444444444444,0.75,0.01065592903828198,,PLV
sub-088,3,0.611111111111111,0.5636363636363636,0.08173188467306115,,PLV
sub-088,4,0.2222222222222222,1.0,0.0,,PLV
sub-088,5,0.0,0.0,0.0,,PLV
sub-088,6,0.4444444444444444,0.5714285714285714,0.03212517330164388,,PLV
sub-088,7,0.38888888888888884,0.9047619047619048,0.003679300002829414,,PLV
sub-088,8,0.3333333333333333,0.9333333333333333,0.001342203548085901,,PLV
sub-088,9,0.5,0.75,0.017427071838836544,,PLV
sub-088,10,0.38888888888888884,0.8571428571428571,0.004733610615963556,,PLV
sub-088,11,0.5,0.75,0.017427071838836544,,PLV
sub-088,12,0.5555555555555556,0.6888888888888889,0.02877832951362363,,PLV
sub-088,13,0.4444444444444444,0.6428571428571429,0.033786393345216874,,PLV
sub-088,14,0.2222222222222222,0.5,0.006476530005941771,,PLV
sub-088,15,0.0,0.0,0.0,,PLV
sub-088,16,0.4444444444444444,0.5714285714285714,0.03212517330164389,,PLV
sub-088,17,0.0,0.0,0.0,,PLV
sub-088,18,0.2777777777777778,0.8,0.004221132897603485,,PLV
