Subject,Channel,Degree_Centrality,Clustering_Coefficient,Betweenness_Centrality,Eigenvector_Centrality,Connectivity_Type
sub-001,0,0.2222222222222222,0.6666666666666666,0.0273420479302832,0.1137367691927108,PLV
sub-001,1,0.1111111111111111,1.0,0.0,0.0437176392182694,PLV
sub-001,2,0.2222222222222222,1.0,0.0,0.1994977283607276,PLV
sub-001,3,0.2222222222222222,0.6666666666666666,0.0522875816993464,0.0318224140788429,PLV
sub-001,4,0.4444444444444444,0.6428571428571429,0.0620617944147356,0.3291128501523033,PLV
sub-001,5,0.3888888888888888,0.6190476190476191,0.1196969696969697,0.2771721669275462,PLV
sub-001,6,0.5,0.6111111111111112,0.1707763913646266,0.3564420859552553,PLV
sub-001,7,0.1666666666666666,1.0,0.0,0.0307293240396763,PLV
sub-001,8,0.1111111111111111,1.0,0.0,0.0089052673598725,PLV
sub-001,9,0.0555555555555555,0.0,0.0,0.0387822910777552,PLV
sub-001,10,0.2777777777777778,0.8,0.0043572984749455,0.1933415260489688,PLV
sub-001,11,0.3333333333333333,0.6,0.0815904139433551,0.1987077114799297,PLV
sub-001,12,0.4444444444444444,0.6785714285714286,0.1239354327589621,0.331954446124243,PLV
sub-001,13,0.3333333333333333,0.4,0.3660130718954248,0.155973794043343,PLV
sub-001,14,0.2222222222222222,1.0,0.0,0.1815511306651512,PLV
sub-001,15,0.4444444444444444,0.6785714285714286,0.1239354327589621,0.3319544461242428,PLV
sub-001,16,0.5555555555555556,0.5333333333333333,0.1916815210932857,0.3770955380410025,PLV
sub-001,17,0.2222222222222222,0.6666666666666666,0.0522875816993464,0.0318224140788427,PLV
sub-001,18,0.5,0.6111111111111112,0.0880867498514557,0.3631347523096576,PLV
sub-002,0,0.0,0.0,0.0,0.0,PLV
sub-002,1,0.0555555555555555,0.0,0.0,0.0,PLV
sub-002,2,0.1666666666666666,0.6666666666666666,0.0018674136321195,0.0,PLV
sub-002,3,0.3888888888888888,0.5714285714285714,0.1127450980392156,0.0,PLV
sub-002,4,0.1666666666666666,1.0,0.0,0.0,PLV
sub-002,5,0.3888888888888888,0.6190476190476191,0.0279286798894642,0.0,PLV
sub-002,6,0.0555555555555555,0.0,0.0,0.0,PLV
sub-002,7,0.5555555555555556,0.6222222222222222,0.0700624357487102,0.0,PLV
sub-002,8,0.2222222222222222,0.5,0.0980392156862745,0.0,PLV
sub-002,9,0.0555555555555555,0.0,0.0,0.0,PLV
sub-002,10,0.0,0.0,0.0,0.0,PLV
sub-002,11,0.5,0.7222222222222222,0.0389671693593262,0.0,PLV
sub-002,12,0.4444444444444444,0.6428571428571429,0.0433848286789463,0.0,PLV
sub-002,13,0.3888888888888888,0.7619047619047619,0.0312999273783587,0.0,PLV
sub-002,14,0.3888888888888888,0.8571428571428571,0.0108701393015118,0.0,PLV
sub-002,15,0.4444444444444444,0.7142857142857143,0.0300809212573918,0.0,PLV
sub-002,16,0.4444444444444444,0.5,0.1291740938799762,0.0,PLV
sub-002,17,0.5555555555555556,0.6666666666666666,0.0686826245649775,0.0,PLV
sub-002,18,0.5555555555555556,0.6222222222222222,0.140819021211178,0.0,PLV
sub-003,0,0.5,0.8055555555555556,0.0176237161531279,0.0,PLV
sub-003,1,0.4444444444444444,0.5714285714285714,0.0625972611266729,0.0,PLV
sub-003,2,0.0,0.0,0.0,0.0,PLV
sub-003,3,0.0555555555555555,0.0,0.0,0.0,PLV
sub-003,4,0.1666666666666666,1.0,0.0,0.0,PLV
sub-003,5,0.0,0.0,0.0,0.0,PLV
sub-003,6,0.4444444444444444,0.8214285714285714,0.0217864923747276,0.0,PLV
sub-003,7,0.1666666666666666,1.0,0.0,0.0,PLV
sub-003,8,0.5,0.8055555555555556,0.0176237161531279,0.0,PLV
sub-003,9,0.3333333333333333,0.9333333333333332,0.0021241830065359,0.0,PLV
sub-003,10,0.611111111111111,0.6,0.0942654839713663,0.0,PLV
sub-003,11,0.4444444444444444,0.8214285714285714,0.0217864923747276,0.0,PLV
sub-003,12,0.1111111111111111,0.0,0.0065359477124183,0.0,PLV
sub-003,13,0.4444444444444444,0.8928571428571429,0.0052287581699346,0.0,PLV
sub-003,14,0.0555555555555555,0.0,0.0,0.0,PLV
sub-003,15,0.4444444444444444,0.8214285714285714,0.0217864923747276,0.0,PLV
sub-003,16,0.5555555555555556,0.6888888888888889,0.0450513538748832,0.0,PLV
sub-003,17,0.2777777777777778,0.7,0.0167289137877373,0.0,PLV
sub-003,18,0.2222222222222222,0.8333333333333334,0.006730469965764,0.0,PLV
sub-004,0,0.1111111111111111,0.0,0.0268281101614434,0.0,PLV
sub-004,1,0.2777777777777778,0.6,0.0589631864141668,0.0,PLV
sub-004,2,0.3888888888888888,0.7142857142857143,0.0196078431372548,0.0,PLV
sub-004,3,0.3333333333333333,0.7333333333333333,0.0076252723311546,0.0,PLV
sub-004,4,0.4444444444444444,0.3928571428571428,0.3718647002960729,0.0,PLV
sub-004,5,0.4444444444444444,0.6428571428571429,0.0196078431372549,0.0,PLV
sub-004,6,0.2222222222222222,1.0,0.0,0.0,PLV
sub-004,7,0.2222222222222222,1.0,0.0,0.0,PLV
sub-004,8,0.0,0.0,0.0,0.0,PLV
sub-004,9,0.1111111111111111,1.0,0.0,0.0,PLV
sub-004,10,0.3888888888888888,0.7142857142857143,0.0163398692810457,0.0,PLV
sub-004,11,0.5555555555555556,0.5333333333333333,0.1753952293167979,0.0,PLV
sub-004,12,0.3888888888888888,0.6666666666666666,0.0680967543712642,0.0,PLV
sub-004,13,0.3333333333333333,0.7333333333333333,0.0292441763029998,0.0,PLV
sub-004,14,0.3333333333333333,0.6666666666666666,0.0650522317188983,0.0,PLV
sub-004,15,0.2777777777777778,0.9,0.0160326238757611,0.0,PLV
sub-004,16,0.3333333333333333,0.6,0.0766297972180325,0.0,PLV
sub-004,17,0.2777777777777778,0.7,0.0359477124183006,0.0,PLV
sub-004,18,0.3333333333333333,0.6666666666666666,0.0650522317188983,0.0,PLV
sub-005,0,0.2222222222222222,0.3333333333333333,0.1699346405228758,0.0,PLV
sub-005,1,0.1111111111111111,1.0,0.0,0.0,PLV
sub-005,2,0.0,0.0,0.0,0.0,PLV
sub-005,3,0.0,0.0,0.0,0.0,PLV
sub-005,4,0.3333333333333333,0.6,0.0483193277310924,0.0,PLV
sub-005,5,0.1111111111111111,1.0,0.0,0.0,PLV
sub-005,6,0.4444444444444444,0.7857142857142857,0.0173825085589791,0.0,PLV
sub-005,7,0.4444444444444444,0.6428571428571429,0.0464052287581699,0.0,PLV
sub-005,8,0.5,0.8055555555555556,0.0106909430438842,0.0,PLV
sub-005,9,0.2222222222222222,0.6666666666666666,0.0278867102396514,0.0,PLV
sub-005,10,0.5555555555555556,0.5777777777777777,0.2100840336134454,0.0,PLV
sub-005,11,0.0,0.0,0.0,0.0,PLV
sub-005,12,0.5555555555555556,0.6888888888888889,0.0335667600373482,0.0,PLV
sub-005,13,0.4444444444444444,0.7142857142857143,0.0225490196078431,0.0,PLV
sub-005,14,0.4444444444444444,0.8928571428571429,0.0051353874883286,0.0,PLV
sub-005,15,0.2222222222222222,0.8333333333333334,0.0009337068160597,0.0,PLV
sub-005,16,0.1111111111111111,1.0,0.0,0.0,PLV
sub-005,17,0.5,0.7777777777777778,0.0194055399937752,0.0,PLV
sub-005,18,0.5555555555555556,0.6666666666666666,0.0478369125427948,0.0,PLV
sub-006,0,0.0555555555555555,0.0,0.0,0.0,PLV
sub-006,1,0.3888888888888888,0.8095238095238095,0.0073244112459798,0.0,PLV
sub-006,2,0.2777777777777778,0.5,0.0350762527233115,0.0,PLV
sub-006,3,0.3888888888888888,0.8571428571428571,0.0062350866272434,0.0,PLV
sub-006,4,0.0,0.0,0.0,0.0,PLV
sub-006,5,0.0,0.0,0.0,0.0,PLV
sub-006,6,0.5,0.6111111111111112,0.0343759726112667,0.0,PLV
sub-006,7,0.5555555555555556,0.6888888888888889,0.0241259466749662,0.0,PLV
sub-006,8,0.3888888888888888,0.7619047619047619,0.0080143168378462,0.0,PLV
sub-006,9,0.2222222222222222,1.0,0.0,0.0,PLV
sub-006,10,0.3888888888888888,0.7142857142857143,0.0132793858284054,0.0,PLV
sub-006,11,0.3333333333333333,0.7333333333333333,0.0087768440709617,0.0,PLV
sub-006,12,0.0,0.0,0.0,0.0,PLV
sub-006,13,0.5,0.6388888888888888,0.0273679842307293,0.0,PLV
sub-006,14,0.5555555555555556,0.6666666666666666,0.034547152194211,0.0,PLV
sub-006,15,0.5555555555555556,0.6222222222222222,0.0410571636061832,0.0,PLV
sub-006,16,0.1666666666666666,0.3333333333333333,0.0849673202614379,0.0,PLV
sub-006,17,0.5,0.5555555555555556,0.1323685029567382,0.0,PLV
sub-006,18,0.0,0.0,0.0,0.0,PLV
sub-007,0,0.3888888888888888,0.7619047619047619,0.0169545596016184,0.2758256878951965,PLV
sub-007,1,0.2777777777777778,0.9,0.0021786492374727,0.2038555143802965,PLV
sub-007,2,0.3333333333333333,0.6666666666666666,0.0649859943977591,0.2420881694964733,PLV
sub-007,3,0.4444444444444444,0.5714285714285714,0.1097416744475567,0.2969650173312111,PLV
sub-007,4,0.3333333333333333,0.6666666666666666,0.0188997821350762,0.2157587078380956,PLV
sub-007,5,0.0555555555555555,0.0,0.0,0.0110858219030078,PLV
sub-007,6,0.1666666666666666,1.0,0.0,0.1184717954025137,PLV
sub-007,7,0.0555555555555555,0.0,0.0,0.0475757983507974,PLV
sub-007,8,0.1111111111111111,1.0,0.0,0.0481606492774059,PLV
sub-007,9,0.0555555555555555,0.0,0.0,0.0403390677582495,PLV
sub-007,10,0.2222222222222222,1.0,0.0,0.1618497427535841,PLV
sub-007,11,0.5,0.6388888888888888,0.0538982259570494,0.3531062145405291,PLV
sub-007,12,0.5555555555555556,0.5555555555555556,0.0881263616557734,0.3629028721038781,PLV
sub-007,13,0.5555555555555556,0.5555555555555556,0.0979614067849362,0.3666471316767889,PLV
sub-007,14,0.1666666666666666,0.3333333333333333,0.0300653594771241,0.0579276937588436,PLV
sub-007,15,0.5555555555555556,0.3555555555555555,0.2974400871459695,0.2987566079691128,PLV
sub-007,16,0.2222222222222222,0.0,0.1261437908496732,0.0821031008485564,PLV
sub-007,17,0.5555555555555556,0.5111111111111111,0.1767195767195767,0.3523528164281893,PLV
sub-007,18,0.2222222222222222,0.8333333333333334,0.0018518518518518,0.1677357514100142,PLV
sub-008,0,0.3888888888888888,0.6190476190476191,0.0197790227201991,0.0,PLV
sub-008,1,0.2222222222222222,1.0,0.0,0.0,PLV
sub-008,2,0.2222222222222222,1.0,0.0,0.0,PLV
sub-008,3,0.6666666666666666,0.3787878787878788,0.199354186118892,0.0,PLV
sub-008,4,0.6666666666666666,0.4393939393939394,0.12093837535014,0.0,PLV
sub-008,5,0.611111111111111,0.4363636363636363,0.090725178960473,0.0,PLV
sub-008,6,0.3333333333333333,0.6,0.0388499844382197,0.0,PLV
sub-008,7,0.2222222222222222,1.0,0.0,0.0,PLV
sub-008,8,0.2222222222222222,0.6666666666666666,0.0058356676003734,0.0,PLV
sub-008,9,0.1111111111111111,1.0,0.0,0.0,PLV
sub-008,10,0.0,0.0,0.0,0.0,PLV
sub-008,11,0.1666666666666666,0.6666666666666666,0.0111655773420479,0.0,PLV
sub-008,12,0.3333333333333333,0.6666666666666666,0.0504357298474945,0.0,PLV
sub-008,13,0.0,0.0,0.0,0.0,PLV
sub-008,14,0.2222222222222222,0.6666666666666666,0.0056644880174291,0.0,PLV
sub-008,15,0.1666666666666666,0.6666666666666666,0.0021786492374727,0.0,PLV
sub-008,16,0.2777777777777778,0.8,0.0032679738562091,0.0,PLV
sub-008,17,0.5,0.5555555555555556,0.0535169623404917,0.0,PLV
sub-008,18,0.4444444444444444,0.6071428571428571,0.0388110799875505,0.0,PLV
sub-009,0,0.1111111111111111,1.0,0.0,0.0,PLV
sub-009,1,0.0,0.0,0.0,0.0,PLV
sub-009,2,0.2222222222222222,0.6666666666666666,0.0104108309990662,0.0,PLV
sub-009,3,0.3333333333333333,0.4,0.1406239217657902,0.0,PLV
sub-009,4,0.2222222222222222,0.5,0.0306591481908667,0.0,PLV
sub-009,5,0.0555555555555555,0.0,0.0,0.0,PLV
sub-009,6,0.4444444444444444,0.75,0.0309368191721132,0.0,PLV
sub-009,7,0.1111111111111111,1.0,0.0,0.0,PLV
sub-009,8,0.0,0.0,0.0,0.0,PLV
sub-009,9,0.5,0.6944444444444444,0.0655474859627108,0.0,PLV
sub-009,10,0.3333333333333333,0.8,0.020905291897218,0.0,PLV
sub-009,11,0.4444444444444444,0.75,0.0220666044195455,0.0,PLV
sub-009,12,0.5555555555555556,0.6222222222222222,0.1266598176056077,0.0,PLV
sub-009,13,0.5,0.6944444444444444,0.0496173867569484,0.0,PLV
sub-009,14,0.2777777777777778,0.5,0.0715817481676766,0.0,PLV
sub-009,15,0.3888888888888888,0.7142857142857143,0.0333130067847484,0.0,PLV
sub-009,16,0.4444444444444444,0.75,0.0606401032006568,0.0,PLV
sub-009,17,0.2777777777777778,0.6,0.0472845749662358,0.0,PLV
sub-009,18,0.5555555555555556,0.5555555555555556,0.139426462725194,0.0,PLV
sub-010,0,0.0,0.0,0.0,0.0,PLV
sub-010,1,0.0,0.0,0.0,0.0,PLV
sub-010,2,0.5555555555555556,0.8666666666666667,0.0076797385620915,0.0,PLV
sub-010,3,0.2777777777777778,1.0,0.0,0.0,PLV
sub-010,4,0.0,0.0,0.0,0.0,PLV
sub-010,5,0.5555555555555556,0.8666666666666667,0.0076797385620915,0.0,PLV
sub-010,6,0.5,0.9722222222222222,0.0008169934640522,0.0,PLV
sub-010,7,0.0,0.0,0.0,0.0,PLV
sub-010,8,0.5,0.9722222222222222,0.0008169934640522,0.0,PLV
sub-010,9,0.0,0.0,0.0,0.0,PLV
sub-010,10,0.4444444444444444,1.0,0.0,0.0,PLV
sub-010,11,0.5555555555555556,0.8666666666666667,0.0076797385620915,0.0,PLV
sub-010,12,0.1111111111111111,1.0,0.0,0.0,PLV
sub-010,13,0.5,0.9722222222222222,0.0008169934640522,0.0,PLV
sub-010,14,0.1111111111111111,1.0,0.0,0.0,PLV
sub-010,15,0.5555555555555556,0.8666666666666667,0.0076797385620915,0.0,PLV
sub-010,16,0.1111111111111111,1.0,0.0,0.0,PLV
sub-010,17,0.5,0.9722222222222222,0.0008169934640522,0.0,PLV
sub-010,18,0.5,0.8888888888888888,0.0052287581699346,0.0,PLV
sub-011,0,0.0,0.0,0.0,0.0,PLV
sub-011,1,0.0,0.0,0.0,0.0,PLV
sub-011,2,0.3888888888888888,1.0,0.0,0.0,PLV
sub-011,3,0.3888888888888888,1.0,0.0,0.0,PLV
sub-011,4,0.3333333333333333,0.5333333333333333,0.1577342047930283,0.0,PLV
sub-011,5,0.5,0.8333333333333334,0.0137254901960784,0.0,PLV
sub-011,6,0.5,0.5833333333333334,0.0935729847494553,0.0,PLV
sub-011,7,0.1666666666666666,0.6666666666666666,0.0187363834422657,0.0,PLV
sub-011,8,0.611111111111111,0.6363636363636364,0.0983660130718954,0.0,PLV
sub-011,9,0.0,0.0,0.0,0.0,PLV
sub-011,10,0.4444444444444444,0.75,0.0915032679738562,0.0,PLV
sub-011,11,0.0555555555555555,0.0,0.0,0.0,PLV
sub-011,12,0.0555555555555555,0.0,0.0,0.0,PLV
sub-011,13,0.5555555555555556,0.7333333333333333,0.0558823529411764,0.0,PLV
sub-011,14,0.1666666666666666,1.0,0.0,0.0,PLV
sub-011,15,0.3888888888888888,0.8095238095238095,0.008714596949891,0.0,PLV
sub-011,16,0.5,0.8333333333333334,0.0137254901960784,0.0,PLV
sub-011,17,0.5555555555555556,0.7333333333333333,0.0558823529411764,0.0,PLV
sub-011,18,0.1666666666666666,0.3333333333333333,0.0915032679738562,0.0,PLV
sub-012,0,0.5,0.6944444444444444,0.0237472766884531,0.0,PLV
sub-012,1,0.0555555555555555,0.0,0.0,0.0,PLV
sub-012,2,0.3888888888888888,0.9047619047619048,0.0026143790849673,0.0,PLV
sub-012,3,0.2222222222222222,0.6666666666666666,0.0065359477124183,0.0,PLV
sub-012,4,0.5,0.75,0.0209150326797385,0.0,PLV
sub-012,5,0.0,0.0,0.0,0.0,PLV
sub-012,6,0.3333333333333333,0.6666666666666666,0.0849673202614379,0.0,PLV
sub-012,7,0.7222222222222222,0.4743589743589743,0.1624183006535947,0.0,PLV
sub-012,8,0.1111111111111111,1.0,0.0,0.0,PLV
sub-012,9,0.2222222222222222,1.0,0.0,0.0,PLV
sub-012,10,0.3333333333333333,0.8,0.0065359477124183,0.0,PLV
sub-012,11,0.0555555555555555,0.0,0.0,0.0,PLV
sub-012,12,0.0555555555555555,0.0,0.0,0.0,PLV
sub-012,13,0.0,0.0,0.0,0.0,PLV
sub-012,14,0.4444444444444444,0.8214285714285714,0.0068627450980392,0.0,PLV
sub-012,15,0.3888888888888888,0.8095238095238095,0.0091503267973856,0.0,PLV
sub-012,16,0.5555555555555556,0.6666666666666666,0.0334422657952069,0.0,PLV
sub-012,17,0.2777777777777778,1.0,0.0,0.0,PLV
sub-012,18,0.611111111111111,0.6181818181818182,0.0480392156862745,0.0,PLV
sub-013,0,0.2222222222222222,1.0,0.0,0.0,PLV
sub-013,1,0.5,0.6111111111111112,0.0420998028841166,0.0,PLV
sub-013,2,0.4444444444444444,0.6785714285714286,0.0253605145762008,0.0,PLV
sub-013,3,0.0555555555555555,0.0,0.0,0.0,PLV
sub-013,4,0.611111111111111,0.4727272727272727,0.1098194833488951,0.0,PLV
sub-013,5,0.0555555555555555,0.0,0.0,0.0,PLV
sub-013,6,0.3888888888888888,0.7142857142857143,0.024260815437286,0.0,PLV
sub-013,7,0.4444444444444444,0.5,0.0672191098661686,0.0,PLV
sub-013,8,0.2222222222222222,0.8333333333333334,0.0037218591140159,0.0,PLV
sub-013,9,0.4444444444444444,0.5714285714285714,0.0547385620915032,0.0,PLV
sub-013,10,0.3333333333333333,0.4666666666666667,0.0457775702873742,0.0,PLV
sub-013,11,0.2222222222222222,0.8333333333333334,0.002995642701525,0.0,PLV
sub-013,12,0.2777777777777778,0.6,0.0157952069716775,0.0,PLV
sub-013,13,0.1666666666666666,0.3333333333333333,0.0163398692810457,0.0,PLV
sub-013,14,0.2777777777777778,1.0,0.0,0.0,PLV
sub-013,15,0.2222222222222222,0.8333333333333334,0.0029048656499636,0.0,PLV
sub-013,16,0.3888888888888888,0.7142857142857143,0.024260815437286,0.0,PLV
sub-013,17,0.0,0.0,0.0,0.0,PLV
sub-013,18,0.5,0.4722222222222222,0.0679738562091503,0.0,PLV
sub-014,0,0.3888888888888888,0.7142857142857143,0.0980392156862745,0.0,PLV
sub-014,1,0.0555555555555555,0.0,0.0,0.0,PLV
sub-014,2,0.5,0.75,0.0193899782135076,0.0,PLV
sub-014,3,0.0,0.0,0.0,0.0,PLV
sub-014,4,0.4444444444444444,0.8571428571428571,0.0074074074074074,0.0,PLV
sub-014,5,0.0555555555555555,0.0,0.0,0.0,PLV
sub-014,6,0.3888888888888888,0.7619047619047619,0.011943666355431,0.0,PLV
sub-014,7,0.4444444444444444,0.8571428571428571,0.0074074074074074,0.0,PLV
sub-014,8,0.2777777777777778,0.9,0.0024509803921568,0.0,PLV
sub-014,9,0.0,0.0,0.0,0.0,PLV
sub-014,10,0.2222222222222222,0.3333333333333333,0.0272331154684095,0.0,PLV
sub-014,11,0.2777777777777778,0.5,0.0448723934018051,0.0,PLV
sub-014,12,0.2777777777777778,0.6,0.0451447245564892,0.0,PLV
sub-014,13,0.3888888888888888,0.8095238095238095,0.0124883286647992,0.0,PLV
sub-014,14,0.611111111111111,0.5818181818181818,0.0751945222533457,0.0,PLV
sub-014,15,0.1111111111111111,1.0,0.0,0.0,PLV
sub-014,16,0.2222222222222222,0.5,0.0804621848739495,0.0,PLV
sub-014,17,0.7222222222222222,0.4230769230769231,0.2912776221599751,0.0,PLV
sub-014,18,0.3888888888888888,0.9523809523809524,0.0021786492374727,0.0,PLV
sub-015,0,0.5555555555555556,0.7111111111111111,0.0309368191721132,0.0,PLV
sub-015,1,0.2222222222222222,1.0,0.0,0.0,PLV
sub-015,2,0.5,0.8055555555555556,0.0124183006535947,0.0,PLV
sub-015,3,0.1666666666666666,1.0,0.0,0.0,PLV
sub-015,4,0.5,0.75,0.0213507625272331,0.0,PLV
sub-015,5,0.0,0.0,0.0,0.0,PLV
sub-015,6,0.1666666666666666,1.0,0.0,0.0,PLV
sub-015,7,0.2222222222222222,0.5,0.0196078431372549,0.0,PLV
sub-015,8,0.0555555555555555,0.0,0.0,0.0,PLV
sub-015,9,0.3333333333333333,0.8666666666666667,0.0032679738562091,0.0,PLV
sub-015,10,0.2777777777777778,1.0,0.0,0.0,PLV
sub-015,11,0.4444444444444444,0.8928571428571429,0.0052287581699346,0.0,PLV
sub-015,12,0.5,0.75,0.0213507625272331,0.0,PLV
sub-015,13,0.1666666666666666,1.0,0.0,0.0,PLV
sub-015,14,0.5,0.7777777777777778,0.0172113289760348,0.0,PLV
sub-015,15,0.1666666666666666,1.0,0.0,0.0,PLV
sub-015,16,0.5,0.75,0.0213507625272331,0.0,PLV
sub-015,17,0.5,0.7777777777777778,0.0172113289760348,0.0,PLV
sub-015,18,0.0,0.0,0.0,0.0,PLV
sub-016,0,0.3333333333333333,1.0,0.0,0.0,PLV
sub-016,1,0.3888888888888888,0.7619047619047619,0.1095860566448801,0.0,PLV
sub-016,2,0.3333333333333333,1.0,0.0,0.0,PLV
sub-016,3,0.5,0.5,0.3395424836601307,0.0,PLV
sub-016,4,0.3888888888888888,0.8095238095238095,0.0120915032679738,0.0,PLV
sub-016,5,0.0555555555555555,0.0,0.0,0.0,PLV
sub-016,6,0.2777777777777778,0.5,0.0782135076252723,0.0,PLV
sub-016,7,0.3888888888888888,0.7619047619047619,0.0457516339869281,0.0,PLV
sub-016,8,0.3333333333333333,1.0,0.0,0.0,PLV
sub-016,9,0.3333333333333333,1.0,0.0,0.0,PLV
sub-016,10,0.1111111111111111,1.0,0.0,0.0,PLV
sub-016,11,0.4444444444444444,0.6785714285714286,0.121677559912854,0.0,PLV
sub-016,12,0.3333333333333333,1.0,0.0,0.0,PLV
sub-016,13,0.0,0.0,0.0,0.0,PLV
sub-016,14,0.3888888888888888,0.7619047619047619,0.0457516339869281,0.0,PLV
sub-016,15,0.0,0.0,0.0,0.0,PLV
sub-016,16,0.3888888888888888,0.7619047619047619,0.0457516339869281,0.0,PLV
sub-016,17,0.3888888888888888,0.8095238095238095,0.0120915032679738,0.0,PLV
sub-016,18,0.3888888888888888,0.7142857142857143,0.0980392156862745,0.0,PLV
sub-017,0,0.0555555555555555,0.0,0.0,0.0,PLV
sub-017,1,0.0,0.0,0.0,0.0,PLV
sub-017,2,0.2222222222222222,0.8333333333333334,0.0010893246187363,0.0,PLV
sub-017,3,0.3888888888888888,0.6190476190476191,0.1735294117647058,0.0,PLV
sub-017,4,0.5555555555555556,0.7111111111111111,0.0397999603881956,0.0,PLV
sub-017,5,0.0,0.0,0.0,0.0,PLV
sub-017,6,0.4444444444444444,0.75,0.0178804855275443,0.0,PLV
sub-017,7,0.3888888888888888,0.7619047619047619,0.0286421639362815,0.0,PLV
sub-017,8,0.0555555555555555,0.0,0.0,0.0,PLV
sub-017,9,0.5,0.5833333333333334,0.1145460204283733,0.0,PLV
sub-017,10,0.0,0.0,0.0,0.0,PLV
sub-017,11,0.3888888888888888,0.8095238095238095,0.013834422657952,0.0,PLV
sub-017,12,0.1111111111111111,0.0,0.0915032679738562,0.0,PLV
sub-017,13,0.3333333333333333,0.8,0.0049019607843137,0.0,PLV
sub-017,14,0.5555555555555556,0.7111111111111111,0.0397999603881956,0.0,PLV
sub-017,15,0.1666666666666666,1.0,0.0,0.0,PLV
sub-017,16,0.5,0.6944444444444444,0.048968678380443,0.0,PLV
sub-017,17,0.5,0.7222222222222222,0.025060125060125,0.0,PLV
sub-017,18,0.611111111111111,0.6363636363636364,0.0801827801827801,0.0,PLV
sub-018,0,0.4444444444444444,0.6428571428571429,0.0377995642701525,0.0,PLV
sub-018,1,0.3333333333333333,0.7333333333333333,0.0167548500881834,0.0,PLV
sub-018,2,0.1666666666666666,0.6666666666666666,0.0061002178649237,0.0,PLV
sub-018,3,0.5555555555555556,0.5333333333333333,0.1492737835875091,0.0,PLV
sub-018,4,0.4444444444444444,0.6428571428571429,0.0525936300446104,0.0,PLV
sub-018,5,0.5,0.4444444444444444,0.1379396202925615,0.0,PLV
sub-018,6,0.1666666666666666,1.0,0.0,0.0,PLV
sub-018,7,0.1111111111111111,1.0,0.0,0.0,PLV
sub-018,8,0.0555555555555555,0.0,0.0,0.0,PLV
sub-018,9,0.2777777777777778,0.4,0.0661686896981014,0.0,PLV
sub-018,10,0.2222222222222222,0.6666666666666666,0.0263927793339558,0.0,PLV
sub-018,11,0.3333333333333333,0.7333333333333333,0.0167548500881834,0.0,PLV
sub-018,12,0.1666666666666666,0.3333333333333333,0.1045751633986928,0.0,PLV
sub-018,13,0.2777777777777778,0.5,0.0531901649548708,0.0,PLV
sub-018,14,0.4444444444444444,0.6428571428571429,0.0463326071169208,0.0,PLV
sub-018,15,0.5,0.5,0.1323892519970951,0.0,PLV
sub-018,16,0.0,0.0,0.0,0.0,PLV
sub-018,17,0.4444444444444444,0.5357142857142857,0.0910986616868969,0.0,PLV
sub-018,18,0.3333333333333333,0.7333333333333333,0.0103485838779956,0.0,PLV
sub-019,0,0.2222222222222222,1.0,0.0,0.0,PLV
sub-019,1,0.5,0.7777777777777778,0.0192706712314555,0.0,PLV
sub-019,2,0.1111111111111111,1.0,0.0,0.0,PLV
sub-019,3,0.611111111111111,0.5818181818181818,0.0764602137151156,0.0,PLV
sub-019,4,0.5,0.75,0.0272590517688556,0.0,PLV
sub-019,5,0.1666666666666666,0.3333333333333333,0.0849673202614379,0.0,PLV
sub-019,6,0.1666666666666666,1.0,0.0,0.0,PLV
sub-019,7,0.3333333333333333,0.9333333333333332,0.0023861396410416,0.0,PLV
sub-019,8,0.1111111111111111,1.0,0.0,0.0,PLV
sub-019,9,0.2222222222222222,0.6666666666666666,0.0159767610748002,0.0,PLV
sub-019,10,0.0,0.0,0.0,0.0,PLV
sub-019,11,0.1666666666666666,1.0,0.0,0.0,PLV
sub-019,12,0.5,0.6111111111111112,0.1463326071169208,0.0,PLV
sub-019,13,0.1111111111111111,1.0,0.0,0.0,PLV
sub-019,14,0.5,0.75,0.0272590517688556,0.0,PLV
sub-019,15,0.5555555555555556,0.6,0.0644776429090154,0.0,PLV
sub-019,16,0.0555555555555555,0.0,0.0,0.0,PLV
sub-019,17,0.4444444444444444,0.8214285714285714,0.0138240481377736,0.0,PLV
sub-019,18,0.5,0.6388888888888888,0.0315904139433551,0.0,PLV
sub-020,0,0.3888888888888888,1.0,0.0,0.3259624234744792,PLV
sub-020,1,0.3888888888888888,1.0,0.0,0.325962423474479,PLV
sub-020,2,0.3888888888888888,1.0,0.0,0.325962423474479,PLV
sub-020,3,0.4444444444444444,0.8214285714285714,0.0931372549019607,0.3503435690968202,PLV
sub-020,4,0.1666666666666666,0.3333333333333333,0.0147058823529411,0.0076742330005126,PLV
sub-020,5,0.2777777777777778,0.6,0.0234204793028322,0.0501711190166327,PLV
sub-020,6,0.1111111111111111,1.0,0.0,0.0787221531091958,PLV
sub-020,7,0.1111111111111111,1.0,0.0,0.0345307495157119,PLV
sub-020,8,0.1111111111111111,0.0,0.0081699346405228,0.0067236347135244,PLV
sub-020,9,0.2222222222222222,0.5,0.0915032679738562,0.0417131322370476,PLV
sub-020,10,0.4444444444444444,0.7857142857142857,0.0174291938997821,0.3409576708804345,PLV
sub-020,11,0.3888888888888888,1.0,0.0,0.325962423474479,PLV
sub-020,12,0.1666666666666666,0.6666666666666666,0.0147058823529411,0.1251403983576932,PLV
sub-020,13,0.5555555555555556,0.5777777777777777,0.1530501089324619,0.3747718866998815,PLV
sub-020,14,0.5555555555555556,0.2444444444444444,0.5604575163398694,0.2034688853739674,PLV
sub-020,15,0.1111111111111111,1.0,0.0,0.0068685573967927,PLV
sub-020,16,0.4444444444444444,0.8214285714285714,0.0931372549019607,0.3503435690968203,PLV
sub-020,17,0.2777777777777778,0.4,0.1879084967320261,0.0427776382363661,PLV
sub-020,18,0.2222222222222222,0.8333333333333334,0.0038126361655773,0.0460333894033616,PLV
sub-021,0,0.2777777777777778,0.3,0.1556425600543247,0.0,PLV
sub-021,1,0.2777777777777778,0.8,0.0198598968206811,0.0,PLV
sub-021,2,0.4444444444444444,0.75,0.0610804591196748,0.0,PLV
sub-021,3,0.2777777777777778,0.8,0.0198598968206811,0.0,PLV
sub-021,4,0.5555555555555556,0.4888888888888889,0.1638919540880325,0.0,PLV
sub-021,5,0.3888888888888888,0.9047619047619048,0.0072829131652661,0.0,PLV
sub-021,6,0.1111111111111111,0.0,0.0148544266191325,0.0,PLV
sub-021,7,0.1666666666666666,0.3333333333333333,0.03182384064737,0.0,PLV
sub-021,8,0.1666666666666666,0.6666666666666666,0.0054466230936819,0.0,PLV
sub-021,9,0.3888888888888888,0.2857142857142857,0.2592870818361014,0.0,PLV
sub-021,10,0.0,0.0,0.0,0.0,PLV
sub-021,11,0.2777777777777778,0.7,0.016417678182384,0.0,PLV
sub-021,12,0.3333333333333333,1.0,0.0,0.0,PLV
sub-021,13,0.4444444444444444,0.7142857142857143,0.0466341755557442,0.0,PLV
sub-021,14,0.4444444444444444,0.75,0.0610804591196748,0.0,PLV
sub-021,15,0.1666666666666666,0.6666666666666666,0.0088961510530137,0.0,PLV
sub-021,16,0.3888888888888888,0.9047619047619048,0.0072829131652661,0.0,PLV
sub-021,17,0.2777777777777778,0.8,0.0198598968206811,0.0,PLV
sub-021,18,0.3888888888888888,0.6190476190476191,0.0746552829886163,0.0,PLV
sub-022,0,0.3888888888888888,0.9523809523809524,0.0047385620915032,0.0,PLV
sub-022,1,0.3888888888888888,0.9523809523809524,0.0047385620915032,0.0,PLV
sub-022,2,0.3888888888888888,0.9523809523809524,0.0047385620915032,0.0,PLV
sub-022,3,0.5,0.75,0.0214869281045751,0.0,PLV
sub-022,4,0.3888888888888888,0.8571428571428571,0.0049019607843137,0.0,PLV
sub-022,5,0.1666666666666666,1.0,0.0,0.0,PLV
sub-022,6,0.5555555555555556,0.4888888888888889,0.184313725490196,0.0,PLV
sub-022,7,0.1666666666666666,1.0,0.0,0.0,PLV
sub-022,8,0.2777777777777778,0.5,0.055718954248366,0.0,PLV
sub-022,9,0.1111111111111111,1.0,0.0,0.0,PLV
sub-022,10,0.2777777777777778,0.9,0.0026960784313725,0.0,PLV
sub-022,11,0.2222222222222222,0.6666666666666666,0.0253267973856209,0.0,PLV
sub-022,12,0.3333333333333333,0.6666666666666666,0.0405228758169934,0.0,PLV
sub-022,13,0.1666666666666666,1.0,0.0,0.0,PLV
sub-022,14,0.2222222222222222,0.5,0.0196078431372549,0.0,PLV
sub-022,15,0.0555555555555555,0.0,0.0,0.0,PLV
sub-022,16,0.5,0.75,0.0214869281045751,0.0,PLV
sub-022,17,0.5,0.75,0.0214869281045751,0.0,PLV
sub-022,18,0.1666666666666666,1.0,0.0,0.0,PLV
sub-023,0,0.2777777777777778,0.8,0.0078586990351696,0.0,PLV
sub-023,1,0.2222222222222222,0.8333333333333334,0.0032679738562091,0.0,PLV
sub-023,2,0.5555555555555556,0.4888888888888889,0.1577419856831621,0.0,PLV
sub-023,3,0.0555555555555555,0.0,0.0,0.0,PLV
sub-023,4,0.3333333333333333,0.7333333333333333,0.0169000933706816,0.0,PLV
sub-023,5,0.611111111111111,0.5272727272727272,0.1263383131030189,0.0,PLV
sub-023,6,0.4444444444444444,0.6785714285714286,0.0412854030501089,0.0,PLV
sub-023,7,0.1111111111111111,0.0,0.0170090258325552,0.0,PLV
sub-023,8,0.0,0.0,0.0,0.0,PLV
sub-023,9,0.1111111111111111,1.0,0.0,0.0,PLV
sub-023,10,0.3888888888888888,0.4761904761904761,0.1115157173980703,0.0,PLV
sub-023,11,0.5,0.5,0.1412698412698412,0.0,PLV
sub-023,12,0.3888888888888888,0.8095238095238095,0.0104575163398692,0.0,PLV
sub-023,13,0.5,0.5833333333333334,0.1039215686274509,0.0,PLV
sub-023,14,0.3888888888888888,0.6190476190476191,0.0473544973544973,0.0,PLV
sub-023,15,0.0555555555555555,0.0,0.0,0.0,PLV
sub-023,16,0.2222222222222222,0.5,0.031870525988173,0.0,PLV
sub-023,17,0.3888888888888888,0.6190476190476191,0.0620759414877062,0.0,PLV
sub-023,18,0.2222222222222222,0.8333333333333334,0.0034858387799564,0.0,PLV
sub-024,0,0.1111111111111111,1.0,0.0,0.0,PLV
sub-024,1,0.0,0.0,0.0,0.0,PLV
sub-024,2,0.611111111111111,0.4909090909090909,0.1691908789659655,0.0,PLV
sub-024,3,0.5,0.5,0.1276688453159041,0.0,PLV
sub-024,4,0.2222222222222222,1.0,0.0,0.0,PLV
sub-024,5,0.2222222222222222,1.0,0.0,0.0,PLV
sub-024,6,0.4444444444444444,0.6071428571428571,0.0744040753556324,0.0,PLV
sub-024,7,0.1111111111111111,1.0,0.0,0.0,PLV
sub-024,8,0.2222222222222222,1.0,0.0,0.0,PLV
sub-024,9,0.0,0.0,0.0,0.0,PLV
sub-024,10,0.3888888888888888,0.6666666666666666,0.0479760531663645,0.0,PLV
sub-024,11,0.3888888888888888,0.7142857142857143,0.0481023782061844,0.0,PLV
sub-024,12,0.5,0.5555555555555556,0.1055139049083685,0.0,PLV
sub-024,13,0.3333333333333333,0.8666666666666667,0.0135250178502773,0.0,PLV
sub-024,14,0.3888888888888888,0.6666666666666666,0.0477508650519031,0.0,PLV
sub-024,15,0.5,0.6388888888888888,0.0768161512971201,0.0,PLV
sub-024,16,0.0555555555555555,0.0,0.0,0.0,PLV
sub-024,17,0.5,0.6388888888888888,0.0651956207319529,0.0,PLV
sub-024,18,0.2777777777777778,0.9,0.0016339869281045,0.0,PLV
sub-025,0,0.2777777777777778,0.5,0.1384878737819914,0.0993118936190559,PLV
sub-025,1,0.2777777777777778,0.8,0.011545643898585,0.1021336508202582,PLV
sub-025,2,0.4444444444444444,0.6428571428571429,0.0475953059286392,0.3655246592588911,PLV
sub-025,3,0.3333333333333333,0.6,0.1539925941886726,0.2761103477369521,PLV
sub-025,4,0.5,0.4444444444444444,0.2530243721420191,0.3741427878672393,PLV
sub-025,5,0.3888888888888888,0.5238095238095238,0.0606560287932836,0.1210502279035341,PLV
sub-025,6,0.1111111111111111,1.0,0.0,0.1146381662274348,PLV
sub-025,7,0.0555555555555555,0.0,0.0,0.0496857042688922,PLV
sub-025,8,0.3888888888888888,0.8095238095238095,0.0118032113130152,0.3501415118809867,PLV
sub-025,9,0.1666666666666666,1.0,0.0,0.0460174292288111,PLV
sub-025,10,0.3888888888888888,0.5714285714285714,0.0629124869320947,0.1216352048425414,PLV
sub-025,11,0.2777777777777778,0.7,0.0108932461873638,0.0759661854917915,PLV
sub-025,12,0.3333333333333333,0.5333333333333333,0.142852155107057,0.1925986697358436,PLV
sub-025,13,0.3888888888888888,0.6190476190476191,0.1186659564110544,0.3205816984399764,PLV
sub-025,14,0.2777777777777778,0.9,0.0028503994190268,0.2699711064467195,PLV
sub-025,15,0.3333333333333333,0.5333333333333333,0.1368698476541613,0.1477356261765179,PLV
sub-025,16,0.2777777777777778,1.0,0.0,0.2768635472511106,PLV
sub-025,17,0.4444444444444444,0.6428571428571429,0.0766090481776756,0.3759860784754739,PLV
sub-025,18,0.1111111111111111,1.0,0.0,0.0416580688244858,PLV
sub-026,0,0.3333333333333333,0.6,0.0351620782993332,0.2024739324746693,PLV
sub-026,1,0.1666666666666666,0.3333333333333333,0.0266005055220741,0.101582326666021,PLV
sub-026,2,0.1666666666666666,1.0,0.0,0.1060545696887327,PLV
sub-026,3,0.3888888888888888,0.3809523809523809,0.0910266385756581,0.2734145986494448,PLV
sub-026,4,0.3888888888888888,0.5714285714285714,0.05422114196624,0.2562865592898397,PLV
sub-026,5,0.3888888888888888,0.6190476190476191,0.0587134724389626,0.3207304800838361,PLV
sub-026,6,0.4444444444444444,0.4642857142857143,0.1229322964617082,0.3093200924895352,PLV
sub-026,7,0.0555555555555555,0.0,0.0,0.0486702713500619,PLV
sub-026,8,0.2777777777777778,0.4,0.1285297672552574,0.1598430073968256,PLV
sub-026,9,0.2777777777777778,0.8,0.0113289760348583,0.1736261795177573,PLV
sub-026,10,0.2777777777777778,0.9,0.0054466230936819,0.2425976411747341,PLV
sub-026,11,0.2777777777777778,0.5,0.0533413028511067,0.1801561090703621,PLV
sub-026,12,0.4444444444444444,0.5357142857142857,0.1337774244636989,0.2984311397399414,PLV
sub-026,13,0.5,0.4722222222222222,0.1635455503102562,0.3769843624127671,PLV
sub-026,14,0.0555555555555555,0.0,0.0,0.0247501825300334,PLV
sub-026,15,0.4444444444444444,0.3928571428571428,0.2385043061513649,0.3143250573596003,PLV
sub-026,16,0.3333333333333333,0.6666666666666666,0.031336147512618,0.2393997294478704,PLV
sub-026,17,0.2222222222222222,0.8333333333333334,0.00479302832244,0.1302098301572195,PLV
sub-026,18,0.3333333333333333,0.6666666666666666,0.0237472766884531,0.2102855017041874,PLV
sub-027,0,0.2777777777777778,1.0,0.0,0.0,PLV
sub-027,1,0.0555555555555555,0.0,0.0,0.0,PLV
sub-027,2,0.5555555555555556,0.8,0.0342826019296607,0.0,PLV
sub-027,3,0.0555555555555555,0.0,0.0,0.0,PLV
sub-027,4,0.5555555555555556,0.6888888888888889,0.1045985060690943,0.0,PLV
sub-027,5,0.1111111111111111,1.0,0.0,0.0,PLV
sub-027,6,0.5,0.8888888888888888,0.0204481792717086,0.0,PLV
sub-027,7,0.0,0.0,0.0,0.0,PLV
sub-027,8,0.4444444444444444,0.75,0.1699346405228758,0.0,PLV
sub-027,9,0.0555555555555555,0.0,0.0,0.0,PLV
sub-027,10,0.5,0.8611111111111112,0.013095238095238,0.0,PLV
sub-027,11,0.0,0.0,0.0,0.0,PLV
sub-027,12,0.5555555555555556,0.8,0.0342826019296607,0.0,PLV
sub-027,13,0.0,0.0,0.0,0.0,PLV
sub-027,14,0.5,0.8888888888888888,0.0204481792717086,0.0,PLV
sub-027,15,0.1111111111111111,0.0,0.0915032679738562,0.0,PLV
sub-027,16,0.4444444444444444,0.5714285714285714,0.1184640522875817,0.0,PLV
sub-027,17,0.5555555555555556,0.8,0.0342826019296607,0.0,PLV
sub-027,18,0.5,0.75,0.0580065359477124,0.0,PLV
sub-028,0,0.2777777777777778,1.0,0.0,0.2530363136894917,PLV
sub-028,1,0.2222222222222222,0.8333333333333334,0.0050186741363211,0.124728295365549,PLV
sub-028,2,0.3333333333333333,0.6666666666666666,0.0230547774665421,0.2843154279191759,PLV
sub-028,3,0.1111111111111111,1.0,0.0,0.0479102042655867,PLV
sub-028,4,0.3888888888888888,0.5238095238095238,0.1050082996161427,0.2945372008475405,PLV
sub-028,5,0.4444444444444444,0.6071428571428571,0.0461769893142442,0.354864240823625,PLV
sub-028,6,0.1666666666666666,0.3333333333333333,0.0522331154684095,0.0659217429251225,PLV
sub-028,7,0.1666666666666666,0.6666666666666666,0.0052910052910052,0.0506332642336421,PLV
sub-028,8,0.2777777777777778,0.5,0.0593500363108206,0.1167971317930764,PLV
sub-028,9,0.2222222222222222,0.6666666666666666,0.0140056022408963,0.1856869599133594,PLV
sub-028,10,0.5,0.5277777777777778,0.1050627658470795,0.380837312123221,PLV
sub-028,11,0.3333333333333333,0.3333333333333333,0.1201940035273368,0.1950097758740977,PLV
sub-028,12,0.3333333333333333,0.6666666666666666,0.0891300964830376,0.2618163357243526,PLV
sub-028,13,0.3333333333333333,0.5333333333333333,0.0584837638759207,0.1470281087683864,PLV
sub-028,14,0.5,0.4722222222222222,0.1850373482726423,0.3715132940561589,PLV
sub-028,15,0.3333333333333333,0.8,0.0116194625998547,0.2777676925530244,PLV
sub-028,16,0.3333333333333333,0.4666666666666667,0.0698308953210914,0.1165791450577552,PLV
sub-028,17,0.0555555555555555,0.0,0.0,0.0570842959791342,PLV
sub-028,18,0.4444444444444444,0.4285714285714285,0.1550783276273472,0.2536062918048674,PLV
sub-029,0,0.2777777777777778,1.0,0.0,0.0,PLV
sub-029,1,0.2777777777777778,0.7,0.016557734204793,0.0,PLV
sub-029,2,0.3888888888888888,0.7142857142857143,0.1514005602240896,0.0,PLV
sub-029,3,0.2777777777777778,0.4,0.1490351696234049,0.0,PLV
sub-029,4,0.3888888888888888,0.9047619047619048,0.0057267351384998,0.0,PLV
sub-029,5,0.3333333333333333,0.4,0.1850762527233115,0.0,PLV
sub-029,6,0.1111111111111111,1.0,0.0,0.0,PLV
sub-029,7,0.2222222222222222,0.5,0.0514161220043573,0.0,PLV
sub-029,8,0.1666666666666666,1.0,0.0,0.0,PLV
sub-029,9,0.0,0.0,0.0,0.0,PLV
sub-029,10,0.4444444444444444,0.7857142857142857,0.0235916588857765,0.0,PLV
sub-029,11,0.1111111111111111,0.0,0.0525054466230936,0.0,PLV
sub-029,12,0.5,0.6666666666666666,0.0604730781201369,0.0,PLV
sub-029,13,0.4444444444444444,0.7142857142857143,0.0359477124183006,0.0,PLV
sub-029,14,0.3333333333333333,0.5333333333333333,0.0861655773420479,0.0,PLV
sub-029,15,0.2777777777777778,0.6,0.0925925925925925,0.0,PLV
sub-029,16,0.5,0.6111111111111112,0.0875972611266728,0.0,PLV
sub-029,17,0.2222222222222222,0.8333333333333334,0.0071895424836601,0.0,PLV
sub-029,18,0.5,0.6388888888888888,0.0666199813258636,0.0,PLV
sub-030,0,0.1666666666666666,0.6666666666666666,0.0052910052910052,0.0,PLV
sub-030,1,0.1111111111111111,1.0,0.0,0.0,PLV
sub-030,2,0.4444444444444444,0.6785714285714286,0.0385776532835356,0.0,PLV
sub-030,3,0.3888888888888888,0.7619047619047619,0.0168845315904139,0.0,PLV
sub-030,4,0.3888888888888888,0.8571428571428571,0.0055088702147525,0.0,PLV
sub-030,5,0.3333333333333333,0.5333333333333333,0.1034391534391534,0.0,PLV
sub-030,6,0.2222222222222222,1.0,0.0,0.0,PLV
sub-030,7,0.1666666666666666,1.0,0.0,0.0,PLV
sub-030,8,0.2777777777777778,0.7,0.0348583877995642,0.0,PLV
sub-030,9,0.0,0.0,0.0,0.0,PLV
sub-030,10,0.5,0.4166666666666667,0.2288048552754434,0.0,PLV
sub-030,11,0.1111111111111111,1.0,0.0,0.0,PLV
sub-030,12,0.3888888888888888,0.4761904761904761,0.3005446623093682,0.0,PLV
sub-030,13,0.4444444444444444,0.6428571428571429,0.0437908496732026,0.0,PLV
sub-030,14,0.3333333333333333,0.8666666666666667,0.0044195455960161,0.0,PLV
sub-030,15,0.2777777777777778,0.7,0.0490196078431372,0.0,PLV
sub-030,16,0.5,0.6388888888888888,0.1388422035480859,0.0,PLV
sub-030,17,0.4444444444444444,0.6428571428571429,0.0594304388422035,0.0,PLV
sub-030,18,0.2777777777777778,0.7,0.0490196078431372,0.0,PLV
sub-031,0,0.0,0.0,0.0,0.0,PLV
sub-031,1,0.0555555555555555,0.0,0.0,0.0,PLV
sub-031,2,0.4444444444444444,0.7857142857142857,0.0495331465919701,0.0,PLV
sub-031,3,0.2222222222222222,1.0,0.0,0.0,PLV
sub-031,4,0.5,0.6944444444444444,0.0336445689386865,0.0,PLV
sub-031,5,0.5,0.6111111111111112,0.0720354808590102,0.0,PLV
sub-031,6,0.1666666666666666,1.0,0.0,0.0,PLV
sub-031,7,0.3333333333333333,0.6,0.099673202614379,0.0,PLV
sub-031,8,0.4444444444444444,0.6428571428571429,0.0464519140989729,0.0,PLV
sub-031,9,0.0,0.0,0.0,0.0,PLV
sub-031,10,0.4444444444444444,0.7142857142857143,0.0481637099284158,0.0,PLV
sub-031,11,0.0555555555555555,0.0,0.0,0.0,PLV
sub-031,12,0.5555555555555556,0.6222222222222222,0.1211795829442888,0.0,PLV
sub-031,13,0.3888888888888888,0.8571428571428571,0.0259103641456582,0.0,PLV
sub-031,14,0.2222222222222222,1.0,0.0,0.0,PLV
sub-031,15,0.2777777777777778,0.6,0.1830065359477124,0.0,PLV
sub-031,16,0.611111111111111,0.5636363636363636,0.1563492063492063,0.0,PLV
sub-031,17,0.4444444444444444,0.8214285714285714,0.0071895424836601,0.0,PLV
sub-031,18,0.1111111111111111,0.0,0.0980392156862745,0.0,PLV
sub-032,0,0.0555555555555555,0.0,0.0,0.0,PLV
sub-032,1,0.0555555555555555,0.0,0.0,0.0,PLV
sub-032,2,0.3333333333333333,0.7333333333333333,0.0246498599439775,0.0,PLV
sub-032,3,0.5,0.6111111111111112,0.074766573295985,0.0,PLV
sub-032,4,0.5,0.5833333333333334,0.0973155929038281,0.0,PLV
sub-032,5,0.5555555555555556,0.5111111111111111,0.1648615001556178,0.0,PLV
sub-032,6,0.3888888888888888,0.7142857142857143,0.0266884531590413,0.0,PLV
sub-032,7,0.2777777777777778,1.0,0.0,0.0,PLV
sub-032,8,0.3888888888888888,0.7142857142857143,0.0266884531590413,0.0,PLV
sub-032,9,0.3888888888888888,0.8095238095238095,0.0150871459694989,0.0,PLV
sub-032,10,0.1666666666666666,1.0,0.0,0.0,PLV
sub-032,11,0.0,0.0,0.0,0.0,PLV
sub-032,12,0.4444444444444444,0.6071428571428571,0.0398225957049486,0.0,PLV
sub-032,13,0.4444444444444444,0.6428571428571429,0.0623327108621226,0.0,PLV
sub-032,14,0.2777777777777778,1.0,0.0,0.0,PLV
sub-032,15,0.2777777777777778,1.0,0.0,0.0,PLV
sub-032,16,0.2222222222222222,0.6666666666666666,0.0154684095860566,0.0,PLV
sub-032,17,0.1111111111111111,1.0,0.0,0.0,PLV
sub-032,18,0.3888888888888888,0.6190476190476191,0.0797696856520386,0.0,PLV
sub-033,0,0.2222222222222222,0.6666666666666666,0.0034858387799564,0.0,PLV
sub-033,1,0.2222222222222222,0.8333333333333334,0.0016339869281045,0.0,PLV
sub-033,2,0.3888888888888888,0.9523809523809524,0.0010893246187363,0.0,PLV
sub-033,3,0.3888888888888888,0.9523809523809524,0.0010893246187363,0.0,PLV
sub-033,4,0.0,0.0,0.0,0.0,PLV
sub-033,5,0.4444444444444444,0.6428571428571429,0.0247276688453159,0.0,PLV
sub-033,6,0.5,0.75,0.0152505446623093,0.0,PLV
sub-033,7,0.3888888888888888,0.7619047619047619,0.0105664488017429,0.0,PLV
sub-033,8,0.0,0.0,0.0,0.0,PLV
sub-033,9,0.0,0.0,0.0,0.0,PLV
sub-033,10,0.5,0.6388888888888888,0.0310457516339869,0.0,PLV
sub-033,11,0.3888888888888888,0.6190476190476191,0.0234204793028322,0.0,PLV
sub-033,12,0.0,0.0,0.0,0.0,PLV
sub-033,13,0.7222222222222222,0.4871794871794871,0.1363834422657951,0.0,PLV
sub-033,14,0.0555555555555555,0.0,0.0,0.0,PLV
sub-033,15,0.2222222222222222,1.0,0.0,0.0,PLV
sub-033,16,0.3888888888888888,0.9523809523809524,0.0010893246187363,0.0,PLV
sub-033,17,0.611111111111111,0.5454545454545454,0.1162309368191721,0.0,PLV
sub-033,18,0.3333333333333333,1.0,0.0,0.0,PLV
sub-034,0,0.4444444444444444,1.0,0.0,0.0,PLV
sub-034,1,0.5555555555555556,0.8444444444444444,0.0236928104575163,0.0,PLV
sub-034,2,0.5,0.9722222222222222,0.0008169934640522,0.0,PLV
sub-034,3,0.5,0.9722222222222222,0.0008169934640522,0.0,PLV
sub-034,4,0.2777777777777778,0.6,0.0718954248366013,0.0,PLV
sub-034,5,0.0555555555555555,0.0,0.0,0.0,PLV
sub-034,6,0.0,0.0,0.0,0.0,PLV
sub-034,7,0.0555555555555555,0.0,0.0,0.0,PLV
sub-034,8,0.4444444444444444,1.0,0.0,0.0,PLV
sub-034,9,0.0555555555555555,0.0,0.0,0.0,PLV
sub-034,10,0.0,0.0,0.0,0.0,PLV
sub-034,11,0.1111111111111111,1.0,0.0,0.0,PLV
sub-034,12,0.0,0.0,0.0,0.0,PLV
sub-034,13,0.5555555555555556,0.8,0.0334967320261437,0.0,PLV
sub-034,14,0.5555555555555556,0.8,0.0334967320261437,0.0,PLV
sub-034,15,0.0,0.0,0.0,0.0,PLV
sub-034,16,0.5555555555555556,0.8444444444444444,0.0236928104575163,0.0,PLV
sub-034,17,0.5555555555555556,0.8444444444444444,0.0236928104575163,0.0,PLV
sub-034,18,0.5555555555555556,0.8444444444444444,0.0236928104575163,0.0,PLV
sub-035,0,0.2222222222222222,0.8333333333333334,0.0031590413943355,0.0,PLV
sub-035,1,0.5,0.5,0.0980910882871667,0.0,PLV
sub-035,2,0.2222222222222222,1.0,0.0,0.0,PLV
sub-035,3,0.2222222222222222,1.0,0.0,0.0,PLV
sub-035,4,0.0,0.0,0.0,0.0,PLV
sub-035,5,0.1666666666666666,1.0,0.0,0.0,PLV
sub-035,6,0.5,0.5,0.0811754331362174,0.0,PLV
sub-035,7,0.1666666666666666,1.0,0.0,0.0,PLV
sub-035,8,0.0,0.0,0.0,0.0,PLV
sub-035,9,0.1111111111111111,1.0,0.0,0.0,PLV
sub-035,10,0.5555555555555556,0.5555555555555556,0.0735605353252412,0.0,PLV
sub-035,11,0.4444444444444444,0.6785714285714286,0.0256510011411972,0.0,PLV
sub-035,12,0.1111111111111111,1.0,0.0,0.0,PLV
sub-035,13,0.3888888888888888,0.6666666666666666,0.0518829754123871,0.0,PLV
sub-035,14,0.5555555555555556,0.4444444444444444,0.1267818238406473,0.0,PLV
sub-035,15,0.5555555555555556,0.4888888888888889,0.1037140782238821,0.0,PLV
sub-035,16,0.2777777777777778,0.8,0.0065359477124183,0.0,PLV
sub-035,17,0.4444444444444444,0.5357142857142857,0.0789034132171387,0.0,PLV
sub-035,18,0.3333333333333333,0.7333333333333333,0.0172113289760348,0.0,PLV
sub-036,0,0.1666666666666666,0.3333333333333333,0.0206971677559912,0.0,PLV
sub-036,1,0.1111111111111111,0.0,0.0253267973856209,0.0,PLV
sub-036,2,0.4444444444444444,0.5714285714285714,0.0635620915032679,0.0,PLV
sub-036,3,0.5,0.4722222222222222,0.1409041394335512,0.0,PLV
sub-036,4,0.0,0.0,0.0,0.0,PLV
sub-036,5,0.1666666666666666,1.0,0.0,0.0,PLV
sub-036,6,0.2222222222222222,1.0,0.0,0.0,PLV
sub-036,7,0.5,0.5833333333333334,0.0721132897603485,0.0,PLV
sub-036,8,0.4444444444444444,0.6428571428571429,0.0348583877995642,0.0,PLV
sub-036,9,0.3333333333333333,0.7333333333333333,0.0115468409586056,0.0,PLV
sub-036,10,0.2777777777777778,0.7,0.0166122004357298,0.0,PLV
sub-036,11,0.1666666666666666,1.0,0.0,0.0,PLV
sub-036,12,0.0,0.0,0.0,0.0,PLV
sub-036,13,0.5,0.5555555555555556,0.0836056644880174,0.0,PLV
sub-036,14,0.3333333333333333,0.8,0.0160675381263616,0.0,PLV
sub-036,15,0.3888888888888888,0.7142857142857143,0.0249455337690631,0.0,PLV
sub-036,16,0.2777777777777778,0.8,0.0059912854030501,0.0,PLV
sub-036,17,0.3333333333333333,0.7333333333333333,0.0130174291938997,0.0,PLV
sub-036,18,0.611111111111111,0.4727272727272727,0.1700980392156862,0.0,PLV
sub-037,0,0.5,0.7222222222222222,0.0260348583877995,0.0,PLV
sub-037,1,0.5,0.6111111111111112,0.1676470588235294,0.0,PLV
sub-037,2,0.1666666666666666,0.3333333333333333,0.1045751633986928,0.0,PLV
sub-037,3,0.2777777777777778,1.0,0.0,0.0,PLV
sub-037,4,0.0555555555555555,0.0,0.0,0.0,PLV
sub-037,5,0.4444444444444444,0.75,0.0135076252723311,0.0,PLV
sub-037,6,0.611111111111111,0.5272727272727272,0.2757080610021786,0.0,PLV
sub-037,7,0.3888888888888888,0.7619047619047619,0.013834422657952,0.0,PLV
sub-037,8,0.1111111111111111,1.0,0.0,0.0,PLV
sub-037,9,0.0555555555555555,0.0,0.0,0.0,PLV
sub-037,10,0.5555555555555556,0.6444444444444445,0.0444444444444444,0.0,PLV
sub-037,11,0.5,0.75,0.0237472766884531,0.0,PLV
sub-037,12,0.4444444444444444,0.8214285714285714,0.0156862745098039,0.0,PLV
sub-037,13,0.0,0.0,0.0,0.0,PLV
sub-037,14,0.2777777777777778,0.3,0.3986928104575163,0.0,PLV
sub-037,15,0.2222222222222222,0.3333333333333333,0.1111111111111111,0.0,PLV
sub-037,16,0.2777777777777778,1.0,0.0,0.0,PLV
sub-037,17,0.1666666666666666,1.0,0.0,0.0,PLV
sub-037,18,0.2222222222222222,0.8333333333333334,0.0010893246187363,0.0,PLV
sub-038,0,0.2777777777777778,1.0,0.0,0.0,PLV
sub-038,1,0.5,0.6944444444444444,0.0275910364145658,0.0,PLV
sub-038,2,0.5555555555555556,0.6666666666666666,0.0316059757236227,0.0,PLV
sub-038,3,0.3333333333333333,0.8,0.0066993464052287,0.0,PLV
sub-038,4,0.0,0.0,0.0,0.0,PLV
sub-038,5,0.3333333333333333,0.6,0.0475023342670401,0.0,PLV
sub-038,6,0.0,0.0,0.0,0.0,PLV
sub-038,7,0.0,0.0,0.0,0.0,PLV
sub-038,8,0.5555555555555556,0.5777777777777777,0.0572440087145969,0.0,PLV
sub-038,9,0.1666666666666666,1.0,0.0,0.0,PLV
sub-038,10,0.5555555555555556,0.6666666666666666,0.0281201369436663,0.0,PLV
sub-038,11,0.3333333333333333,0.9333333333333332,0.0013071895424836,0.0,PLV
sub-038,12,0.611111111111111,0.5636363636363636,0.0746887643946467,0.0,PLV
sub-038,13,0.611111111111111,0.5818181818181818,0.0700746965452847,0.0,PLV
sub-038,14,0.1111111111111111,1.0,0.0,0.0,PLV
sub-038,15,0.0,0.0,0.0,0.0,PLV
sub-038,16,0.3333333333333333,0.5333333333333333,0.0386087768440709,0.0,PLV
sub-038,17,0.3888888888888888,0.8095238095238095,0.008714596949891,0.0,PLV
sub-038,18,0.1111111111111111,1.0,0.0,0.0,PLV
sub-039,0,0.2777777777777778,0.7,0.008714596949891,0.0,PLV
sub-039,1,0.3333333333333333,0.2666666666666666,0.0650715841892312,0.0,PLV
sub-039,2,0.1666666666666666,1.0,0.0,0.0,PLV
sub-039,3,0.1111111111111111,0.0,0.0021786492374727,0.0,PLV
sub-039,4,0.611111111111111,0.509090909090909,0.1027544351073763,0.0,PLV
sub-039,5,0.0,0.0,0.0,0.0,PLV
sub-039,6,0.5555555555555556,0.6,0.0876517273576097,0.0,PLV
sub-039,7,0.3888888888888888,0.8095238095238095,0.0133986928104575,0.0,PLV
sub-039,8,0.1666666666666666,1.0,0.0,0.0,PLV
sub-039,9,0.0555555555555555,0.0,0.0,0.0,PLV
sub-039,10,0.5,0.4444444444444444,0.1099206349206349,0.0,PLV
sub-039,11,0.1111111111111111,0.0,0.0016339869281045,0.0,PLV
sub-039,12,0.5,0.6944444444444444,0.0412464985994397,0.0,PLV
sub-039,13,0.0,0.0,0.0,0.0,PLV
sub-039,14,0.4444444444444444,0.6785714285714286,0.0435185185185185,0.0,PLV
sub-039,15,0.3888888888888888,0.5714285714285714,0.1056644880174291,0.0,PLV
sub-039,16,0.3888888888888888,0.6190476190476191,0.0253345782757547,0.0,PLV
sub-039,17,0.3333333333333333,0.6,0.0554621848739495,0.0,PLV
sub-039,18,0.4444444444444444,0.6428571428571429,0.0564036725801431,0.0,PLV
sub-040,0,0.5,0.8333333333333334,0.0082321817615935,0.0,PLV
sub-040,1,0.3333333333333333,1.0,0.0,0.0,PLV
sub-040,2,0.5555555555555556,0.7777777777777778,0.0140367258014316,0.0,PLV
sub-040,3,0.5555555555555556,0.7777777777777778,0.0140367258014316,0.0,PLV
sub-040,4,0.1666666666666666,0.3333333333333333,0.0130718954248366,0.0,PLV
sub-040,5,0.0,0.0,0.0,0.0,PLV
sub-040,6,0.1111111111111111,1.0,0.0,0.0,PLV
sub-040,7,0.1111111111111111,1.0,0.0,0.0,PLV
sub-040,8,0.5555555555555556,0.7111111111111111,0.0326486150015561,0.0,PLV
sub-040,9,0.1666666666666666,1.0,0.0,0.0,PLV
sub-040,10,0.4444444444444444,0.8928571428571429,0.0039526921879863,0.0,PLV
sub-040,11,0.3888888888888888,0.9523809523809524,0.0010893246187363,0.0,PLV
sub-040,12,0.4444444444444444,0.8571428571428571,0.0060535325241207,0.0,PLV
sub-040,13,0.5555555555555556,0.7777777777777778,0.0140367258014316,0.0,PLV
sub-040,14,0.3888888888888888,0.7619047619047619,0.0127606598194833,0.0,PLV
sub-040,15,0.4444444444444444,0.75,0.0173358232181761,0.0,PLV
sub-040,16,0.0,0.0,0.0,0.0,PLV
sub-040,17,0.0555555555555555,0.0,0.0,0.0,PLV
sub-040,18,0.0,0.0,0.0,0.0,PLV
sub-041,0,0.5,0.8333333333333334,0.0148148148148148,0.0,PLV
sub-041,1,0.4444444444444444,0.8928571428571429,0.0039215686274509,0.0,PLV
sub-041,2,0.4444444444444444,0.9285714285714286,0.0065359477124183,0.0,PLV
sub-041,3,0.3888888888888888,0.7142857142857143,0.1045751633986928,0.0,PLV
sub-041,4,0.2777777777777778,1.0,0.0,0.0,PLV
sub-041,5,0.0,0.0,0.0,0.0,PLV
sub-041,6,0.5,0.75,0.0849673202614379,0.0,PLV
sub-041,7,0.2222222222222222,0.5,0.1437908496732026,0.0,PLV
sub-041,8,0.5,0.6944444444444444,0.1084967320261438,0.0,PLV
sub-041,9,0.0555555555555555,0.0,0.0,0.0,PLV
sub-041,10,0.4444444444444444,0.9285714285714286,0.0065359477124183,0.0,PLV
sub-041,11,0.1666666666666666,0.3333333333333333,0.1045751633986928,0.0,PLV
sub-041,12,0.1666666666666666,0.6666666666666666,0.0446623093681917,0.0,PLV
sub-041,13,0.5,0.8333333333333334,0.0148148148148148,0.0,PLV
sub-041,14,0.611111111111111,0.5818181818181818,0.3339869281045752,0.0,PLV
sub-041,15,0.2222222222222222,0.5,0.181917211328976,0.0,PLV
sub-041,16,0.0555555555555555,0.0,0.0,0.0,PLV
sub-041,17,0.2222222222222222,0.5,0.1405228758169934,0.0,PLV
sub-041,18,0.0555555555555555,0.0,0.0,0.0,PLV
sub-042,0,0.5,0.5555555555555556,0.1076677135500665,0.0,PLV
sub-042,1,0.2222222222222222,0.1666666666666666,0.0624197153608918,0.0,PLV
sub-042,2,0.4444444444444444,0.6785714285714286,0.0382409529468353,0.0,PLV
sub-042,3,0.4444444444444444,0.6785714285714286,0.0382409529468353,0.0,PLV
sub-042,4,0.1666666666666666,0.3333333333333333,0.0478736949325184,0.0,PLV
sub-042,5,0.2777777777777778,0.4,0.0317361287949523,0.0,PLV
sub-042,6,0.0,0.0,0.0,0.0,PLV
sub-042,7,0.1666666666666666,0.6666666666666666,0.0045751633986928,0.0,PLV
sub-042,8,0.2222222222222222,0.5,0.0235195088136264,0.0,PLV
sub-042,9,0.2222222222222222,0.3333333333333333,0.071185241773477,0.0,PLV
sub-042,10,0.5,0.6388888888888888,0.0766969414028237,0.0,PLV
sub-042,11,0.2777777777777778,1.0,0.0,0.0,PLV
sub-042,12,0.4444444444444444,0.6785714285714286,0.0312791783380018,0.0,PLV
sub-042,13,0.4444444444444444,0.7142857142857143,0.0372138754491695,0.0,PLV
sub-042,14,0.3333333333333333,0.4666666666666667,0.1090909090909091,0.0,PLV
sub-042,15,0.3888888888888888,0.4761904761904761,0.0753402371049429,0.0,PLV
sub-042,16,0.3333333333333333,0.4666666666666667,0.1249922191098661,0.0,PLV
sub-042,17,0.1111111111111111,1.0,0.0,0.0,PLV
sub-042,18,0.2777777777777778,0.3,0.0611040375746258,0.0,PLV
sub-043,0,0.3333333333333333,0.7333333333333333,0.0221132897603485,0.0,PLV
sub-043,1,0.3333333333333333,0.8,0.0211873638344226,0.0,PLV
sub-043,2,0.2777777777777778,0.9,0.0032679738562091,0.0,PLV
sub-043,3,0.3888888888888888,0.6666666666666666,0.0438453159041394,0.0,PLV
sub-043,4,0.611111111111111,0.5272727272727272,0.135838779956427,0.0,PLV
sub-043,5,0.4444444444444444,0.5714285714285714,0.0845315904139433,0.0,PLV
sub-043,6,0.3333333333333333,0.8,0.0070806100217864,0.0,PLV
sub-043,7,0.5,0.5555555555555556,0.1322984749455338,0.0,PLV
sub-043,8,0.2777777777777778,0.9,0.0016339869281045,0.0,PLV
sub-043,9,0.0,0.0,0.0,0.0,PLV
sub-043,10,0.5,0.5833333333333334,0.0501633986928104,0.0,PLV
sub-043,11,0.1111111111111111,1.0,0.0,0.0,PLV
sub-043,12,0.0555555555555555,0.0,0.0,0.0,PLV
sub-043,13,0.5,0.6388888888888888,0.0429193899782135,0.0,PLV
sub-043,14,0.4444444444444444,0.4642857142857143,0.1284313725490196,0.0,PLV
sub-043,15,0.0,0.0,0.0,0.0,PLV
sub-043,16,0.0555555555555555,0.0,0.0,0.0,PLV
sub-043,17,0.3333333333333333,0.7333333333333333,0.0129629629629629,0.0,PLV
sub-043,18,0.2777777777777778,0.6,0.0980392156862745,0.0,PLV
sub-044,0,0.1666666666666666,1.0,0.0,0.0,PLV
sub-044,1,0.3888888888888888,1.0,0.0,0.0,PLV
sub-044,2,0.2777777777777778,0.8,0.0043572984749455,0.0,PLV
sub-044,3,0.4444444444444444,0.75,0.0588235294117647,0.0,PLV
sub-044,4,0.3888888888888888,1.0,0.0,0.0,PLV
sub-044,5,0.0,0.0,0.0,0.0,PLV
sub-044,6,0.2222222222222222,1.0,0.0,0.0,PLV
sub-044,7,0.5,0.8055555555555556,0.0130718954248366,0.0,PLV
sub-044,8,0.0,0.0,0.0,0.0,PLV
sub-044,9,0.5,0.8055555555555556,0.0130718954248366,0.0,PLV
sub-044,10,0.2222222222222222,1.0,0.0,0.0,PLV
sub-044,11,0.4444444444444444,0.8928571428571429,0.0052287581699346,0.0,PLV
sub-044,12,0.2777777777777778,0.8,0.0043572984749455,0.0,PLV
sub-044,13,0.5,0.8055555555555556,0.0130718954248366,0.0,PLV
sub-044,14,0.3333333333333333,0.9333333333333332,0.0013071895424836,0.0,PLV
sub-044,15,0.0555555555555555,0.0,0.0,0.0,PLV
sub-044,16,0.5,0.8055555555555556,0.0130718954248366,0.0,PLV
sub-044,17,0.2777777777777778,0.8,0.0043572984749455,0.0,PLV
sub-044,18,0.2777777777777778,1.0,0.0,0.0,PLV
sub-045,0,0.3888888888888888,0.8571428571428571,0.0117647058823529,0.0,PLV
sub-045,1,0.5555555555555556,0.6,0.1028478057889822,0.0,PLV
sub-045,2,0.4444444444444444,0.75,0.0348117024587612,0.0,PLV
sub-045,3,0.3888888888888888,0.8095238095238095,0.0239651416122004,0.0,PLV
sub-045,4,0.3333333333333333,0.8,0.007469654528478,0.0,PLV
sub-045,5,0.0,0.0,0.0,0.0,PLV
sub-045,6,0.5,0.6666666666666666,0.0569249922191098,0.0,PLV
sub-045,7,0.5,0.5833333333333334,0.0815126050420168,0.0,PLV
sub-045,8,0.3888888888888888,0.8095238095238095,0.0239651416122004,0.0,PLV
sub-045,9,0.1666666666666666,1.0,0.0,0.0,PLV
sub-045,10,0.2777777777777778,1.0,0.0,0.0,PLV
sub-045,11,0.3888888888888888,0.8095238095238095,0.0239651416122004,0.0,PLV
sub-045,12,0.5,0.6111111111111112,0.0634765017117958,0.0,PLV
sub-045,13,0.0,0.0,0.0,0.0,PLV
sub-045,14,0.3888888888888888,0.7619047619047619,0.0197167755991285,0.0,PLV
sub-045,15,0.1666666666666666,1.0,0.0,0.0,PLV
sub-045,16,0.0,0.0,0.0,0.0,PLV
sub-045,17,0.3888888888888888,0.7142857142857143,0.026704014939309,0.0,PLV
sub-045,18,0.0,0.0,0.0,0.0,PLV
sub-046,0,0.5,0.7222222222222222,0.0174291938997821,0.0,PLV
sub-046,1,0.0,0.0,0.0,0.0,PLV
sub-046,2,0.0,0.0,0.0,0.0,PLV
sub-046,3,0.4444444444444444,0.6071428571428571,0.0833955804544039,0.0,PLV
sub-046,4,0.0,0.0,0.0,0.0,PLV
sub-046,5,0.0,0.0,0.0,0.0,PLV
sub-046,6,0.5,0.7777777777777778,0.0089947089947089,0.0,PLV
sub-046,7,0.6666666666666666,0.5909090909090909,0.0585589791472144,0.0,PLV
sub-046,8,0.2777777777777778,1.0,0.0,0.0,PLV
sub-046,9,0.4444444444444444,0.7857142857142857,0.012636165577342,0.0,PLV
sub-046,10,0.3333333333333333,0.8666666666666667,0.0021786492374727,0.0,PLV
sub-046,11,0.0555555555555555,0.0,0.0,0.0,PLV
sub-046,12,0.6666666666666666,0.5909090909090909,0.0585589791472144,0.0,PLV
sub-046,13,0.1666666666666666,1.0,0.0,0.0,PLV
sub-046,14,0.5,0.75,0.0141145347027699,0.0,PLV
sub-046,15,0.3888888888888888,0.8095238095238095,0.0044195455960161,0.0,PLV
sub-046,16,0.3888888888888888,0.8095238095238095,0.0046374105197634,0.0,PLV
sub-046,17,0.4444444444444444,0.6428571428571429,0.0226579520697167,0.0,PLV
sub-046,18,0.0,0.0,0.0,0.0,PLV
sub-047,0,0.2222222222222222,0.8333333333333334,0.0016339869281045,0.0,PLV
sub-047,1,0.2222222222222222,0.8333333333333334,0.0016339869281045,0.0,PLV
sub-047,2,0.611111111111111,0.5818181818181818,0.0440087145969498,0.0,PLV
sub-047,3,0.0555555555555555,0.0,0.0,0.0,PLV
sub-047,4,0.0,0.0,0.0,0.0,PLV
sub-047,5,0.3333333333333333,0.8666666666666667,0.0032679738562091,0.0,PLV
sub-047,6,0.2222222222222222,1.0,0.0,0.0,PLV
sub-047,7,0.5555555555555556,0.6444444444444445,0.0282135076252723,0.0,PLV
sub-047,8,0.2222222222222222,1.0,0.0,0.0,PLV
sub-047,9,0.0,0.0,0.0,0.0,PLV
sub-047,10,0.5555555555555556,0.6222222222222222,0.0321350762527233,0.0,PLV
sub-047,11,0.7222222222222222,0.4871794871794871,0.1104575163398692,0.0,PLV
sub-047,12,0.4444444444444444,0.7857142857142857,0.010239651416122,0.0,PLV
sub-047,13,0.4444444444444444,0.7857142857142857,0.010239651416122,0.0,PLV
sub-047,14,0.0555555555555555,0.0,0.0,0.0,PLV
sub-047,15,0.5,0.7222222222222222,0.0163398692810457,0.0,PLV
sub-047,16,0.3333333333333333,0.8666666666666667,0.0032679738562091,0.0,PLV
sub-047,17,0.2777777777777778,1.0,0.0,0.0,PLV
sub-047,18,0.0,0.0,0.0,0.0,PLV
sub-048,0,0.5,0.9166666666666666,0.0081699346405228,0.0,PLV
sub-048,1,0.5,0.9166666666666666,0.0081699346405228,0.0,PLV
sub-048,2,0.5,0.9166666666666666,0.0081699346405228,0.0,PLV
sub-048,3,0.4444444444444444,1.0,0.0,0.0,PLV
sub-048,4,0.5555555555555556,0.7777777777777778,0.0315904139433551,0.0,PLV
sub-048,5,0.5555555555555556,0.4666666666666667,0.1285403050108932,0.0,PLV
sub-048,6,0.0,0.0,0.0,0.0,PLV
sub-048,7,0.0,0.0,0.0,0.0,PLV
sub-048,8,0.1666666666666666,1.0,0.0,0.0,PLV
sub-048,9,0.0,0.0,0.0,0.0,PLV
sub-048,10,0.4444444444444444,1.0,0.0,0.0,PLV
sub-048,11,0.5,0.9166666666666666,0.0081699346405228,0.0,PLV
sub-048,12,0.611111111111111,0.6727272727272727,0.0664488017429194,0.0,PLV
sub-048,13,0.1111111111111111,1.0,0.0,0.0,PLV
sub-048,14,0.0,0.0,0.0,0.0,PLV
sub-048,15,0.0,0.0,0.0,0.0,PLV
sub-048,16,0.4444444444444444,1.0,0.0,0.0,PLV
sub-048,17,0.3333333333333333,0.4666666666666667,0.0348583877995642,0.0,PLV
sub-048,18,0.1111111111111111,1.0,0.0,0.0,PLV
sub-049,0,0.0555555555555555,0.0,0.0,0.0411746080958364,PLV
sub-049,1,0.3333333333333333,0.8,0.0175070028011204,0.284127322346999,PLV
sub-049,2,0.3888888888888888,0.5714285714285714,0.0741108564637976,0.300957500943621,PLV
sub-049,3,0.1111111111111111,1.0,0.0,0.0299081923390842,PLV
sub-049,4,0.3333333333333333,0.6666666666666666,0.043215063803299,0.2313778821014989,PLV
sub-049,5,0.2777777777777778,0.4,0.1215233568174744,0.1012256941784132,PLV
sub-049,6,0.3888888888888888,0.6666666666666666,0.0367215573097926,0.3170992600806047,PLV
sub-049,7,0.3333333333333333,0.6,0.0805746541040658,0.225562441708545,PLV
sub-049,8,0.3333333333333333,0.4666666666666667,0.0387955182072829,0.2497661695384659,PLV
sub-049,9,0.3333333333333333,0.7333333333333333,0.0122782446311858,0.2532013859315863,PLV
sub-049,10,0.4444444444444444,0.5357142857142857,0.0661842514783691,0.3393278732414294,PLV
sub-049,11,0.4444444444444444,0.4285714285714285,0.2239821180997652,0.2707277201638358,PLV
sub-049,12,0.5555555555555556,0.4888888888888889,0.200353676824265,0.4144945871920922,PLV
sub-049,13,0.3333333333333333,0.7333333333333333,0.0122782446311858,0.2532013859315866,PLV
sub-049,14,0.2222222222222222,0.3333333333333333,0.0510299069122598,0.1032867846989235,PLV
sub-049,15,0.2777777777777778,0.7,0.0192810457516339,0.1766599443396779,PLV
sub-049,16,0.2222222222222222,0.3333333333333333,0.0575474634298163,0.0844506517915833,PLV
sub-049,17,0.1666666666666666,0.3333333333333333,0.0632147808618397,0.0439480066992715,PLV
sub-049,18,0.2222222222222222,0.6666666666666666,0.0382650029708853,0.0954240640253701,PLV
sub-050,0,0.2222222222222222,0.8333333333333334,0.0046918767507002,0.1425233209503583,PLV
sub-050,1,0.2777777777777778,0.7,0.0173202614379085,0.1797200266170334,PLV
sub-050,2,0.2777777777777778,0.8,0.0165655150949268,0.1958596666641036,PLV
sub-050,3,0.3888888888888888,0.6190476190476191,0.0348739495798319,0.2442114046333207,PLV
sub-050,4,0.0555555555555555,0.0,0.0,0.0096025186396577,PLV
sub-050,5,0.2222222222222222,0.8333333333333334,0.0031123560535325,0.1597920209494773,PLV
sub-050,6,0.3888888888888888,0.6666666666666666,0.107516339869281,0.3073645939690075,PLV
sub-050,7,0.1666666666666666,0.3333333333333333,0.1111111111111111,0.0604583010229767,PLV
sub-050,8,0.3888888888888888,0.6666666666666666,0.107516339869281,0.3073645939690075,PLV
sub-050,9,0.2777777777777778,0.7,0.0980392156862745,0.1855241282034556,PLV
sub-050,10,0.4444444444444444,0.3928571428571428,0.1171879863056333,0.2775482527455453,PLV
sub-050,11,0.2222222222222222,0.6666666666666666,0.0086601307189542,0.1443616635168349,PLV
sub-050,12,0.5555555555555556,0.3555555555555555,0.3530656707127295,0.3891466644055157,PLV
sub-050,13,0.2777777777777778,0.6,0.0223000311235605,0.1929865074093101,PLV
sub-050,14,0.3888888888888888,0.4761904761904761,0.1071895424836601,0.2823804514161347,PLV
sub-050,15,0.3333333333333333,0.6666666666666666,0.0316993464052287,0.2778899282083519,PLV
sub-050,16,0.2222222222222222,0.6666666666666666,0.0065359477124183,0.1559985054024907,PLV
sub-050,17,0.2777777777777778,0.7,0.0980392156862745,0.1855241282034556,PLV
sub-050,18,0.3888888888888888,0.6666666666666666,0.107516339869281,0.3073645939690074,PLV
sub-051,0,0.5,0.75,0.0597572362278244,0.0,PLV
sub-051,1,0.4444444444444444,0.9642857142857144,0.0009337068160597,0.0,PLV
sub-051,2,0.3888888888888888,1.0,0.0,0.0,PLV
sub-051,3,0.4444444444444444,0.9642857142857144,0.0009337068160597,0.0,PLV
sub-051,4,0.0,0.0,0.0,0.0,PLV
sub-051,5,0.2222222222222222,0.8333333333333334,0.0021786492374727,0.0,PLV
sub-051,6,0.1666666666666666,1.0,0.0,0.0,PLV
sub-051,7,0.2777777777777778,0.7,0.0076252723311546,0.0,PLV
sub-051,8,0.0,0.0,0.0,0.0,PLV
sub-051,9,0.4444444444444444,0.8571428571428571,0.0081699346405228,0.0,PLV
sub-051,10,0.4444444444444444,0.9642857142857144,0.0009337068160597,0.0,PLV
sub-051,11,0.5,0.8333333333333334,0.0112822906940554,0.0,PLV
sub-051,12,0.0555555555555555,0.0,0.0,0.0,PLV
sub-051,13,0.5,0.8333333333333334,0.0112822906940554,0.0,PLV
sub-051,14,0.2222222222222222,1.0,0.0,0.0,PLV
sub-051,15,0.5,0.8333333333333334,0.0112822906940554,0.0,PLV
sub-051,16,0.2777777777777778,0.7,0.0076252723311546,0.0,PLV
sub-051,17,0.2222222222222222,0.8333333333333334,0.0021786492374727,0.0,PLV
sub-051,18,0.1666666666666666,1.0,0.0,0.0,PLV
sub-052,0,0.1666666666666666,0.6666666666666666,0.0289449112978524,0.046055601063899,PLV
sub-052,1,0.1111111111111111,1.0,0.0,0.0131210294531683,PLV
sub-052,2,0.1666666666666666,0.6666666666666666,0.0032679738562091,0.0024727965823498,PLV
sub-052,3,0.1111111111111111,1.0,0.0,0.001478242883504,PLV
sub-052,4,0.2222222222222222,0.5,0.1503267973856209,0.0086538849326703,PLV
sub-052,5,0.2777777777777778,0.6,0.0457282913165266,0.1951278307502561,PLV
sub-052,6,0.3333333333333333,1.0,0.0,0.2762773377781615,PLV
sub-052,7,0.1111111111111111,0.0,0.0123949579831932,0.0500279865907117,PLV
sub-052,8,0.1666666666666666,0.6666666666666666,0.0490196078431372,0.0084805239545684,PLV
sub-052,9,0.5,0.75,0.0359088079676315,0.3640537857160225,PLV
sub-052,10,0.5,0.75,0.0359088079676315,0.3640537857160223,PLV
sub-052,11,0.3888888888888888,0.9047619047619048,0.018588546529723,0.3092119093888924,PLV
sub-052,12,0.4444444444444444,0.5357142857142857,0.3661686896981015,0.2808319186810359,PLV
sub-052,13,0.3333333333333333,0.2,0.4409430438842203,0.0527059201338424,PLV
sub-052,14,0.5,0.75,0.0359088079676315,0.3640537857160223,PLV
sub-052,15,0.5,0.6111111111111112,0.0727046374105197,0.3369862477197429,PLV
sub-052,16,0.1666666666666666,0.0,0.099906629318394,0.0395726248743542,PLV
sub-052,17,0.4444444444444444,0.8571428571428571,0.020985060690943,0.3411701635648314,PLV
sub-052,18,0.3333333333333333,0.9333333333333332,0.0081310301898537,0.2725068947003071,PLV
sub-053,0,0.611111111111111,0.3272727272727272,0.3696389666977903,0.4053000999179439,PLV
sub-053,1,0.3888888888888888,0.6666666666666666,0.074260815437286,0.2746773351463166,PLV
sub-053,2,0.1666666666666666,0.3333333333333333,0.0934640522875817,0.0614385548317575,PLV
sub-053,3,0.2777777777777778,1.0,0.0,0.1794541737360097,PLV
sub-053,4,0.2777777777777778,1.0,0.0,0.1794541737360096,PLV
sub-053,5,0.1666666666666666,0.6666666666666666,0.0157952069716775,0.0259045639985803,PLV
sub-053,6,0.3333333333333333,0.9333333333333332,0.004979769685652,0.2783084569527774,PLV
sub-053,7,0.3333333333333333,0.7333333333333333,0.0122004357298474,0.2437828142131084,PLV
sub-053,8,0.3333333333333333,0.8666666666666667,0.0202614379084967,0.2330614390643987,PLV
sub-053,9,0.3333333333333333,0.9333333333333332,0.004979769685652,0.2783084569527775,PLV
sub-053,10,0.0555555555555555,0.0,0.0,0.061778426675313,PLV
sub-053,11,0.3888888888888888,0.7142857142857143,0.0525521319638966,0.3146388224963948,PLV
sub-053,12,0.2777777777777778,0.3,0.1730936819172113,0.090731126718612,PLV
sub-053,13,0.1111111111111111,1.0,0.0,0.0177783560086843,PLV
sub-053,14,0.3888888888888888,0.7619047619047619,0.0171802054154995,0.2973900795414974,PLV
sub-053,15,0.3888888888888888,0.6666666666666666,0.1365701836290072,0.2864346649426734,PLV
sub-053,16,0.3888888888888888,0.6666666666666666,0.1113289760348584,0.2450620469708193,PLV
sub-053,17,0.3888888888888888,0.6666666666666666,0.1113289760348584,0.2450620469708193,PLV
sub-053,18,0.1666666666666666,0.6666666666666666,0.004979769685652,0.1442674513319925,PLV
sub-054,0,0.2222222222222222,1.0,0.0,0.1657033964678982,PLV
sub-054,1,0.3333333333333333,0.6,0.0330638315932433,0.2309734289775403,PLV
sub-054,2,0.3333333333333333,0.4666666666666667,0.0832102537984891,0.2595462195675797,PLV
sub-054,3,0.1666666666666666,0.6666666666666666,0.0054466230936819,0.0952579212373751,PLV
sub-054,4,0.3888888888888888,0.4761904761904761,0.063715587244999,0.2307427473874587,PLV
sub-054,5,0.2222222222222222,0.5,0.0501089324618736,0.1344362913591787,PLV
sub-054,6,0.3333333333333333,0.5333333333333333,0.069142404436522,0.244746866877639,PLV
sub-054,7,0.1666666666666666,1.0,0.0,0.0958956167066895,PLV
sub-054,8,0.1111111111111111,0.0,0.0032679738562091,0.0385878649038095,PLV
sub-054,9,0.2222222222222222,0.3333333333333333,0.0632798573975044,0.115535387044911,PLV
sub-054,10,0.3888888888888888,0.4761904761904761,0.056248762131115,0.2419979470852451,PLV
sub-054,11,0.1666666666666666,1.0,0.0,0.1718292609961383,PLV
sub-054,12,0.611111111111111,0.3818181818181818,0.2098251421780833,0.4154428390994608,PLV
sub-054,13,0.4444444444444444,0.5,0.0991808844750021,0.325071864923991,PLV
sub-054,14,0.5555555555555556,0.3555555555555555,0.2230250686133039,0.3725929757408869,PLV
sub-054,15,0.3333333333333333,0.6,0.0508325552443199,0.2652188401797049,PLV
sub-054,16,0.2777777777777778,0.8,0.0054466230936819,0.1962653949192743,PLV
sub-054,17,0.2222222222222222,0.6666666666666666,0.023732422261834,0.1457209222473781,PLV
sub-054,18,0.2777777777777778,0.6,0.0258325552443199,0.2285422201432888,PLV
sub-055,0,0.3333333333333333,1.0,0.0,0.0,PLV
sub-055,1,0.3333333333333333,1.0,0.0,0.0,PLV
sub-055,2,0.0,0.0,0.0,0.0,PLV
sub-055,3,0.3333333333333333,0.8666666666666667,0.0142857142857142,0.0,PLV
sub-055,4,0.0,0.0,0.0,0.0,PLV
sub-055,5,0.5,0.4722222222222222,0.2011204481792717,0.0,PLV
sub-055,6,0.2222222222222222,0.8333333333333334,0.0021786492374727,0.0,PLV
sub-055,7,0.0,0.0,0.0,0.0,PLV
sub-055,8,0.3888888888888888,0.5714285714285714,0.0776014109347442,0.0,PLV
sub-055,9,0.2777777777777778,0.7,0.0246342981637099,0.0,PLV
sub-055,10,0.3888888888888888,0.9047619047619048,0.0026143790849673,0.0,PLV
sub-055,11,0.3888888888888888,0.9047619047619048,0.0026143790849673,0.0,PLV
sub-055,12,0.4444444444444444,0.7857142857142857,0.034547152194211,0.0,PLV
sub-055,13,0.5,0.6666666666666666,0.0664073036622056,0.0,PLV
sub-055,14,0.1666666666666666,1.0,0.0,0.0,PLV
sub-055,15,0.3333333333333333,0.6,0.0526247536051457,0.0,PLV
sub-055,16,0.5555555555555556,0.5777777777777777,0.1191824878099387,0.0,PLV
sub-055,17,0.2777777777777778,0.7,0.0294791990870422,0.0,PLV
sub-055,18,0.3333333333333333,0.6,0.0524483867621122,0.0,PLV
sub-056,0,0.2777777777777778,0.6,0.0272331154684095,0.0,PLV
sub-056,1,0.2777777777777778,0.6,0.0750544662309368,0.0,PLV
sub-056,2,0.3333333333333333,0.8666666666666667,0.005672268907563,0.0,PLV
sub-056,3,0.2222222222222222,0.6666666666666666,0.0150871459694989,0.0,PLV
sub-056,4,0.2222222222222222,0.8333333333333334,0.0034858387799564,0.0,PLV
sub-056,5,0.3333333333333333,0.8666666666666667,0.005672268907563,0.0,PLV
sub-056,6,0.5,0.4722222222222222,0.1229925303454715,0.0,PLV
sub-056,7,0.0,0.0,0.0,0.0,PLV
sub-056,8,0.5555555555555556,0.4222222222222222,0.2619592281356987,0.0,PLV
sub-056,9,0.3333333333333333,0.8,0.0065359477124183,0.0,PLV
sub-056,10,0.2222222222222222,0.8333333333333334,0.0032679738562091,0.0,PLV
sub-056,11,0.3888888888888888,0.3809523809523809,0.1495331465919701,0.0,PLV
sub-056,12,0.1666666666666666,1.0,0.0,0.0,PLV
sub-056,13,0.3333333333333333,0.8666666666666667,0.005672268907563,0.0,PLV
sub-056,14,0.4444444444444444,0.4642857142857143,0.1036570183629007,0.0,PLV
sub-056,15,0.2222222222222222,1.0,0.0,0.0,PLV
sub-056,16,0.1111111111111111,1.0,0.0,0.0,PLV
sub-056,17,0.4444444444444444,0.5357142857142857,0.0908574540927482,0.0,PLV
sub-056,18,0.3888888888888888,0.7142857142857143,0.0187441643323996,0.0,PLV
sub-057,0,0.3333333333333333,1.0,0.0,0.2891064937117935,PLV
sub-057,1,0.2222222222222222,0.6666666666666666,0.0173202614379084,0.008938094792431,PLV
sub-057,2,0.4444444444444444,0.7142857142857143,0.0429193899782135,0.3351892603890887,PLV
sub-057,3,0.5,0.6944444444444444,0.0514161220043573,0.3730437390483858,PLV
sub-057,4,0.1111111111111111,1.0,0.0,0.0166830059002959,PLV
sub-057,5,0.2222222222222222,0.3333333333333333,0.2166666666666666,0.0984906210766744,PLV
sub-057,6,0.4444444444444444,0.6428571428571429,0.0994553376906318,0.322497951647489,PLV
sub-057,7,0.2222222222222222,0.5,0.0725490196078431,0.0064467675016819,PLV
sub-057,8,0.4444444444444444,0.7857142857142857,0.0113289760348583,0.3507019142392704,PLV
sub-057,9,0.2222222222222222,0.5,0.0493464052287581,0.0054172008433854,PLV
sub-057,10,0.3888888888888888,0.9047619047619048,0.0026143790849673,0.3241396272625088,PLV
sub-057,11,0.2777777777777778,0.5,0.2465686274509804,0.1838996345495898,PLV
sub-057,12,0.5555555555555556,0.5777777777777777,0.189433551198257,0.3850092886636716,PLV
sub-057,13,0.3888888888888888,0.6666666666666666,0.0778322440087146,0.2883641113538273,PLV
sub-057,14,0.2777777777777778,0.3,0.1702614379084967,0.0221472371183076,PLV
sub-057,15,0.2777777777777778,0.8,0.0119825708061002,0.2186390283498579,PLV
sub-057,16,0.2222222222222222,0.3333333333333333,0.2239651416122004,0.0306217880479134,PLV
sub-057,17,0.1111111111111111,1.0,0.0,0.090951545419693,PLV
sub-057,18,0.1111111111111111,1.0,0.0,0.0016406678373034,PLV
sub-058,0,0.3888888888888888,0.6666666666666666,0.0868892001244942,0.0,PLV
sub-058,1,0.4444444444444444,0.7857142857142857,0.0151027077497665,0.0,PLV
sub-058,2,0.3333333333333333,0.3333333333333333,0.1521008403361344,0.0,PLV
sub-058,3,0.3888888888888888,0.9047619047619048,0.0037581699346405,0.0,PLV
sub-058,4,0.5,0.7222222222222222,0.0318394024276377,0.0,PLV
sub-058,5,0.3333333333333333,0.3333333333333333,0.1873638344226579,0.0,PLV
sub-058,6,0.0,0.0,0.0,0.0,PLV
sub-058,7,0.2222222222222222,1.0,0.0,0.0,PLV
sub-058,8,0.1111111111111111,1.0,0.0,0.0,PLV
sub-058,9,0.2777777777777778,0.7,0.0235994397759103,0.0,PLV
sub-058,10,0.2222222222222222,0.5,0.0222533457827575,0.0,PLV
sub-058,11,0.0,0.0,0.0,0.0,PLV
sub-058,12,0.4444444444444444,0.5357142857142857,0.2310457516339869,0.0,PLV
sub-058,13,0.5,0.7222222222222222,0.0318394024276377,0.0,PLV
sub-058,14,0.4444444444444444,0.75,0.0402583255524432,0.0,PLV
sub-058,15,0.1111111111111111,1.0,0.0,0.0,PLV
sub-058,16,0.5555555555555556,0.6444444444444445,0.0710084033613445,0.0,PLV
sub-058,17,0.1111111111111111,1.0,0.0,0.0,PLV
sub-058,18,0.3888888888888888,0.8571428571428571,0.0049019607843137,0.0,PLV
sub-059,0,0.4444444444444444,0.7857142857142857,0.019037549660387,0.0,PLV
sub-059,1,0.3888888888888888,0.8095238095238095,0.0156264684523046,0.0,PLV
sub-059,2,0.3888888888888888,0.6666666666666666,0.0756497806094115,0.0,PLV
sub-059,3,0.0,0.0,0.0,0.0,PLV
sub-059,4,0.5,0.7222222222222222,0.0377058884556001,0.0,PLV
sub-059,5,0.2222222222222222,0.5,0.0915032679738562,0.0,PLV
sub-059,6,0.4444444444444444,0.75,0.0204472638728694,0.0,PLV
sub-059,7,0.0,0.0,0.0,0.0,PLV
sub-059,8,0.2777777777777778,0.8,0.0032679738562091,0.0,PLV
sub-059,9,0.0555555555555555,0.0,0.0,0.0,PLV
sub-059,10,0.1111111111111111,1.0,0.0,0.0,PLV
sub-059,11,0.2222222222222222,0.8333333333333334,0.012534861439129,0.0,PLV
sub-059,12,0.5555555555555556,0.6222222222222222,0.0911993555592171,0.0,PLV
sub-059,13,0.611111111111111,0.5272727272727272,0.155468287532878,0.0,PLV
sub-059,14,0.4444444444444444,0.7857142857142857,0.019037549660387,0.0,PLV
sub-059,15,0.4444444444444444,0.75,0.0204472638728694,0.0,PLV
sub-059,16,0.0,0.0,0.0,0.0,PLV
sub-059,17,0.3888888888888888,0.6666666666666666,0.0756497806094115,0.0,PLV
sub-059,18,0.2777777777777778,0.6,0.0160194796872997,0.0,PLV
sub-060,0,0.3888888888888888,0.6666666666666666,0.0371412538079204,0.0,PLV
sub-060,1,0.2777777777777778,0.6,0.0299804770393005,0.0,PLV
sub-060,2,0.3888888888888888,0.6666666666666666,0.042110648973394,0.0,PLV
sub-060,3,0.3888888888888888,0.6666666666666666,0.0260711692084241,0.0,PLV
sub-060,4,0.5555555555555556,0.5333333333333333,0.1031797904346924,0.0,PLV
sub-060,5,0.3888888888888888,0.7142857142857143,0.0307944053042092,0.0,PLV
sub-060,6,0.0555555555555555,0.0,0.0,0.0,PLV
sub-060,7,0.2222222222222222,0.3333333333333333,0.0477746654217242,0.0,PLV
sub-060,8,0.2222222222222222,0.6666666666666666,0.0064270152505446,0.0,PLV
sub-060,9,0.0555555555555555,0.0,0.0,0.0,PLV
sub-060,10,0.4444444444444444,0.6428571428571429,0.0476657329598506,0.0,PLV
sub-060,11,0.0,0.0,0.0,0.0,PLV
sub-060,12,0.2777777777777778,0.7,0.0254623735015891,0.0,PLV
sub-060,13,0.3888888888888888,0.6666666666666666,0.024872912127814,0.0,PLV
sub-060,14,0.2777777777777778,0.7,0.0254623735015891,0.0,PLV
sub-060,15,0.3888888888888888,0.6190476190476191,0.0359481839873996,0.0,PLV
sub-060,16,0.3888888888888888,0.6666666666666666,0.042110648973394,0.0,PLV
sub-060,17,0.4444444444444444,0.5714285714285714,0.0542436503220817,0.0,PLV
sub-060,18,0.2222222222222222,0.6666666666666666,0.015525941016137,0.0,PLV
sub-061,0,0.1666666666666666,0.6666666666666666,0.0272331154684095,0.0,PLV
sub-061,1,0.1666666666666666,0.6666666666666666,0.0272331154684095,0.0,PLV
sub-061,2,0.3333333333333333,0.6666666666666666,0.0532679738562091,0.0,PLV
sub-061,3,0.3888888888888888,0.6190476190476191,0.039760348583878,0.0,PLV
sub-061,4,0.3888888888888888,0.4761904761904761,0.1636165577342048,0.0,PLV
sub-061,5,0.5555555555555556,0.4888888888888889,0.1293650793650793,0.0,PLV
sub-061,6,0.2222222222222222,0.8333333333333334,0.0084033613445378,0.0,PLV
sub-061,7,0.2222222222222222,0.3333333333333333,0.0708061002178649,0.0,PLV
sub-061,8,0.5,0.5555555555555556,0.0940553999377528,0.0,PLV
sub-061,9,0.1666666666666666,0.6666666666666666,0.0206971677559912,0.0,PLV
sub-061,10,0.2777777777777778,0.9,0.0029411764705882,0.0,PLV
sub-061,11,0.0,0.0,0.0,0.0,PLV
sub-061,12,0.3888888888888888,0.4761904761904761,0.1217864923747276,0.0,PLV
sub-061,13,0.3333333333333333,0.6666666666666666,0.0358699035169623,0.0,PLV
sub-061,14,0.3333333333333333,0.7333333333333333,0.0269218798630563,0.0,PLV
sub-061,15,0.2222222222222222,0.5,0.0590413943355119,0.0,PLV
sub-061,16,0.4444444444444444,0.5714285714285714,0.0551509492685963,0.0,PLV
sub-061,17,0.2777777777777778,0.9,0.0013071895424836,0.0,PLV
sub-061,18,0.3888888888888888,0.7142857142857143,0.0298630563336445,0.0,PLV
sub-062,0,0.5,0.3888888888888889,0.1137955182072829,0.0,PLV
sub-062,1,0.3333333333333333,0.4,0.0379084967320261,0.0,PLV
sub-062,2,0.2777777777777778,0.7,0.0045751633986928,0.0,PLV
sub-062,3,0.2777777777777778,0.4,0.0276688453159041,0.0,PLV
sub-062,4,0.1666666666666666,1.0,0.0,0.0,PLV
sub-062,5,0.3333333333333333,0.8,0.0050653594771241,0.0,PLV
sub-062,6,0.2777777777777778,0.4,0.0386710239651416,0.0,PLV
sub-062,7,0.3888888888888888,0.3809523809523809,0.0834033613445378,0.0,PLV
sub-062,8,0.5,0.4722222222222222,0.0808434484905073,0.0,PLV
sub-062,9,0.2777777777777778,0.6,0.0214752567693744,0.0,PLV
sub-062,10,0.4444444444444444,0.6071428571428571,0.0367647058823529,0.0,PLV
sub-062,11,0.3333333333333333,0.6,0.0167755991285403,0.0,PLV
sub-062,12,0.0,0.0,0.0,0.0,PLV
sub-062,13,0.0,0.0,0.0,0.0,PLV
sub-062,14,0.3333333333333333,0.5333333333333333,0.0456037970743853,0.0,PLV
sub-062,15,0.2777777777777778,0.4,0.0264783691254279,0.0,PLV
sub-062,16,0.4444444444444444,0.5,0.0797541238717709,0.0,PLV
sub-062,17,0.2222222222222222,0.8333333333333334,0.0024509803921568,0.0,PLV
sub-062,18,0.3888888888888888,0.5714285714285714,0.0388966697790227,0.0,PLV
sub-063,0,0.5,0.6666666666666666,0.0838935574229692,0.0,PLV
sub-063,1,0.3888888888888888,0.8571428571428571,0.0049019607843137,0.0,PLV
sub-063,2,0.3888888888888888,0.3809523809523809,0.417896047307812,0.0,PLV
sub-063,3,0.2777777777777778,1.0,0.0,0.0,PLV
sub-063,4,0.3333333333333333,1.0,0.0,0.0,PLV
sub-063,5,0.2777777777777778,1.0,0.0,0.0,PLV
sub-063,6,0.2777777777777778,0.9,0.0123716153127917,0.0,PLV
sub-063,7,0.2777777777777778,0.5,0.1031279178338002,0.0,PLV
sub-063,8,0.4444444444444444,0.75,0.0600840336134453,0.0,PLV
sub-063,9,0.3333333333333333,0.6666666666666666,0.0509803921568627,0.0,PLV
sub-063,10,0.3333333333333333,0.6666666666666666,0.3122315592903828,0.0,PLV
sub-063,11,0.1111111111111111,0.0,0.0472455648926237,0.0,PLV
sub-063,12,0.0,0.0,0.0,0.0,PLV
sub-063,13,0.2777777777777778,1.0,0.0,0.0,PLV
sub-063,14,0.3333333333333333,1.0,0.0,0.0,PLV
sub-063,15,0.3888888888888888,0.8095238095238095,0.0194522253345782,0.0,PLV
sub-063,16,0.5,0.6666666666666666,0.0838935574229692,0.0,PLV
sub-063,17,0.0555555555555555,0.0,0.0,0.0,PLV
sub-063,18,0.2777777777777778,1.0,0.0,0.0,PLV
sub-064,0,0.2777777777777778,1.0,0.0,0.0,PLV
sub-064,1,0.3333333333333333,0.7333333333333333,0.0457516339869281,0.0,PLV
sub-064,2,0.2777777777777778,0.8,0.0043572984749455,0.0,PLV
sub-064,3,0.1111111111111111,1.0,0.0,0.0,PLV
sub-064,4,0.0555555555555555,0.0,0.0,0.0,PLV
sub-064,5,0.2777777777777778,1.0,0.0,0.0,PLV
sub-064,6,0.1666666666666666,1.0,0.0,0.0,PLV
sub-064,7,0.4444444444444444,0.6071428571428571,0.0341510341510341,0.0,PLV
sub-064,8,0.3888888888888888,0.6190476190476191,0.0620320855614973,0.0,PLV
sub-064,9,0.2222222222222222,0.5,0.0466287525111054,0.0,PLV
sub-064,10,0.4444444444444444,0.5357142857142857,0.1837308660838072,0.0,PLV
sub-064,11,0.0,0.0,0.0,0.0,PLV
sub-064,12,0.4444444444444444,0.6071428571428571,0.0925444925444925,0.0,PLV
sub-064,13,0.1666666666666666,1.0,0.0,0.0,PLV
sub-064,14,0.3888888888888888,0.7142857142857143,0.0394646747587924,0.0,PLV
sub-064,15,0.4444444444444444,0.5,0.13353705118411,0.0,PLV
sub-064,16,0.4444444444444444,0.5,0.1522677757971875,0.0,PLV
sub-064,17,0.4444444444444444,0.6071428571428571,0.0341510341510341,0.0,PLV
sub-064,18,0.4444444444444444,0.5357142857142857,0.1648473530826472,0.0,PLV
sub-065,0,0.0,0.0,0.0,0.0,PLV
sub-065,1,0.2222222222222222,0.8333333333333334,0.0010893246187363,0.0,PLV
sub-065,2,0.611111111111111,0.5636363636363636,0.083115468409586,0.0,PLV
sub-065,3,0.5,0.6388888888888888,0.0237472766884531,0.0,PLV
sub-065,4,0.3888888888888888,0.8095238095238095,0.007516339869281,0.0,PLV
sub-065,5,0.1111111111111111,1.0,0.0,0.0,PLV
sub-065,6,0.611111111111111,0.5272727272727272,0.1088235294117647,0.0,PLV
sub-065,7,0.3333333333333333,0.4,0.1715686274509804,0.0,PLV
sub-065,8,0.1111111111111111,1.0,0.0,0.0,PLV
sub-065,9,0.0,0.0,0.0,0.0,PLV
sub-065,10,0.3333333333333333,0.8,0.0043572984749455,0.0,PLV
sub-065,11,0.3888888888888888,0.5714285714285714,0.040359477124183,0.0,PLV
sub-065,12,0.2777777777777778,0.8,0.0027233115468409,0.0,PLV
sub-065,13,0.0,0.0,0.0,0.0,PLV
sub-065,14,0.1666666666666666,1.0,0.0,0.0,PLV
sub-065,15,0.5,0.5833333333333334,0.069880174291939,0.0,PLV
sub-065,16,0.5555555555555556,0.5777777777777777,0.0480936819172113,0.0,PLV
sub-065,17,0.3888888888888888,0.7619047619047619,0.0080610021786492,0.0,PLV
sub-065,18,0.2777777777777778,0.8,0.0058278867102396,0.0,PLV
sub-066,0,0.3333333333333333,0.8666666666666667,0.0027233115468409,0.0,PLV
sub-066,1,0.1666666666666666,1.0,0.0,0.0,PLV
sub-066,2,0.2777777777777778,1.0,0.0,0.0,PLV
sub-066,3,0.611111111111111,0.5454545454545454,0.0637269049033754,0.0,PLV
sub-066,4,0.0,0.0,0.0,0.0,PLV
sub-066,5,0.4444444444444444,0.6428571428571429,0.0439068556715615,0.0,PLV
sub-066,6,0.5,0.6388888888888888,0.0415563194974959,0.0,PLV
sub-066,7,0.0,0.0,0.0,0.0,PLV
sub-066,8,0.0,0.0,0.0,0.0,PLV
sub-066,9,0.2222222222222222,1.0,0.0,0.0,PLV
sub-066,10,0.2222222222222222,0.8333333333333334,0.0019013666072489,0.0,PLV
sub-066,11,0.5555555555555556,0.5777777777777777,0.0509195597430891,0.0,PLV
sub-066,12,0.4444444444444444,0.7142857142857143,0.0132897603485838,0.0,PLV
sub-066,13,0.4444444444444444,0.6428571428571429,0.0367816823699176,0.0,PLV
sub-066,14,0.6666666666666666,0.4848484848484848,0.099179469767705,0.0,PLV
sub-066,15,0.1666666666666666,1.0,0.0,0.0,PLV
sub-066,16,0.3888888888888888,0.6666666666666666,0.0168696771637948,0.0,PLV
sub-066,17,0.3333333333333333,0.6666666666666666,0.0147660074130662,0.0,PLV
sub-066,18,0.0,0.0,0.0,0.0,PLV
sub-067,0,0.1666666666666666,1.0,0.0,0.0,PLV
sub-067,1,0.0,0.0,0.0,0.0,PLV
sub-067,2,0.3333333333333333,0.4666666666666667,0.063834422657952,0.0,PLV
sub-067,3,0.1666666666666666,0.3333333333333333,0.1045751633986928,0.0,PLV
sub-067,4,0.0555555555555555,0.0,0.0,0.0,PLV
sub-067,5,0.0555555555555555,0.0,0.0,0.0,PLV
sub-067,6,0.1111111111111111,1.0,0.0,0.0,PLV
sub-067,7,0.3333333333333333,0.8,0.007469654528478,0.0,PLV
sub-067,8,0.5,0.6944444444444444,0.0578431372549019,0.0,PLV
sub-067,9,0.4444444444444444,0.5,0.173015873015873,0.0,PLV
sub-067,10,0.5555555555555556,0.5777777777777777,0.0972144413320884,0.0,PLV
sub-067,11,0.3888888888888888,0.9047619047619048,0.0048552754435107,0.0,PLV
sub-067,12,0.1666666666666666,1.0,0.0,0.0,PLV
sub-067,13,0.1111111111111111,1.0,0.0,0.0,PLV
sub-067,14,0.3888888888888888,0.4761904761904761,0.12536570183629,0.0,PLV
sub-067,15,0.5555555555555556,0.6,0.1205571117335823,0.0,PLV
sub-067,16,0.5555555555555556,0.4888888888888889,0.1700435729847494,0.0,PLV
sub-067,17,0.4444444444444444,0.75,0.0261749144102085,0.0,PLV
sub-067,18,0.4444444444444444,0.75,0.0229069405539993,0.0,PLV
sub-068,0,0.2222222222222222,1.0,0.0,0.0,PLV
sub-068,1,0.4444444444444444,0.8214285714285714,0.0155228758169934,0.0,PLV
sub-068,2,0.4444444444444444,0.7142857142857143,0.0185185185185185,0.0,PLV
sub-068,3,0.1111111111111111,0.0,0.0729847494553376,0.0,PLV
sub-068,4,0.5,0.5833333333333334,0.2197712418300653,0.0,PLV
sub-068,5,0.1666666666666666,1.0,0.0,0.0,PLV
sub-068,6,0.2222222222222222,0.3333333333333333,0.181917211328976,0.0,PLV
sub-068,7,0.1666666666666666,0.6666666666666666,0.0147058823529411,0.0,PLV
sub-068,8,0.1666666666666666,0.6666666666666666,0.0147058823529411,0.0,PLV
sub-068,9,0.0,0.0,0.0,0.0,PLV
sub-068,10,0.5555555555555556,0.6222222222222222,0.0816993464052287,0.0,PLV
sub-068,11,0.611111111111111,0.5272727272727272,0.1473311546840958,0.0,PLV
sub-068,12,0.4444444444444444,0.7857142857142857,0.0226034858387799,0.0,PLV
sub-068,13,0.4444444444444444,0.7857142857142857,0.0277777777777777,0.0,PLV
sub-068,14,0.2222222222222222,0.6666666666666666,0.0310457516339869,0.0,PLV
sub-068,15,0.1111111111111111,1.0,0.0,0.0,PLV
sub-068,16,0.2777777777777778,0.6,0.1405228758169934,0.0,PLV
sub-068,17,0.5,0.6666666666666666,0.065359477124183,0.0,PLV
sub-068,18,0.1666666666666666,0.3333333333333333,0.0239651416122004,0.0,PLV
sub-069,0,0.0555555555555555,0.0,0.0,0.04733807605038,PLV
sub-069,1,0.0555555555555555,0.0,0.0,0.0004409569736529,PLV
sub-069,2,0.1666666666666666,0.6666666666666666,0.0032679738562091,0.1008633650932534,PLV
sub-069,3,0.1111111111111111,1.0,0.0,0.0603274915735731,PLV
sub-069,4,0.5,0.6944444444444444,0.0406473700591347,0.3357270699820887,PLV
sub-069,5,0.3333333333333333,0.4666666666666667,0.303921568627451,0.1996080133454664,PLV
sub-069,6,0.5555555555555556,0.6,0.1000622471210706,0.3552986588728123,PLV
sub-069,7,0.1111111111111111,0.0,0.2091503267973856,0.0261469348052093,PLV
sub-069,8,0.1111111111111111,0.0,0.1111111111111111,0.0034240496921952,PLV
sub-069,9,0.2222222222222222,0.6666666666666666,0.0178649237472766,0.1517512821176797,PLV
sub-069,10,0.1111111111111111,1.0,0.0,0.0597481595134294,PLV
sub-069,11,0.3888888888888888,0.8095238095238095,0.0119825708061002,0.2826212824484173,PLV
sub-069,12,0.3888888888888888,0.7619047619047619,0.0260504201680672,0.270615861274489,PLV
sub-069,13,0.2777777777777778,1.0,0.0,0.2176843439762419,PLV
sub-069,14,0.5555555555555556,0.6444444444444445,0.0760971055088702,0.3611044397747901,PLV
sub-069,15,0.3888888888888888,0.8571428571428571,0.0265795206971677,0.2880812366465821,PLV
sub-069,16,0.5555555555555556,0.5333333333333333,0.1510737628384687,0.3350214370928751,PLV
sub-069,17,0.6666666666666666,0.4242424242424242,0.3059446000622471,0.3675821778860135,PLV
sub-069,18,0.2222222222222222,0.6666666666666666,0.0084033613445378,0.1289255677506144,PLV
sub-070,0,0.2777777777777778,0.5,0.1769508613161864,0.1066467175758997,PLV
sub-070,1,0.2222222222222222,1.0,0.0,0.1918374334559552,PLV
sub-070,2,0.1666666666666666,0.3333333333333333,0.1111111111111111,0.0112495794819047,PLV
sub-070,3,0.3333333333333333,0.5333333333333333,0.1099171382453116,0.168100808269269,PLV
sub-070,4,0.4444444444444444,0.6071428571428571,0.1063389998374518,0.3511351138488238,PLV
sub-070,5,0.2222222222222222,0.5,0.0656272405498411,0.0552703186717794,PLV
sub-070,6,0.4444444444444444,0.7142857142857143,0.0732878576531827,0.365721369427663,PLV
sub-070,7,0.2222222222222222,0.5,0.0223467164643635,0.0216730622110951,PLV
sub-070,8,0.2222222222222222,0.8333333333333334,0.0074074074074074,0.147126553962801,PLV
sub-070,9,0.4444444444444444,0.7142857142857143,0.0732878576531827,0.3657213694276627,PLV
sub-070,10,0.1666666666666666,0.6666666666666666,0.0109699840349995,0.0268709717984709,PLV
sub-070,11,0.2777777777777778,0.9,0.0016339869281045,0.2359928961458989,PLV
sub-070,12,0.3888888888888888,0.8095238095238095,0.0333742853866692,0.3408713153008658,PLV
sub-070,13,0.0555555555555555,0.0,0.0,0.0016740945342821,PLV
sub-070,14,0.3888888888888888,0.7619047619047619,0.0161751160203172,0.3216734392320369,PLV
sub-070,15,0.3333333333333333,0.5333333333333333,0.1583856574568649,0.129383823978199,PLV
sub-070,16,0.3333333333333333,0.4,0.2114668899498621,0.0522477609418473,PLV
sub-070,17,0.3333333333333333,0.9333333333333332,0.0070961718020541,0.3103014930450251,PLV
sub-070,18,0.5,0.4722222222222222,0.3767142214510636,0.3400411860135082,PLV
sub-071,0,0.1666666666666666,1.0,0.0,0.0520282616858228,PLV
sub-071,1,0.2777777777777778,0.7,0.0571386130209659,0.1324514376183672,PLV
sub-071,2,0.2222222222222222,0.8333333333333334,0.0083877995642701,0.13699748446744,PLV
sub-071,3,0.5,0.4166666666666667,0.1733433777551424,0.3149913453195058,PLV
sub-071,4,0.2222222222222222,1.0,0.0,0.2120309108981159,PLV
sub-071,5,0.1111111111111111,1.0,0.0,0.0618933313668376,PLV
sub-071,6,0.1111111111111111,1.0,0.0,0.1021202967778426,PLV
sub-071,7,0.2222222222222222,0.6666666666666666,0.0229854568089862,0.1469710674635429,PLV
sub-071,8,0.3333333333333333,0.7333333333333333,0.0212085844438785,0.2762153558247064,PLV
sub-071,9,0.1666666666666666,1.0,0.0,0.0877276889571141,PLV
sub-071,10,0.4444444444444444,0.6428571428571429,0.0464144243556008,0.3578606403991607,PLV
sub-071,11,0.3888888888888888,0.7142857142857143,0.0322532043120278,0.3303734276146042,PLV
sub-071,12,0.2222222222222222,0.8333333333333334,0.0100840336134453,0.0844045606672911,PLV
sub-071,13,0.3888888888888888,0.4761904761904761,0.1361224287694876,0.2497443527052483,PLV
sub-071,14,0.2777777777777778,0.7,0.0571386130209659,0.1324514376183671,PLV
sub-071,15,0.3888888888888888,0.5238095238095238,0.1146797102679455,0.2685684908223217,PLV
sub-071,16,0.2222222222222222,0.8333333333333334,0.0083877995642701,0.13699748446744,PLV
sub-071,17,0.5555555555555556,0.4,0.2804692584104349,0.3706240849370544,PLV
sub-071,18,0.5555555555555556,0.4444444444444444,0.1882494411906177,0.3800574362958958,PLV
sub-072,0,0.0555555555555555,0.0,0.0,0.0238944497721345,PLV
sub-072,1,0.1666666666666666,1.0,0.0,0.1564024000944176,PLV
sub-072,2,0.3333333333333333,0.3333333333333333,0.1317693744164332,0.1792441407841997,PLV
sub-072,3,0.3888888888888888,0.4761904761904761,0.0952873742089428,0.1479247739745186,PLV
sub-072,4,0.5,0.4722222222222222,0.1496161427533976,0.3945154282028528,PLV
sub-072,5,0.2222222222222222,0.3333333333333333,0.0771397447868036,0.1461075683282229,PLV
sub-072,6,0.2777777777777778,0.7,0.0118269530034235,0.0934060023039264,PLV
sub-072,7,0.3333333333333333,0.5333333333333333,0.0374883286647992,0.1136521254102101,PLV
sub-072,8,0.2777777777777778,0.5,0.1072154787841062,0.1818551184788024,PLV
sub-072,9,0.2222222222222222,0.1666666666666666,0.0714285714285714,0.1137682855446452,PLV
sub-072,10,0.3333333333333333,0.6,0.0648148148148148,0.2811521133141073,PLV
sub-072,11,0.3888888888888888,0.7142857142857143,0.0341866376180101,0.3455671918237849,PLV
sub-072,12,0.3888888888888888,0.5714285714285714,0.0831336238198983,0.3257647902025179,PLV
sub-072,13,0.3333333333333333,0.8666666666666667,0.0058097312999273,0.3238945140654616,PLV
sub-072,14,0.3888888888888888,0.5238095238095238,0.1173928830791576,0.3209462631786842,PLV
sub-072,15,0.3888888888888888,0.7142857142857143,0.0341866376180101,0.345567191823785,PLV
sub-072,16,0.2222222222222222,0.3333333333333333,0.1156862745098039,0.1485415239903631,PLV
sub-072,17,0.3333333333333333,0.6,0.0590958605664488,0.127678650868235,PLV
sub-072,18,0.2222222222222222,1.0,0.0,0.0776411330293018,PLV
sub-073,0,0.2777777777777778,0.8,0.0051820728291316,0.0,PLV
sub-073,1,0.3888888888888888,0.6666666666666666,0.0165836705052391,0.0,PLV
sub-073,2,0.4444444444444444,0.75,0.0190424317875298,0.0,PLV
sub-073,3,0.1666666666666666,1.0,0.0,0.0,PLV
sub-073,4,0.4444444444444444,0.4285714285714285,0.127336860670194,0.0,PLV
sub-073,5,0.5555555555555556,0.4888888888888889,0.0975568004979769,0.0,PLV
sub-073,6,0.4444444444444444,0.6785714285714286,0.0396514161220043,0.0,PLV
sub-073,7,0.5555555555555556,0.5111111111111111,0.0680309160701317,0.0,PLV
sub-073,8,0.1666666666666666,0.6666666666666666,0.0058356676003734,0.0,PLV
sub-073,9,0.1666666666666666,1.0,0.0,0.0,PLV
sub-073,10,0.1666666666666666,0.6666666666666666,0.0058356676003734,0.0,PLV
sub-073,11,0.0,0.0,0.0,0.0,PLV
sub-073,12,0.1666666666666666,1.0,0.0,0.0,PLV
sub-073,13,0.2222222222222222,0.8333333333333334,0.0009337068160597,0.0,PLV
sub-073,14,0.611111111111111,0.4363636363636363,0.1484541964934121,0.0,PLV
sub-073,15,0.2222222222222222,0.3333333333333333,0.0592592592592592,0.0,PLV
sub-073,16,0.2777777777777778,0.6,0.0230833073970328,0.0,PLV
sub-073,17,0.0,0.0,0.0,0.0,PLV
sub-073,18,0.5,0.6388888888888888,0.0498806930179479,0.0,PLV
sub-074,0,0.3888888888888888,0.8095238095238095,0.0067538126361655,0.0,PLV
sub-074,1,0.5555555555555556,0.7111111111111111,0.0253812636165577,0.0,PLV
sub-074,2,0.0,0.0,0.0,0.0,PLV
sub-074,3,0.0555555555555555,0.0,0.0,0.0,PLV
sub-074,4,0.5555555555555556,0.7777777777777778,0.0196234049175225,0.0,PLV
sub-074,5,0.0,0.0,0.0,0.0,PLV
sub-074,6,0.4444444444444444,0.75,0.0784313725490196,0.0,PLV
sub-074,7,0.4444444444444444,0.9642857142857144,0.0018674136321195,0.0,PLV
sub-074,8,0.5,0.7777777777777778,0.0280112044817927,0.0,PLV
sub-074,9,0.1111111111111111,1.0,0.0,0.0,PLV
sub-074,10,0.2222222222222222,1.0,0.0,0.0,PLV
sub-074,11,0.3333333333333333,0.8666666666666667,0.0032679738562091,0.0,PLV
sub-074,12,0.5,0.8611111111111112,0.0090569561157796,0.0,PLV
sub-074,13,0.0,0.0,0.0,0.0,PLV
sub-074,14,0.5555555555555556,0.7777777777777778,0.0196234049175225,0.0,PLV
sub-074,15,0.0,0.0,0.0,0.0,PLV
sub-074,16,0.6666666666666666,0.5909090909090909,0.0936974789915966,0.0,PLV
sub-074,17,0.0,0.0,0.0,0.0,PLV
sub-074,18,0.4444444444444444,0.9642857142857144,0.0018674136321195,0.0,PLV
sub-075,0,0.0,0.0,0.0,0.0,PLV
sub-075,1,0.0,0.0,0.0,0.0,PLV
sub-075,2,0.3888888888888888,0.9047619047619048,0.0037037037037037,0.0,PLV
sub-075,3,0.1666666666666666,1.0,0.0,0.0,PLV
sub-075,4,0.4444444444444444,0.8571428571428571,0.0074074074074074,0.0,PLV
sub-075,5,0.4444444444444444,0.3928571428571428,0.3120915032679738,0.0,PLV
sub-075,6,0.2777777777777778,0.7,0.0147058823529411,0.0,PLV
sub-075,7,0.2222222222222222,1.0,0.0,0.0,PLV
sub-075,8,0.5,0.6944444444444444,0.0586056644880174,0.0,PLV
sub-075,9,0.0555555555555555,0.0,0.0,0.0,PLV
sub-075,10,0.3333333333333333,0.9333333333333332,0.0010893246187363,0.0,PLV
sub-075,11,0.2222222222222222,0.5,0.0468409586056644,0.0,PLV
sub-075,12,0.2777777777777778,0.8,0.0043572984749455,0.0,PLV
sub-075,13,0.3888888888888888,0.9047619047619048,0.0037037037037037,0.0,PLV
sub-075,14,0.3888888888888888,0.7142857142857143,0.0980392156862745,0.0,PLV
sub-075,15,0.4444444444444444,0.6071428571428571,0.1040305010893246,0.0,PLV
sub-075,16,0.2777777777777778,0.8,0.0043572984749455,0.0,PLV
sub-075,17,0.5,0.6944444444444444,0.1964052287581699,0.0,PLV
sub-075,18,0.4444444444444444,0.8571428571428571,0.0074074074074074,0.0,PLV
sub-076,0,0.0,0.0,0.0,0.0,PLV
sub-076,1,0.5,0.8611111111111112,0.0205118411000763,0.0,PLV
sub-076,2,0.5555555555555556,0.8,0.0258495317318846,0.0,PLV
sub-076,3,0.3888888888888888,1.0,0.0,0.0,PLV
sub-076,4,0.3333333333333333,0.9333333333333332,0.005050505050505,0.0,PLV
sub-076,5,0.5555555555555556,0.8,0.0258495317318846,0.0,PLV
sub-076,6,0.0,0.0,0.0,0.0,PLV
sub-076,7,0.0,0.0,0.0,0.0,PLV
sub-076,8,0.0555555555555555,0.0,0.0,0.0,PLV
sub-076,9,0.1111111111111111,1.0,0.0,0.0,PLV
sub-076,10,0.5555555555555556,0.7111111111111111,0.0496463231757349,0.0,PLV
sub-076,11,0.0,0.0,0.0,0.0,PLV
sub-076,12,0.4444444444444444,0.5357142857142857,0.1742919389978213,0.0,PLV
sub-076,13,0.4444444444444444,0.9642857142857144,0.0009337068160597,0.0,PLV
sub-076,14,0.611111111111111,0.6727272727272727,0.0748691395750219,0.0,PLV
sub-076,15,0.1111111111111111,0.0,0.0849673202614379,0.0,PLV
sub-076,16,0.5,0.8333333333333334,0.0183798772034066,0.0,PLV
sub-076,17,0.5,0.7777777777777778,0.0359901536372124,0.0,PLV
sub-076,18,0.1111111111111111,1.0,0.0,0.0,PLV
sub-077,0,0.2222222222222222,0.8333333333333334,0.0026814144461203,0.0,PLV
sub-077,1,0.3888888888888888,0.5238095238095238,0.075666163901458,0.0,PLV
sub-077,2,0.3333333333333333,0.4,0.0584007495772201,0.0,PLV
sub-077,3,0.4444444444444444,0.8571428571428571,0.022633575574752,0.0,PLV
sub-077,4,0.5,0.75,0.0476880418056888,0.0,PLV
sub-077,5,0.1111111111111111,0.0,0.1045751633986928,0.0,PLV
sub-077,6,0.0,0.0,0.0,0.0,PLV
sub-077,7,0.0555555555555555,0.0,0.0,0.0,PLV
sub-077,8,0.3888888888888888,0.7619047619047619,0.0326187973246796,0.0,PLV
sub-077,9,0.1111111111111111,1.0,0.0,0.0,PLV
sub-077,10,0.611111111111111,0.5818181818181818,0.1459329341682282,0.0,PLV
sub-077,11,0.4444444444444444,0.7142857142857143,0.0473856209150326,0.0,PLV
sub-077,12,0.4444444444444444,0.8571428571428571,0.022633575574752,0.0,PLV
sub-077,13,0.5,0.75,0.0476880418056888,0.0,PLV
sub-077,14,0.4444444444444444,0.6428571428571429,0.0489586666057254,0.0,PLV
sub-077,15,0.1666666666666666,0.6666666666666666,0.0032679738562091,0.0,PLV
sub-077,16,0.4444444444444444,0.5357142857142857,0.3594771241830065,0.0,PLV
sub-077,17,0.1111111111111111,0.0,0.196078431372549,0.0,PLV
sub-077,18,0.0555555555555555,0.0,0.0,0.0,PLV
sub-078,0,0.4444444444444444,0.75,0.0247639796659404,0.0,PLV
sub-078,1,0.1111111111111111,1.0,0.0,0.0,PLV
sub-078,2,0.3888888888888888,0.7142857142857143,0.0381263616557734,0.0,PLV
sub-078,3,0.2222222222222222,0.3333333333333333,0.1078431372549019,0.0,PLV
sub-078,4,0.0,0.0,0.0,0.0,PLV
sub-078,5,0.4444444444444444,0.5,0.0976034858387799,0.0,PLV
sub-078,6,0.1111111111111111,1.0,0.0,0.0,PLV
sub-078,7,0.0555555555555555,0.0,0.0,0.0,PLV
sub-078,8,0.2777777777777778,0.3,0.1209876543209876,0.0,PLV
sub-078,9,0.5,0.5555555555555556,0.1340958605664488,0.0,PLV
sub-078,10,0.5,0.7222222222222222,0.0307552650689905,0.0,PLV
sub-078,11,0.3333333333333333,0.9333333333333332,0.0036310820624546,0.0,PLV
sub-078,12,0.3333333333333333,0.9333333333333332,0.0010893246187363,0.0,PLV
sub-078,13,0.1666666666666666,0.3333333333333333,0.0226942628903413,0.0,PLV
sub-078,14,0.611111111111111,0.4545454545454545,0.2841684822076979,0.0,PLV
sub-078,15,0.5,0.7222222222222222,0.0307552650689905,0.0,PLV
sub-078,16,0.1666666666666666,0.6666666666666666,0.0016339869281045,0.0,PLV
sub-078,17,0.2777777777777778,0.3,0.1026870007262164,0.0,PLV
sub-078,18,0.3333333333333333,0.8666666666666667,0.0057007988380537,0.0,PLV
sub-079,0,0.1111111111111111,1.0,0.0,0.0,PLV
sub-079,1,0.1666666666666666,0.6666666666666666,0.0178649237472766,0.0,PLV
sub-079,2,0.3888888888888888,0.7142857142857143,0.0915032679738562,0.0,PLV
sub-079,3,0.0,0.0,0.0,0.0,PLV
sub-079,4,0.4444444444444444,0.8928571428571429,0.0068160597572362,0.0,PLV
sub-079,5,0.4444444444444444,0.8928571428571429,0.0068160597572362,0.0,PLV
sub-079,6,0.0,0.0,0.0,0.0,PLV
sub-079,7,0.0555555555555555,0.0,0.0,0.0,PLV
sub-079,8,0.3888888888888888,0.7619047619047619,0.0218954248366013,0.0,PLV
sub-079,9,0.0,0.0,0.0,0.0,PLV
sub-079,10,0.3333333333333333,0.4666666666666667,0.079474011826953,0.0,PLV
sub-079,11,0.2222222222222222,0.8333333333333334,0.0029411764705882,0.0,PLV
sub-079,12,0.611111111111111,0.6181818181818182,0.0871615312791783,0.0,PLV
sub-079,13,0.611111111111111,0.5454545454545454,0.1416588857765328,0.0,PLV
sub-079,14,0.5555555555555556,0.6666666666666666,0.0774042950513538,0.0,PLV
sub-079,15,0.3333333333333333,0.8,0.0135076252723311,0.0,PLV
sub-079,16,0.5555555555555556,0.6888888888888889,0.0349206349206349,0.0,PLV
sub-079,17,0.4444444444444444,0.8571428571428571,0.006271397447868,0.0,PLV
sub-079,18,0.1111111111111111,1.0,0.0,0.0,PLV
sub-080,0,0.3888888888888888,0.9047619047619048,0.0021786492374727,0.0,PLV
sub-080,1,0.0555555555555555,0.0,0.0,0.0,PLV
sub-080,2,0.5,0.8611111111111112,0.007469654528478,0.0,PLV
sub-080,3,0.0555555555555555,0.0,0.0,0.0,PLV
sub-080,4,0.0,0.0,0.0,0.0,PLV
sub-080,5,0.4444444444444444,0.75,0.0718954248366013,0.0,PLV
sub-080,6,0.5555555555555556,0.8,0.0145502645502645,0.0,PLV
sub-080,7,0.0,0.0,0.0,0.0,PLV
sub-080,8,0.5,0.8611111111111112,0.007469654528478,0.0,PLV
sub-080,9,0.0555555555555555,0.0,0.0,0.0,PLV
sub-080,10,0.0,0.0,0.0,0.0,PLV
sub-080,11,0.2222222222222222,1.0,0.0,0.0,PLV
sub-080,12,0.5555555555555556,0.8,0.0145502645502645,0.0,PLV
sub-080,13,0.3888888888888888,0.8095238095238095,0.0063803299097416,0.0,PLV
sub-080,14,0.611111111111111,0.7090909090909091,0.0341581076875194,0.0,PLV
sub-080,15,0.4444444444444444,0.7857142857142857,0.0098039215686274,0.0,PLV
sub-080,16,0.0,0.0,0.0,0.0,PLV
sub-080,17,0.3888888888888888,1.0,0.0,0.0,PLV
sub-080,18,0.611111111111111,0.7090909090909091,0.0341581076875194,0.0,PLV
sub-081,0,0.2777777777777778,0.9,0.0130718954248366,0.0,PLV
sub-081,1,0.5555555555555556,0.6888888888888889,0.0722222222222222,0.0,PLV
sub-081,2,0.4444444444444444,0.8571428571428571,0.0287581699346405,0.0,PLV
sub-081,3,0.0555555555555555,0.0,0.0,0.0,PLV
sub-081,4,0.1111111111111111,0.0,0.1045751633986928,0.0,PLV
sub-081,5,0.1111111111111111,0.0,0.1045751633986928,0.0,PLV
sub-081,6,0.2777777777777778,0.6,0.1045751633986928,0.0,PLV
sub-081,7,0.4444444444444444,0.8571428571428571,0.0287581699346405,0.0,PLV
sub-081,8,0.0555555555555555,0.0,0.0,0.0,PLV
sub-081,9,0.3888888888888888,1.0,0.0,0.0,PLV
sub-081,10,0.3333333333333333,0.6,0.3934640522875817,0.0,PLV
sub-081,11,0.0555555555555555,0.0,0.0,0.0,PLV
sub-081,12,0.1666666666666666,0.0,0.3660130718954248,0.0,PLV
sub-081,13,0.5,0.7777777777777778,0.0816993464052287,0.0,PLV
sub-081,14,0.5555555555555556,0.7111111111111111,0.0911764705882353,0.0,PLV
sub-081,15,0.5555555555555556,0.7111111111111111,0.0911764705882353,0.0,PLV
sub-081,16,0.3888888888888888,0.8095238095238095,0.0310457516339869,0.0,PLV
sub-081,17,0.0,0.0,0.0,0.0,PLV
sub-081,18,0.5,0.7777777777777778,0.0444444444444444,0.0,PLV
sub-082,0,0.4444444444444444,0.75,0.0413943355119825,0.3212611689360764,PLV
sub-082,1,0.3333333333333333,1.0,0.0,0.2723047482030588,PLV
sub-082,2,0.4444444444444444,0.8214285714285714,0.0160130718954248,0.3330447519263982,PLV
sub-082,3,0.6666666666666666,0.4545454545454545,0.2526143790849673,0.3948353691401002,PLV
sub-082,4,0.3333333333333333,0.4666666666666667,0.1180827886710239,0.1702917174663032,PLV
sub-082,5,0.2222222222222222,0.1666666666666666,0.1296296296296296,0.0443568249629637,PLV
sub-082,6,0.4444444444444444,0.5714285714285714,0.2941176470588235,0.282885475746462,PLV
sub-082,7,0.1666666666666666,0.6666666666666666,0.0522875816993464,0.0451396077846589,PLV
sub-082,8,0.3333333333333333,0.8,0.0143790849673202,0.2502828107571961,PLV
sub-082,9,0.1666666666666666,0.6666666666666666,0.0522875816993464,0.045139607784659,PLV
sub-082,10,0.4444444444444444,0.8214285714285714,0.0160130718954248,0.3330447519263982,PLV
sub-082,11,0.3333333333333333,0.9333333333333332,0.0013071895424836,0.2679764362866759,PLV
sub-082,12,0.611111111111111,0.5272727272727272,0.1741830065359477,0.386042323507634,PLV
sub-082,13,0.2222222222222222,0.6666666666666666,0.0666666666666666,0.1321655167690844,PLV
sub-082,14,0.1111111111111111,0.0,0.0156862745098039,0.0257682313799052,PLV
sub-082,15,0.1111111111111111,1.0,0.0,0.0750259619584666,PLV
sub-082,16,0.0555555555555555,0.0,0.0,0.0058887877455207,PLV
sub-082,17,0.2222222222222222,0.5,0.0821350762527233,0.1497403268307993,PLV
sub-082,18,0.1111111111111111,1.0,0.0,0.0119854191269038,PLV
sub-083,0,0.5,0.9444444444444444,0.001750700280112,0.0,PLV
sub-083,1,0.0,0.0,0.0,0.0,PLV
sub-083,2,0.5555555555555556,0.8666666666666667,0.0130796763149704,0.0,PLV
sub-083,3,0.5555555555555556,0.7555555555555555,0.0736461251167133,0.0,PLV
sub-083,4,0.5,0.8888888888888888,0.0113289760348583,0.0,PLV
sub-083,5,0.0555555555555555,0.0,0.0,0.0,PLV
sub-083,6,0.3888888888888888,0.6666666666666666,0.0727124183006536,0.0,PLV
sub-083,7,0.5,0.9444444444444444,0.001750700280112,0.0,PLV
sub-083,8,0.5555555555555556,0.8666666666666667,0.0130796763149704,0.0,PLV
sub-083,9,0.5555555555555556,0.8666666666666667,0.0130796763149704,0.0,PLV
sub-083,10,0.0,0.0,0.0,0.0,PLV
sub-083,11,0.4444444444444444,0.8928571428571429,0.008714596949891,0.0,PLV
sub-083,12,0.0555555555555555,0.0,0.0,0.0,PLV
sub-083,13,0.0,0.0,0.0,0.0,PLV
sub-083,14,0.5555555555555556,0.8666666666666667,0.0130796763149704,0.0,PLV
sub-083,15,0.0555555555555555,0.0,0.0,0.0,PLV
sub-083,16,0.0555555555555555,0.0,0.0,0.0,PLV
sub-083,17,0.0,0.0,0.0,0.0,PLV
sub-083,18,0.4444444444444444,1.0,0.0,0.0,PLV
sub-084,0,0.4444444444444444,0.6785714285714286,0.3452847805788982,0.0,PLV
sub-084,1,0.4444444444444444,0.7857142857142857,0.0425303454715219,0.0,PLV
sub-084,2,0.1111111111111111,0.0,0.2745098039215686,0.0,PLV
sub-084,3,0.0555555555555555,0.0,0.0,0.0,PLV
sub-084,4,0.1111111111111111,0.0,0.1045751633986928,0.0,PLV
sub-084,5,0.5,0.5277777777777778,0.1428571428571428,0.0,PLV
sub-084,6,0.3333333333333333,0.8666666666666667,0.0163398692810457,0.0,PLV
sub-084,7,0.3888888888888888,0.9047619047619048,0.0054154995331465,0.0,PLV
sub-084,8,0.2777777777777778,1.0,0.0,0.0,PLV
sub-084,9,0.2777777777777778,1.0,0.0,0.0,PLV
sub-084,10,0.2777777777777778,1.0,0.0,0.0,PLV
sub-084,11,0.3888888888888888,0.8571428571428571,0.0245098039215686,0.0,PLV
sub-084,12,0.3888888888888888,0.9047619047619048,0.0054154995331465,0.0,PLV
sub-084,13,0.4444444444444444,0.7857142857142857,0.0425303454715219,0.0,PLV
sub-084,14,0.3333333333333333,0.8666666666666667,0.0163398692810457,0.0,PLV
sub-084,15,0.5555555555555556,0.5333333333333333,0.2443977591036414,0.0,PLV
sub-084,16,0.1111111111111111,0.0,0.196078431372549,0.0,PLV
sub-084,17,0.0,0.0,0.0,0.0,PLV
sub-084,18,0.3333333333333333,0.8666666666666667,0.0163398692810457,0.0,PLV
sub-085,0,0.3333333333333333,0.9333333333333332,0.0042743023135179,0.0,PLV
sub-085,1,0.3333333333333333,0.9333333333333332,0.0042743023135179,0.0,PLV
sub-085,2,0.3333333333333333,0.6,0.0629059031019815,0.0,PLV
sub-085,3,0.4444444444444444,0.6785714285714286,0.0367776740325759,0.0,PLV
sub-085,4,0.3888888888888888,0.5714285714285714,0.0953470276999688,0.0,PLV
sub-085,5,0.0555555555555555,0.0,0.0,0.0,PLV
sub-085,6,0.3333333333333333,0.6,0.0529982363315696,0.0,PLV
sub-085,7,0.4444444444444444,0.4642857142857143,0.1665992322855068,0.0,PLV
sub-085,8,0.2777777777777778,0.7,0.0210187778815229,0.0,PLV
sub-085,9,0.3333333333333333,0.5333333333333333,0.0540823736902168,0.0,PLV
sub-085,10,0.0,0.0,0.0,0.0,PLV
sub-085,11,0.0,0.0,0.0,0.0,PLV
sub-085,12,0.4444444444444444,0.7142857142857143,0.0329183525261956,0.0,PLV
sub-085,13,0.3333333333333333,0.8,0.0101670297748729,0.0,PLV
sub-085,14,0.3333333333333333,0.4,0.1281875713248262,0.0,PLV
sub-085,15,0.2222222222222222,0.8333333333333334,0.0109554933084344,0.0,PLV
sub-085,16,0.3888888888888888,0.8095238095238095,0.0141404710032161,0.0,PLV
sub-085,17,0.5,0.6388888888888888,0.0594771241830065,0.0,PLV
sub-085,18,0.2777777777777778,0.7,0.0171179582944288,0.0,PLV
sub-086,0,0.1666666666666666,1.0,0.0,0.0,PLV
sub-086,1,0.5,0.6666666666666666,0.0347677105030046,0.0,PLV
sub-086,2,0.3888888888888888,0.5238095238095238,0.0781919605449017,0.0,PLV
sub-086,3,0.3888888888888888,0.5714285714285714,0.0625242404654169,0.0,PLV
sub-086,4,0.1111111111111111,0.0,0.0061079987550575,0.0,PLV
sub-086,5,0.1666666666666666,0.0,0.0390250544662309,0.0,PLV
sub-086,6,0.1111111111111111,1.0,0.0,0.0,PLV
sub-086,7,0.2222222222222222,0.3333333333333333,0.0566254279489573,0.0,PLV
sub-086,8,0.3333333333333333,0.4,0.0935457516339869,0.0,PLV
sub-086,9,0.3888888888888888,0.6190476190476191,0.0351411932294285,0.0,PLV
sub-086,10,0.5,0.6111111111111112,0.0679026311379252,0.0,PLV
sub-086,11,0.5,0.6666666666666666,0.0458515884986473,0.0,PLV
sub-086,12,0.0,0.0,0.0,0.0,PLV
sub-086,13,0.3333333333333333,0.9333333333333332,0.0030578898225957,0.0,PLV
sub-086,14,0.2777777777777778,0.6,0.027461454667337,0.0,PLV
sub-086,15,0.5,0.5833333333333334,0.0725846321434556,0.0,PLV
sub-086,16,0.4444444444444444,0.6428571428571429,0.0781054729584141,0.0,PLV
sub-086,17,0.4444444444444444,0.75,0.0180612415906533,0.0,PLV
sub-086,18,0.0,0.0,0.0,0.0,PLV
sub-087,0,0.1111111111111111,1.0,0.0,0.0,PLV
sub-087,1,0.1111111111111111,1.0,0.0,0.0,PLV
sub-087,2,0.2777777777777778,0.4,0.1699346405228758,0.0,PLV
sub-087,3,0.1666666666666666,1.0,0.0,0.0,PLV
sub-087,4,0.611111111111111,0.6545454545454545,0.0891067538126361,0.0,PLV
sub-087,5,0.0,0.0,0.0,0.0,PLV
sub-087,6,0.1111111111111111,0.0,0.0915032679738562,0.0,PLV
sub-087,7,0.0555555555555555,0.0,0.0,0.0,PLV
sub-087,8,0.5555555555555556,0.7555555555555555,0.0640522875816993,0.0,PLV
sub-087,9,0.0,0.0,0.0,0.0,PLV
sub-087,10,0.2777777777777778,1.0,0.0,0.0,PLV
sub-087,11,0.0,0.0,0.0,0.0,PLV
sub-087,12,0.5,0.8888888888888888,0.0052287581699346,0.0,PLV
sub-087,13,0.4444444444444444,1.0,0.0,0.0,PLV
sub-087,14,0.4444444444444444,1.0,0.0,0.0,PLV
sub-087,15,0.4444444444444444,1.0,0.0,0.0,PLV
sub-087,16,0.4444444444444444,1.0,0.0,0.0,PLV
sub-087,17,0.611111111111111,0.6545454545454545,0.0891067538126361,0.0,PLV
sub-087,18,0.611111111111111,0.6181818181818182,0.1904139433551198,0.0,PLV
sub-088,0,0.0,0.0,0.0,0.0,PLV
sub-088,1,0.0,0.0,0.0,0.0,PLV
sub-088,2,0.4444444444444444,0.75,0.0106559290382819,0.0,PLV
sub-088,3,0.611111111111111,0.5636363636363636,0.0817318846730611,0.0,PLV
sub-088,4,0.2222222222222222,1.0,0.0,0.0,PLV
sub-088,5,0.0,0.0,0.0,0.0,PLV
sub-088,6,0.4444444444444444,0.5714285714285714,0.0321251733016438,0.0,PLV
sub-088,7,0.3888888888888888,0.9047619047619048,0.0036793000028294,0.0,PLV
sub-088,8,0.3333333333333333,0.9333333333333332,0.0013422035480859,0.0,PLV
sub-088,9,0.5,0.75,0.0174270718388365,0.0,PLV
sub-088,10,0.3888888888888888,0.8571428571428571,0.0047336106159635,0.0,PLV
sub-088,11,0.5,0.75,0.0174270718388365,0.0,PLV
sub-088,12,0.5555555555555556,0.6888888888888889,0.0287783295136236,0.0,PLV
sub-088,13,0.4444444444444444,0.6428571428571429,0.0337863933452168,0.0,PLV
sub-088,14,0.2222222222222222,0.5,0.0064765300059417,0.0,PLV
sub-088,15,0.0,0.0,0.0,0.0,PLV
sub-088,16,0.4444444444444444,0.5714285714285714,0.0321251733016438,0.0,PLV
sub-088,17,0.0,0.0,0.0,0.0,PLV
sub-088,18,0.2777777777777778,0.8,0.0042211328976034,0.0,PLV
