Subject,Channel,Mean,Variance,Skewness,Kurtosis,Hjorth_Mobility,Hjorth_Complexity
sub-001,Fp1,3.73E-07,1.96E-08,2.355676527,13.09446999,0.057246673,24.50532903
sub-001,Fp2,-6.33E-06,4.64E-08,7.657104569,82.53079685,0.034929495,38.44926716
sub-001,F3,-2.13E-05,5.63E-09,-0.046318679,-0.04234267,0.098151612,14.6525333
sub-001,F4,0.000120577,4.89E-09,0.01106712,0.204976443,0.108485697,13.24058162
sub-001,C3,-2.33E-05,4.15E-09,0.050546573,0.240182131,0.103769156,13.93723089
sub-001,C4,2.12E-05,4.42E-09,0.01407267,0.606300646,0.100515072,14.69853597
sub-001,P3,2.68E-05,4.69E-09,-0.072268632,0.275460925,0.099131035,14.90482557
sub-001,P4,9.53E-05,8.26E-09,0.23739638,0.364810012,0.071687967,20.89982736
sub-001,O1,0.000175417,2.35E-08,0.532368288,0.28584158,0.051687493,28.71484472
sub-001,O2,2.97E-05,9.22E-09,0.485141544,0.175046966,0.067904049,21.63766076
sub-001,F7,-9.98E-06,6.42E-09,0.253969268,0.366426878,0.099859622,14.1538525
sub-001,F8,-1.14E-05,6.35E-09,0.49553142,1.54292324,0.093543382,15.64748243
sub-001,T3,2.44E-05,4.43E-09,-0.108113145,0.341067788,0.122541163,11.95056472
sub-001,T4,8.67E-05,4.39E-09,0.068682087,0.491351744,0.12688683,11.47834621
sub-001,T5,2.65E-05,6.29E-09,-0.453566077,0.652217598,0.099601461,14.24356798
sub-001,T6,2.29E-05,4.79E-09,-0.09281507,0.198748701,0.099645245,14.96631426
sub-001,Fz,-1.44E-05,4.30E-09,-0.086201288,0.298435356,0.098946584,14.7881804
sub-001,Cz,0.000112174,4.23E-09,-0.073165464,0.203780762,0.098584971,15.19990924
sub-001,Pz,-1.92E-05,4.39E-09,0.009456287,0.190693337,0.099926177,15.08251542
sub-002,Fp1,6.35E-05,7.46E-09,-0.30823568,0.370666472,0.100566472,14.10156757
sub-002,Fp2,3.21E-05,5.37E-09,0.051676552,-0.191166954,0.120927408,11.54496385
sub-002,F3,-3.67E-06,4.81E-09,0.054943544,-0.126486407,0.128440751,11.2514689
sub-002,F4,6.03E-05,4.21E-09,-0.070955675,-0.297721679,0.138717798,10.12752002
sub-002,C3,4.64E-06,3.54E-09,0.113918178,-0.091885147,0.134075163,10.72835367
sub-002,C4,-4.02E-06,3.58E-09,0.044761596,-0.158085598,0.132704661,10.78999626
sub-002,P3,0.000117096,7.24E-09,0.141477238,-0.209215634,0.090901272,15.88517141
sub-002,P4,1.56E-05,3.82E-09,0.035870537,-0.246554676,0.125656044,11.35198684
sub-002,O1,7.98E-05,8.32E-09,0.339958299,-0.102361488,0.087844579,16.20194255
sub-002,O2,6.08E-05,1.01E-08,0.739747892,0.646507265,0.077818887,18.16053315
sub-002,F7,-8.00E-05,4.75E-09,0.06390209,-0.102834107,0.15319031,9.229595224
sub-002,F8,3.19E-05,4.00E-09,0.007941244,-0.035827265,0.16316697,8.73951609
sub-002,T3,1.63E-05,4.20E-09,0.016959979,-0.067062178,0.145611031,9.554054767
sub-002,T4,4.50E-05,6.38E-09,0.057095442,1.363510826,0.120375524,11.57901343
sub-002,T5,4.22E-05,4.30E-09,-0.011909773,-0.145567147,0.125252272,11.2699479
sub-002,T6,1.18E-05,3.89E-09,0.041979307,-0.09441349,0.131983611,10.78374572
sub-002,Fz,1.07E-05,3.93E-09,-0.017481523,-0.215156938,0.123503924,11.56517264
sub-002,Cz,3.24E-05,3.90E-09,0.002794791,-0.207199161,0.119517711,11.95940775
sub-002,Pz,4.70E-05,4.04E-09,0.035063897,-0.266690998,0.134853389,10.68399015
sub-003,Fp1,8.11E-05,6.03E-09,-0.316351768,0.122238825,0.104735991,13.0751733
sub-003,Fp2,4.36E-05,8.23E-09,0.434874134,1.950125454,0.088634476,15.3825379
sub-003,F3,-2.68E-05,5.59E-09,-0.409671482,0.314542567,0.106241405,12.67959794
sub-003,F4,-1.33E-05,5.76E-09,-0.494889639,1.105285608,0.103269158,13.2297287
sub-003,C3,1.19E-05,4.49E-09,-0.338584066,0.461428155,0.113693889,11.81197521
sub-003,C4,-1.39E-05,4.56E-09,0.585857194,1.17440171,0.111562123,12.74164424
sub-003,P3,0.000129587,6.04E-09,-0.110325955,0.159600308,0.097281254,13.99277793
sub-003,P4,0.000138867,8.75E-09,-0.660415078,0.344788351,0.079498782,17.74763216
sub-003,O1,8.68E-05,8.53E-09,-0.254205416,-0.2272422,0.083196201,17.18824064
sub-003,O2,9.99E-05,1.20E-08,0.133992571,-0.424178489,0.067245768,20.79043014
sub-003,F7,8.62E-05,8.78E-09,-0.434176432,0.225155871,0.085573033,16.40282221
sub-003,F8,0.000211234,9.23E-09,-0.463782411,0.58099693,0.080597878,16.89033714
sub-003,T3,-5.48E-05,6.49E-09,-0.169564329,0.227222186,0.088230834,14.5930399
sub-003,T4,0.000139177,9.00E-09,-0.036810243,-0.161877381,0.083468472,16.42637698
sub-003,T5,-9.14E-05,6.85E-09,-0.332685532,0.356569719,0.094533727,14.25380389
sub-003,T6,0.000238596,8.37E-09,-0.217552436,-0.165818778,0.08704867,15.78678785
sub-003,Fz,9.03E-05,7.74E-09,-0.21229346,0.001339929,0.092036795,14.78586044
sub-003,Cz,1.99E-05,8.58E-09,0.054736736,0.19855024,0.083945253,16.45530044
sub-003,Pz,1.39E-05,7.89E-09,-0.106011791,0.147820791,0.086729825,15.84275508
sub-004,Fp1,2.95E-05,1.67E-08,3.819669432,57.06714335,0.099018743,13.13355009
sub-004,Fp2,-2.78E-05,9.52E-09,-0.2511321,0.954406706,0.11600122,11.46830133
sub-004,F3,-5.62E-05,4.52E-09,0.001765481,0.059319441,0.226616963,5.841062286
sub-004,F4,-4.31E-05,4.90E-09,0.056242238,0.080031879,0.152619488,9.009097528
sub-004,C3,2.28E-05,4.14E-09,-0.112126873,0.030288423,0.152537212,9.321460069
sub-004,C4,-2.46E-05,3.79E-09,-0.079021792,-0.054277182,0.159569496,8.822886642
sub-004,P3,-1.55E-05,5.88E-09,0.098981637,-0.050232983,0.125518995,11.27518173
sub-004,P4,7.26E-05,8.32E-09,0.099158879,-0.053744007,0.106678339,13.05875635
sub-004,O1,6.25E-05,3.02E-08,1.743708986,4.618435719,0.056624058,25.15043404
sub-004,O2,9.02E-05,2.52E-08,-1.702763927,6.983308042,0.064175417,21.97544098
sub-004,F7,-4.14E-05,5.09E-09,-0.005720171,0.107045355,0.200084061,6.651713485
sub-004,F8,-1.58E-05,4.01E-09,-0.048392972,0.0505038,0.171279622,8.031813986
sub-004,T3,-2.55E-05,5.57E-09,-0.104815398,0.089877865,0.148713338,9.135832037
sub-004,T4,4.67E-06,5.33E-09,0.029837233,-0.033515303,0.1604805,8.448512529
sub-004,T5,9.36E-05,4.14E-09,0.011213407,0.037352353,0.155732238,9.169725501
sub-004,T6,9.53E-05,6.51E-09,0.360277771,0.58902105,0.121269527,11.41622762
sub-004,Fz,6.55E-05,4.94E-09,-0.103540096,-0.012994441,0.139890631,10.06436556
sub-004,Cz,-3.35E-06,7.67E-09,-1.124536657,4.155553829,0.109265497,13.08164967
sub-004,Pz,7.97E-05,4.22E-09,-0.090903288,-0.0460299,0.151595546,9.344647329
sub-005,Fp1,-0.000138789,3.62E-08,4.589760956,37.97589744,0.272751775,4.382737516
sub-005,Fp2,-0.0002254,1.46E-08,0.285204485,2.285508797,0.428773789,2.784340789
sub-005,F3,0.000358798,9.53E-08,0.878665501,0.225339157,0.167600526,7.13746862
sub-005,F4,0.000213951,1.82E-07,0.464311317,4.156584028,0.121247401,9.847086492
sub-005,C3,-3.09E-05,7.87E-09,0.030046216,0.554887471,0.58029846,2.05681828
sub-005,C4,1.21E-05,8.93E-09,-0.527523645,2.383698777,0.544550892,2.190002141
sub-005,P3,-4.70E-05,1.53E-08,-0.162234035,1.346407602,0.417683733,2.85251607
sub-005,P4,-2.35E-05,1.19E-08,-0.374448178,1.667658226,0.471081493,2.531779617
sub-005,O1,-4.31E-05,1.37E-08,-0.242755845,1.94310807,0.439868186,2.713400172
sub-005,O2,-0.000116508,1.75E-08,-0.22658174,0.97663054,0.390404884,3.058015396
sub-005,F7,-9.80E-05,1.48E-08,0.389985282,4.149395662,0.431015898,2.78736269
sub-005,F8,-4.95E-05,1.85E-08,0.397980628,2.798195594,0.38111199,3.133846959
sub-005,T3,-4.90E-05,1.08E-08,-0.491404905,2.254439663,0.502661187,2.374153803
sub-005,T4,-8.40E-05,1.16E-08,-0.27657871,1.065147936,0.479709351,2.485967735
sub-005,T5,-5.82E-05,1.78E-08,0.55347221,3.652710735,0.38620277,3.091933079
sub-005,T6,-3.95E-05,1.32E-08,-0.105692848,0.926307474,0.448702456,2.658778948
sub-005,Fz,-0.000201505,9.98E-09,0.360956442,0.771137203,0.515249893,2.315557005
sub-005,Cz,-7.78E-05,1.42E-08,-0.049345096,1.035221813,0.431628384,2.763826203
sub-005,Pz,-6.48E-05,1.31E-08,-0.024646316,1.285789729,0.450512277,2.649019457
sub-006,Fp1,1.40E-05,7.28E-09,0.253489738,0.031330133,0.122149965,8.757540648
sub-006,Fp2,0.000116007,6.88E-09,0.342054821,0.301905162,0.107473883,9.106013609
sub-006,F3,3.46E-05,4.96E-09,0.084831718,-0.096900021,0.15604927,7.24328171
sub-006,F4,9.61E-05,4.71E-09,0.102806124,-0.026740324,0.127439265,7.791937976
sub-006,C3,-2.51E-05,4.52E-09,-0.060066182,-0.154522184,0.121735345,7.723993424
sub-006,C4,2.11E-05,4.44E-09,0.055820839,-0.021239105,0.122318059,7.608755657
sub-006,P3,8.45E-05,7.39E-09,0.638481713,1.188959363,0.095258656,9.54308812
sub-006,P4,0.000106747,4.93E-09,0.013388511,0.012263403,0.119281327,7.934963321
sub-006,O1,0.000115592,7.10E-09,-0.058745165,0.313397318,0.103049597,9.411557944
sub-006,O2,7.28E-05,1.04E-08,1.191430052,3.649436348,0.086150038,11.5789531
sub-006,F7,6.23E-05,6.36E-09,0.065405717,-0.011996239,0.178642445,7.00944257
sub-006,F8,6.17E-05,6.17E-09,0.120827319,-0.121486785,0.128705401,8.44405567
sub-006,T3,3.34E-05,8.22E-09,0.35943279,-0.059476577,0.116786086,9.541348555
sub-006,T4,7.27E-05,4.64E-09,0.01955721,-0.058560996,0.137869018,7.221476688
sub-006,T5,8.68E-05,6.56E-09,0.197469304,0.343721881,0.109165897,9.195210974
sub-006,T6,8.55E-05,6.55E-09,-0.144777313,0.061617709,0.110149942,9.232967105
sub-006,Fz,4.48E-05,5.30E-09,0.038865771,0.050963305,0.111273977,8.244613987
sub-006,Cz,6.04E-05,4.68E-09,0.083310732,0.126339429,0.116752463,7.786565061
sub-006,Pz,-1.55E-05,5.31E-09,0.000354438,0.063781356,0.111842346,8.196221816
sub-007,Fp1,-6.03E-05,7.61E-09,-0.273373267,1.532000029,0.100566341,14.63206708
sub-007,Fp2,-0.000127001,7.50E-09,0.82951909,5.063938622,0.095155169,15.19510555
sub-007,F3,-3.72E-05,5.55E-09,-0.002176684,0.049988777,0.118293618,12.17089513
sub-007,F4,-6.75E-06,5.60E-09,-0.217095101,0.518633195,0.109118003,13.61537823
sub-007,C3,2.35E-06,4.91E-09,-0.162841186,0.22209523,0.105510291,14.15803208
sub-007,C4,-3.65E-06,4.61E-09,0.276200788,0.203062794,0.113836118,13.32211012
sub-007,P3,2.18E-05,8.46E-09,-0.261258933,-0.0423587,0.080539554,18.64401145
sub-007,P4,-4.31E-05,5.81E-09,0.459424214,0.487910748,0.101621731,14.40432993
sub-007,O1,5.67E-05,5.28E-09,0.08839877,0.267369716,0.107658214,13.97152785
sub-007,O2,4.65E-05,9.33E-09,0.763306842,0.558765922,0.079185313,18.55122087
sub-007,F7,-0.000141832,5.85E-09,0.228669546,0.427978273,0.137739326,10.9328708
sub-007,F8,-4.27E-05,6.17E-09,-0.204282418,0.273568828,0.106710382,13.94784317
sub-007,T3,-2.02E-05,6.16E-09,0.149787981,0.572281457,0.104471744,14.10590721
sub-007,T4,-4.49E-05,5.81E-09,0.196088205,0.412006037,0.105535276,14.03783998
sub-007,T5,3.75E-05,5.10E-09,0.559351782,1.406181275,0.109158943,13.7327098
sub-007,T6,1.42E-05,4.77E-09,0.18113039,0.136403178,0.112991605,12.64538891
sub-007,Fz,2.91E-07,5.77E-09,0.459565365,0.493526951,0.100743479,14.86217268
sub-007,Cz,-4.66E-05,5.52E-09,0.087089371,-0.098576563,0.103244244,14.69542214
sub-007,Pz,-1.85E-05,6.84E-09,-0.274616756,0.911432895,0.089679477,16.72729672
sub-008,Fp1,3.39E-05,8.43E-07,0.844944565,7.129483798,0.021546195,47.60472569
sub-008,Fp2,0.000155452,9.20E-07,1.020514404,6.880229136,0.020283089,49.74069512
sub-008,F3,0.000178458,8.48E-07,0.777101136,7.063407461,0.020994035,48.35620705
sub-008,F4,0.000199057,8.08E-07,0.769632312,7.356262012,0.021336439,46.13679195
sub-008,C3,0.000122206,8.10E-07,0.898291019,7.296323993,0.021494762,47.21608194
sub-008,C4,0.000113151,8.56E-07,0.788315811,7.124344344,0.020996171,47.33448477
sub-008,P3,0.000337921,8.19E-07,1.014390084,7.061233908,0.020860687,46.96897447
sub-008,P4,0.000170899,1.19E-06,1.620733419,8.793608275,0.132526143,7.962812139
sub-008,O1,2.81E-05,8.74E-07,1.136841852,9.346418318,0.019905593,47.25858587
sub-008,O2,9.21E-05,7.94E-07,0.898858864,8.257884933,0.020415934,45.39707959
sub-008,F7,0.000268875,1.23E-06,-0.042202117,3.853068829,0.018265318,57.18227284
sub-008,F8,0.000442703,8.33E-07,0.952053715,6.864372741,0.021816975,46.61801539
sub-008,T3,0.000228469,8.27E-07,0.932025959,6.744921768,0.02053409,47.53790547
sub-008,T4,0.000170792,1.19E-06,-0.02199605,3.998096564,0.017865801,53.49993449
sub-008,T5,0.000147724,8.51E-07,0.853201686,6.482011778,0.019962292,48.43126743
sub-008,T6,0.000451722,8.38E-07,0.748311093,6.681324908,0.020418467,46.99950015
sub-008,Fz,7.18E-05,7.71E-07,0.915948441,7.278779966,0.021856376,45.9026644
sub-008,Cz,0.000168111,8.26E-07,0.977224867,7.026602337,0.021122407,47.37608463
sub-008,Pz,0.000197419,8.29E-07,1.139006767,7.924715165,0.020487349,46.87270647
sub-009,Fp1,-4.75E-05,7.20E-09,-0.036499498,0.149495124,0.104585204,12.57898408
sub-009,Fp2,-8.86E-05,4.44E-08,-2.893966446,12.45466911,0.043351845,29.36914686
sub-009,F3,6.05E-05,7.08E-09,-0.279135151,-0.078633821,0.10023913,13.38929139
sub-009,F4,-5.42E-05,5.73E-09,-0.032938435,0.058310229,0.125982838,9.88229156
sub-009,C3,6.39E-05,3.79E-09,-0.058046478,-0.024770807,0.135726396,9.952636
sub-009,C4,-7.21E-05,3.86E-09,0.045881339,-0.083376254,0.128353346,10.00970272
sub-009,P3,1.93E-05,5.86E-09,-0.282795382,-0.045688782,0.107093659,12.54038098
sub-009,P4,7.95E-05,5.59E-09,0.10339682,-0.148478435,0.108989218,12.05263487
sub-009,O1,4.79E-05,9.50E-09,0.740781407,0.455537519,0.088210232,15.37883833
sub-009,O2,9.03E-06,4.38E-09,-0.019047111,-0.254400395,0.121328756,10.34595242
sub-009,F7,1.57E-05,4.52E-09,-0.016201342,-0.124571094,0.129096434,9.954751039
sub-009,F8,1.09E-05,5.29E-09,-0.121354383,-0.052601519,0.133192197,9.688028929
sub-009,T3,-8.15E-06,4.47E-09,-0.083464302,-0.028388104,0.131780797,10.25476296
sub-009,T4,-3.75E-06,4.41E-09,-0.163074557,0.025929108,0.197723308,6.241486807
sub-009,T5,5.78E-05,4.47E-09,-0.028998448,-0.21733952,0.129130774,10.35512584
sub-009,T6,-1.83E-05,5.94E-09,-0.105322529,-0.231162627,0.114349854,11.7271736
sub-009,Fz,-4.00E-06,4.05E-09,-0.080602541,0.078736063,0.135027591,9.770524561
sub-009,Cz,-5.07E-05,5.57E-09,0.011347101,-0.249044469,0.111669197,12.14854313
sub-009,Pz,3.32E-05,4.01E-09,-0.0299144,-0.179721508,0.125279114,10.57524805
sub-010,Fp1,2.25E-05,6.72E-09,0.146905654,0.164159778,0.136199645,10.22051471
sub-010,Fp2,-4.54E-05,6.63E-09,0.184702959,0.140182928,0.14224058,9.9800325
sub-010,F3,4.56E-05,6.55E-09,0.055063276,-0.231878174,0.133646684,10.7260807
sub-010,F4,1.54E-05,5.15E-09,0.02732775,0.005953572,0.153441892,9.299835302
sub-010,C3,-5.45E-05,6.61E-09,-0.263173075,-0.000491411,0.128381841,11.17155787
sub-010,C4,5.07E-05,6.47E-09,0.265185659,0.071959314,0.132293158,10.90492901
sub-010,P3,9.42E-05,9.96E-09,0.38482875,-0.242631761,0.100810947,14.41137109
sub-010,P4,-5.80E-06,5.68E-09,0.198753332,-0.053695476,0.140284108,10.31088855
sub-010,O1,7.80E-05,5.93E-09,0.145100695,-0.185854956,0.133896654,10.9658266
sub-010,O2,6.21E-06,1.90E-08,0.740079173,0.147622064,0.072086095,20.02137164
sub-010,F7,9.87E-05,7.03E-09,0.006114183,-0.166796534,0.137299257,10.25704227
sub-010,F8,4.99E-05,5.35E-09,0.067568571,-0.144420399,0.199498216,7.223777371
sub-010,T3,-8.12E-05,5.41E-09,0.008794515,-0.034662932,0.159230655,8.991056059
sub-010,T4,4.97E-05,5.30E-09,0.114671481,-0.024051695,0.176751938,7.832579447
sub-010,T5,-8.36E-05,4.17E-09,-0.010113947,0.013163607,0.171318924,8.314967992
sub-010,T6,4.67E-05,5.37E-09,0.069016988,-0.105148488,0.149262701,9.79144913
sub-010,Fz,-9.87E-05,4.29E-09,-0.010696856,-0.097609632,0.159242221,8.879821728
sub-010,Cz,7.63E-05,6.63E-09,0.116489514,-0.183404529,0.121987695,11.81129602
sub-010,Pz,2.84E-05,4.81E-09,0.062904986,0.066965099,0.141679347,10.0945125
sub-011,Fp1,-0.000868595,4.53E-07,1.912471429,8.06674387,0.02777521,49.18001302
sub-011,Fp2,-1.62E-05,8.61E-07,2.493165268,5.995360287,0.02008543,67.84208363
sub-011,F3,5.66E-05,3.01E-07,4.815757335,23.68010886,0.027255252,47.32525539
sub-011,F4,9.39E-05,3.25E-07,4.478507778,20.04140938,0.032087339,42.34251248
sub-011,C3,0.000147837,2.91E-07,4.938195044,24.53136068,0.025925282,51.56373519
sub-011,C4,7.72E-05,2.93E-07,4.97699908,24.51155274,0.025647917,50.34978738
sub-011,P3,0.00014715,3.13E-07,4.638880617,22.07830778,0.023801665,54.58216828
sub-011,P4,0.000132628,6.81E-07,-0.260528621,11.03754085,0.017791012,62.87738999
sub-011,O1,7.44E-05,2.93E-07,4.840678386,23.75029892,0.031712778,42.28787645
sub-011,O2,0.000101406,3.91E-07,3.890958793,15.08883088,0.022240952,57.36046332
sub-011,F7,6.10E-05,3.09E-07,4.788598045,23.48132439,0.028857867,45.06470322
sub-011,F8,0.000298695,3.67E-07,3.735116387,14.39121495,0.03153443,44.23898085
sub-011,T3,-4.61E-05,3.38E-07,3.706125809,17.13174761,0.02716632,47.71832738
sub-011,T4,7.70E-05,2.97E-07,4.880124688,24.06384476,0.028892507,43.93405255
sub-011,T5,0.00016895,3.86E-07,3.997430077,16.50252856,0.022316715,57.70499519
sub-011,T6,0.000125835,3.54E-07,4.221952787,18.26404779,0.025023259,49.53058264
sub-011,Fz,9.73E-05,3.13E-07,4.826845354,23.4669364,0.023099677,53.482522
sub-011,Cz,0.000108734,2.97E-07,4.849104249,23.47227456,0.024480583,48.23821342
sub-011,Pz,0.000282484,3.50E-07,4.396766893,20.99876693,0.023457099,51.80074747
sub-012,Fp1,-9.09E-05,2.49E-07,2.14020455,13.87932729,0.03961473,30.19557183
sub-012,Fp2,0.000215756,3.56E-07,1.924732978,9.895192046,0.032934058,36.15276167
sub-012,F3,-2.55E-05,2.91E-07,2.076291538,12.49161378,0.036648485,32.92282363
sub-012,F4,-0.000259065,3.78E-07,0.532159263,9.522158753,0.031885858,37.1706886
sub-012,C3,8.30E-05,2.89E-07,4.424870906,20.88348599,0.035543382,34.13389261
sub-012,C4,0.000119236,3.22E-07,3.627924551,21.50521494,0.032597321,37.161948
sub-012,P3,-3.99E-05,7.09E-07,-0.298050942,7.593741679,0.023305627,50.06298568
sub-012,P4,-0.000175988,3.65E-07,2.95370098,14.99512816,0.030542628,39.98239828
sub-012,O1,-0.000366828,7.45E-07,0.131548974,7.758548252,0.208318873,4.931225204
sub-012,O2,-9.68E-05,5.91E-07,2.547301265,9.399783325,0.029020043,37.85536321
sub-012,F7,-0.000212679,3.76E-07,2.384836682,12.11827428,0.0313071,39.312185
sub-012,F8,9.39E-05,3.54E-07,2.242597203,11.15162113,0.033286489,36.01269645
sub-012,T3,0.000140751,3.75E-07,1.86390374,15.14966482,0.032407165,36.87138273
sub-012,T4,1.20E-05,4.63E-07,1.197517578,5.664064415,0.028216504,42.37733051
sub-012,T5,-4.21E-05,7.34E-07,1.207269448,7.993188798,0.198035407,5.122444122
sub-012,T6,-3.50E-05,2.59E-07,2.522921145,15.66651869,0.038175915,31.29261876
sub-012,Fz,-3.59E-05,2.97E-07,2.319238223,12.36147396,0.034725872,35.01260453
sub-012,Cz,-0.000140104,5.63E-07,1.458583913,6.823402557,0.023845979,52.17129941
sub-012,Pz,-3.69E-05,3.54E-07,2.908255837,15.17234371,0.031287387,38.45838526
sub-013,Fp1,-2.78E-05,8.56E-08,5.839058229,64.34699685,0.031405859,36.04043229
sub-013,Fp2,-8.78E-05,7.74E-08,6.643989793,78.28190571,0.034997444,35.13750255
sub-013,F3,-0.000104978,1.69E-08,-1.772305426,43.93671062,0.065781741,17.70471874
sub-013,F4,0.000126829,3.87E-08,0.97476227,47.93315332,0.045717223,25.07458202
sub-013,C3,-4.56E-05,1.33E-08,-2.159011886,71.33131592,0.069815495,15.86179979
sub-013,C4,4.34E-05,1.29E-08,3.812021663,62.77197952,0.071288197,15.20703716
sub-013,P3,-0.000194865,1.45E-07,2.714572377,38.88361603,0.021396927,51.31358338
sub-013,P4,-1.51E-05,1.68E-08,-0.330314238,62.0186794,0.063847916,16.47512133
sub-013,O1,-1.22E-05,8.35E-08,5.885467597,63.03113119,0.028457671,38.85479446
sub-013,O2,-0.00021191,4.84E-08,1.49134915,14.99060991,0.037765643,28.10854797
sub-013,F7,0.000111104,5.43E-08,4.562539076,51.21829531,0.044711944,26.89540183
sub-013,F8,2.72E-05,2.98E-08,6.338748795,118.2085054,0.068807074,19.15761101
sub-013,T3,6.98E-05,1.02E-07,-2.248205955,8.186189334,0.03003197,39.51437926
sub-013,T4,0.000151623,3.66E-08,2.77487452,23.16027938,0.051016221,22.00074086
sub-013,T5,-0.00021486,2.44E-07,-4.801677653,24.82518265,0.023209014,46.75563132
sub-013,T6,4.59E-05,3.78E-08,1.176278496,87.90620642,0.0449369,23.32280076
sub-013,Fz,-0.000186664,1.63E-08,-0.805866662,38.11285584,0.063583667,18.02825884
sub-013,Cz,2.37E-05,5.24E-08,-1.231322507,6.585179049,0.035458244,31.86846001
sub-013,Pz,2.18E-05,7.35E-08,6.175558195,66.19456721,0.030053337,35.21359341
sub-014,Fp1,0.000121661,8.06E-07,1.313801821,8.392929109,0.019715584,57.40714782
sub-014,Fp2,0.000223014,1.06E-06,1.238278108,4.926924311,0.184336137,5.724665226
sub-014,F3,9.31E-05,7.54E-07,0.999330188,8.768307919,0.019264725,56.00499332
sub-014,F4,0.000440571,9.45E-07,0.897342526,3.464527959,0.016909429,64.42274928
sub-014,C3,6.02E-05,7.46E-07,1.033774117,8.946374248,0.021022439,52.54383462
sub-014,C4,0.000124992,6.95E-07,0.767759604,9.151640558,0.022104739,49.96512287
sub-014,P3,0.000122159,7.35E-07,0.92976408,8.916801384,0.023107205,49.20658149
sub-014,P4,3.27E-05,7.42E-07,0.893806564,8.968262059,0.019714435,55.29450707
sub-014,O1,0.000158527,6.97E-07,0.860949805,8.681399639,0.019553196,55.6267509
sub-014,O2,-6.26E-05,8.26E-07,1.095203658,6.611657565,0.018791008,59.40636102
sub-014,F7,0.000290403,7.31E-07,0.995364963,8.484364526,0.021376294,53.1144877
sub-014,F8,0.000196192,7.74E-07,1.001262665,8.237630893,0.019277523,58.1820614
sub-014,T3,0.000240655,7.53E-07,0.934887069,8.777375131,0.020749234,54.09640843
sub-014,T4,7.03E-05,7.25E-07,0.81107688,8.60387486,0.019619804,54.5062514
sub-014,T5,0.000152584,7.29E-07,0.917838086,8.940407224,0.021964006,51.06600995
sub-014,T6,0.000407736,7.04E-07,0.586224351,7.762584153,0.019253236,54.32813721
sub-014,Fz,0.000254188,7.01E-07,0.811130686,8.885437591,0.021161858,52.66659896
sub-014,Cz,0.00015614,7.36E-07,1.008085165,8.968822651,0.020940665,52.52570158
sub-014,Pz,5.69E-05,7.11E-07,0.913511718,8.938636506,0.023213537,49.52452059
sub-015,Fp1,-4.26E-05,1.09E-08,0.469730611,2.034617744,0.128490944,8.903058058
sub-015,Fp2,-9.57E-05,4.65E-08,9.053686813,121.2185335,0.060903501,18.52805799
sub-015,F3,-3.05E-05,9.03E-09,0.186748983,0.373860975,0.138709502,8.359604598
sub-015,F4,0.00011319,9.49E-09,0.034662048,0.083007052,0.131137906,8.612323872
sub-015,C3,-1.27E-05,8.70E-09,0.200368195,0.295607605,0.137156075,8.276599282
sub-015,C4,1.54E-05,8.42E-09,-0.177712393,0.405284149,0.136946592,8.093549678
sub-015,P3,0.000265058,6.73E-08,0.923271878,0.299376656,0.048843099,23.25111065
sub-015,P4,8.90E-05,9.93E-09,-0.051933426,-0.099887934,0.125406756,8.878771898
sub-015,O1,4.74E-05,1.06E-08,-0.029526615,-0.157052148,0.122951185,9.058815331
sub-015,O2,-0.000113234,9.67E-09,-0.003373858,0.192655595,0.128216394,8.717778644
sub-015,F7,1.32E-05,1.52E-08,0.292678694,2.997536742,0.107147254,10.83838478
sub-015,F8,-3.76E-05,8.96E-09,-0.001719408,0.246591379,0.133342883,8.426305394
sub-015,T3,-4.16E-06,8.94E-09,0.110417367,0.300679083,0.137072407,8.334289963
sub-015,T4,2.57E-05,1.01E-08,0.219834709,0.101411954,0.127952654,8.708477712
sub-015,T5,-7.04E-05,1.05E-08,0.203362263,0.051451976,0.125805703,9.022198839
sub-015,T6,0.00029446,2.64E-08,0.619323379,0.152660209,0.078015845,14.22912836
sub-015,Fz,-1.83E-05,1.02E-08,0.116627403,0.20159387,0.125750198,9.021521309
sub-015,Cz,-5.51E-05,9.33E-09,0.196855138,0.219614254,0.131229168,8.629433756
sub-015,Pz,0.000125151,7.53E-08,2.38227981,6.81925877,0.045506439,24.42487309
sub-016,Fp1,-0.00016261,5.41E-08,-3.059705347,32.88869957,0.050285684,23.26571289
sub-016,Fp2,-0.00010186,6.04E-08,-3.720975246,38.73676289,0.047261242,24.58837493
sub-016,F3,-0.000245757,1.27E-07,-2.050905073,9.330045203,0.032715399,35.46426916
sub-016,F4,1.96E-05,5.13E-08,-5.226743626,55.59270797,0.050535537,22.42305741
sub-016,C3,-3.94E-05,5.66E-08,4.759185474,49.28823859,0.047734698,24.11637865
sub-016,C4,4.32E-05,5.45E-08,-4.465319297,45.74799003,0.048646122,23.21057344
sub-016,P3,6.60E-06,5.86E-08,-1.286770882,32.67339487,0.046780795,24.76812814
sub-016,P4,-2.80E-06,1.02E-07,0.399203907,33.36500772,0.035360864,32.00577205
sub-016,O1,9.83E-05,9.09E-08,-1.907016776,19.36408027,0.03774168,30.03818991
sub-016,O2,-0.00021777,1.25E-07,1.614511996,36.10708551,0.032310312,35.18973452
sub-016,F7,-0.000363509,6.59E-07,-1.564585277,6.349544026,0.185415916,5.464371004
sub-016,F8,-8.70E-05,5.88E-08,-3.639328867,40.90006639,0.048559946,23.61860965
sub-016,T3,0.000120477,8.82E-08,-2.435358069,21.85336678,0.039177918,29.90327718
sub-016,T4,-0.000172402,4.91E-07,-2.374423529,12.93933695,0.048940288,21.31689594
sub-016,T5,-1.28E-05,6.54E-08,-3.387065292,33.6668512,0.044641886,25.88871214
sub-016,T6,5.57E-05,1.44E-07,-0.423988469,18.26437482,0.030533976,36.63108688
sub-016,Fz,4.49E-05,5.61E-08,-4.099142369,46.56766802,0.047582927,24.02083285
sub-016,Cz,-0.000122591,5.82E-08,-3.807843849,41.59187865,0.046726301,24.51790323
sub-016,Pz,0.000119502,6.69E-08,-3.686695446,36.24109858,0.043927916,25.58725835
sub-017,Fp1,-6.72E-05,2.68E-08,-0.425778615,1.246613858,0.069871102,16.35132943
sub-017,Fp2,6.30E-05,4.27E-08,0.034684019,0.298432963,0.055690981,20.31167424
sub-017,F3,-0.000241695,4.98E-08,-1.115122661,1.88603983,0.05172276,22.22003458
sub-017,F4,-4.64E-05,2.19E-08,-0.358023228,1.195566616,0.076950627,14.48122235
sub-017,C3,-6.51E-05,2.34E-08,0.103450857,1.855023167,0.073610329,15.38969979
sub-017,C4,6.94E-05,2.49E-08,0.000979617,2.138923148,0.071112903,15.52298114
sub-017,P3,-0.000110061,4.95E-08,4.996765279,60.49645993,0.050305504,22.33748461
sub-017,P4,9.12E-06,2.46E-08,0.138211609,1.476645541,0.070718653,15.69973995
sub-017,O1,0.000204096,1.61E-07,2.29726257,13.77382663,0.028158198,39.49627063
sub-017,O2,-1.86E-06,7.16E-08,2.443468004,20.13754459,0.042916358,25.82247686
sub-017,F7,-0.000136939,2.59E-08,-0.581271416,1.017530309,0.07623066,15.31066916
sub-017,F8,-0.000106766,3.48E-08,4.549994837,68.35358051,0.066615429,17.17903968
sub-017,T3,-4.07E-05,2.17E-08,-0.486206002,1.796246763,0.078825074,14.68354226
sub-017,T4,-0.00014604,1.14E-07,0.657895433,21.17580018,0.039024405,28.5660193
sub-017,T5,-7.12E-05,2.34E-08,-0.054425807,1.683991919,0.074744021,15.33812142
sub-017,T6,2.61E-05,4.57E-08,0.434332855,0.626343565,0.052797688,20.91078164
sub-017,Fz,-2.29E-06,2.56E-08,0.150055794,1.212940885,0.070420749,16.1037543
sub-017,Cz,-0.000114761,3.49E-08,2.609676148,23.48870244,0.059867897,18.76660109
sub-017,Pz,-0.000114143,2.70E-08,0.100431161,0.812617808,0.067908124,16.20087375
sub-018,Fp1,1.35E-05,1.31E-08,5.530560171,58.27676144,0.074626663,14.60522545
sub-018,Fp2,4.52E-05,7.24E-09,1.055751737,6.742954837,0.116647175,10.05610801
sub-018,F3,-0.000188785,8.46E-09,0.139611152,0.542289507,0.087965155,12.23980522
sub-018,F4,3.82E-06,5.64E-09,0.280679351,0.314479474,0.109911983,9.681974549
sub-018,C3,3.76E-05,4.28E-09,-0.104295496,0.014860551,0.118756487,8.985066704
sub-018,C4,-3.50E-05,4.26E-09,-0.035582981,-0.013263022,0.1191607,8.66924579
sub-018,P3,-4.38E-05,9.19E-09,0.033637431,-0.236203245,0.081762875,12.93686917
sub-018,P4,-3.86E-05,1.44E-08,-0.726039052,1.293183685,0.063834825,16.1870568
sub-018,O1,2.33E-05,2.54E-08,1.476379323,4.449553916,0.049771477,21.37253159
sub-018,O2,0.000212973,2.95E-08,1.480555426,4.8931697,0.046906994,22.97985957
sub-018,F7,-0.000134493,8.79E-09,-0.16734786,0.292673212,0.104459552,10.86983278
sub-018,F8,4.55E-05,4.52E-09,-0.080350254,0.290999738,0.184522182,6.534838871
sub-018,T3,-5.57E-05,6.99E-09,0.061523737,-0.203917856,0.109793842,10.68614261
sub-018,T4,-0.000149097,5.49E-09,0.148416165,0.029640455,0.121410579,8.755235934
sub-018,T5,-1.33E-05,4.33E-09,0.00143098,0.083622281,0.122774654,8.910608594
sub-018,T6,-2.31E-05,4.13E-09,-0.00978836,0.04113769,0.13003961,8.014547851
sub-018,Fz,-3.55E-05,1.64E-08,-0.23929872,0.851525988,0.061054292,17.40438657
sub-018,Cz,-3.41E-05,4.76E-09,-0.013939294,0.005478753,0.113261733,9.1221585
sub-018,Pz,2.48E-05,4.70E-09,-0.003946132,0.029151377,0.112757433,9.108112721
sub-019,Fp1,6.15E-05,1.21E-08,1.215219842,4.520166482,0.099448688,12.19760499
sub-019,Fp2,1.00E-04,1.11E-08,2.037885116,13.86227548,0.102328305,11.57574396
sub-019,F3,-3.92E-06,2.63E-08,-0.276405536,-0.712201069,0.076538381,15.92163287
sub-019,F4,7.95E-05,5.58E-09,0.095288226,-0.05839336,0.149162395,7.934490648
sub-019,C3,0.000122033,4.93E-09,0.0617999,0.016368673,0.147964103,7.906077226
sub-019,C4,-0.000126851,5.05E-09,-0.019870711,0.002558352,0.145004813,7.902228434
sub-019,P3,7.70E-05,1.41E-08,0.129544777,-0.66563456,0.086469558,13.53686582
sub-019,P4,0.000179799,2.08E-08,-0.011780964,-0.170240666,0.070483307,16.24787209
sub-019,O1,-5.43E-05,3.31E-08,-0.313883811,-0.262226932,0.057084959,20.11413855
sub-019,O2,-0.00037488,2.18E-08,0.111597434,-0.665364729,0.070291515,16.16863311
sub-019,F7,7.55E-05,4.85E-08,2.299742481,8.385516711,0.085915675,14.34907626
sub-019,F8,3.03E-05,7.27E-09,0.77274593,3.229820965,0.142768561,8.341829092
sub-019,T3,0.000214273,5.24E-09,-0.028407444,0.08387253,0.172093942,7.169998491
sub-019,T4,-4.69E-05,1.30E-08,-0.063739412,-0.590688673,0.134159462,8.703037039
sub-019,T5,0.000147312,5.25E-09,0.009388958,0.133730261,0.145231701,8.091064512
sub-019,T6,6.99E-05,5.66E-09,0.030910575,0.161603566,0.14013789,8.168314197
sub-019,Fz,-9.46E-05,8.15E-09,-0.389845078,0.179822451,0.112780976,10.30119339
sub-019,Cz,6.48E-05,4.81E-09,0.04145823,0.23360821,0.145661635,7.985111718
sub-019,Pz,6.84E-05,8.12E-09,0.035351901,-0.064778101,0.112748363,10.1168062
sub-020,Fp1,-9.58E-06,3.88E-08,-1.074228518,1.222986066,0.059781374,20.710248
sub-020,Fp2,2.65E-05,2.38E-08,-0.730369132,1.489593393,0.071382881,16.22987687
sub-020,F3,-6.92E-05,5.67E-08,-0.908999961,0.355252323,0.042556359,26.79369846
sub-020,F4,-0.000190401,5.60E-08,-0.715187828,0.214758888,0.042229539,26.99513722
sub-020,C3,4.22E-05,4.38E-09,0.094138254,0.161199568,0.14074232,7.737134117
sub-020,C4,-4.34E-05,4.13E-09,-0.093320397,0.109590552,0.143873357,7.677717142
sub-020,P3,-5.41E-05,2.89E-08,-0.864735805,-0.172945125,0.053144778,20.39924703
sub-020,P4,-4.52E-05,1.09E-08,-0.190155701,0.879871809,0.086319825,12.68684914
sub-020,O1,4.57E-05,1.29E-08,0.769974409,0.51825669,0.081186704,13.54997995
sub-020,O2,-4.54E-05,6.10E-09,0.266034551,0.392040639,0.117839102,9.392379848
sub-020,F7,1.24E-05,1.19E-07,-0.092852672,0.423655905,0.044978493,28.08981764
sub-020,F8,-9.70E-06,6.82E-08,-0.543754288,-0.140741095,0.043235907,27.62253994
sub-020,T3,2.84E-05,1.55E-08,-0.017098033,-0.156188351,0.096996474,12.45304383
sub-020,T4,-1.48E-05,3.04E-08,-0.487738507,-0.217901691,0.066282208,17.8019587
sub-020,T5,-4.52E-05,7.15E-09,-0.006478731,-0.012981908,0.115926939,9.542409965
sub-020,T6,8.63E-05,8.10E-09,0.29058141,0.215149546,0.105807468,10.51713249
sub-020,Fz,-9.62E-05,3.88E-08,-0.865893595,0.083360896,0.047751923,22.80813529
sub-020,Cz,1.31E-05,4.68E-09,-0.234225851,0.26351395,0.132902435,8.080616888
sub-020,Pz,-6.37E-05,5.13E-09,-0.197374351,-0.055661428,0.124502712,8.791971336
sub-021,Fp1,-0.00021767,1.39E-08,-0.361872083,0.415017549,0.073328984,14.71191546
sub-021,Fp2,-6.20E-05,5.90E-09,-0.005492299,0.203882402,0.116538138,9.241696359
sub-021,F3,4.35E-05,4.34E-09,0.005838266,-0.063721571,0.123266476,8.823492619
sub-021,F4,-5.62E-05,4.96E-09,-0.089693952,-0.183813907,0.122800682,8.819167422
sub-021,C3,-2.05E-05,3.88E-09,-0.00287388,-0.107289867,0.128158204,8.41797724
sub-021,C4,2.05E-05,3.73E-09,-0.071594188,0.027930335,0.128202136,8.333906771
sub-021,P3,0.000298717,2.36E-08,0.181278583,-0.811931044,0.054596451,19.72602257
sub-021,P4,0.000136364,9.63E-09,-0.289256867,0.061266252,0.081619501,13.16425433
sub-021,O1,0.000197393,3.28E-08,0.583985571,0.464505037,0.050904578,21.65311293
sub-021,O2,0.000186001,2.60E-08,1.410933039,1.393260136,0.055077564,20.06346589
sub-021,F7,-9.31E-06,1.51E-08,-0.747879224,1.493887025,0.075092599,15.03669736
sub-021,F8,-5.06E-05,5.23E-09,0.008526396,0.145479419,0.145150714,7.8889448
sub-021,T3,3.23E-05,4.14E-09,-0.039979874,-0.133272377,0.132606605,8.358255492
sub-021,T4,8.67E-06,5.11E-09,-0.097621577,-0.118004784,0.124364978,8.78533065
sub-021,T5,4.18E-05,5.90E-09,0.189767819,0.015460019,0.119887093,9.105042178
sub-021,T6,0.000211665,6.91E-08,1.891928259,3.463272583,0.034189027,32.30811774
sub-021,Fz,2.60E-05,4.07E-09,-0.006617206,-0.065536519,0.125314467,8.624036549
sub-021,Cz,-7.50E-05,6.11E-09,-0.042456738,-0.241286019,0.101418807,10.58585915
sub-021,Pz,7.38E-05,1.33E-08,0.639994229,0.170674026,0.068209224,15.93667893
sub-022,Fp1,-4.57E-05,8.48E-08,5.569998885,59.98710277,0.043318686,24.97631147
sub-022,Fp2,-3.90E-05,1.02E-07,6.8688496,64.14657793,0.038970516,27.91975974
sub-022,F3,2.65E-05,1.71E-08,2.08041576,11.00773026,0.09514646,11.23466296
sub-022,F4,1.47E-05,1.55E-08,2.254062847,8.252561464,0.098986515,10.84808126
sub-022,C3,-5.27E-05,1.05E-08,0.86582506,3.879351951,0.117455252,9.001437901
sub-022,C4,5.10E-05,1.07E-08,-1.08414302,4.261518163,0.115832309,9.019757951
sub-022,P3,-4.01E-05,1.69E-08,-0.883185224,2.623499231,0.092412799,11.52261062
sub-022,P4,-2.64E-05,1.78E-07,-1.815416876,9.026803619,0.028559338,37.57994457
sub-022,O1,-0.000181102,2.48E-07,-1.882219209,10.08638947,0.024660093,43.19395286
sub-022,O2,6.33E-05,3.59E-07,-0.29699467,3.238174548,0.020129456,53.71303197
sub-022,F7,-5.84E-05,1.75E-08,0.97670787,1.404060801,0.1174838,9.596804009
sub-022,F8,-6.85E-05,1.74E-07,-0.977400332,26.86019412,0.432577714,2.473613553
sub-022,T3,-9.36E-06,2.47E-08,1.223787081,4.663130874,0.079132401,13.50871543
sub-022,T4,9.84E-05,2.35E-07,-0.192318042,7.271384693,0.026931886,40.0032006
sub-022,T5,8.71E-05,4.30E-07,-2.634787084,13.16093027,0.018639554,57.55064826
sub-022,T6,6.05E-05,4.49E-07,-1.610196478,9.693899072,0.018037123,60.63612577
sub-022,Fz,-2.72E-05,2.02E-08,1.199009635,8.922317998,0.083130119,12.79239898
sub-022,Cz,-1.54E-05,7.22E-09,0.543400433,1.95790952,0.13841379,7.632926474
sub-022,Pz,9.89E-05,1.81E-08,-0.418454982,1.06546184,0.089352021,11.84089462
sub-023,Fp1,-1.00E-04,1.32E-08,-1.547672091,66.20051845,0.133829066,8.584531446
sub-023,Fp2,-2.24E-05,1.38E-08,-1.872431365,68.66812153,0.130002857,8.685208129
sub-023,F3,-4.69E-05,8.94E-09,-2.6250014,148.9378415,0.166034664,7.091737971
sub-023,F4,-4.66E-05,2.16E-08,-0.594046431,26.13234256,0.107350029,10.89625846
sub-023,C3,2.43E-05,8.39E-09,-2.818883295,182.2719232,0.152073416,6.993905466
sub-023,C4,-3.13E-05,8.26E-09,8.825650981,268.6316509,0.154219688,6.669915141
sub-023,P3,-3.45E-05,9.62E-09,-2.131824916,123.7437298,0.139151419,7.541342149
sub-023,P4,-0.000316745,2.92E-07,-3.71067213,18.90835257,0.030294366,32.27700769
sub-023,O1,2.64E-05,5.73E-08,4.514547124,56.8153888,0.058637503,17.69517571
sub-023,O2,-1.97E-05,6.02E-07,2.427689189,8.749069507,0.254395953,3.975307384
sub-023,F7,-0.000115071,9.10E-09,-2.314107151,144.2684477,0.208858425,6.199168389
sub-023,F8,-2.70E-05,1.14E-08,0.548793847,170.6520452,0.180735674,6.96319417
sub-023,T3,-6.46E-07,8.64E-09,-2.583544627,162.9900158,0.208880462,6.074212368
sub-023,T4,1.59E-05,9.19E-09,-2.531527226,144.3773057,0.229151591,5.429129534
sub-023,T5,2.99E-05,9.52E-09,-2.125728433,141.6637547,0.146646579,7.393588542
sub-023,T6,3.85E-05,8.86E-08,4.552307408,35.0048564,0.050606265,19.92731043
sub-023,Fz,0.000133156,1.76E-08,-0.074025008,40.73608033,0.103334154,10.03222081
sub-023,Cz,-7.82E-05,8.30E-09,-2.61982642,174.7402493,0.145343709,7.037420147
sub-023,Pz,9.25E-05,2.04E-08,-1.539096775,36.13565969,0.094144022,10.8668489
sub-024,Fp1,-8.87E-06,6.40E-09,0.304088569,0.397796896,0.120823684,10.52333724
sub-024,Fp2,-0.000169525,1.65E-08,0.021343264,-0.262486076,0.071406922,18.03347072
sub-024,F3,-3.12E-05,4.57E-09,0.09424511,-0.123182937,0.132848636,9.651747382
sub-024,F4,-4.13E-05,5.13E-09,0.039217203,-0.195848203,0.123277661,10.13967271
sub-024,C3,-4.07E-05,4.18E-09,0.057206434,0.160878166,0.137921852,9.369252733
sub-024,C4,3.65E-05,4.18E-09,-0.011241214,0.127568325,0.137840925,9.022696129
sub-024,P3,-5.65E-06,4.95E-09,-0.298441434,0.406411541,0.12768232,10.13965344
sub-024,P4,-0.00011205,4.99E-09,-0.053093582,0.146790977,0.125989919,9.7994683
sub-024,O1,2.59E-05,5.61E-09,0.088710027,-0.017645649,0.122864195,10.07376606
sub-024,O2,-3.71E-05,5.66E-08,-0.86107222,0.80824323,0.037618532,33.11294126
sub-024,F7,-6.22E-05,5.41E-09,0.038414007,-0.104693278,0.121828623,10.69688516
sub-024,F8,-6.19E-05,5.05E-09,0.137852603,-0.151751177,0.126745125,9.797693351
sub-024,T3,-7.04E-06,4.27E-09,0.061744978,0.009942054,0.139433118,9.237976613
sub-024,T4,-3.37E-05,6.65E-09,-0.172231876,0.384413111,0.111002868,11.06073636
sub-024,T5,7.66E-06,4.76E-09,0.05792358,0.000571225,0.133246812,9.694455902
sub-024,T6,-4.32E-05,5.63E-09,0.005300445,-0.180501755,0.121377625,10.24275875
sub-024,Fz,-2.94E-05,7.27E-09,-0.059728841,-0.12463515,0.10495356,12.38716226
sub-024,Cz,-4.11E-05,4.15E-09,0.060058363,0.021613497,0.138307814,9.327328277
sub-024,Pz,3.89E-05,4.65E-09,0.034799441,0.257950189,0.132233637,9.351405652
sub-025,Fp1,-0.000198307,4.51E-08,5.308154971,70.23341063,0.08479979,16.9146519
sub-025,Fp2,-5.92E-05,7.84E-08,5.933305865,70.13287585,0.064039709,22.3456049
sub-025,F3,8.33E-05,1.86E-08,-2.855003833,17.77348293,0.131766349,10.76502073
sub-025,F4,0.000454785,1.13E-07,0.551448629,2.189851527,0.060390784,23.49671955
sub-025,C3,2.73E-05,1.22E-08,-4.118887562,29.69320065,0.138569514,10.13917163
sub-025,C4,-5.40E-05,1.04E-08,-3.676639995,26.44028526,0.149208295,9.265562783
sub-025,P3,5.04E-05,1.90E-08,-1.141987917,5.585529194,0.107900332,13.04947815
sub-025,P4,3.73E-05,2.57E-08,-1.133542411,2.654934327,0.095255941,14.51331677
sub-025,O1,0.000185689,3.46E-08,-0.495967382,3.314466525,0.085601655,16.15691265
sub-025,O2,-0.000257871,3.68E-08,-0.460581711,0.598782071,0.083687855,16.38727915
sub-025,F7,-9.25E-05,1.51E-08,-2.144442878,12.04120255,0.213371755,6.438341275
sub-025,F8,-0.000131914,2.06E-08,-0.924860766,3.903580868,0.173906332,8.119435032
sub-025,T3,-2.50E-05,1.26E-08,-3.121945721,20.97242976,0.23108418,5.764129431
sub-025,T4,6.33E-05,1.54E-08,-2.610396957,14.87111958,0.175026368,7.681368445
sub-025,T5,6.00E-05,2.55E-08,-1.812674702,9.529481458,0.108751617,12.84727031
sub-025,T6,-2.88E-05,1.18E-08,-2.935071842,19.1076751,0.152496317,9.063401643
sub-025,Fz,3.69E-05,1.32E-08,-2.621009452,16.73499674,0.126333902,11.22307706
sub-025,Cz,3.96E-05,1.32E-08,-3.073896621,19.63344026,0.122680126,11.44764026
sub-025,Pz,-3.42E-05,2.43E-08,-0.671793308,8.406058046,0.09451636,14.63772503
sub-026,Fp1,-0.000128345,1.29E-08,0.80276065,2.887319112,0.239373773,5.776657699
sub-026,Fp2,-1.13E-05,2.23E-08,0.848023445,3.704635056,0.181940286,7.697833462
sub-026,F3,6.81E-05,5.42E-09,-0.091820169,0.172140354,0.370465896,3.723974524
sub-026,F4,-5.48E-05,7.91E-09,0.155096873,0.322378408,0.373801019,3.796269082
sub-026,C3,1.32E-05,4.71E-09,-0.024930865,0.141643138,0.314533192,4.166504177
sub-026,C4,-1.21E-05,4.70E-09,0.006138246,0.334125882,0.317687,4.081853064
sub-026,P3,-6.81E-05,7.24E-09,-0.01785211,0.407031651,0.234729696,5.53246926
sub-026,P4,-2.22E-05,3.10E-08,-0.485548565,0.738740067,0.113033899,11.24868044
sub-026,O1,-5.46E-05,5.46E-08,3.124084995,16.86779449,0.096851023,13.37911383
sub-026,O2,-0.000738234,1.07E-07,3.179675741,20.11290531,0.069566191,18.45292296
sub-026,F7,-1.56E-07,8.05E-09,-0.187892381,2.86867964,0.62035878,2.272392446
sub-026,F8,-5.09E-06,1.13E-08,-0.534748935,1.864400181,0.422709571,3.387412966
sub-026,T3,1.34E-05,6.00E-09,-0.318240754,1.765263413,0.357033909,3.736944922
sub-026,T4,-3.71E-05,6.92E-09,-0.831466196,3.631117039,0.34014675,3.809975882
sub-026,T5,4.28E-05,1.65E-08,1.120350433,4.011090305,0.168745817,7.712879355
sub-026,T6,-2.04E-05,9.75E-09,0.435403504,1.700841739,0.222101128,5.792504796
sub-026,Fz,-0.000125993,5.16E-09,-0.001430374,0.191093726,0.259871103,4.927306729
sub-026,Cz,3.62E-05,9.64E-09,0.277946728,-0.283336911,0.188458005,6.758008459
sub-026,Pz,-0.000209152,2.76E-08,-0.493578947,0.055069144,0.122981489,10.36618768
sub-027,Fp1,4.46E-05,1.78E-08,7.654967623,169.5727584,0.087338152,13.16639603
sub-027,Fp2,-5.49E-06,1.46E-08,3.65590415,34.84953564,0.104538795,11.4134422
sub-027,F3,2.74E-05,6.54E-09,1.044213643,15.06615976,0.142205414,8.214926443
sub-027,F4,7.40E-05,7.68E-09,0.196534489,5.461324846,0.149076941,8.004181936
sub-027,C3,3.87E-05,4.78E-09,1.24451285,21.7916045,0.163419119,7.127117043
sub-027,C4,-4.71E-05,4.60E-09,1.166863483,20.3914536,0.167878884,6.817970422
sub-027,P3,1.51E-05,4.81E-09,1.256858369,21.27728866,0.16262268,7.138697464
sub-027,P4,1.18E-05,9.49E-09,0.11821754,3.342542533,0.113801178,10.02376022
sub-027,O1,5.01E-05,7.03E-09,0.977086207,10.0370099,0.136680147,8.439663517
sub-027,O2,0.000228362,4.77E-08,0.356385441,-0.833688444,0.052248111,22.00116888
sub-027,F7,2.61E-05,6.77E-09,1.229942544,17.27136898,0.167397592,6.971308914
sub-027,F8,2.83E-05,1.36E-08,0.423159068,3.125639141,0.141866491,8.633332461
sub-027,T3,1.56E-05,5.31E-09,1.549164542,34.33012577,0.178594143,6.470983046
sub-027,T4,-7.72E-05,6.27E-07,-2.30187951,10.34542461,0.355645472,2.946951828
sub-027,T5,1.35E-05,5.08E-09,1.38602432,23.35043513,0.178171848,6.552755074
sub-027,T6,0.000140488,9.89E-09,0.602325545,6.185430857,0.117406335,9.756505683
sub-027,Fz,-2.66E-05,5.64E-09,2.608585128,100.3219417,0.153685476,7.297801688
sub-027,Cz,2.94E-05,5.38E-09,4.374647809,122.8062798,0.148519955,7.770655711
sub-027,Pz,-8.26E-06,5.14E-09,0.942063496,17.1147833,0.155239142,7.410356441
sub-028,Fp1,5.16E-05,1.70E-08,0.13592313,4.567487408,0.085735947,13.90932105
sub-028,Fp2,-6.47E-05,1.45E-08,1.381280538,5.904959864,0.090515722,13.12434667
sub-028,F3,5.91E-06,5.37E-09,0.253750182,0.493324149,0.146010032,8.218182528
sub-028,F4,-8.47E-05,2.28E-08,0.803134345,0.190726262,0.070831866,16.48515131
sub-028,C3,-2.37E-05,4.18E-09,0.02510162,-0.08666312,0.162165703,7.277018172
sub-028,C4,2.47E-05,3.95E-09,-0.019476924,-0.089966648,0.16875923,6.93580069
sub-028,P3,0.00017767,1.12E-08,-0.783253627,0.836618848,0.100163529,11.85674857
sub-028,P4,-0.000286594,7.36E-09,0.449379867,0.365960818,0.123124453,9.540100426
sub-028,O1,-6.64E-05,6.86E-09,0.08740893,0.603546491,0.130545431,9.044895574
sub-028,O2,4.76E-05,9.71E-09,0.014494067,-0.435590686,0.109796875,10.68097651
sub-028,F7,2.96E-05,5.07E-09,0.175489129,0.112302309,0.152170175,7.896886109
sub-028,F8,-2.07E-05,9.09E-09,0.504709824,0.450409893,0.117967867,10.11222977
sub-028,T3,9.56E-05,6.13E-09,0.085918493,-0.161516832,0.137897796,8.675798551
sub-028,T4,-0.000110402,4.92E-09,0.1110692,-0.065046268,0.157068621,7.505733988
sub-028,T5,1.57E-05,4.31E-09,0.013482205,-0.06893675,0.163481631,7.297860916
sub-028,T6,8.87E-05,5.91E-09,0.331654859,0.149013788,0.138679228,8.471784958
sub-028,Fz,-0.000165237,5.78E-09,0.195862118,-0.064580168,0.138920297,8.519182733
sub-028,Cz,2.47E-05,7.71E-09,-0.026698471,-0.368746784,0.119847327,9.92014335
sub-028,Pz,-4.31E-05,4.65E-09,-0.013356675,-0.208439942,0.155167341,7.560766747
sub-029,Fp1,5.90E-05,7.90E-08,-5.816193583,72.4236276,0.068547084,14.21659392
sub-029,Fp2,-7.97E-05,3.33E-08,-0.551502072,103.219342,0.101180723,9.755266919
sub-029,F3,2.05E-05,4.23E-08,6.833554168,267.6046098,0.090493395,10.84983907
sub-029,F4,4.22E-06,3.43E-08,-0.238753883,104.9862763,0.101662109,9.668450685
sub-029,C3,2.48E-05,2.99E-08,-1.224055225,141.1179409,0.104816025,9.310062509
sub-029,C4,-2.78E-05,3.00E-08,-1.513609092,139.0154503,0.104548072,9.198836473
sub-029,P3,0.000113258,4.44E-08,0.307629838,61.4618571,0.085724894,11.33845779
sub-029,P4,-0.000254067,3.95E-08,-0.99513114,78.01629093,0.090842724,10.6287214
sub-029,O1,-3.70E-05,4.19E-08,0.832770847,76.16769664,0.088734838,10.97442283
sub-029,O2,0.000203242,1.84E-07,0.071515641,3.031195067,0.042825028,22.62880604
sub-029,F7,5.62E-05,4.63E-08,10.64924827,367.6567401,0.086911386,11.60105376
sub-029,F8,0.000670532,7.41E-07,0.294906187,6.221434619,0.165143528,6.544738879
sub-029,T3,3.50E-05,3.03E-08,-1.22369321,135.834619,0.106747563,9.362708555
sub-029,T4,3.26E-05,3.10E-08,-0.484691669,127.8603043,0.10483704,9.439169955
sub-029,T5,-4.40E-05,3.20E-08,-0.683722326,118.5139483,0.101149379,9.64273746
sub-029,T6,0.000129625,3.90E-08,1.309919036,81.71441271,0.092775277,10.38123071
sub-029,Fz,3.44E-05,3.12E-08,-0.783175512,126.375731,0.102570738,9.489986151
sub-029,Cz,-8.04E-05,3.08E-08,-1.282765915,131.4164927,0.10329613,9.429254983
sub-029,Pz,5.15E-05,3.04E-08,-1.01984274,135.9000104,0.103829646,9.352244006
sub-030,Fp1,-9.83E-06,1.03E-07,6.539460904,62.02675924,0.031424701,37.76047535
sub-030,Fp2,-2.13E-05,1.28E-07,5.358049222,49.00405633,0.035018623,33.39010771
sub-030,F3,-3.06E-05,7.91E-09,-0.144480847,3.183275646,0.077143736,15.9848905
sub-030,F4,-6.08E-05,6.34E-09,0.0293148,4.084935483,0.102750306,11.48645102
sub-030,C3,-2.82E-05,5.48E-09,0.092872348,6.38674324,0.083406836,15.21032523
sub-030,C4,3.63E-05,4.83E-09,-0.099052648,6.824196766,0.094954687,12.65524254
sub-030,P3,8.97E-05,1.01E-08,0.229785651,2.278223883,0.077094657,13.78883129
sub-030,P4,-1.43E-05,7.58E-09,0.032128363,2.607817635,0.09052708,12.28203926
sub-030,O1,7.32E-05,9.24E-09,0.799350556,6.949294842,0.095730909,12.09832813
sub-030,O2,0.000672722,1.94E-06,0.103440217,1.173039233,0.033352359,30.77978117
sub-030,F7,1.61E-05,7.44E-09,0.372877253,4.279752131,0.087932067,14.30132032
sub-030,F8,0.000137131,1.72E-08,1.066857644,4.157737606,0.07206506,16.57355248
sub-030,T3,5.92E-05,6.14E-09,-0.173827133,5.899841444,0.085788323,14.66078138
sub-030,T4,-3.21E-05,5.62E-09,-0.140003054,5.629302582,0.123441935,9.51381365
sub-030,T5,-3.20E-05,6.45E-09,0.210447639,4.634116538,0.086431204,14.1550542
sub-030,T6,0.000215486,1.03E-08,0.113230579,1.559340886,0.077263343,14.91687265
sub-030,Fz,6.45E-06,9.06E-09,6.651648413,125.3832635,0.073999266,15.63451212
sub-030,Cz,-1.44E-05,2.94E-08,7.664437851,139.9131516,0.157940518,4.236313583
sub-030,Pz,0.00016931,8.47E-09,3.033852893,39.27580597,0.089186168,11.84613342
sub-031,Fp1,-3.86E-05,1.96E-07,-5.965304649,37.10180109,0.02933784,41.64325614
sub-031,Fp2,-0.000127172,2.08E-07,-6.003103061,37.56178957,0.028629399,42.53619825
sub-031,F3,-5.41E-05,1.98E-07,-6.141080062,38.6726575,0.03050475,40.91436621
sub-031,F4,-9.34E-05,1.99E-07,-5.90529554,37.21595921,0.031299314,38.9959924
sub-031,C3,-6.05E-05,1.90E-07,-6.146367872,38.70915899,0.028435451,43.82205966
sub-031,C4,-8.99E-05,1.99E-07,-6.131918089,38.52217866,0.028097859,42.55970082
sub-031,P3,-6.65E-05,2.27E-07,-5.727666504,34.47258406,0.025321227,47.76381674
sub-031,P4,-0.000127263,1.96E-07,-6.100100324,38.27182171,0.026675117,44.1219998
sub-031,O1,-9.98E-05,1.88E-07,-6.062262623,37.88748062,0.028092443,42.66365747
sub-031,O2,-3.48E-05,3.69E-07,-3.357984155,13.24808598,0.0202395,57.72458999
sub-031,F7,-4.52E-05,1.97E-07,-6.050845678,37.81337806,0.032818455,37.64172812
sub-031,F8,-2.20E-05,1.88E-07,-5.569932355,33.8492843,0.031014198,38.05034206
sub-031,T3,-5.62E-05,1.94E-07,-6.155695144,38.84173351,0.030202641,40.92152186
sub-031,T4,-4.69E-05,1.98E-07,-6.144138912,38.76236027,0.029732962,39.83702175
sub-031,T5,-0.000110374,2.10E-07,-5.97671425,37.25798852,0.027373368,44.74628844
sub-031,T6,-6.99E-07,1.96E-07,-6.03223261,38.08054906,0.028436977,41.2280652
sub-031,Fz,-7.81E-05,1.92E-07,-6.157654157,38.882257,0.028252327,42.58280215
sub-031,Cz,-6.65E-05,1.92E-07,-6.153254088,38.88494235,0.027953418,43.73958701
sub-031,Pz,2.68E-05,1.91E-07,-6.12862479,38.68195697,0.027567339,43.72882344
sub-032,Fp1,-0.000165878,2.67E-08,0.132057816,18.90466441,0.530026432,2.206160655
sub-032,Fp2,-0.000140271,2.29E-08,0.108470171,26.0288956,0.572302969,2.042537504
sub-032,F3,5.58E-06,1.78E-08,0.303433761,41.98087623,0.648066898,1.804962061
sub-032,F4,-3.77E-06,1.79E-08,0.420764216,41.22538058,0.64636949,1.808631525
sub-032,C3,-1.57E-05,1.77E-08,0.329135003,42.68631525,0.650637878,1.797406239
sub-032,C4,2.05E-05,1.78E-08,0.397032705,41.96781598,0.648920871,1.80132455
sub-032,P3,1.19E-05,1.81E-08,0.396679093,40.2097156,0.643053854,1.818497327
sub-032,P4,3.58E-05,1.80E-08,0.382539453,40.86504734,0.645745505,1.810556538
sub-032,O1,2.10E-05,1.80E-08,0.368155378,40.57381165,0.645153199,1.81236219
sub-032,O2,-7.35E-06,1.82E-08,0.33931983,40.06773611,0.642108205,1.821113647
sub-032,F7,-8.29E-06,1.82E-08,0.382039372,39.28531662,0.640125456,1.828458073
sub-032,F8,-5.37E-05,2.46E-08,0.353793379,22.01077876,0.551449406,2.120318151
sub-032,T3,-2.12E-05,1.80E-08,0.375366398,40.74577636,0.644590711,1.815042172
sub-032,T4,-8.96E-06,1.83E-08,0.325910194,39.77382697,0.640768111,1.824484028
sub-032,T5,2.80E-05,1.79E-08,0.414256437,40.68342031,0.647218005,1.807020432
sub-032,T6,2.77E-05,1.81E-08,0.438403322,39.83667634,0.6413978,1.823719711
sub-032,Fz,-5.10E-05,1.83E-08,0.286279277,40.00407883,0.639431587,1.828954566
sub-032,Cz,-7.70E-05,1.89E-08,0.247831794,37.57452688,0.629004764,1.858961063
sub-032,Pz,-4.12E-05,1.79E-08,0.289444638,41.61694286,0.646356466,1.80932145
sub-033,Fp1,-5.00E-05,6.56E-09,0.493980803,1.10258549,0.125805689,10.35126547
sub-033,Fp2,-4.07E-05,5.76E-09,0.25311762,0.19011913,0.131401434,9.416633714
sub-033,F3,-1.61E-05,5.74E-09,0.221742899,0.160314217,0.12533208,9.939427753
sub-033,F4,1.12E-05,5.89E-09,0.478416996,0.586693775,0.124081746,10.20726192
sub-033,C3,3.26E-05,3.64E-09,0.088610414,-0.027459252,0.146778576,8.702227485
sub-033,C4,-4.01E-05,4.09E-09,-0.027572311,-0.08978292,0.145108562,9.260449938
sub-033,P3,-1.83E-05,5.38E-09,0.155288051,-0.137341446,0.126954113,9.812625611
sub-033,P4,-2.72E-05,5.04E-09,-0.254312103,0.41938495,0.133727114,9.955838734
sub-033,O1,4.94E-05,7.21E-09,0.464338524,0.187263195,0.113710443,11.91399321
sub-033,O2,3.46E-05,8.71E-09,0.260929682,0.21392668,0.104369347,12.81437626
sub-033,F7,-2.79E-05,4.86E-09,0.122350355,0.074681539,0.143074194,9.381223851
sub-033,F8,-3.43E-05,5.34E-09,0.204243609,0.12291338,0.135136749,9.721148873
sub-033,T3,-0.000180753,4.70E-09,-0.044534674,-0.236660706,0.154554042,8.769925972
sub-033,T4,-3.39E-05,4.49E-09,0.193270156,-0.10214853,0.150339285,8.746797689
sub-033,T5,9.84E-06,5.20E-09,-0.101155765,0.108937572,0.133865399,9.540703408
sub-033,T6,-5.65E-05,5.87E-09,-0.572451222,1.027402886,0.130104577,10.19623299
sub-033,Fz,9.27E-06,5.57E-09,0.22659648,0.610700495,0.12562255,9.855564632
sub-033,Cz,-8.40E-07,4.16E-09,1.12E-05,-0.15452847,0.144132046,9.384994023
sub-033,Pz,1.90E-05,6.48E-09,0.432710498,0.515572867,0.116654539,11.64884707
sub-034,Fp1,-0.000161448,3.78E-08,0.279734109,0.406553248,0.059277323,20.51979598
sub-034,Fp2,-0.000112138,4.10E-08,1.345786998,1.391758303,0.057041867,21.27332
sub-034,F3,-4.78E-05,6.22E-08,2.315884003,14.5873747,0.045938668,26.69084893
sub-034,F4,-6.42E-05,4.12E-08,1.329395995,1.221637204,0.055201211,21.88188573
sub-034,C3,-0.000129265,4.73E-08,1.216427102,1.230958676,0.05154999,23.55074136
sub-034,C4,0.000128693,4.78E-08,-1.29694075,1.395699983,0.051177649,23.62930881
sub-034,P3,-7.47E-05,6.68E-07,-1.5115339,5.559916833,0.013613146,88.79780477
sub-034,P4,9.79E-05,3.73E-08,0.634589389,-0.204043657,0.057779819,20.8473522
sub-034,O1,3.89E-07,4.57E-08,1.328603965,1.142304436,0.052242224,23.02233855
sub-034,O2,0.000139236,5.60E-08,0.099534857,-1.204982092,0.047332138,25.45924679
sub-034,F7,5.89E-06,2.48E-07,2.91758246,26.50740314,0.144408504,6.775579455
sub-034,F8,-1.14E-05,5.11E-08,1.081632617,0.705224203,0.050560445,24.0672786
sub-034,T3,-0.000108068,1.01E-07,-2.071198424,9.230833899,0.040222118,31.35591425
sub-034,T4,-3.99E-05,3.77E-08,1.415222688,1.501050301,0.058283758,20.81657699
sub-034,T5,-2.85E-05,3.92E-08,1.340895061,1.268262875,0.056711044,21.40559716
sub-034,T6,0.000192515,5.33E-08,0.225846476,-0.896461833,0.048574399,24.90095379
sub-034,Fz,-6.75E-05,4.16E-08,1.390348275,1.296605577,0.054871366,22.08628833
sub-034,Cz,-0.000105533,4.64E-08,1.189756343,1.052479657,0.05158719,23.44682135
sub-034,Pz,-0.000109182,3.88E-08,1.457336593,1.48679952,0.056332695,21.39118546
sub-035,Fp1,3.68E-05,1.52E-08,3.804586017,41.49139784,0.062336098,22.29802549
sub-035,Fp2,-2.67E-05,1.41E-08,3.530024409,33.6314655,0.065921568,20.35031872
sub-035,F3,-9.13E-05,1.04E-08,-0.109508369,-0.062465899,0.065431718,20.92872501
sub-035,F4,-0.000105954,1.16E-08,0.164868804,-0.029614608,0.064536924,21.22487612
sub-035,C3,2.56E-05,7.55E-09,0.001810638,-0.201600736,0.073649975,19.49907369
sub-035,C4,-2.71E-05,8.23E-09,0.21274417,0.003310451,0.071116029,19.9965016
sub-035,P3,3.14E-05,7.52E-09,0.135914591,-0.099964716,0.078510529,17.74104324
sub-035,P4,3.99E-05,1.19E-08,0.384048235,0.057112946,0.05879591,24.28574873
sub-035,O1,-7.53E-06,2.60E-08,0.303659995,-0.636632339,0.046404462,30.35518232
sub-035,O2,3.99E-05,2.76E-08,0.714582663,1.500028658,0.040903281,34.81127223
sub-035,F7,-1.16E-05,7.68E-09,0.165210622,-0.330823099,0.087472278,16.10635673
sub-035,F8,3.21E-05,8.19E-09,0.124849363,-0.115297059,0.08196317,17.19996622
sub-035,T3,1.94E-07,8.39E-09,0.262235956,0.037590151,0.104626665,12.92948397
sub-035,T4,-5.32E-06,9.09E-09,-0.238048519,0.111811946,0.083855281,16.22344033
sub-035,T5,-3.81E-06,7.10E-09,0.093371068,-0.099814344,0.093425331,14.86521806
sub-035,T6,-2.43E-05,6.28E-09,-0.001155903,-0.00553863,0.089854517,15.93724852
sub-035,Fz,6.25E-06,8.67E-09,-0.098557443,-0.119615407,0.067433052,20.68833638
sub-035,Cz,-6.29E-05,7.61E-09,0.304208359,-0.199475249,0.072769893,19.87201746
sub-035,Pz,-9.16E-05,8.51E-09,0.027880738,-0.277148677,0.068742944,21.05344509
sub-036,Fp1,-4.89E-05,1.19E-08,0.411095355,1.508617292,0.079535964,16.8167126
sub-036,Fp2,-4.16E-05,8.66E-09,0.0382225,0.430212791,0.087569905,14.96247697
sub-036,F3,-1.21E-05,4.97E-09,0.077151915,-0.074454685,0.11183061,12.28463726
sub-036,F4,-5.55E-05,4.72E-09,0.042230601,-0.008728952,0.115734436,11.79006685
sub-036,C3,-2.11E-05,4.26E-09,0.010716936,-0.109581889,0.115747978,11.95698013
sub-036,C4,2.58E-05,4.25E-09,-0.126370575,0.094492594,0.117401337,11.89387743
sub-036,P3,-8.13E-05,4.48E-09,-0.140827056,-0.042721544,0.11255095,12.19485202
sub-036,P4,-2.28E-05,4.61E-09,-0.118301513,0.147502174,0.114331535,12.03364101
sub-036,O1,-1.20E-05,4.71E-09,-0.014081751,0.083866554,0.112421237,12.18987799
sub-036,O2,-6.61E-05,4.50E-09,-0.131455606,0.037850193,0.118859762,11.08296771
sub-036,F7,-2.98E-05,8.82E-09,0.512030731,3.570092155,0.090762416,15.31280199
sub-036,F8,-5.26E-05,6.98E-09,0.258952722,1.723551252,0.094987759,14.24346812
sub-036,T3,-4.15E-05,2.88E-08,-0.592830426,-0.371886701,0.049540551,27.65726978
sub-036,T4,-4.01E-05,4.59E-09,-0.052255255,0.01409138,0.119302101,11.27694287
sub-036,T5,-5.49E-05,4.55E-09,-0.196248898,0.094026558,0.116238791,12.01085193
sub-036,T6,-2.34E-05,5.07E-09,-0.001201667,0.177800942,0.128088268,10.06299932
sub-036,Fz,1.27E-05,4.64E-09,-0.043665832,-0.239900032,0.114155575,11.99841229
sub-036,Cz,-6.20E-06,4.69E-09,-0.045066194,-0.107859758,0.109800287,12.64610802
sub-036,Pz,-1.47E-05,4.17E-09,-0.086468627,-0.015750456,0.11784974,11.28458227
sub-037,Fp1,-8.80E-05,7.34E-09,0.742291536,7.693908809,0.110729219,11.03601406
sub-037,Fp2,-5.93E-05,1.44E-08,-0.79843329,3.699897082,0.076658444,15.99112672
sub-037,F3,3.83E-05,6.23E-09,0.383442463,6.209572933,0.115099986,10.54133628
sub-037,F4,-0.000130789,1.00E-08,-0.156845185,2.598219615,0.091684873,13.0527459
sub-037,C3,2.21E-05,4.32E-09,0.627956595,12.51059979,0.13524914,8.828664861
sub-037,C4,-1.94E-05,4.35E-09,0.731351714,15.32385851,0.139561848,8.525073488
sub-037,P3,-3.92E-05,6.31E-09,0.21716432,8.863911551,0.115823202,10.51147469
sub-037,P4,-0.000129945,6.63E-09,0.447377299,6.557951494,0.111592852,10.58229686
sub-037,O1,1.37E-05,3.06E-08,-0.404434177,0.407090455,0.053714774,22.81253285
sub-037,O2,8.17E-05,1.45E-08,0.508265756,0.763431202,0.080455379,14.6654147
sub-037,F7,-5.15E-05,5.11E-09,0.577165309,13.94632142,0.192180225,6.908058115
sub-037,F8,-5.53E-05,5.50E-09,0.247562447,8.969282879,0.125818002,9.80228631
sub-037,T3,-6.23E-05,7.27E-09,0.123001879,6.183530208,0.116112072,10.65387421
sub-037,T4,-3.28E-05,1.32E-08,0.253409614,1.934279714,0.082834024,14.56994639
sub-037,T5,8.35E-06,4.98E-08,8.835758153,114.3080947,0.042896148,27.98356982
sub-037,T6,3.30E-05,1.16E-08,0.284449791,1.62420859,0.086414061,14.0746969
sub-037,Fz,-1.54E-05,8.17E-09,-0.387734454,5.757519031,0.098421289,12.344531
sub-037,Cz,-8.29E-06,8.78E-09,0.216076519,2.53457103,0.090576001,13.81279499
sub-037,Pz,-0.000101237,2.33E-08,-0.28127272,-0.513441413,0.056525881,21.39356683
sub-038,Fp1,-2.54E-05,5.39E-08,-8.881147793,107.2294404,0.051624064,19.45810484
sub-038,Fp2,-1.33E-05,5.42E-08,-9.261578314,113.6475817,0.051696612,19.37362303
sub-038,F3,-2.54E-05,5.22E-08,-9.632093163,119.8304971,0.051192419,19.32282156
sub-038,F4,-2.54E-05,5.30E-08,-9.547380074,117.5321434,0.052472639,19.3396927
sub-038,C3,-1.98E-06,5.77E-08,10.17029144,126.193665,0.047599389,20.77853062
sub-038,C4,1.72E-06,5.33E-08,-10.02534132,124.0852773,0.04980301,19.82966003
sub-038,P3,-2.04E-05,5.49E-08,-7.017602774,87.66207196,0.048191618,20.61458517
sub-038,P4,-5.73E-05,1.64E-07,1.018942431,36.62147091,0.028247116,35.11639274
sub-038,O1,-4.04E-05,6.96E-08,-6.700412882,92.03796496,0.044220181,22.33562365
sub-038,O2,-3.78E-05,1.16E-07,1.310063319,60.55927896,0.033380875,29.95731674
sub-038,F7,-2.90E-05,5.26E-08,-9.41155499,116.0293005,0.055161871,19.06205537
sub-038,F8,-5.53E-05,5.41E-08,-9.175411841,111.4330874,0.055495237,19.32792142
sub-038,T3,-2.49E-05,5.37E-08,-9.267019111,113.5993015,0.051339686,19.64712135
sub-038,T4,-2.71E-05,5.20E-08,-9.408015269,114.6455827,0.053660291,19.1806488
sub-038,T5,-4.80E-05,1.06E-07,-1.257434997,70.09995441,0.036411854,27.26350459
sub-038,T6,-8.30E-05,1.54E-07,1.611204203,40.1528637,0.030259664,32.84471481
sub-038,Fz,1.00E-05,5.36E-08,-9.847511258,121.9554361,0.049607101,19.8705763
sub-038,Cz,-1.35E-05,5.14E-08,5.985912988,101.8340274,0.05142606,18.9591676
sub-038,Pz,4.75E-06,3.30E-08,5.000051162,149.2040669,0.062941023,15.70204952
sub-039,Fp1,7.06E-06,1.92E-08,-8.620053416,120.9001048,0.062179074,16.39873905
sub-039,Fp2,2.18E-05,1.84E-08,-9.433254967,136.0357895,0.079753978,14.35043377
sub-039,F3,-1.77E-05,1.92E-08,-9.449484486,135.3016008,0.051859529,20.15523081
sub-039,F4,5.68E-06,1.87E-08,-9.392339518,134.9863514,0.054410686,19.32438905
sub-039,C3,3.28E-08,1.71E-08,-10.37357288,155.1493217,0.046733774,20.09630198
sub-039,C4,5.44E-07,1.73E-08,10.40902633,156.699568,0.045251194,20.8356929
sub-039,P3,-4.57E-06,1.80E-08,-9.697353768,141.3056048,0.045903545,20.42225423
sub-039,P4,6.48E-06,2.43E-08,10.71320888,226.816721,0.043243126,20.23867407
sub-039,O1,1.40E-06,2.62E-08,-5.083771418,67.3867329,0.037492553,24.93134825
sub-039,O2,1.87E-05,4.19E-08,11.46982988,171.6475863,0.032182791,29.06179161
sub-039,F7,-2.00E-05,1.79E-08,-9.30004213,134.0268246,0.054707484,18.68107123
sub-039,F8,-1.86E-05,1.91E-08,-8.927653362,126.6702472,0.058751241,17.16701361
sub-039,T3,-1.49E-05,1.89E-08,-9.773539934,139.4714754,0.052012119,20.15495481
sub-039,T4,-1.79E-05,4.21E-08,10.5309662,149.6308673,0.041146368,23.25181489
sub-039,T5,1.57E-06,1.96E-08,-8.706811998,123.654458,0.046287282,20.43721215
sub-039,T6,-9.31E-06,3.67E-08,1.305606383,91.5871849,0.035722129,27.31873999
sub-039,Fz,-1.04E-05,1.84E-08,-9.380388798,135.0692998,0.04832536,19.87077176
sub-039,Cz,-2.63E-06,1.78E-08,-9.710699038,140.8764551,0.043382978,21.6810159
sub-039,Pz,1.64E-05,1.78E-08,-9.863165196,144.6016484,0.044786574,21.01475275
sub-040,Fp1,-0.000123323,4.02E-07,-1.648016418,7.214725934,0.014989575,83.23332066
sub-040,Fp2,-5.95E-05,3.81E-07,-2.753315899,12.98951833,0.015842418,77.5417848
sub-040,F3,-0.00012067,4.20E-07,-2.338215127,10.35230892,0.013736143,91.70968752
sub-040,F4,-0.000151264,4.29E-07,-1.866316823,7.605646764,0.013543393,91.14228934
sub-040,C3,-7.90E-05,2.20E-07,-5.802477316,34.11193812,0.019529655,64.2456624
sub-040,C4,-8.16E-05,2.13E-07,-5.856651835,34.73894271,0.019719261,62.88759505
sub-040,P3,-6.04E-05,2.19E-07,-5.62373748,32.53401644,0.019532739,64.05910055
sub-040,P4,-6.98E-05,2.17E-07,-5.64839667,32.90398291,0.018121805,68.39745423
sub-040,O1,-0.000131286,3.11E-07,-3.272775505,16.44961726,0.016466956,76.93737311
sub-040,O2,-0.000124781,2.41E-07,-4.544542569,25.94130972,0.018237535,67.84600553
sub-040,F7,-9.15E-05,3.93E-07,-2.171600885,10.93610881,0.016016024,78.64522941
sub-040,F8,-0.000222275,7.06E-07,-0.391179288,3.493603067,0.012364543,100.6834227
sub-040,T3,-6.75E-05,2.49E-07,-4.80952316,26.43606691,0.021232455,57.6955981
sub-040,T4,-0.000124641,3.11E-07,-3.390694777,17.23895289,0.019779616,60.09142385
sub-040,T5,-8.55E-05,2.42E-07,-5.244440557,30.19743674,0.018245965,68.47797599
sub-040,T6,-0.000144673,4.09E-07,-1.801049419,12.90160816,0.016474336,74.58470919
sub-040,Fz,-0.000100434,2.14E-07,-5.63182913,32.77434839,0.018819447,67.12787227
sub-040,Cz,-7.11E-05,2.16E-07,-5.625990703,32.75716605,0.018435365,68.41195056
sub-040,Pz,-0.000126424,2.25E-07,-5.727312567,33.56470462,0.017996576,70.59597476
sub-041,Fp1,-2.86E-05,9.19E-09,-0.143575261,-0.385946785,0.088773071,14.88929502
sub-041,Fp2,-1.74E-05,1.26E-08,-0.1539678,-0.568185728,0.069715735,19.18787877
sub-041,F3,-6.56E-05,7.54E-09,-0.002585187,-0.480606998,0.109003093,11.84708677
sub-041,F4,-4.59E-05,6.34E-09,0.057891509,-0.188951548,0.09548216,14.05254066
sub-041,C3,-5.23E-06,9.99E-09,0.025370489,-0.570131978,0.073347249,18.47278368
sub-041,C4,6.82E-06,1.02E-08,-0.00159411,-0.326480265,0.07190239,18.15729602
sub-041,P3,-2.04E-05,5.57E-09,0.034952047,-0.336537725,0.097852838,13.40213568
sub-041,P4,6.32E-05,5.85E-09,0.038594577,-0.429731869,0.100090639,12.57893336
sub-041,O1,-7.66E-05,1.74E-08,-0.299032652,-0.379636798,0.077215041,15.76491304
sub-041,O2,0.000176025,1.60E-08,-0.993971594,1.043499898,0.100660859,12.11801114
sub-041,F7,-2.52E-05,5.95E-09,-0.0366184,-0.16420829,0.183113578,6.925209694
sub-041,F8,8.80E-05,6.69E-09,-0.200693365,-0.225071312,0.109082479,11.46566069
sub-041,T3,9.76E-05,1.58E-08,1.164073441,2.09358525,0.071054509,18.23583229
sub-041,T4,-4.70E-05,8.06E-09,0.021096354,-0.449522004,0.112311151,11.42165436
sub-041,T5,-1.15E-05,6.39E-09,0.060432287,-0.436486508,0.098713403,13.22024273
sub-041,T6,3.79E-05,4.84E-09,0.042707547,-0.143461502,0.120796412,10.44103493
sub-041,Fz,-0.000451352,2.56E-07,-0.567132518,-1.0865755,0.014148837,94.28181711
sub-041,Cz,2.22E-05,7.41E-09,-0.093090148,0.167670791,0.080271429,16.82624254
sub-041,Pz,-0.000153004,9.13E-09,0.441581052,0.278335534,0.078060078,16.71014322
sub-042,Fp1,-6.71E-05,1.67E-07,-1.823876482,16.93416544,0.019148819,62.19052017
sub-042,Fp2,-4.31E-05,1.74E-07,1.180539642,8.481771367,0.019293825,59.78124767
sub-042,F3,-2.44E-05,1.09E-07,-1.197792506,15.79047815,0.023235206,51.80883859
sub-042,F4,-2.86E-05,2.43E-07,-1.64083203,9.101733172,0.015001195,80.00724419
sub-042,C3,2.95E-06,2.04E-08,2.675889988,14.29778894,0.045782131,23.49025325
sub-042,C4,-1.96E-06,1.78E-08,-2.886595425,15.48645813,0.049910431,21.17431935
sub-042,P3,2.32E-05,9.28E-08,0.387739897,4.791869636,0.021477269,50.49714663
sub-042,P4,-2.76E-05,3.42E-08,-1.278845832,8.448173239,0.03498919,29.36065464
sub-042,O1,-3.42E-05,6.32E-08,-0.687132407,7.810255619,0.029640608,38.66733059
sub-042,O2,-1.68E-05,3.88E-08,-1.194686557,6.707749365,0.035130354,30.72513832
sub-042,F7,-3.58E-05,9.21E-08,-1.579610331,16.2403846,0.029716064,42.65681774
sub-042,F8,-6.66E-05,2.46E-07,-2.576480515,17.10283499,0.018879985,67.88270132
sub-042,T3,-3.17E-05,7.58E-08,-1.662895222,15.7405053,0.029215741,40.21602478
sub-042,T4,-4.67E-05,1.07E-07,0.7418241,16.43675113,0.029874355,41.11477652
sub-042,T5,-6.88E-05,6.03E-08,-3.845669989,18.87574892,0.030116954,37.08525373
sub-042,T6,-4.39E-05,6.53E-08,-2.373842239,17.05240505,0.029234467,39.36594731
sub-042,Fz,-1.36E-06,4.27E-08,-0.22838091,4.565754245,0.031499065,34.86231835
sub-042,Cz,7.61E-06,2.53E-08,1.831064121,7.585432566,0.039789735,26.80998542
sub-042,Pz,-6.13E-06,4.78E-08,-1.138210565,6.735739904,0.030036389,36.49862222
sub-043,Fp1,1.46E-06,8.64E-09,2.298847229,71.22695198,0.09392086,13.8620571
sub-043,Fp2,6.35E-05,7.72E-09,2.135548169,79.63694204,0.093714783,13.87453758
sub-043,F3,6.88E-05,8.09E-09,1.300234886,75.15203421,0.09577402,13.71109388
sub-043,F4,3.82E-05,7.74E-09,1.427402119,84.65453691,0.093153836,13.50690108
sub-043,C3,1.08E-05,6.48E-09,2.585283793,118.1872845,0.104091186,12.48285346
sub-043,C4,-1.01E-05,6.54E-09,2.266779829,113.5251421,0.101173416,12.44626074
sub-043,P3,-1.03E-05,7.56E-09,0.34399213,52.45356127,0.092827246,13.97897665
sub-043,P4,3.36E-05,7.36E-09,2.57897047,88.2978341,0.096925611,13.00680136
sub-043,O1,-1.85E-05,7.68E-09,1.133443676,59.17803865,0.09289639,13.74783788
sub-043,O2,-0.000153887,2.37E-07,-5.356604452,29.84094126,0.022952446,50.98370666
sub-043,F7,1.56E-05,7.39E-09,1.539771865,83.61298359,0.122800983,10.86928525
sub-043,F8,-3.95E-05,7.59E-09,1.668215581,68.95898547,0.093808181,13.18370988
sub-043,T3,-9.77E-05,7.42E-09,2.322901203,95.57067034,0.120411454,10.18333169
sub-043,T4,-7.59E-06,6.76E-09,2.373781905,96.46019024,0.105635492,11.47559554
sub-043,T5,-3.03E-05,6.55E-09,1.686304563,54.59736093,0.102180907,12.83836269
sub-043,T6,-5.42E-05,9.83E-08,3.625290667,55.91108726,0.027788372,44.55832767
sub-043,Fz,2.97E-05,8.91E-09,0.226190033,45.27254614,0.086604462,14.56571276
sub-043,Cz,-3.05E-06,7.38E-09,0.78330964,64.77430132,0.095825874,13.56947953
sub-043,Pz,7.32E-05,8.36E-09,0.355158255,43.13588411,0.094088809,13.52257696
sub-044,Fp1,-7.99E-05,2.37E-08,0.063802875,2.280172202,0.073020426,15.58991119
sub-044,Fp2,2.02E-05,1.94E-08,0.153157479,0.163637756,0.081372209,13.9614697
sub-044,F3,-0.000121814,8.93E-09,0.341070707,0.393202455,0.115431378,9.746333784
sub-044,F4,6.47E-05,1.34E-08,0.15958263,-0.365461415,0.095206423,11.77844504
sub-044,C3,8.10E-06,1.17E-08,0.253887968,0.017571338,0.100744965,11.15884037
sub-044,C4,-1.70E-06,1.18E-08,-0.430323792,0.281993549,0.100473068,10.94233033
sub-044,P3,-0.000217635,7.77E-09,0.26469866,0.2961247,0.124374175,9.019218525
sub-044,P4,1.03E-05,1.65E-08,0.220605921,-0.492859042,0.086102208,12.47496936
sub-044,O1,0.000263794,7.18E-08,1.204346139,1.519728978,0.041994843,26.2580595
sub-044,O2,4.32E-05,4.20E-08,0.609135012,-0.55813422,0.05455624,20.05974389
sub-044,F7,-0.000172788,9.82E-09,0.035932593,0.110063248,0.115157791,10.07060454
sub-044,F8,-1.09E-05,1.05E-08,0.139476741,-0.021264338,0.110139017,10.08223532
sub-044,T3,-0.000108317,1.04E-08,0.546230502,0.573237047,0.113524235,10.22450644
sub-044,T4,-1.19E-05,1.53E-08,0.377979639,-0.188221621,0.091320348,12.14317841
sub-044,T5,-0.000116517,1.98E-08,0.276604778,-0.772498169,0.080336525,14.12832182
sub-044,T6,0.000145081,2.30E-08,0.244239488,-0.239601273,0.072993728,15.07260339
sub-044,Fz,1.15E-06,1.62E-08,0.12151606,-0.468138849,0.085696742,13.26525512
sub-044,Cz,-0.000130219,8.58E-09,0.258916362,0.560188944,0.117086547,9.668976769
sub-044,Pz,-7.04E-05,5.75E-08,0.967728752,0.086410445,0.045668688,23.998357
sub-045,Fp1,0.000154282,3.03E-08,-0.117491326,1.326240173,0.060056424,18.66819038
sub-045,Fp2,7.46E-05,2.98E-08,-0.113628026,1.333972117,0.065531177,17.19539622
sub-045,F3,0.000101198,2.37E-08,-0.117919086,3.484938507,0.066022736,17.0533738
sub-045,F4,0.000208854,2.89E-08,-0.172350095,3.16171662,0.06732493,16.6095059
sub-045,C3,-4.61E-05,2.40E-08,-0.204186914,2.444478873,0.0653794,17.15266963
sub-045,C4,5.02E-05,2.68E-08,-0.021973248,1.871713785,0.061805576,17.71674605
sub-045,P3,0.000103488,2.42E-08,-0.234900277,2.964150736,0.06504588,17.09741762
sub-045,P4,2.69E-05,2.51E-08,-0.188316322,2.447339033,0.063140028,17.43952425
sub-045,O1,0.000135743,3.48E-08,-0.171200508,1.249042928,0.054458865,20.46975307
sub-045,O2,0.000331258,1.36E-07,1.469001953,2.65031486,0.027908565,39.68855206
sub-045,F7,-3.23E-05,2.51E-08,0.069724531,2.437550799,0.066242729,17.29693939
sub-045,F8,0.000177504,2.91E-08,-0.195597221,1.95144712,0.066662907,17.20844618
sub-045,T3,3.52E-05,2.52E-08,-0.229895868,2.369539661,0.064808077,17.32465859
sub-045,T4,-0.000205794,1.61E-06,0.539284648,2.517404178,0.164282468,6.0505362
sub-045,T5,2.07E-05,3.45E-08,0.781405514,6.226339731,0.055097462,20.41553544
sub-045,T6,-5.44E-05,3.16E-08,-0.234650981,1.443141651,0.056893184,19.39743836
sub-045,Fz,0.000133659,8.89E-08,-0.030311876,-0.594576681,0.034142271,33.00549934
sub-045,Cz,-1.15E-05,2.67E-08,-0.135520458,2.292920128,0.061668064,18.19953816
sub-045,Pz,-5.85E-05,3.72E-08,-0.248829009,0.557309957,0.051939894,21.2860393
sub-046,Fp1,0.000200417,2.24E-08,1.441254456,8.501558736,0.073179153,15.7483744
sub-046,Fp2,7.32E-05,9.27E-08,6.714024936,57.09561944,0.036285013,31.34288733
sub-046,F3,6.06E-05,6.38E-09,-0.679809181,5.568499121,0.127997253,8.996303118
sub-046,F4,0.000191581,2.51E-08,0.278505847,1.555966089,0.069877565,16.84298257
sub-046,C3,-3.05E-05,5.35E-09,-0.914713214,8.444758769,0.139234826,8.243272199
sub-046,C4,2.28E-05,5.51E-09,0.88016785,8.049618714,0.135320714,8.435864425
sub-046,P3,0.000231492,1.17E-08,-0.185266678,1.007991557,0.093462099,12.24288243
sub-046,P4,0.000349039,1.74E-08,-0.17251584,0.290504971,0.075556031,15.05021882
sub-046,O1,0.000171256,2.68E-08,0.610503542,1.356895579,0.061828452,18.27508938
sub-046,O2,0.000346532,2.72E-08,0.706716808,0.552998004,0.061928475,18.35669306
sub-046,F7,0.000175647,1.26E-08,-0.190410305,1.556727238,0.098581339,11.6294696
sub-046,F8,9.27E-05,3.20E-08,5.157277375,44.83008113,0.058789642,19.34292599
sub-046,T3,0.000292109,1.95E-08,-0.35186836,0.536480902,0.072896881,16.0492117
sub-046,T4,0.000296541,1.37E-07,0.699484763,21.52056759,0.028881792,39.97321441
sub-046,T5,0.000112225,8.03E-09,-0.54231964,3.632213959,0.115776205,9.821015082
sub-046,T6,0.000210437,5.74E-08,7.755582501,91.92287201,0.042816155,26.40739202
sub-046,Fz,0.000119601,8.11E-09,-0.398139071,2.290992101,0.114754898,9.949716679
sub-046,Cz,0.000128163,3.62E-08,6.960938187,115.1905739,0.053900803,21.0841336
sub-046,Pz,8.58E-07,6.70E-09,-0.529200916,3.782043298,0.121961963,9.290977046
sub-047,Fp1,-7.98E-05,1.36E-08,0.012379817,0.876861724,0.118458237,9.562068139
sub-047,Fp2,-5.99E-05,1.15E-08,0.35576491,0.635382863,0.133814466,8.864614608
sub-047,F3,-0.000103342,5.98E-09,-0.01934149,-0.111883228,0.179497491,6.3484619
sub-047,F4,-1.98E-05,1.36E-08,-0.090175893,-0.564582681,0.126657385,9.412098043
sub-047,C3,3.48E-05,3.97E-09,0.012066261,0.734620017,0.211339899,5.223499114
sub-047,C4,-3.26E-05,4.01E-09,-0.111824856,0.027449409,0.209912286,5.240553473
sub-047,P3,-5.48E-05,6.63E-08,6.58295536,82.80989955,0.05192886,21.08348979
sub-047,P4,-0.000108154,6.30E-09,-0.01778621,-0.253732979,0.167544182,6.476169311
sub-047,O1,0.000382422,3.25E-07,-3.141691469,22.19190666,0.3620819,2.765685649
sub-047,O2,7.27E-05,9.46E-09,-0.071913351,-0.545853004,0.139446137,7.865428955
sub-047,F7,-0.000167952,5.86E-09,0.081751495,0.165751216,0.19362737,6.127148523
sub-047,F8,-0.000121154,5.74E-09,0.000813774,-0.183187237,0.211300023,5.866961428
sub-047,T3,-5.62E-05,4.37E-09,-0.063887449,0.128767336,0.209724259,5.363713346
sub-047,T4,-5.31E-05,4.86E-09,-0.050229892,0.173479847,0.203429929,5.532845328
sub-047,T5,-6.24E-06,7.50E-09,0.124560731,-0.115211399,0.157177246,7.066816534
sub-047,T6,-0.000202225,1.02E-08,-0.126443181,-0.203810936,0.133937522,8.206924686
sub-047,Fz,-0.000284041,1.03E-08,-0.316635647,1.172141974,0.1302779,8.443710304
sub-047,Cz,-5.74E-05,1.13E-08,0.086588422,23.26618352,0.12340034,8.803227023
sub-047,Pz,1.83E-05,3.84E-08,0.227262224,-0.268470056,0.069134101,15.5287143
sub-048,Fp1,-0.000104131,1.89E-07,-5.618533979,36.007143,0.031611222,38.79453276
sub-048,Fp2,-0.000102095,1.85E-07,-5.895815233,36.74953365,0.032254408,37.6700952
sub-048,F3,-0.000118827,1.88E-07,-6.046121644,38.064525,0.046776712,27.57581203
sub-048,F4,-0.000124248,1.89E-07,-6.032267161,38.00974699,0.035637376,34.08626317
sub-048,C3,-0.000112892,1.94E-07,-6.119843471,38.87742015,0.026906873,43.16606823
sub-048,C4,-3.78E-05,1.75E-07,-6.146986015,39.11971583,0.028864703,38.97009334
sub-048,P3,-0.000220267,2.40E-07,-4.060732351,22.38080992,0.024079669,47.15518223
sub-048,P4,-3.42E-05,3.16E-07,-0.941631608,21.12926502,0.021822001,50.49560232
sub-048,O1,-5.96E-05,1.89E-07,-4.845932239,28.33956465,0.028429715,40.35330429
sub-048,O2,-0.000483654,1.10E-06,-0.298076646,2.690646556,0.197175978,5.105436864
sub-048,F7,-0.000150713,1.87E-07,-6.001543081,37.56494205,0.047863083,28.38495822
sub-048,F8,-0.000134704,1.87E-07,-6.00745359,37.85550856,0.042452147,29.86717428
sub-048,T3,-0.000106214,1.77E-07,-6.119412545,38.85841615,0.04339771,28.85935559
sub-048,T4,-4.01E-05,1.86E-07,-5.650913054,35.03875706,0.035388648,33.01701566
sub-048,T5,-5.12E-05,2.35E-07,-4.026514107,22.4196967,0.025059937,44.93789716
sub-048,T6,-7.88E-05,2.65E-07,-2.326477882,22.67568155,0.024367323,46.3176688
sub-048,Fz,-0.000196734,1.86E-07,-6.02786844,37.96375928,0.029953173,37.28788148
sub-048,Cz,-1.86E-05,1.71E-07,-6.141599319,39.16587618,0.027415694,41.89445478
sub-048,Pz,-2.30E-05,1.86E-07,-5.508338282,34.79560477,0.029008027,38.46071952
sub-049,Fp1,2.09E-05,1.06E-08,-0.356248677,0.070172778,0.090491602,12.48271135
sub-049,Fp2,2.47E-05,7.96E-09,0.354444588,0.123514619,0.106380317,10.48298335
sub-049,F3,3.51E-05,9.42E-09,0.255607092,-0.229791517,0.093782656,11.92235474
sub-049,F4,2.25E-05,7.51E-09,-0.107463541,-0.444351699,0.10739023,10.07572407
sub-049,C3,-6.80E-05,4.62E-09,0.066870672,0.022001603,0.132906326,8.393801741
sub-049,C4,6.47E-05,4.76E-09,-0.166950184,-0.092103146,0.135302162,7.918729246
sub-049,P3,9.05E-06,6.30E-09,0.247057215,0.100862032,0.114585934,9.73247624
sub-049,P4,2.32E-05,4.87E-09,-0.005916456,-0.119805134,0.133302908,8.061087186
sub-049,O1,8.68E-05,7.55E-08,0.78686826,-0.310560794,0.035811645,30.05458312
sub-049,O2,-8.37E-05,3.65E-08,1.16033334,1.825591863,0.050614516,21.09003472
sub-049,F7,-4.52E-05,5.17E-09,0.085108911,0.382919545,0.126002983,8.657793553
sub-049,F8,1.76E-05,5.49E-09,-0.034026405,-0.131879979,0.129888175,8.461749045
sub-049,T3,3.78E-06,6.37E-09,0.215002975,0.06096602,0.116139958,9.675583934
sub-049,T4,-0.000112139,1.61E-08,0.46095195,-0.353820718,0.076623375,14.18775185
sub-049,T5,0.000170492,1.88E-08,0.613730025,-0.306156591,0.069548884,15.90876753
sub-049,T6,-0.000137203,1.15E-08,0.637688819,0.284108148,0.089081579,11.97348797
sub-049,Fz,-0.00026075,7.33E-09,0.005408608,-0.061814591,0.104008571,10.82246811
sub-049,Cz,0.000158541,7.44E-09,-0.238192099,-0.079236922,0.104064075,10.68225654
sub-049,Pz,1.86E-05,5.37E-09,0.02707755,-0.172319377,0.127428294,8.461216689
sub-050,Fp1,6.80E-06,7.41E-08,-0.8117526,1.426298249,0.042407115,29.84149953
sub-050,Fp2,-1.99E-05,2.09E-08,-1.164872427,5.051905788,0.080333651,15.68998722
sub-050,F3,-5.07E-05,5.77E-08,-0.647325592,0.791625454,0.049716865,25.4085874
sub-050,F4,-2.92E-05,3.18E-08,-1.241238401,3.389574983,0.067163547,18.06264803
sub-050,C3,5.32E-06,5.93E-09,0.096544976,-0.013304906,0.14295459,8.763676355
sub-050,C4,-8.81E-06,5.89E-09,-0.118152649,0.416287428,0.146148089,8.012159048
sub-050,P3,4.29E-05,6.23E-08,0.502079248,-0.984150594,0.0436315,28.8954923
sub-050,P4,-9.48E-05,3.20E-08,0.738718532,1.748714396,0.062924056,18.52356531
sub-050,O1,5.30E-05,4.77E-08,0.910651823,0.926253408,0.053006902,22.10117405
sub-050,O2,-0.000231851,2.40E-07,-0.958508548,2.488591861,0.023953161,49.42916712
sub-050,F7,-0.000323601,7.82E-08,-0.270880981,-0.574645486,0.051483381,24.61151898
sub-050,F8,-0.000199399,2.89E-08,-1.201907267,2.72835462,0.073371912,16.62331764
sub-050,T3,-7.47E-06,2.11E-08,-0.412848948,0.348454427,0.097646687,13.08352324
sub-050,T4,-5.27E-05,3.37E-08,-1.021905386,4.168383973,0.067763856,16.95608085
sub-050,T5,0.000118149,1.31E-08,1.009988812,2.945742282,0.10075604,12.01578107
sub-050,T6,0.000140635,4.46E-08,0.949377004,1.170076605,0.057150151,20.76623677
sub-050,Fz,0.000253195,1.51E-08,0.415556318,0.53906622,0.089170365,13.29008092
sub-050,Cz,-6.61E-05,3.04E-08,1.4317554,5.137119538,0.06131997,20.46261998
sub-050,Pz,6.07E-05,3.13E-08,1.29133986,3.026505339,0.062195918,19.10087767
sub-051,Fp1,-0.000246766,2.27E-07,-1.156397984,3.080689291,0.025779807,49.60156462
sub-051,Fp2,-0.000135825,5.41E-07,-1.107891743,2.879491039,0.016605182,76.561895
sub-051,F3,-0.000122669,1.62E-07,-1.841489939,4.721513262,0.030258821,42.02687408
sub-051,F4,-0.000121398,1.59E-07,-1.799428096,4.533561992,0.029942072,41.83154768
sub-051,C3,0.000206757,1.05E-08,0.668736413,0.633606642,0.115141977,11.08703356
sub-051,C4,-0.000197025,1.03E-08,-0.510012743,0.411623128,0.115558012,11.03986888
sub-051,P3,-0.000189421,1.05E-08,-0.633163575,0.758727605,0.115941311,10.87766404
sub-051,P4,-0.000205459,7.63E-09,-0.115763865,0.049648274,0.136035655,9.205911511
sub-051,O1,-0.000185397,1.15E-07,-2.547128915,9.335875354,0.03787553,33.04406016
sub-051,O2,-0.000132797,1.34E-07,-1.892602487,5.452446993,0.036257535,33.5360558
sub-051,F7,-0.00022528,3.33E-07,-1.52161409,3.747607601,0.022490941,56.94958557
sub-051,F8,-0.000150147,1.91E-07,-1.404777566,3.245166329,0.028414543,43.97193888
sub-051,T3,-0.000206025,3.91E-08,-1.388446751,3.594094114,0.064222187,19.97169172
sub-051,T4,-0.000113523,1.42E-07,-1.520774366,3.911627273,0.032578597,38.19391551
sub-051,T5,-0.000105467,8.45E-08,-2.175227909,8.033553295,0.042260721,30.17586582
sub-051,T6,-0.000103274,1.77E-07,-2.143711476,6.909840424,0.030188184,40.56951685
sub-051,Fz,-0.000189202,8.14E-09,-0.270555248,0.132646922,0.130021728,9.92519726
sub-051,Cz,-0.000156476,1.17E-08,-0.450050895,0.08777081,0.107366355,11.92430246
sub-051,Pz,-0.000151594,1.14E-08,0.105707424,0.23932894,0.111179478,11.31760044
sub-052,Fp1,1.89E-05,8.26E-09,0.182858402,0.7377675,0.163028996,7.026133006
sub-052,Fp2,-2.68E-05,1.13E-08,0.266638418,0.320464122,0.142596187,8.03401719
sub-052,F3,-0.000125313,5.77E-09,0.062340465,0.006349082,0.191960524,5.995241874
sub-052,F4,-8.51E-05,9.36E-09,-0.134978903,-0.143261655,0.151220022,7.518720195
sub-052,C3,-4.89E-05,4.43E-09,0.054267729,0.049319515,0.216797486,5.285177752
sub-052,C4,4.41E-05,4.39E-09,0.141085314,-0.160464133,0.216721815,5.231428352
sub-052,P3,0.000141789,8.23E-09,-0.42122238,0.404940787,0.161774836,7.05024368
sub-052,P4,5.70E-05,9.11E-09,0.476841231,-0.0739434,0.151803124,7.467694959
sub-052,O1,-5.27E-05,6.20E-09,-0.057471048,0.125108217,0.187109489,6.053621246
sub-052,O2,0.0001033,6.47E-09,0.104895742,0.923011947,0.18384277,6.093792561
sub-052,F7,8.15E-05,5.98E-09,0.283870966,0.184707239,0.190820769,6.003182322
sub-052,F8,7.76E-05,6.44E-09,0.19841397,0.274077378,0.183095263,6.251553632
sub-052,T3,3.42E-05,6.37E-09,0.130902905,-0.070204726,0.192881338,5.989686002
sub-052,T4,-4.72E-06,4.90E-09,0.24354438,-0.081988514,0.222438417,5.148529707
sub-052,T5,0.000129301,5.57E-09,0.125688895,0.202179511,0.201860729,5.637166997
sub-052,T6,0.000113066,4.80E-09,0.246220668,0.060029703,0.211895601,5.373095343
sub-052,Fz,1.96E-05,5.28E-09,0.116569321,-0.11319972,0.197425997,5.824827766
sub-052,Cz,0.000134786,7.26E-09,0.246486198,-0.013928993,0.168949249,6.777577229
sub-052,Pz,6.59E-05,8.87E-09,0.104469651,-0.086180332,0.153823502,7.411040111
sub-053,Fp1,1.92E-05,2.45E-07,2.985116533,13.72058146,0.021337999,53.4152995
sub-053,Fp2,-2.59E-05,1.92E-07,3.353367236,13.35932332,0.023678773,49.22301835
sub-053,F3,0.000180726,4.24E-08,0.428850418,4.408058924,0.050964766,23.09049908
sub-053,F4,-6.60E-05,4.05E-08,3.171748158,19.29597108,0.048791665,23.55275824
sub-053,C3,-5.97E-05,1.22E-08,1.717044709,25.58650617,0.085336165,13.7252392
sub-053,C4,5.84E-05,1.29E-08,-2.22748923,25.82187703,0.08221989,13.71380455
sub-053,P3,7.72E-05,1.50E-07,3.094144467,12.81600818,0.024697979,47.59135993
sub-053,P4,0.000141477,1.27E-07,2.354904746,8.727776235,0.026114028,44.00446162
sub-053,O1,-6.20E-05,1.53E-07,3.52746102,15.85375013,0.027401203,40.50524233
sub-053,O2,0.000116093,1.89E-07,3.347094978,14.31901336,0.025341911,43.85177777
sub-053,F7,-0.000155089,4.22E-07,0.391161925,11.17841761,0.159122647,6.682072901
sub-053,F8,0.000112927,1.33E-07,3.340864053,14.36768189,0.027366128,42.13438591
sub-053,T3,4.01E-05,9.29E-08,-4.528806904,27.50779667,0.036019555,32.05446958
sub-053,T4,-2.68E-05,4.53E-08,-3.039346497,18.84848172,0.045875315,24.57456207
sub-053,T5,6.81E-05,8.54E-08,3.666409281,20.38111087,0.036024439,32.43373725
sub-053,T6,0.000108337,7.81E-08,3.350617031,18.01039625,0.037534007,30.06878916
sub-053,Fz,-4.94E-05,1.44E-07,3.621652492,15.59512106,0.024358509,48.1557408
sub-053,Cz,-5.22E-05,1.51E-07,3.614368371,15.46712072,0.023818302,48.76974116
sub-053,Pz,3.62E-05,1.71E-07,2.151409636,6.254937347,0.023149801,48.03127401
sub-054,Fp1,-0.000136825,9.73E-09,-0.116983974,1.459401247,0.0984164,11.86725952
sub-054,Fp2,-0.00016013,1.80E-08,-1.675563016,9.450665356,0.074317342,15.57688792
sub-054,F3,-4.70E-05,6.10E-08,-2.478849261,10.64265394,0.039128692,29.50448532
sub-054,F4,3.38E-05,1.28E-07,-2.345279158,10.08905455,0.027635633,42.14511121
sub-054,C3,-7.16E-05,4.54E-09,-0.047802605,0.046588462,0.13582495,8.465184167
sub-054,C4,7.12E-05,4.33E-09,0.086592043,-0.197664013,0.139003226,8.107190315
sub-054,P3,-2.56E-05,4.77E-09,0.126046364,0.032247967,0.130685515,8.829964877
sub-054,P4,-4.64E-05,9.09E-09,-0.195903818,1.029060243,0.093374315,12.34046278
sub-054,O1,9.44E-05,1.21E-08,-0.274750504,0.520455539,0.08136705,13.92147423
sub-054,O2,4.26E-05,2.56E-08,-1.274921848,5.674610386,0.059024594,19.07779081
sub-054,F7,4.87E-05,7.98E-08,-1.546710678,6.374477289,0.041439001,29.46994358
sub-054,F8,-4.79E-05,1.48E-08,-1.092713316,2.877772566,0.106763184,11.51128521
sub-054,T3,-6.88E-05,1.47E-08,-1.288292516,4.748132392,0.084240847,13.89183655
sub-054,T4,5.84E-06,6.09E-09,0.356775202,0.374484393,0.133709256,8.91112108
sub-054,T5,-2.62E-05,2.23E-08,-2.446213913,10.27326459,0.065893064,17.69759027
sub-054,T6,9.33E-07,2.31E-08,-1.451261897,5.715276311,0.060799949,19.09215245
sub-054,Fz,-0.000181131,2.07E-08,-1.889177524,5.731594461,0.062136097,18.49039638
sub-054,Cz,-2.15E-05,5.38E-09,-0.308803075,1.736208428,0.122743111,9.32358054
sub-054,Pz,-0.000110847,2.59E-08,-1.191234755,2.107809082,0.056914114,19.97720361
sub-055,Fp1,0.000231234,4.78E-08,1.661352245,5.23088315,0.042739777,25.70490073
sub-055,Fp2,0.000105268,4.03E-08,0.775648286,2.614092061,0.047185313,23.03596773
sub-055,F3,2.46E-05,4.83E-08,2.077288229,6.787351254,0.03901203,27.81168806
sub-055,F4,0.00026101,1.01E-07,1.120873665,1.386410215,0.027530164,39.25807634
sub-055,C3,-9.75E-05,7.91E-09,-0.178663817,-0.049289073,0.095974119,11.30407588
sub-055,C4,9.30E-05,7.45E-09,0.206851925,-0.306444258,0.101363228,10.53252373
sub-055,P3,5.84E-05,1.11E-08,0.194937399,0.513227271,0.081584633,13.28110498
sub-055,P4,-0.000135546,3.72E-08,0.78880034,0.520448399,0.044776462,23.97625182
sub-055,O1,9.78E-05,1.81E-08,0.729291657,0.165080031,0.065912912,16.13948316
sub-055,O2,0.000123788,1.46E-08,0.597419018,0.023893063,0.073036087,14.53637946
sub-055,F7,0.000163837,4.00E-08,1.532103276,4.815770958,0.043582426,24.95042463
sub-055,F8,0.000188401,4.16E-08,0.923613856,1.83972379,0.0434251,24.62963797
sub-055,T3,0.00013877,2.90E-08,1.596314169,4.931134539,0.052433361,20.80109823
sub-055,T4,0.000215102,3.07E-08,1.019760255,1.631440355,0.051803198,20.7331978
sub-055,T5,4.51E-05,1.85E-08,0.870651054,0.422190519,0.065301564,16.37823153
sub-055,T6,0.00012126,1.13E-08,0.289680205,-0.183802958,0.082882779,12.87043007
sub-055,Fz,9.55E-05,1.12E-08,1.138766098,2.493854356,0.080870257,13.47299258
sub-055,Cz,6.69E-05,7.71E-09,0.321799371,0.097125132,0.096995547,11.21109969
sub-055,Pz,5.53E-05,1.31E-08,0.645720172,0.380246101,0.075486551,14.24920819
sub-056,Fp1,7.94E-05,2.53E-08,0.833542826,22.79842936,0.599972367,1.913853043
sub-056,Fp2,-4.15E-05,2.67E-08,0.643148146,20.26835546,0.583989627,1.966001188
sub-056,F3,-6.21E-05,2.58E-08,0.621713837,21.79177992,0.59353184,1.934651347
sub-056,F4,-3.77E-05,2.66E-08,0.737878079,22.10776643,0.585029842,1.962545021
sub-056,C3,7.63E-05,2.33E-08,0.704772558,28.06623724,0.625129159,1.836738182
sub-056,C4,-8.91E-05,2.31E-08,0.556039595,27.04915693,0.627237811,1.83043392
sub-056,P3,4.84E-05,2.38E-08,0.850176376,26.88397165,0.617905213,1.858146551
sub-056,P4,-0.000290029,2.58E-08,0.526183654,21.92294056,0.593421728,1.934618482
sub-056,O1,-1.59E-05,2.41E-08,0.697758396,26.12570877,0.614718866,1.86773389
sub-056,O2,-6.79E-05,2.70E-08,0.837199632,20.65338015,0.58034698,1.978376279
sub-056,F7,9.58E-05,2.49E-08,0.902799924,24.59551783,0.605318456,1.897774846
sub-056,F8,2.78E-05,2.52E-08,0.759225312,23.10651905,0.600849272,1.911384966
sub-056,T3,3.77E-05,2.45E-08,0.713968042,24.61444905,0.609928042,1.882797962
sub-056,T4,-8.26E-05,2.46E-08,0.568428335,23.47942723,0.607970177,1.888479007
sub-056,T5,2.22E-05,2.33E-08,0.83461602,27.91126938,0.625463306,1.835924008
sub-056,T6,9.75E-06,2.98E-08,0.846660914,18.36475458,0.552632635,2.077495057
sub-056,Fz,7.35E-05,2.47E-08,0.581667848,23.53220781,0.60652775,1.892920942
sub-056,Cz,4.63E-05,2.37E-08,0.785706665,26.64164534,0.619430431,1.853539926
sub-056,Pz,-8.49E-05,2.35E-08,0.823950223,26.99763117,0.62227093,1.844982864
sub-057,Fp1,4.43E-05,2.87E-08,-1.322184303,3.519893585,0.050435324,24.27639332
sub-057,Fp2,-0.000166108,2.68E-08,-1.236055408,2.05862838,0.050944971,23.58619859
sub-057,F3,6.96E-05,3.90E-08,-0.85791746,1.881563923,0.048774372,27.10181046
sub-057,F4,0.000127129,1.14E-08,-0.173887911,1.182828126,0.075080026,16.0512105
sub-057,C3,-1.30E-05,3.53E-09,0.023377628,-0.12192639,0.129327597,9.325332521
sub-057,C4,1.73E-05,3.60E-09,0.009047851,-0.070766957,0.128499255,9.30267506
sub-057,P3,0.000119541,2.71E-08,-1.373266559,1.1359236,0.047115732,25.57270833
sub-057,P4,-0.00015191,7.29E-09,-0.245563338,0.32065443,0.089479288,13.38296217
sub-057,O1,4.93E-05,3.87E-08,-1.915037702,8.175772754,0.041203184,29.02777174
sub-057,O2,-0.000103338,2.01E-08,-1.038350481,2.653866768,0.056648693,20.98611799
sub-057,F7,1.74E-05,8.44E-08,-2.879712311,15.5103961,0.033228331,39.29381519
sub-057,F8,0.000379879,1.38E-07,1.281057364,1.319392332,0.023519792,51.77420758
sub-057,T3,6.49E-05,6.57E-09,-0.596365429,1.162096676,0.115208781,11.04228228
sub-057,T4,3.03E-05,8.67E-09,-0.414439369,1.481229033,0.091066378,13.21255259
sub-057,T5,-4.54E-05,8.98E-09,-1.026918944,2.397856842,0.091452319,13.51455653
sub-057,T6,0.000142507,8.93E-09,0.361117927,-0.361570714,0.083566791,14.59457992
sub-057,Fz,-0.000120132,7.39E-09,-0.172869156,-0.213306173,0.088869182,13.67104813
sub-057,Cz,-2.30E-06,4.24E-08,-1.475983531,2.211624797,0.036460581,33.05258613
sub-057,Pz,-6.88E-05,7.38E-09,0.169623447,-0.303544737,0.089492587,13.26448269
sub-058,Fp1,-2.67E-05,8.87E-09,-0.273423785,1.372273469,0.134982885,8.697660736
sub-058,Fp2,-0.000143039,1.39E-08,-0.665480891,0.947434988,0.106745643,10.99147871
sub-058,F3,-4.29E-06,4.96E-09,0.031451052,0.27084636,0.182654038,6.589631563
sub-058,F4,-5.18E-05,7.03E-09,-0.079648137,-0.191522178,0.15166785,7.864847456
sub-058,C3,-4.78E-05,5.54E-09,-0.129153665,-0.008146254,0.165130355,7.171085362
sub-058,C4,4.80E-05,6.15E-09,0.196050717,0.336385547,0.155990992,7.569734804
sub-058,P3,8.80E-05,3.25E-08,-1.310926102,1.070064893,0.068307104,17.20165418
sub-058,P4,-0.000271102,6.34E-09,0.102954023,0.997118942,0.15607499,7.586316123
sub-058,O1,-1.67E-05,1.10E-08,0.404399978,0.249152538,0.121536971,9.660955647
sub-058,O2,-1.76E-05,7.47E-09,-0.339099523,0.43230689,0.149731408,7.790451052
sub-058,F7,7.25E-05,6.36E-09,0.154810739,0.272430851,0.187753314,6.82777604
sub-058,F8,-1.50E-06,1.39E-08,-0.185868057,0.378301794,0.109802461,10.76312323
sub-058,T3,-8.83E-06,4.72E-09,0.030017514,0.203738643,0.233503531,5.313835884
sub-058,T4,-5.29E-05,5.84E-09,-0.057493452,-0.07445542,0.163480872,7.137992182
sub-058,T5,-8.10E-05,4.84E-09,-0.028552659,-0.05450857,0.181022104,6.486090159
sub-058,T6,3.19E-05,9.62E-09,-0.533335068,1.292485182,0.130648743,8.880971249
sub-058,Fz,-5.64E-05,5.31E-09,-0.077569722,-0.0576749,0.167518588,7.050980997
sub-058,Cz,6.54E-05,7.75E-09,0.541067813,0.997732231,0.138050865,8.572805157
sub-058,Pz,-0.000141071,8.68E-09,-0.226961195,-0.234697077,0.132489738,8.873529134
sub-059,Fp1,4.30E-05,4.26E-09,-0.122732483,0.117340211,0.121170847,9.209579259
sub-059,Fp2,1.85E-05,4.93E-09,-0.022608364,0.352001716,0.087675092,13.01860954
sub-059,F3,-9.74E-06,4.27E-09,0.003897747,-0.167521564,0.09033924,12.93681656
sub-059,F4,-2.29E-05,6.03E-09,0.007373234,0.03031147,0.072985826,15.64901249
sub-059,C3,1.57E-05,3.81E-09,-0.130609771,-0.068899323,0.088255633,13.03903261
sub-059,C4,-1.67E-05,3.63E-09,-0.082315518,0.034410678,0.090688362,11.87949941
sub-059,P3,6.65E-05,4.40E-09,-0.009809292,0.145159626,0.081900099,14.08782499
sub-059,P4,-6.79E-05,4.43E-08,2.201521583,5.341487037,0.027032454,40.20829046
sub-059,O1,8.49E-05,4.68E-09,-0.085769972,0.008080695,0.08394854,13.30112876
sub-059,O2,-3.02E-05,5.69E-09,0.071031126,0.284149108,0.085897801,13.3511789
sub-059,F7,4.13E-05,9.36E-09,0.68361648,0.654091334,0.071521685,16.83917406
sub-059,F8,-7.93E-06,5.27E-09,-0.162193934,-0.147025278,0.080998131,13.98402986
sub-059,T3,2.05E-05,4.25E-09,-0.039702029,-0.099320052,0.093163784,12.80463388
sub-059,T4,2.44E-05,4.43E-09,-0.084228235,-0.075525933,0.096645616,11.42409801
sub-059,T5,4.72E-05,4.69E-09,0.004668258,-0.03127056,0.079806986,14.37889919
sub-059,T6,5.74E-05,4.67E-09,-0.014019312,0.001397726,0.089956708,12.73801954
sub-059,Fz,-4.88E-05,4.98E-09,-0.128592272,0.094800916,0.077244409,15.01505454
sub-059,Cz,-1.05E-05,4.05E-09,-0.046688758,-0.112084421,0.084346224,13.53411219
sub-059,Pz,6.58E-05,6.86E-09,-0.023825968,-0.255388215,0.067855411,16.82056474
sub-060,Fp1,6.05E-05,5.86E-09,0.604372766,2.077214301,0.165274238,7.810288357
sub-060,Fp2,-5.96E-05,7.71E-09,1.403412936,7.497580658,0.146613988,8.680306371
sub-060,F3,-2.70E-05,4.79E-09,-0.025750256,-0.062107636,0.176999097,7.35703066
sub-060,F4,3.22E-05,5.76E-09,-0.042820118,-0.015646678,0.162662141,7.900586945
sub-060,C3,1.32E-05,4.16E-09,-0.040504683,0.060583434,0.188694132,6.897221032
sub-060,C4,-1.20E-05,4.28E-09,-0.002001293,0.074224252,0.185237723,6.980621478
sub-060,P3,-7.88E-06,2.17E-08,-0.088968917,-0.923299459,0.083224627,15.59068687
sub-060,P4,-0.000254904,6.65E-09,-0.355720752,1.82071178,0.149172568,8.712767002
sub-060,O1,3.02E-05,1.12E-08,1.513388071,7.930215925,0.1167059,11.05202899
sub-060,O2,-0.000102053,4.57E-08,-0.085932894,6.853790547,0.057723336,22.36743527
sub-060,F7,1.80E-05,4.62E-09,0.049764791,0.384205251,0.184978849,7.083082694
sub-060,F8,5.45E-06,1.15E-08,0.114145549,-0.162707956,0.116589843,10.97968452
sub-060,T3,0.000133541,4.79E-09,-0.033131312,0.000153163,0.181701952,7.117277015
sub-060,T4,-1.84E-06,4.81E-09,0.052710711,0.047510316,0.176352802,7.279113142
sub-060,T5,0.000174152,7.62E-09,0.293534687,0.485642857,0.143251233,8.945756388
sub-060,T6,9.24E-05,9.78E-09,2.725710099,22.21638885,0.124578281,10.30146909
sub-060,Fz,-2.78E-05,4.98E-09,0.023339728,0.049000517,0.173307431,7.482954332
sub-060,Cz,6.97E-05,6.52E-09,0.0024542,-0.025048569,0.151431972,8.552490062
sub-060,Pz,-9.15E-05,5.93E-09,0.21556095,0.938127502,0.158578415,8.122265354
sub-061,Fp1,-8.45E-05,3.04E-08,8.580366077,138.3327713,0.067486382,20.11718487
sub-061,Fp2,-0.000104949,1.38E-08,2.280748297,21.22581208,0.100912408,13.32484722
sub-061,F3,5.73E-05,5.48E-09,0.090874015,-0.156747594,0.167373857,8.33654422
sub-061,F4,3.76E-05,5.45E-09,0.224545459,0.249698458,0.189343197,7.577193182
sub-061,C3,-3.24E-05,4.03E-09,0.125841834,-0.019177278,0.16558538,8.020479077
sub-061,C4,3.20E-05,3.86E-09,0.094459853,0.05908399,0.171012661,7.431965762
sub-061,P3,4.56E-05,5.80E-09,0.011981338,-0.024041576,0.1389993,9.498230521
sub-061,P4,-0.000200885,6.05E-09,-0.305424028,0.348300661,0.132101525,9.951953382
sub-061,O1,1.33E-05,4.97E-09,0.0543743,-0.021205827,0.155993855,8.515031027
sub-061,O2,0.000515871,2.04E-08,-0.137820011,-0.442877318,0.076398021,16.8619638
sub-061,F7,4.91E-05,7.47E-09,2.285813391,26.71225865,0.161328523,8.951297826
sub-061,F8,0.000354582,3.23E-07,0.042767609,-0.433218577,0.028055815,51.8916632
sub-061,T3,9.59E-05,6.34E-09,1.142308249,4.338349407,0.168155953,8.407963771
sub-061,T4,1.42E-05,5.44E-09,0.055224636,0.262843975,0.19818174,6.981954016
sub-061,T5,-1.24E-05,5.27E-09,0.110610574,-0.034862548,0.153282853,8.635467957
sub-061,T6,0.000224406,1.34E-08,0.473068681,-0.241232961,0.097751384,13.42630947
sub-061,Fz,4.88E-05,4.67E-09,-0.030200262,0.090781991,0.144482525,8.912489073
sub-061,Cz,-3.17E-05,4.56E-09,0.062463906,0.015121856,0.140329655,8.956457921
sub-061,Pz,-7.80E-06,4.60E-09,0.082102877,0.177075962,0.149696358,8.402088988
sub-062,Fp1,0.000115908,4.37E-08,5.36838715,73.28930331,0.045751829,28.27175137
sub-062,Fp2,-7.91E-05,3.86E-08,2.385085097,24.06302316,0.052218136,23.37252427
sub-062,F3,1.49E-05,3.35E-08,0.269348008,-0.443492194,0.04891456,26.84825158
sub-062,F4,-4.46E-05,2.02E-08,0.012291049,-0.050388431,0.063140701,19.02356301
sub-062,C3,-2.65E-05,7.23E-09,0.301453471,0.281458483,0.100721423,13.13721947
sub-062,C4,2.47E-05,7.38E-09,-0.134623893,0.067539135,0.100689734,12.02179722
sub-062,P3,-0.000107953,2.13E-08,-0.38370743,0.390458751,0.059696936,22.05189197
sub-062,P4,-2.95E-05,7.13E-09,-0.195117476,0.174965029,0.101801203,12.15705948
sub-062,O1,1.20E-05,1.02E-08,-0.215097055,0.295758849,0.089808536,12.97438314
sub-062,O2,-0.000559466,3.97E-08,0.768924129,0.275475981,0.046064496,24.77292497
sub-062,F7,7.36E-05,1.81E-08,-0.240745078,0.027120976,0.068952321,19.35980109
sub-062,F8,2.09E-05,2.02E-08,-0.211230037,0.213371401,0.06994459,18.21237107
sub-062,T3,5.16E-05,2.59E-08,0.277308378,0.212366755,0.055530154,24.07917147
sub-062,T4,0.000114986,1.02E-07,-0.115804496,0.144462603,0.029429048,40.95413116
sub-062,T5,-1.09E-05,1.28E-08,0.168488199,0.197882665,0.077801989,16.6161691
sub-062,T6,-0.000216028,6.79E-08,0.185037131,0.310529082,0.03405707,35.07737421
sub-062,Fz,0.000142235,9.11E-09,-0.083869068,0.305955047,0.089705385,14.23034594
sub-062,Cz,0.000269995,3.38E-08,0.454538473,-0.099112978,0.04626176,27.55411412
sub-062,Pz,2.55E-05,9.62E-09,-0.077159836,-0.134231811,0.087988874,13.94754521
sub-063,Fp1,-4.52E-05,8.25E-09,-0.066444652,0.198474043,0.335751691,3.579213355
sub-063,Fp2,-7.31E-05,9.91E-09,-0.087032034,0.350251425,0.306513113,3.919395409
sub-063,F3,6.11E-06,6.84E-09,0.058004162,-0.006459359,0.369480195,3.255028505
sub-063,F4,8.71E-05,6.64E-09,0.172471613,0.215545545,0.37415069,3.211663395
sub-063,C3,-0.000115285,6.78E-09,0.121316113,-0.044536856,0.369634167,3.249242068
sub-063,C4,0.000114123,7.44E-09,0.000337098,-0.02681673,0.352973841,3.401865792
sub-063,P3,-3.05E-05,9.97E-09,-0.151190655,-0.082013479,0.304375305,3.944339651
sub-063,P4,-2.32E-05,6.50E-09,0.133409342,0.248814361,0.377910785,3.174694509
sub-063,O1,-6.19E-05,1.23E-08,0.132636585,-0.056861292,0.274982004,4.364649528
sub-063,O2,7.60E-05,9.69E-09,0.655880855,1.007991568,0.309436816,3.878080107
sub-063,F7,8.22E-05,6.46E-09,0.203994558,0.171885253,0.381994546,3.152972847
sub-063,F8,1.30E-05,7.65E-09,0.139440008,-0.023610475,0.3522154,3.420799251
sub-063,T3,-8.22E-05,6.83E-08,0.568592631,0.514805259,0.117311622,10.26718463
sub-063,T4,8.41E-05,6.33E-09,0.111567716,-0.057432143,0.388043402,3.094170022
sub-063,T5,-6.59E-05,5.65E-09,0.191503981,0.295021719,0.406009364,2.959140211
sub-063,T6,-7.86E-05,5.86E-09,0.165940622,0.143036034,0.397854485,3.017022628
sub-063,Fz,-4.33E-05,6.63E-09,0.286619714,0.244533237,0.373750703,3.213537513
sub-063,Cz,2.64E-05,1.49E-08,0.423811091,1.170774431,0.249227015,4.818058675
sub-063,Pz,0.000137215,7.62E-09,-0.02274864,0.008450484,0.348025158,3.450604088
sub-064,Fp1,-9.08E-05,1.27E-08,0.237411604,1.165472011,0.092771389,13.33653383
sub-064,Fp2,-0.000164478,1.23E-08,0.236052673,2.007642913,0.089225672,13.72795418
sub-064,F3,0.000100774,3.89E-08,1.248040751,1.141578833,0.052947725,24.04657195
sub-064,F4,-0.000492892,8.74E-08,-0.282797059,-0.875614587,0.033377288,36.92447779
sub-064,C3,-1.45E-05,4.73E-09,-0.01066394,-0.061254726,0.13758729,9.058335457
sub-064,C4,2.00E-05,4.91E-09,0.036396156,-0.295679289,0.131799238,9.142672737
sub-064,P3,7.05E-05,7.71E-08,-0.822884939,1.972075359,0.033504738,36.21115759
sub-064,P4,5.88E-05,1.85E-08,0.610320337,-0.376200402,0.068319399,17.55425256
sub-064,O1,-0.000117524,7.06E-09,0.166018111,0.939748908,0.11568882,10.56363088
sub-064,O2,-3.21E-05,7.52E-08,1.260091479,0.698008948,0.035328372,33.21998038
sub-064,F7,-4.22E-05,6.46E-09,-0.014073111,-0.043331644,0.156649784,8.173432377
sub-064,F8,-0.000142746,4.15E-08,0.112619307,0.33629823,0.0508589,24.39179774
sub-064,T3,2.65E-05,7.04E-09,0.102917159,-0.350915976,0.138649737,9.305235474
sub-064,T4,-8.27E-05,1.39E-08,-0.293392392,0.145722037,0.087807934,13.6919096
sub-064,T5,1.58E-05,6.43E-09,0.110228262,-0.054162143,0.12425336,9.701512201
sub-064,T6,-7.38E-05,7.95E-09,0.02825963,0.184414837,0.107545292,11.15863273
sub-064,Fz,-4.56E-05,6.90E-09,-0.000113232,0.036622142,0.111284468,11.03175096
sub-064,Cz,6.60E-05,1.25E-08,0.479012266,-0.069759228,0.082776353,14.89197991
sub-064,Pz,-1.88E-05,6.50E-09,0.03527653,-0.07593996,0.119080432,10.3295956
sub-065,Fp1,9.78E-06,6.66E-09,0.265083077,0.824033571,0.135301168,10.28046041
sub-065,Fp2,-3.11E-05,6.51E-09,0.183360765,1.10070256,0.113369174,12.2619806
sub-065,F3,-4.17E-05,5.45E-09,0.00062779,0.362476979,0.152094493,9.478452668
sub-065,F4,-2.60E-05,5.47E-09,-0.252220339,0.643127698,0.140419487,10.01077256
sub-065,C3,-1.68E-05,4.40E-09,-0.110781642,0.096472978,0.112202757,12.35606418
sub-065,C4,1.54E-05,4.57E-09,0.137071449,0.067627106,0.105776469,12.17301152
sub-065,P3,-9.98E-06,5.40E-09,-0.186979945,0.041430603,0.096406911,14.15197592
sub-065,P4,6.35E-06,4.94E-09,-0.036780588,0.143723098,0.091686919,13.95350767
sub-065,O1,3.75E-05,5.97E-09,0.380017838,0.825913424,0.095963012,13.57394753
sub-065,O2,0.000138796,3.19E-08,1.392328369,2.217712186,0.042854622,29.85151686
sub-065,F7,-5.07E-05,5.73E-09,-0.019980058,0.239039624,0.243258364,6.061205169
sub-065,F8,-3.33E-05,6.80E-09,-0.601196418,1.412474387,0.199477197,7.424123604
sub-065,T3,-3.84E-05,5.23E-09,0.004456895,0.333137056,0.121064821,11.4964296
sub-065,T4,6.91E-05,1.01E-08,0.862671716,1.261417826,0.106509025,12.14372344
sub-065,T5,3.95E-05,6.59E-09,0.013481903,0.048095464,0.095591189,14.48620623
sub-065,T6,-6.51E-06,5.91E-09,-0.377892333,0.298861228,0.096812367,13.17576902
sub-065,Fz,-4.80E-05,7.18E-09,-0.571313756,0.819551588,0.082756846,16.67472363
sub-065,Cz,-4.94E-05,8.56E-09,-0.624809409,0.34960929,0.075431064,18.35662103
sub-065,Pz,-2.33E-05,9.29E-09,-0.419594185,-0.224965992,0.073431113,17.36586616
sub-066,Fp1,-0.000188509,1.51E-08,0.12774433,0.820836367,0.089578299,10.62920106
sub-066,Fp2,-5.75E-05,2.14E-08,2.252129927,14.97362399,0.078547306,12.42425536
sub-066,F3,-0.000177565,1.54E-08,0.139429192,-0.553976836,0.08771821,11.04075957
sub-066,F4,-8.69E-05,8.32E-09,-0.038545837,-0.11391191,0.119853149,8.031287457
sub-066,C3,2.08E-05,5.48E-09,0.098004734,-0.173976444,0.143285567,6.492805659
sub-066,C4,-2.05E-05,4.82E-09,0.037817105,-0.152590424,0.153101055,6.155597422
sub-066,P3,-8.58E-05,9.76E-09,-0.369010038,-0.010661728,0.105171725,8.687415919
sub-066,P4,6.82E-06,3.60E-08,-0.39636751,-0.715437746,0.05603663,16.65538996
sub-066,O1,5.35E-05,1.06E-08,0.625075955,0.860703931,0.10329926,8.984321605
sub-066,O2,-4.51E-05,5.30E-09,0.138488309,-0.225355461,0.146307193,6.377244402
sub-066,F7,-3.70E-05,8.04E-09,0.375440361,-0.092280396,0.130985844,7.808754348
sub-066,F8,-3.67E-05,5.00E-09,-0.000988186,-0.218119069,0.161678628,6.191621142
sub-066,T3,-0.0001019,5.28E-09,-0.030378077,-0.392902007,0.171777226,5.915277859
sub-066,T4,-3.22E-05,6.20E-09,0.06929874,-0.48045975,0.146568304,6.812303702
sub-066,T5,-6.69E-05,5.88E-09,0.463105329,0.795382579,0.138184304,6.777115137
sub-066,T6,1.13E-05,9.22E-09,-0.093389527,-0.363327448,0.113367442,8.442904437
sub-066,Fz,-5.40E-05,8.18E-09,0.125073401,0.034036279,0.115873014,7.983381104
sub-066,Cz,-1.35E-06,6.92E-09,0.284623646,-0.116421968,0.124354586,7.34475566
sub-066,Pz,-2.46E-05,1.53E-08,-0.529124957,0.286539983,0.084572498,10.91445998
sub-067,Fp1,-0.000111213,3.06E-08,-0.046724639,1.894399645,0.122261185,9.061919235
sub-067,Fp2,-3.68E-05,7.75E-08,0.262215288,4.974432107,0.054086373,22.61528668
sub-067,F3,-6.68E-06,8.23E-09,-0.056661121,0.082535343,0.215062217,5.734267201
sub-067,F4,3.59E-05,6.30E-09,-0.205311769,-0.029945516,0.170165235,7.984011438
sub-067,C3,6.07E-05,6.33E-09,-0.023366726,0.071628724,0.120768759,12.72193708
sub-067,C4,-5.76E-05,5.66E-09,-0.017791035,-0.101286017,0.132770393,11.07080069
sub-067,P3,6.11E-05,1.26E-08,0.469172337,1.668368938,0.08451554,18.05693415
sub-067,P4,-0.000139108,9.71E-09,-0.139849612,-0.462901567,0.098018345,15.56474271
sub-067,O1,-4.12E-05,6.57E-09,3.049600796,57.3940071,0.118841079,12.60872743
sub-067,O2,-7.48E-06,6.71E-09,0.201956703,1.898491816,0.117204075,13.18384006
sub-067,F7,-7.62E-05,6.81E-09,-0.32457291,0.267076797,0.146518259,9.78736263
sub-067,F8,-7.54E-05,7.17E-09,-0.177607891,0.041956579,0.175335132,7.439463879
sub-067,T3,-9.85E-05,1.38E-08,0.467541019,0.09455364,0.177868447,6.716113498
sub-067,T4,-7.21E-06,7.68E-09,-0.412710467,0.436295324,0.37260909,3.072183284
sub-067,T5,-6.24E-06,4.86E-09,-0.094324036,0.304195769,0.175808441,8.32458927
sub-067,T6,-5.40E-05,6.09E-09,-0.064606579,-0.283948998,0.176037481,7.878875197
sub-067,Fz,-5.94E-05,8.40E-09,0.282028293,0.787052062,0.115313059,12.42795031
sub-067,Cz,-8.31E-05,5.68E-09,-0.022111613,-0.192815985,0.132927736,11.19812183
sub-067,Pz,-8.78E-05,5.73E-09,-0.174180058,-0.169816616,0.132015074,11.31238029
sub-068,Fp1,-1.83E-05,6.89E-09,-0.21175985,-0.314467678,0.123511025,11.4904363
sub-068,Fp2,1.36E-05,6.63E-09,-0.160602052,-0.148084127,0.105277958,12.60357025
sub-068,F3,-2.55E-05,4.46E-09,-0.082906262,-0.091632498,0.129467702,10.38396247
sub-068,F4,8.39E-05,9.90E-09,0.485824771,0.208205439,0.084809796,15.98083508
sub-068,C3,3.14E-05,3.79E-09,-0.068154963,0.028437157,0.12781036,10.86599943
sub-068,C4,-2.60E-05,4.03E-09,-0.125482366,-0.011323874,0.12480316,10.98605029
sub-068,P3,7.61E-05,4.52E-09,-0.101823906,0.06264538,0.115917687,11.91725661
sub-068,P4,0.000216951,1.49E-08,0.583804852,0.293241615,0.066166345,20.11358209
sub-068,O1,0.000213453,1.32E-08,0.276444462,0.101475902,0.067950335,20.58554789
sub-068,O2,0.000122105,1.16E-07,3.326353483,11.42353385,0.023235225,57.98756379
sub-068,F7,6.85E-06,4.78E-09,-0.098316798,-0.093865293,0.163070439,8.83545892
sub-068,F8,-3.76E-06,4.25E-09,-0.094678291,-0.151178766,0.134132837,10.09577422
sub-068,T3,9.96E-06,4.29E-09,-0.156999781,-0.071110511,0.147388394,9.291097321
sub-068,T4,-1.13E-05,4.44E-09,-0.212722859,-0.040197893,0.130227133,10.14612894
sub-068,T5,5.22E-05,5.18E-09,-0.105218742,-0.038316304,0.111835011,12.15458736
sub-068,T6,9.42E-06,8.12E-09,2.392632153,19.35640798,0.091050252,14.04508948
sub-068,Fz,3.41E-05,5.93E-09,0.026981487,-0.146472404,0.10548782,12.47874876
sub-068,Cz,1.14E-05,5.04E-09,0.043103698,0.069156054,0.111417203,12.31412472
sub-068,Pz,0.000179837,1.50E-08,0.259487323,-0.185393183,0.065342294,20.11706234
sub-069,Fp1,-7.01E-06,1.27E-08,-0.600366954,1.668746171,0.10730281,12.76406849
sub-069,Fp2,-0.000226323,9.07E-09,-0.265000853,1.285708838,0.128945516,10.53477008
sub-069,F3,3.69E-05,1.01E-08,-0.301534385,0.643387036,0.115459443,12.02729304
sub-069,F4,3.09E-05,1.39E-08,-1.032255028,3.605655176,0.097124758,14.25797212
sub-069,C3,-2.96E-05,4.26E-09,-0.110898765,0.065825786,0.174205844,8.036122612
sub-069,C4,2.88E-05,4.15E-09,-0.006161791,0.065630925,0.175957942,7.916508978
sub-069,P3,4.23E-06,4.42E-09,-0.064578088,-0.055110054,0.170058171,8.256645873
sub-069,P4,8.30E-05,6.87E-09,-0.013068842,0.142164519,0.135013172,10.28445315
sub-069,O1,0.00016229,1.19E-08,0.380645452,0.809085573,0.104089802,13.45807354
sub-069,O2,2.68E-05,7.91E-09,0.148741668,-0.345229251,0.127093474,10.91421401
sub-069,F7,-0.000115616,1.62E-08,-0.708173176,0.065760113,0.100283326,13.7462175
sub-069,F8,2.74E-05,6.22E-09,0.36242718,0.292249651,0.15219743,9.030522536
sub-069,T3,-4.04E-05,4.88E-09,-0.173081857,0.286835564,0.181445035,7.516707765
sub-069,T4,-1.05E-05,7.72E-09,0.078308088,-0.066806941,0.145340283,9.349712218
sub-069,T5,4.49E-06,4.31E-09,-0.128493077,0.050438352,0.175434416,7.948796736
sub-069,T6,2.80E-05,4.91E-09,-0.127273688,0.06950724,0.165517312,8.396837275
sub-069,Fz,-2.16E-05,4.64E-09,-0.040573014,-0.064119124,0.166737454,8.353976994
sub-069,Cz,-4.02E-06,4.63E-09,-0.103109143,0.018106406,0.168583993,8.247654496
sub-069,Pz,-6.20E-05,5.97E-09,-0.176488653,0.130303436,0.145227352,9.5884028
sub-070,Fp1,6.44E-05,6.43E-09,-0.189695931,-0.041239518,0.105581355,13.09084317
sub-070,Fp2,-0.000153025,8.82E-09,0.639308685,0.996948504,0.080112399,17.6897128
sub-070,F3,0.000159631,2.89E-08,0.61851336,0.132769695,0.050525655,28.78651933
sub-070,F4,1.02E-05,4.81E-09,-0.29729782,-0.186031205,0.107256138,13.33985014
sub-070,C3,-1.62E-05,4.25E-09,0.048268285,0.073479445,0.112640331,13.34697114
sub-070,C4,1.44E-05,4.19E-09,-0.063523447,-0.163696773,0.112511403,12.95140879
sub-070,P3,-3.64E-05,6.28E-09,-0.047443053,-0.11393186,0.087495369,16.65366041
sub-070,P4,0.000105106,2.10E-08,1.157832251,1.412522557,0.049190422,30.08071074
sub-070,O1,7.20E-06,6.16E-09,0.34986108,0.500401727,0.096145977,15.55784719
sub-070,O2,-7.44E-05,9.21E-09,-0.192692919,-0.359550872,0.076794518,19.12282136
sub-070,F7,0.000121456,7.29E-09,-0.002940978,0.22896538,0.09688804,15.27454144
sub-070,F8,-0.000155944,7.14E-09,0.100606942,-0.041445607,0.089163008,16.11383635
sub-070,T3,-6.73E-05,1.43E-08,-0.366745035,-0.088922186,0.075352531,17.91285138
sub-070,T4,1.63E-05,1.26E-08,0.166325819,-0.130171968,0.065905609,21.86812553
sub-070,T5,-8.07E-05,6.28E-09,-0.095453809,-0.025397216,0.100676923,14.68778485
sub-070,T6,3.43E-05,4.92E-09,0.302969726,0.893088064,0.112610712,12.89330399
sub-070,Fz,8.59E-05,5.48E-09,0.106028433,-0.190581811,0.098000179,14.70297206
sub-070,Cz,-3.19E-05,7.07E-09,-0.159652366,-0.077575702,0.087622687,16.75655348
sub-070,Pz,1.42E-05,5.13E-09,0.037328841,-0.018106364,0.102631922,14.50580721
sub-071,Fp1,-0.000140301,7.84E-09,0.823058293,2.408375969,0.103876454,12.31295739
sub-071,Fp2,-7.58E-05,6.99E-09,0.655231292,1.573011324,0.106549211,12.28888308
sub-071,F3,2.55E-05,7.14E-09,0.297253862,-0.095674601,0.102812138,12.79613906
sub-071,F4,8.89E-07,6.39E-09,0.343356206,-0.303631153,0.112785904,11.4359208
sub-071,C3,-6.03E-06,4.49E-09,-0.120583478,-0.157874735,0.122348971,10.87524167
sub-071,C4,2.03E-06,4.78E-09,0.3126905,0.688797512,0.118436714,11.05402466
sub-071,P3,-2.68E-05,9.47E-09,0.606688936,0.363890187,0.081936141,15.90165122
sub-071,P4,2.68E-05,4.97E-09,0.206432817,0.422408216,0.113354974,11.68378688
sub-071,O1,7.36E-06,5.11E-09,0.30386718,0.58013783,0.115413802,11.67292608
sub-071,O2,5.92E-05,8.61E-09,0.064409136,-0.272079292,0.088545842,14.48792658
sub-071,F7,-2.45E-05,4.75E-09,-0.059452127,-0.116488571,0.16056055,8.37354713
sub-071,F8,-1.70E-05,4.69E-09,0.041973226,0.152241945,0.177724647,7.637025684
sub-071,T3,-0.000138584,4.65E-09,0.099588497,0.118076619,0.152357197,8.674013486
sub-071,T4,-5.60E-05,4.83E-09,0.164278475,0.524226324,0.1494645,8.877291318
sub-071,T5,-6.81E-05,4.64E-09,0.086569029,0.091187163,0.127323278,10.4135499
sub-071,T6,-1.32E-05,5.25E-09,0.186464038,0.146874542,0.12823687,10.2889011
sub-071,Fz,3.89E-05,6.63E-09,-0.012477502,-0.324099004,0.097090438,13.59782499
sub-071,Cz,-3.87E-05,4.76E-09,-0.102375429,-0.151122328,0.112658233,11.79589304
sub-071,Pz,1.47E-06,4.31E-09,-0.037509163,-0.099374939,0.121541667,10.89742231
sub-072,Fp1,-5.76E-06,2.01E-08,1.901826329,15.1817414,0.059013319,24.14022103
sub-072,Fp2,-0.00014011,1.19E-08,-0.082731638,2.058060041,0.076717056,18.44779851
sub-072,F3,1.86E-05,9.33E-09,0.649023218,0.694833302,0.080886395,18.09613521
sub-072,F4,5.18E-05,7.92E-09,0.43828099,0.174829244,0.110983322,12.90352909
sub-072,C3,-2.42E-05,4.02E-09,0.037853697,0.126465982,0.118961594,12.27227303
sub-072,C4,2.38E-05,4.10E-09,-0.10565569,0.187710956,0.120618019,11.99893168
sub-072,P3,9.76E-05,1.06E-08,1.108065849,1.572097607,0.069991128,20.71735185
sub-072,P4,9.44E-05,7.33E-09,0.115319577,0.165956431,0.086178029,16.79071701
sub-072,O1,-2.79E-05,7.39E-09,0.512934908,0.266813404,0.087057983,16.60240288
sub-072,O2,6.98E-05,7.98E-09,0.016928331,0.246704849,0.084542207,17.22548095
sub-072,F7,-0.000130139,5.31E-09,0.054677739,-0.081829666,0.147137546,10.02512301
sub-072,F8,-5.55E-05,5.04E-09,-0.090773212,0.366484631,0.144396192,9.838025218
sub-072,T3,-6.51E-06,4.70E-09,0.019024967,0.16787892,0.124826962,11.62842628
sub-072,T4,-3.54E-05,4.21E-09,0.024952221,0.106803289,0.133431427,10.65213517
sub-072,T5,1.12E-05,5.56E-09,0.835860813,4.740483131,0.106518547,13.61380148
sub-072,T6,-4.89E-05,5.09E-09,-0.080699502,-0.007102473,0.116232373,12.31054098
sub-072,Fz,8.41E-06,7.09E-09,0.300668428,0.558348558,0.088964361,16.09253897
sub-072,Cz,9.81E-05,2.49E-08,1.112244498,0.590219416,0.04615212,31.67510046
sub-072,Pz,0.000147355,2.36E-08,0.008017383,-1.099922918,0.047471806,30.5976547
sub-073,Fp1,-1.95E-05,9.84E-09,0.254439739,0.355320259,0.386731689,3.114589373
sub-073,Fp2,5.83E-05,2.30E-08,1.302554239,1.893322093,0.252688199,4.758736135
sub-073,F3,7.07E-06,1.04E-08,0.072174411,-0.194480101,0.37657487,3.200059978
sub-073,F4,8.40E-05,2.01E-08,-0.392471583,-0.102687149,0.27011018,4.451021547
sub-073,C3,-3.72E-05,5.37E-09,0.148396263,0.02655706,0.522812076,2.302824559
sub-073,C4,3.52E-05,5.37E-09,0.107778722,-0.086578403,0.522499969,2.298469575
sub-073,P3,1.27E-05,6.68E-09,0.18793445,0.084706286,0.469243857,2.568687777
sub-073,P4,8.20E-05,1.24E-08,0.442335406,-0.092399755,0.343882043,3.497081101
sub-073,O1,-0.000192452,1.47E-08,-0.079631368,-0.20706192,0.315805033,3.801254228
sub-073,O2,-3.92E-05,9.84E-09,0.146904807,-0.218428186,0.386879325,3.111161958
sub-073,F7,-0.000214651,1.41E-08,-0.017827283,0.14722592,0.324325578,3.738380083
sub-073,F8,2.29E-05,1.37E-08,0.280561994,0.070283696,0.328653674,3.66021891
sub-073,T3,6.98E-05,2.02E-08,-0.804481869,1.397663591,0.271581487,4.443371033
sub-073,T4,8.64E-05,1.72E-08,-0.342292026,0.603238875,0.29398516,4.082895257
sub-073,T5,6.56E-05,5.70E-09,0.16038051,-0.021937882,0.508688956,2.369242132
sub-073,T6,0.000325022,1.40E-08,0.000954433,-0.201509875,0.324125133,3.704123532
sub-073,Fz,0.000128122,8.33E-09,0.474168963,0.654373304,0.419305956,2.863439716
sub-073,Cz,0.000140151,3.19E-07,-2.847566588,10.26822409,0.067894552,17.74221918
sub-073,Pz,-6.79E-06,5.31E-09,0.146580472,-0.028097107,0.525865074,2.287566556
sub-074,Fp1,-6.35E-05,4.38E-08,-0.72674996,18.44901268,0.054282961,15.2967975
sub-074,Fp2,-7.43E-05,4.44E-08,-0.873318404,13.38514607,0.060267022,14.69768149
sub-074,F3,-2.92E-05,1.29E-07,0.270778114,0.864874681,0.030026923,28.46888085
sub-074,F4,-0.000221708,4.12E-08,-1.56608099,13.41283512,0.057797473,15.35232613
sub-074,C3,-5.81E-05,3.96E-08,-0.071141676,20.74102327,0.053834328,15.86237326
sub-074,C4,6.52E-05,4.51E-08,0.638044888,22.81617488,0.051084251,15.48776678
sub-074,P3,-0.000179976,5.46E-08,2.247944943,44.67474764,0.045606917,18.45140664
sub-074,P4,-0.000110533,1.14E-07,3.63997607,41.75852911,0.031030327,26.21508469
sub-074,O1,-8.03E-05,5.25E-08,-0.59755814,7.246671299,0.047260778,18.5254702
sub-074,O2,-3.95E-05,2.30E-07,2.436244151,25.68149826,0.388654574,2.715733993
sub-074,F7,-2.34E-05,5.04E-08,-0.973316891,7.330594475,0.051167577,19.26404518
sub-074,F8,3.94E-06,7.20E-08,2.514556604,35.82772303,0.043787411,21.99522312
sub-074,T3,-0.000149043,4.93E-08,-1.314491925,7.327535704,0.054258826,17.87202364
sub-074,T4,-0.000405566,8.25E-07,-1.322805985,4.548059572,0.288025739,3.494084271
sub-074,T5,-8.60E-05,4.71E-08,-1.27497132,9.043962328,0.051896407,17.64088896
sub-074,T6,4.80E-05,1.20E-07,-2.361827303,16.84071362,0.031138358,27.63347788
sub-074,Fz,-8.43E-05,4.46E-08,-1.121153863,10.71945247,0.051994653,16.12687557
sub-074,Cz,0.000149953,4.39E-07,2.426723822,7.004569583,0.018514981,52.91241723
sub-074,Pz,-4.42E-05,6.77E-08,2.318197166,35.0829476,0.040638268,20.51891621
sub-075,Fp1,-0.000127208,4.46E-07,-2.748504522,12.41490437,0.030159978,40.58448487
sub-075,Fp2,-0.000221629,4.63E-07,-2.24915185,11.37127166,0.031251409,38.25065667
sub-075,F3,-7.58E-05,3.75E-07,-4.010133979,15.69510765,0.027358088,46.9309592
sub-075,F4,-0.000234277,3.74E-07,-4.036296347,15.91052072,0.027240153,46.45059949
sub-075,C3,-0.000114232,3.61E-07,-4.13422306,16.55761233,0.025490706,50.84945217
sub-075,C4,-0.000196636,3.59E-07,-4.154582423,16.70190262,0.025457002,50.27821066
sub-075,P3,-0.000213073,3.51E-07,-4.094284528,16.33145837,0.026865845,49.16704285
sub-075,P4,-0.000276522,3.68E-07,-4.088155831,16.27794485,0.026871875,48.71617208
sub-075,O1,-0.000116333,3.73E-07,-4.047978749,16.06263241,0.023357354,53.88401694
sub-075,O2,5.96E-05,3.59E-07,-4.017826554,16.27669424,0.024846805,50.87742027
sub-075,F7,-0.000154161,3.62E-07,-4.092809778,16.31922422,0.033255204,40.25629238
sub-075,F8,-0.000202377,3.67E-07,-4.005891764,15.75508171,0.028595776,46.10401033
sub-075,T3,-0.000250836,3.66E-07,-4.095791875,16.34400993,0.027359267,47.77772296
sub-075,T4,-8.64E-05,1.90E-07,-4.062906325,17.57999209,0.038788904,32.93877765
sub-075,T5,-6.75E-05,3.61E-07,-4.084506889,16.2342549,0.025722217,50.29489926
sub-075,T6,-0.000154099,3.70E-07,-4.079743453,16.18190142,0.026276633,48.87665187
sub-075,Fz,-0.000256418,3.65E-07,-4.095235867,16.34464641,0.025637877,50.87821226
sub-075,Cz,-0.000145507,3.65E-07,-4.13157563,16.54252419,0.02534806,51.47511362
sub-075,Pz,-0.000113348,3.61E-07,-4.087963531,16.26285147,0.02595323,49.69968753
sub-076,Fp1,-0.00025809,4.73E-07,-2.231647067,11.45661251,0.130649565,8.517223618
sub-076,Fp2,-2.30E-05,1.50E-08,-1.410445018,15.0634204,0.100524305,12.07752789
sub-076,F3,-1.38E-05,1.36E-08,-0.29562797,21.6981962,0.102537026,12.33197263
sub-076,F4,-6.57E-05,1.20E-08,-1.879516187,19.39027906,0.10592114,11.47522898
sub-076,C3,6.52E-06,6.63E-09,-0.119416346,27.03778737,0.150611049,8.562386571
sub-076,C4,-1.87E-05,9.88E-09,-1.980826281,23.49880998,0.114983652,10.59034735
sub-076,P3,6.26E-05,6.26E-08,5.490658055,37.41219483,0.055457423,20.68744291
sub-076,P4,-0.000200148,5.54E-08,-1.060184551,1.856167213,0.048906107,25.2675876
sub-076,O1,0.000208843,1.14E-07,2.823294082,34.25213006,0.046915504,21.78698814
sub-076,O2,-0.000215673,2.65E-07,-5.315383591,30.17409284,0.032289263,34.23221897
sub-076,F7,-5.17E-05,1.30E-08,-2.627478305,20.174077,0.103672853,11.82330281
sub-076,F8,7.96E-06,1.60E-08,-0.545245332,8.672704694,0.091811807,13.25331825
sub-076,T3,2.41E-05,1.16E-08,-2.205870537,22.03110121,0.109313642,11.47137137
sub-076,T4,-5.20E-05,1.25E-08,-2.461825699,21.06548665,0.106099054,11.4040425
sub-076,T5,-1.97E-05,1.46E-08,0.34284546,18.44653687,0.098304927,12.56953398
sub-076,T6,8.26E-05,1.78E-08,-1.507799078,10.84865517,0.086374732,14.23308621
sub-076,Fz,-1.72E-05,1.22E-08,-2.393346324,21.37778796,0.103514888,12.05821657
sub-076,Cz,-6.20E-05,1.19E-08,-2.411100547,22.66949902,0.10544214,11.84653248
sub-076,Pz,1.00E-05,2.75E-08,4.648418832,47.18704956,0.081039218,13.6157041
sub-077,Fp1,-2.32E-05,7.58E-09,-0.215717374,1.066267731,0.260780799,4.458004133
sub-077,Fp2,-2.60E-05,6.16E-09,0.029246686,0.333546301,0.281742586,4.103196005
sub-077,F3,-2.54E-05,6.50E-09,-0.215655172,0.255340509,0.287520139,4.054429674
sub-077,F4,-0.000120135,7.67E-09,0.310573875,0.09427053,0.264996586,4.415241445
sub-077,C3,-8.49E-05,5.13E-09,0.091188022,0.228352831,0.305387568,3.775021436
sub-077,C4,8.04E-05,4.99E-09,0.134717133,0.215980577,0.311907633,3.66245742
sub-077,P3,7.33E-05,3.70E-08,0.95010175,0.242018086,0.113813571,10.13499618
sub-077,P4,-0.000141318,4.29E-08,1.331814263,2.543650832,0.106024178,10.78680763
sub-077,O1,-3.81E-05,6.52E-09,0.342625427,0.382687929,0.274042387,4.188397505
sub-077,O2,-1.42E-05,5.87E-09,0.126785305,0.218246645,0.287972782,3.984224592
sub-077,F7,-7.22E-05,5.73E-09,-0.07454103,0.247757201,0.343620249,3.503435399
sub-077,F8,-9.63E-05,1.34E-08,-0.234242555,4.041324739,0.201323612,5.838562343
sub-077,T3,-8.17E-05,7.36E-09,0.32912946,0.860972261,0.262630912,4.409842844
sub-077,T4,-9.87E-05,5.06E-09,0.094138975,-0.005659567,0.314939695,3.639386618
sub-077,T5,-3.82E-05,6.04E-09,0.312081162,0.182827054,0.2846781,4.061245871
sub-077,T6,-1.27E-05,6.15E-09,0.006207978,-0.042839388,0.280628385,4.078025119
sub-077,Fz,-0.000169179,5.88E-09,0.037824716,0.302022999,0.283713491,4.072787086
sub-077,Cz,0.000161966,5.74E-09,0.022981602,0.12681322,0.287688904,4.007138148
sub-077,Pz,3.11E-05,6.84E-09,0.311005207,0.229628393,0.266475065,4.294279795
sub-078,Fp1,0.000157063,8.02E-09,0.229727997,-0.022888934,0.098545149,11.46718143
sub-078,Fp2,3.35E-05,7.60E-09,1.103968532,9.023702803,0.093865913,12.19834458
sub-078,F3,6.84E-05,1.03E-08,0.670109032,0.639091402,0.074686425,15.31326818
sub-078,F4,4.88E-05,1.85E-08,1.04875676,0.98358099,0.062449763,17.99719232
sub-078,C3,-7.62E-05,4.89E-09,-0.010009352,0.094696202,0.100717163,11.15979758
sub-078,C4,7.03E-05,4.69E-09,0.042692368,0.052441739,0.109703837,9.800959164
sub-078,P3,1.89E-05,7.38E-09,0.272490857,0.231740883,0.0812394,13.8671563
sub-078,P4,2.74E-05,3.14E-07,3.333132124,11.27401576,0.013205973,82.21667783
sub-078,O1,6.58E-05,6.35E-09,0.040485332,0.079313448,0.092820019,11.90930856
sub-078,O2,0.000130154,1.05E-08,0.160628386,0.327378843,0.073477062,14.98544968
sub-078,F7,0.000183381,1.33E-08,0.732269432,0.600445282,0.078794046,16.05851029
sub-078,F8,0.000127667,1.17E-08,0.198079059,-0.16690247,0.081877461,14.44007923
sub-078,T3,9.82E-05,1.38E-08,0.118817659,-0.268098104,0.084986056,14.73122876
sub-078,T4,2.20E-05,5.71E-09,-0.045264913,0.144647634,0.117088136,9.969272632
sub-078,T5,8.89E-05,1.03E-08,0.513356247,0.080548339,0.076779995,14.64316991
sub-078,T6,0.000139824,1.01E-08,0.058851169,0.153372452,0.076165536,14.27753676
sub-078,Fz,8.09E-05,7.99E-09,-0.030776807,0.080875582,0.078301105,14.3887957
sub-078,Cz,5.41E-05,6.51E-09,-0.018396484,-0.025132196,0.085631576,12.96186151
sub-078,Pz,8.41E-05,1.18E-08,0.400084799,0.459813621,0.068594532,15.69643801
sub-079,Fp1,-0.000163123,6.68E-07,-2.275738332,4.755537206,0.023623313,46.88556811
sub-079,Fp2,-0.0002788,7.34E-07,-2.363091621,4.846569819,0.022217243,48.47830278
sub-079,F3,-0.000359619,6.68E-07,-2.76987443,6.346612189,0.021313706,52.71744139
sub-079,F4,-0.000489703,7.16E-07,-2.609965913,5.814073233,0.022059864,51.17501341
sub-079,C3,-0.000306974,6.92E-07,-2.799082995,6.427710623,0.021260271,53.11021205
sub-079,C4,-0.000299954,6.99E-07,-2.803231629,6.44943851,0.020795765,54.10782321
sub-079,P3,-0.000282009,6.74E-07,-2.794882683,6.44086434,0.020909601,53.75560247
sub-079,P4,-0.000426908,6.80E-07,-2.780476549,6.356770046,0.021192584,52.97962513
sub-079,O1,-0.000265396,6.61E-07,-2.803840539,6.472718913,0.020823372,53.91751737
sub-079,O2,-0.000413828,6.84E-07,-2.72911796,6.184162366,0.021042187,53.23167375
sub-079,F7,-0.000243559,7.15E-07,-2.609731185,5.724259826,0.023062009,50.52930452
sub-079,F8,-0.000244046,6.54E-07,-2.750909735,6.393516429,0.022987682,49.4192896
sub-079,T3,-0.000286448,6.84E-07,-2.792097689,6.413180783,0.022461957,51.51855381
sub-079,T4,-0.000308714,6.92E-07,-2.737192816,6.20488838,0.023232825,49.94950572
sub-079,T5,-0.000289149,6.73E-07,-2.79689828,6.435539291,0.021357027,52.71367482
sub-079,T6,-0.000251106,6.61E-07,-2.762064734,6.352717815,0.021796823,51.70520107
sub-079,Fz,-0.000276417,6.83E-07,-2.80248947,6.449377057,0.020548191,54.43622429
sub-079,Cz,-0.000223823,6.66E-07,-2.807818315,6.479959648,0.021358813,52.66937335
sub-079,Pz,-0.000244543,6.53E-07,-2.753968403,6.379546572,0.021819692,51.72926605
sub-080,Fp1,9.29E-05,2.04E-08,0.245861012,0.999843587,0.066114741,19.03781125
sub-080,Fp2,-1.39E-06,1.60E-08,1.317429971,5.572505459,0.067855021,16.88812546
sub-080,F3,5.79E-05,3.74E-08,0.379741853,-0.833297843,0.060661856,21.42088402
sub-080,F4,-0.00011606,9.50E-09,0.000199835,-0.328029209,0.089996667,12.45286147
sub-080,C3,-1.24E-05,7.76E-09,0.037729076,-0.350467481,0.089585891,12.68236408
sub-080,C4,1.22E-05,7.63E-09,0.018695141,-0.481993662,0.09603332,11.46207038
sub-080,P3,4.32E-05,1.01E-08,0.130026982,-0.283443795,0.076931115,14.1040905
sub-080,P4,-0.000110771,1.11E-08,0.314206593,-0.050618792,0.079941649,13.55922179
sub-080,O1,3.51E-05,1.09E-08,0.104989174,-0.33056811,0.086700694,12.5643631
sub-080,O2,-6.26E-05,6.99E-09,-0.047475563,-0.150718748,0.104426333,10.45219418
sub-080,F7,1.48E-05,1.83E-07,0.563155024,30.96202087,0.379718278,2.799256546
sub-080,F8,0.00011687,2.44E-08,0.262895031,-0.595014361,0.057434403,19.92530552
sub-080,T3,4.46E-05,1.21E-08,0.071244593,-0.787490453,0.086144616,13.63855356
sub-080,T4,0.000124058,1.77E-08,0.500806543,-0.277071831,0.067355308,16.60032242
sub-080,T5,7.76E-05,1.21E-08,0.055792202,-0.561988865,0.079295747,14.25916703
sub-080,T6,8.04E-05,1.89E-08,-0.326854883,-0.624351636,0.064016396,17.09540431
sub-080,Fz,0.00043664,5.37E-08,-0.579847051,0.181585045,0.033258533,33.50039926
sub-080,Cz,9.49E-06,6.89E-09,-0.06962221,-0.191373967,0.08969494,12.24477836
sub-080,Pz,7.88E-05,1.06E-08,0.127586323,-0.499571692,0.080203895,13.49823031
sub-081,Fp1,-5.57E-05,1.05E-08,0.149060338,1.888654535,0.071644103,17.31347463
sub-081,Fp2,-0.000184336,1.32E-08,0.089895587,0.918269533,0.062629118,19.52930767
sub-081,F3,-0.000179519,6.17E-09,0.224295779,0.718919876,0.085443012,14.26636928
sub-081,F4,4.53E-05,6.66E-09,-0.167448349,0.408140428,0.081041703,14.90418909
sub-081,C3,2.28E-05,4.03E-09,-0.135073302,0.108772837,0.103651478,11.77279508
sub-081,C4,-1.45E-05,4.08E-09,-0.056627105,0.153909594,0.101398926,11.96186226
sub-081,P3,0.000165219,5.40E-09,-0.208640567,0.496747488,0.091261657,13.25005588
sub-081,P4,-0.000284924,6.28E-09,0.880954345,2.998265945,0.083766366,14.46754083
sub-081,O1,-2.70E-05,7.06E-09,0.238976934,-0.295328852,0.08122279,14.93111618
sub-081,O2,-9.00E-05,6.37E-09,-0.050753328,0.295807982,0.084365788,14.43704706
sub-081,F7,-4.15E-05,5.09E-09,-0.054744848,0.282869928,0.095702497,12.726175
sub-081,F8,8.20E-05,7.35E-09,0.032685452,-0.017460301,0.078104101,15.4340646
sub-081,T3,-2.50E-06,4.49E-09,-0.138981542,0.204818367,0.106896204,11.61969809
sub-081,T4,-0.000100061,5.25E-09,-0.237122897,0.719727611,0.092078537,13.07694098
sub-081,T5,-0.000101307,9.80E-09,-0.281834737,-0.037598865,0.069001346,17.58049636
sub-081,T6,-7.33E-05,5.00E-09,0.022393048,0.771798725,0.094828233,12.79785395
sub-081,Fz,-6.10E-05,6.20E-09,-0.058007396,0.117887344,0.083029217,14.64264869
sub-081,Cz,-8.98E-05,5.46E-08,-0.749790712,1.278896344,0.028310836,42.93063907
sub-081,Pz,-0.000170391,7.64E-09,0.332049478,0.524676463,0.076710681,15.613976
sub-082,Fp1,0.000115836,5.05E-09,-0.204659912,0.405471945,0.120970143,10.49903476
sub-082,Fp2,5.56E-05,4.51E-08,5.061622654,75.24863363,0.041733554,29.7481414
sub-082,F3,0.000130044,8.84E-09,-0.102958976,-0.259908679,0.092699069,13.88259857
sub-082,F4,5.31E-05,4.68E-09,0.121794612,0.326269395,0.12949816,9.38520749
sub-082,C3,6.78E-06,4.01E-09,-0.000115826,0.173909172,0.1279849,9.749265188
sub-082,C4,-7.74E-06,3.93E-09,-0.123139531,0.029494033,0.128369659,9.570779802
sub-082,P3,0.000223031,1.22E-08,-0.051075282,-0.551585321,0.069730567,17.66681817
sub-082,P4,-0.000124377,5.54E-09,0.117158346,0.668708291,0.105918131,11.82002301
sub-082,O1,5.57E-05,8.60E-09,0.159256622,-0.275868389,0.090252458,14.01951984
sub-082,O2,-0.000218443,2.11E-08,-0.357898515,-0.01496115,0.057516342,21.60419123
sub-082,F7,8.61E-05,8.28E-09,0.149450669,0.444995054,0.130274921,10.25000777
sub-082,F8,6.37E-05,7.43E-09,0.103703532,-0.221434535,0.12000776,11.07604754
sub-082,T3,5.79E-05,4.42E-09,-0.185626474,0.272649475,0.152990497,8.411387362
sub-082,T4,5.52E-06,4.40E-09,-0.049813248,0.202743116,0.132647932,9.221405634
sub-082,T5,7.71E-06,8.18E-09,-1.318152895,4.344861331,0.092584225,13.48912432
sub-082,T6,3.02E-05,1.79E-08,4.411963545,34.78606527,0.062119017,19.96436264
sub-082,Fz,-3.16E-05,1.01E-08,-0.309543304,0.132977076,0.078332488,15.93126588
sub-082,Cz,6.13E-05,6.32E-09,0.130371355,0.216556327,0.095857976,12.98181079
sub-082,Pz,-0.000104277,9.69E-09,-0.278657973,-0.316079471,0.079349809,15.44579162
sub-083,Fp1,-0.000189318,1.01E-08,-0.915945048,1.989684068,0.114403786,12.10324515
sub-083,Fp2,-1.12E-05,1.02E-08,0.236486212,1.615784744,0.108326552,12.6037821
sub-083,F3,-8.29E-05,8.35E-09,-0.747451312,2.900259035,0.126043586,11.07516465
sub-083,F4,-0.000379699,1.36E-08,-0.526891627,0.018428527,0.091276459,14.77088449
sub-083,C3,-5.95E-05,4.74E-09,-0.038763353,-0.183021601,0.149920386,9.139829419
sub-083,C4,6.41E-05,4.94E-09,0.179720918,-0.016850919,0.147000396,9.126970757
sub-083,P3,-6.50E-05,6.63E-09,0.060463174,-0.12098836,0.126200008,10.86123481
sub-083,P4,-0.0003055,2.02E-08,-0.065733903,-0.883031948,0.073433587,18.04894952
sub-083,O1,-0.00025124,6.34E-09,-0.014015383,-0.174184574,0.131080883,10.27767616
sub-083,O2,-9.28E-05,9.36E-09,0.329771275,0.265528382,0.109199856,12.38641998
sub-083,F7,0.000277363,1.86E-07,0.845674173,1.618680431,0.032735422,43.7235878
sub-083,F8,-0.000120689,7.14E-09,0.133311138,0.444213683,0.158030913,8.831804229
sub-083,T3,-1.70E-06,8.12E-09,0.848106363,2.6917153,0.133214959,10.26208551
sub-083,T4,-5.69E-05,2.51E-08,6.673083998,120.3802556,0.075061224,17.53751037
sub-083,T5,-0.000186619,1.05E-08,0.166564085,-0.328579474,0.104166633,13.25802299
sub-083,T6,0.000491946,1.95E-07,1.459917482,1.285514484,0.024718373,53.89303341
sub-083,Fz,2.95E-05,7.12E-09,0.307896315,0.3164301,0.120358803,11.31044419
sub-083,Cz,-0.000206204,2.13E-07,-0.02609989,0.735963583,0.021976783,63.09274221
sub-083,Pz,-0.000109828,1.12E-08,-0.156473406,-0.539907432,0.097038484,14.04176489
sub-084,Fp1,2.52E-05,1.02E-08,0.865292446,1.764642542,0.120573438,8.511680817
sub-084,Fp2,4.15E-05,9.28E-09,0.958702949,1.894256695,0.130260386,8.292073518
sub-084,F3,1.71E-05,5.54E-09,0.175871788,0.075471737,0.155698354,6.442990943
sub-084,F4,-7.84E-05,8.64E-09,-0.361768523,0.233991035,0.143552036,7.832059694
sub-084,C3,-5.09E-05,4.47E-09,0.20333421,0.061142211,0.167486609,5.806919822
sub-084,C4,5.12E-05,4.63E-09,-0.034850378,0.085685745,0.166553656,5.900545672
sub-084,P3,0.000189429,1.10E-08,0.538203031,0.264439595,0.106640354,9.112600779
sub-084,P4,2.81E-06,1.12E-08,1.468300464,3.250676867,0.104884148,9.143035694
sub-084,O1,0.000209658,1.48E-08,1.158987286,1.735976015,0.093564046,10.58012624
sub-084,O2,0.00021811,2.52E-08,1.059384385,0.828250152,0.07155358,13.74175972
sub-084,F7,-2.37E-06,9.77E-09,0.935830681,1.896594674,0.130184372,8.240252936
sub-084,F8,4.73E-05,9.38E-09,1.029292551,2.271926481,0.161935997,7.514051666
sub-084,T3,8.96E-06,7.97E-09,1.058455038,2.233690547,0.140667728,7.266923966
sub-084,T4,3.79E-05,7.65E-09,0.51651346,0.69005712,0.160589114,6.772777701
sub-084,T5,0.000167635,8.98E-09,0.99767697,1.718445399,0.122027526,8.309535604
sub-084,T6,5.73E-05,8.36E-09,0.735013451,1.367063193,0.128339563,7.94465613
sub-084,Fz,2.19E-07,5.10E-09,0.175565997,-0.154749482,0.152736247,6.194402713
sub-084,Cz,-0.000104306,8.15E-09,0.312458769,1.114363451,0.118475673,7.831373932
sub-084,Pz,0.000186985,1.32E-08,0.536859737,-0.007562034,0.096008818,9.937604096
sub-085,Fp1,-0.000620407,2.25E-07,3.206974478,24.04468925,0.040273691,24.59214139
sub-085,Fp2,-0.000620565,1.43E-07,1.734869859,8.367193089,0.051700253,20.00047605
sub-085,F3,-3.20E-05,6.62E-09,0.263506991,14.13273006,0.236634356,4.268668926
sub-085,F4,-8.40E-05,7.52E-09,0.658882438,12.83592173,0.223190506,4.600180689
sub-085,C3,-3.41E-05,5.92E-09,-0.013648127,18.05051438,0.219699283,4.1657813
sub-085,C4,3.36E-05,5.45E-09,0.224627434,16.38979763,0.218649266,4.349000085
sub-085,P3,5.68E-05,8.07E-09,-0.057147602,9.436305325,0.187516862,4.953754547
sub-085,P4,0.000298499,1.61E-08,0.205741029,2.308697808,0.131950795,6.912092866
sub-085,O1,0.000198866,4.97E-08,0.502620238,-0.629912525,0.075843915,12.67616811
sub-085,O2,-7.36E-06,1.04E-08,0.220737138,5.572710241,0.164530357,5.635562632
sub-085,F7,1.00E-04,3.56E-07,2.074822663,14.09061881,0.282132255,3.681696277
sub-085,F8,0.00023067,8.41E-07,-0.926951874,5.028400322,0.231377267,4.394224179
sub-085,T3,-0.000143112,7.78E-09,0.162012901,10.2029846,0.214583808,4.726007532
sub-085,T4,-8.19E-05,1.11E-08,-0.229724642,5.443529437,0.178368783,5.473924292
sub-085,T5,1.38E-05,6.34E-09,0.027560773,15.67627735,0.225850419,4.400872494
sub-085,T6,0.000138727,1.59E-08,0.138285228,2.603991559,0.132995983,7.409025839
sub-085,Fz,-0.00024744,1.49E-08,0.208839682,2.447276245,0.136407198,6.679217117
sub-085,Cz,-0.000127183,8.18E-09,0.576926316,9.869664237,0.17884476,5.134254991
sub-085,Pz,4.95E-05,9.14E-09,0.172382929,6.886434508,0.172714762,5.291311086
sub-086,Fp1,5.62E-05,2.40E-07,1.772971788,5.054781349,0.064632521,18.90366979
sub-086,Fp2,5.16E-05,1.42E-07,0.113956789,0.344209459,0.076834252,15.54582685
sub-086,F3,7.75E-06,5.78E-07,0.734466054,2.082159669,0.039748386,30.35299666
sub-086,F4,0.000166798,1.56E-07,-0.221810206,-0.362097779,0.069883977,17.05070586
sub-086,C3,2.12E-05,2.15E-08,0.498603065,0.077187259,0.18352027,6.467843495
sub-086,C4,-2.14E-05,2.12E-08,-0.100422958,0.023602183,0.183413302,6.464167002
sub-086,P3,5.62E-05,4.39E-08,-0.703350584,1.723543279,0.125283935,9.552122155
sub-086,P4,2.23E-05,1.30E-07,-0.783836897,1.468224466,0.07382699,16.14098206
sub-086,O1,1.28E-05,2.61E-07,1.073892933,8.349618066,0.052562285,22.70322018
sub-086,O2,-1.55E-05,2.11E-07,1.501805104,5.590309585,0.058914623,20.20444001
sub-086,F7,6.94E-05,8.56E-08,0.481985588,0.691728591,0.130927595,9.014618136
sub-086,F8,0.000131799,1.77E-07,0.29830803,0.102539495,0.080965644,14.30002387
sub-086,T3,-3.93E-05,2.54E-07,-0.25687428,0.378684752,0.072330529,16.60495765
sub-086,T4,0.000162671,5.97E-08,0.123876689,-0.066610417,0.130683157,9.061954387
sub-086,T5,2.07E-05,1.62E-07,-0.84947838,4.331714497,0.070308191,17.06995868
sub-086,T6,-7.33E-05,1.81E-07,-0.183676793,1.557227706,0.065894086,18.07281262
sub-086,Fz,6.37E-05,5.29E-08,0.38617658,0.494233489,0.114853235,10.39565001
sub-086,Cz,1.23E-05,1.34E-07,0.001545092,0.369867972,0.070944497,16.84272473
sub-086,Pz,0.000197334,1.28E-07,0.628175986,4.987775701,0.073207248,16.27643348
sub-087,Fp1,-0.000172554,1.29E-08,0.739172999,2.511668433,0.085093646,10.54583108
sub-087,Fp2,-0.000117837,1.29E-08,0.62443378,2.261126425,0.085679305,10.37511169
sub-087,F3,-8.69E-05,7.26E-09,-0.053048713,-0.343728417,0.110248191,7.97882194
sub-087,F4,-2.76E-05,7.83E-09,0.169085022,0.158480537,0.107037534,8.280080889
sub-087,C3,-1.56E-05,5.51E-09,-0.148899939,-0.327465473,0.125320641,6.941502118
sub-087,C4,1.81E-05,5.83E-09,0.329095946,0.277797182,0.122340813,7.180803486
sub-087,P3,3.96E-05,6.89E-09,-0.332281574,0.010026794,0.112524414,7.692488974
sub-087,P4,5.49E-05,1.39E-08,1.260969072,3.281745072,0.079226965,11.08784357
sub-087,O1,-2.13E-05,6.12E-09,-0.129435381,-0.269669274,0.120043508,7.263022733
sub-087,O2,8.23E-05,2.24E-08,0.382209818,0.387271728,0.062700532,13.93424927
sub-087,F7,-1.50E-05,8.67E-09,0.126443935,0.484368504,0.105755961,8.63982447
sub-087,F8,-8.00E-05,1.52E-08,1.750564577,6.654883968,0.079697432,11.45005561
sub-087,T3,1.16E-05,7.21E-09,-0.260982895,0.074724396,0.115327034,7.830903976
sub-087,T4,4.28E-06,7.17E-09,-0.168900886,-0.300515331,0.116704987,7.715576476
sub-087,T5,1.05E-05,7.16E-09,-0.213169804,-0.169026338,0.115374006,7.862891804
sub-087,T6,5.19E-07,5.42E-09,-0.102649036,-0.099055699,0.132297773,6.7434519
sub-087,Fz,9.36E-06,5.77E-09,-0.098163978,-0.138427637,0.123084286,7.173391489
sub-087,Cz,-2.66E-05,6.09E-09,-0.203372082,-0.210244272,0.119503686,7.269666365
sub-087,Pz,3.14E-07,5.06E-09,-0.083490784,-0.118188654,0.131700756,6.618502504
sub-088,Fp1,-9.71E-05,7.41E-09,-0.400075059,1.56738464,0.112719748,8.58068058
sub-088,Fp2,-7.89E-05,1.17E-08,-0.278537584,0.540558448,0.104230124,9.793627647
sub-088,F3,5.38E-06,5.20E-09,0.103966266,0.124260303,0.130351003,6.968076753
sub-088,F4,1.43E-06,4.61E-09,0.018334929,0.044595354,0.13685175,6.948103153
sub-088,C3,-1.65E-05,4.32E-09,-0.105837417,0.003370582,0.1374555,6.8624372
sub-088,C4,1.42E-05,4.31E-09,0.056311512,0.260147587,0.138094117,6.846483884
sub-088,P3,-1.78E-05,5.08E-09,0.324651861,0.615571151,0.126340857,7.447128174
sub-088,P4,3.73E-05,4.83E-09,0.318301096,0.510420092,0.131523445,7.223469386
sub-088,O1,2.96E-05,6.36E-09,0.323614696,0.062620923,0.115942798,8.293440904
sub-088,O2,1.76E-05,5.82E-09,0.623711293,1.556838647,0.121040291,7.880651143
sub-088,F7,2.60E-05,5.91E-09,-0.503353176,1.919550895,0.125759874,7.782128437
sub-088,F8,2.46E-05,4.65E-09,-0.080641247,0.047985483,0.14352129,6.816089032
sub-088,T3,1.19E-05,6.12E-09,0.372551234,0.524111575,0.149871506,6.891272433
sub-088,T4,-3.21E-06,6.07E-09,0.869525808,4.034395952,0.134695895,7.669618088
sub-088,T5,-2.96E-05,4.83E-09,0.248430532,0.320185753,0.134289283,7.148144
sub-088,T6,-1.03E-05,1.26E-08,3.542575351,29.92760949,0.086932221,11.3887904
sub-088,Fz,-1.30E-05,4.57E-09,-0.099035007,0.085356376,0.135285185,6.94896836
sub-088,Cz,-9.31E-06,7.25E-09,-0.161866287,-0.112250299,0.106191063,8.831737793
sub-088,Pz,-3.20E-05,4.58E-09,0.095912693,-0.166066884,0.133897442,7.021305353
